ISO-10303-21;
HEADER;
/* Generated by software containing ST-Developer
 * from STEP Tools, Inc. (www.steptools.com) 
 */

FILE_DESCRIPTION(
/* description */ (''),
/* implementation_level */ '2;1');

FILE_NAME(
/* name */ 'dorppadfront.step',
/* time_stamp */ '2026-02-03T23:13:46+05:30',
/* author */ (''),
/* organization */ (''),
/* preprocessor_version */ 'ST-DEVELOPER v20.1',
/* originating_system */ 'Autodesk Translation Framework v14.24.0.0',
/* authorisation */ '');

FILE_SCHEMA (('AUTOMOTIVE_DESIGN { 1 0 10303 214 3 1 1 }'));
ENDSEC;

DATA;
#10=MECHANICAL_DESIGN_GEOMETRIC_PRESENTATION_REPRESENTATION('',(#439,#440,
#441,#442,#443,#444,#445,#446,#447,#448,#449,#450),#11543);
#11=SHAPE_REPRESENTATION_RELATIONSHIP('SRR','None',#11550,#12);
#12=ADVANCED_BREP_SHAPE_REPRESENTATION('',(#451,#452,#453,#454,#455,#456,
#457,#458,#459,#460,#461,#462),#11542);
#13=B_SPLINE_CURVE_WITH_KNOTS('',3,(#7720,#7721,#7722,#7723,#7724),
 .UNSPECIFIED.,.F.,.F.,(4,1,4),(0.,0.00707921207429007,0.0153587364792599),
 .UNSPECIFIED.);
#14=B_SPLINE_CURVE_WITH_KNOTS('',3,(#7728,#7729,#7730,#7731,#7732),
 .UNSPECIFIED.,.F.,.F.,(4,1,4),(0.,0.00707921207429007,0.0153587364792599),
 .UNSPECIFIED.);
#15=B_SPLINE_CURVE_WITH_KNOTS('',3,(#7745,#7746,#7747,#7748,#7749),
 .UNSPECIFIED.,.F.,.F.,(4,1,4),(0.,0.00497462813364955,0.010948703245174),
 .UNSPECIFIED.);
#16=B_SPLINE_CURVE_WITH_KNOTS('',3,(#7751,#7752,#7753,#7754,#7755),
 .UNSPECIFIED.,.F.,.F.,(4,1,4),(0.,0.00497462813364955,0.010948703245174),
 .UNSPECIFIED.);
#17=B_SPLINE_CURVE_WITH_KNOTS('',3,(#7768,#7769,#7770,#7771,#7772),
 .UNSPECIFIED.,.F.,.F.,(4,1,4),(0.,0.00280206663799465,0.00606188198143887),
 .UNSPECIFIED.);
#18=B_SPLINE_CURVE_WITH_KNOTS('',3,(#7774,#7775,#7776,#7777,#7778),
 .UNSPECIFIED.,.F.,.F.,(4,1,4),(0.,0.00280206663799465,0.00606188198143887),
 .UNSPECIFIED.);
#19=B_SPLINE_CURVE_WITH_KNOTS('',3,(#7791,#7792,#7793,#7794,#7795),
 .UNSPECIFIED.,.F.,.F.,(4,1,4),(0.,0.00225238262515595,0.00472040919606402),
 .UNSPECIFIED.);
#20=B_SPLINE_CURVE_WITH_KNOTS('',3,(#7797,#7798,#7799,#7800,#7801),
 .UNSPECIFIED.,.F.,.F.,(4,1,4),(0.,0.00225238262515595,0.00472040919606402),
 .UNSPECIFIED.);
#21=B_SPLINE_CURVE_WITH_KNOTS('',3,(#7814,#7815,#7816,#7817,#7818),
 .UNSPECIFIED.,.F.,.F.,(4,1,4),(0.,0.00211350508597583,0.00425248869377628),
 .UNSPECIFIED.);
#22=B_SPLINE_CURVE_WITH_KNOTS('',3,(#7820,#7821,#7822,#7823,#7824),
 .UNSPECIFIED.,.F.,.F.,(4,1,4),(0.,0.00211350508597583,0.00425248869377628),
 .UNSPECIFIED.);
#23=B_SPLINE_CURVE_WITH_KNOTS('',3,(#7837,#7838,#7839,#7840,#7841),
 .UNSPECIFIED.,.F.,.F.,(4,1,4),(0.,0.00217782463837412,0.00431647626459629),
 .UNSPECIFIED.);
#24=B_SPLINE_CURVE_WITH_KNOTS('',3,(#7843,#7844,#7845,#7846,#7847),
 .UNSPECIFIED.,.F.,.F.,(4,1,4),(0.,0.00217782463837412,0.00431647626459629),
 .UNSPECIFIED.);
#25=B_SPLINE_CURVE_WITH_KNOTS('',3,(#7860,#7861,#7862,#7863,#7864),
 .UNSPECIFIED.,.F.,.F.,(4,1,4),(0.,0.00284987575632085,0.00591333496729579),
 .UNSPECIFIED.);
#26=B_SPLINE_CURVE_WITH_KNOTS('',3,(#7866,#7867,#7868,#7869,#7870),
 .UNSPECIFIED.,.F.,.F.,(4,1,4),(0.,0.00284987575632085,0.00591333496729579),
 .UNSPECIFIED.);
#27=B_SPLINE_CURVE_WITH_KNOTS('',3,(#7883,#7884,#7885,#7886,#7887),
 .UNSPECIFIED.,.F.,.F.,(4,1,4),(0.,0.00284036102572353,0.00560579734809833),
 .UNSPECIFIED.);
#28=B_SPLINE_CURVE_WITH_KNOTS('',3,(#7889,#7890,#7891,#7892,#7893),
 .UNSPECIFIED.,.F.,.F.,(4,1,4),(0.,0.00284036102572353,0.00560579734809833),
 .UNSPECIFIED.);
#29=B_SPLINE_CURVE_WITH_KNOTS('',3,(#7906,#7907,#7908,#7909,#7910),
 .UNSPECIFIED.,.F.,.F.,(4,1,4),(0.,0.00348576867333408,0.00656967477538632),
 .UNSPECIFIED.);
#30=B_SPLINE_CURVE_WITH_KNOTS('',3,(#7912,#7913,#7914,#7915,#7916),
 .UNSPECIFIED.,.F.,.F.,(4,1,4),(0.,0.00348576867333408,0.00656967477538632),
 .UNSPECIFIED.);
#31=B_SPLINE_CURVE_WITH_KNOTS('',3,(#7929,#7930,#7931,#7932,#7933),
 .UNSPECIFIED.,.F.,.F.,(4,1,4),(0.,0.00463559288073633,0.00864591017964594),
 .UNSPECIFIED.);
#32=B_SPLINE_CURVE_WITH_KNOTS('',3,(#7935,#7936,#7937,#7938,#7939),
 .UNSPECIFIED.,.F.,.F.,(4,1,4),(0.,0.00463559288073633,0.00864591017964594),
 .UNSPECIFIED.);
#33=B_SPLINE_CURVE_WITH_KNOTS('',3,(#7970,#7971,#7972,#7973,#7974),
 .UNSPECIFIED.,.F.,.F.,(4,1,4),(0.,0.00539189253338738,0.0114201768634502),
 .UNSPECIFIED.);
#34=B_SPLINE_CURVE_WITH_KNOTS('',3,(#7976,#7977,#7978,#7979,#7980),
 .UNSPECIFIED.,.F.,.F.,(4,1,4),(0.,0.00539189253338738,0.0114201768634502),
 .UNSPECIFIED.);
#35=B_SPLINE_CURVE_WITH_KNOTS('',3,(#7993,#7994,#7995,#7996,#7997),
 .UNSPECIFIED.,.F.,.F.,(4,1,4),(0.,0.00491725805820566,0.00993520774581272),
 .UNSPECIFIED.);
#36=B_SPLINE_CURVE_WITH_KNOTS('',3,(#7999,#8000,#8001,#8002,#8003),
 .UNSPECIFIED.,.F.,.F.,(4,1,4),(0.,0.00491725805820566,0.00993520774581272),
 .UNSPECIFIED.);
#37=B_SPLINE_CURVE_WITH_KNOTS('',3,(#8016,#8017,#8018,#8019,#8020),
 .UNSPECIFIED.,.F.,.F.,(4,1,4),(0.,0.00550505328889026,0.0105963943423262),
 .UNSPECIFIED.);
#38=B_SPLINE_CURVE_WITH_KNOTS('',3,(#8022,#8023,#8024,#8025,#8026),
 .UNSPECIFIED.,.F.,.F.,(4,1,4),(0.,0.00550505328889026,0.0105963943423262),
 .UNSPECIFIED.);
#39=B_SPLINE_CURVE_WITH_KNOTS('',3,(#8039,#8040,#8041,#8042,#8043),
 .UNSPECIFIED.,.F.,.F.,(4,1,4),(0.,0.00662924915984716,0.0126689111954955),
 .UNSPECIFIED.);
#40=B_SPLINE_CURVE_WITH_KNOTS('',3,(#8045,#8046,#8047,#8048,#8049),
 .UNSPECIFIED.,.F.,.F.,(4,1,4),(0.,0.00662924915984716,0.0126689111954955),
 .UNSPECIFIED.);
#41=B_SPLINE_CURVE_WITH_KNOTS('',3,(#8062,#8063,#8064,#8065,#8066),
 .UNSPECIFIED.,.F.,.F.,(4,1,4),(0.,0.00378136968388934,0.00758923542351891),
 .UNSPECIFIED.);
#42=B_SPLINE_CURVE_WITH_KNOTS('',3,(#8068,#8069,#8070,#8071,#8072),
 .UNSPECIFIED.,.F.,.F.,(4,1,4),(0.,0.00378136968388934,0.00758923542351891),
 .UNSPECIFIED.);
#43=B_SPLINE_CURVE_WITH_KNOTS('',3,(#8085,#8086,#8087,#8088,#8089),
 .UNSPECIFIED.,.F.,.F.,(4,1,4),(0.,0.00357399266204185,0.00727877419949904),
 .UNSPECIFIED.);
#44=B_SPLINE_CURVE_WITH_KNOTS('',3,(#8091,#8092,#8093,#8094,#8095),
 .UNSPECIFIED.,.F.,.F.,(4,1,4),(0.,0.00357399266204185,0.00727877419949904),
 .UNSPECIFIED.);
#45=B_SPLINE_CURVE_WITH_KNOTS('',3,(#8108,#8109,#8110,#8111,#8112),
 .UNSPECIFIED.,.F.,.F.,(4,1,4),(0.,0.00329167860304513,0.00672842280791173),
 .UNSPECIFIED.);
#46=B_SPLINE_CURVE_WITH_KNOTS('',3,(#8114,#8115,#8116,#8117,#8118),
 .UNSPECIFIED.,.F.,.F.,(4,1,4),(0.,0.00329167860304513,0.00672842280791173),
 .UNSPECIFIED.);
#47=B_SPLINE_CURVE_WITH_KNOTS('',3,(#8131,#8132,#8133,#8134,#8135),
 .UNSPECIFIED.,.F.,.F.,(4,1,4),(0.,0.00281877174492832,0.00590495477662444),
 .UNSPECIFIED.);
#48=B_SPLINE_CURVE_WITH_KNOTS('',3,(#8137,#8138,#8139,#8140,#8141),
 .UNSPECIFIED.,.F.,.F.,(4,1,4),(0.,0.00281877174492832,0.00590495477662444),
 .UNSPECIFIED.);
#49=B_SPLINE_CURVE_WITH_KNOTS('',3,(#8160,#8161,#8162,#8163,#8164),
 .UNSPECIFIED.,.F.,.F.,(4,1,4),(0.,0.00665427562879915,0.0136936604160543),
 .UNSPECIFIED.);
#50=B_SPLINE_CURVE_WITH_KNOTS('',3,(#8166,#8167,#8168,#8169,#8170),
 .UNSPECIFIED.,.F.,.F.,(4,1,4),(0.,0.00665427562879915,0.0136936604160543),
 .UNSPECIFIED.);
#51=B_SPLINE_CURVE_WITH_KNOTS('',3,(#8183,#8184,#8185,#8186,#8187),
 .UNSPECIFIED.,.F.,.F.,(4,1,4),(0.,0.00646583713494428,0.0129185998125005),
 .UNSPECIFIED.);
#52=B_SPLINE_CURVE_WITH_KNOTS('',3,(#8189,#8190,#8191,#8192,#8193),
 .UNSPECIFIED.,.F.,.F.,(4,1,4),(0.,0.00646583713494428,0.0129185998125005),
 .UNSPECIFIED.);
#53=B_SPLINE_CURVE_WITH_KNOTS('',3,(#8206,#8207,#8208,#8209,#8210),
 .UNSPECIFIED.,.F.,.F.,(4,1,4),(0.,0.00630648498383676,0.0141774332912511),
 .UNSPECIFIED.);
#54=B_SPLINE_CURVE_WITH_KNOTS('',3,(#8212,#8213,#8214,#8215,#8216),
 .UNSPECIFIED.,.F.,.F.,(4,1,4),(0.,0.00630648498383676,0.0141774332912511),
 .UNSPECIFIED.);
#55=B_SPLINE_CURVE_WITH_KNOTS('',3,(#8229,#8230,#8231,#8232,#8233),
 .UNSPECIFIED.,.F.,.F.,(4,1,4),(0.,0.0062266474950993,0.0120123253138219),
 .UNSPECIFIED.);
#56=B_SPLINE_CURVE_WITH_KNOTS('',3,(#8235,#8236,#8237,#8238,#8239),
 .UNSPECIFIED.,.F.,.F.,(4,1,4),(0.,0.0062266474950993,0.0120123253138219),
 .UNSPECIFIED.);
#57=B_SPLINE_CURVE_WITH_KNOTS('',3,(#8264,#8265,#8266,#8267,#8268),
 .UNSPECIFIED.,.F.,.F.,(4,1,4),(0.,0.0117382622417061,0.0266046975293902),
 .UNSPECIFIED.);
#58=B_SPLINE_CURVE_WITH_KNOTS('',3,(#8270,#8271,#8272,#8273,#8274),
 .UNSPECIFIED.,.F.,.F.,(4,1,4),(0.,0.0117382622417061,0.0266046975293902),
 .UNSPECIFIED.);
#59=B_SPLINE_CURVE_WITH_KNOTS('',3,(#8287,#8288,#8289,#8290,#8291),
 .UNSPECIFIED.,.F.,.F.,(4,1,4),(0.,0.010522677521541,0.020643475012549),
 .UNSPECIFIED.);
#60=B_SPLINE_CURVE_WITH_KNOTS('',3,(#8293,#8294,#8295,#8296,#8297),
 .UNSPECIFIED.,.F.,.F.,(4,1,4),(0.,0.010522677521541,0.020643475012549),
 .UNSPECIFIED.);
#61=B_SPLINE_CURVE_WITH_KNOTS('',3,(#8310,#8311,#8312,#8313,#8314),
 .UNSPECIFIED.,.F.,.F.,(4,1,4),(0.,0.00428434048296641,0.00879326444530997),
 .UNSPECIFIED.);
#62=B_SPLINE_CURVE_WITH_KNOTS('',3,(#8316,#8317,#8318,#8319,#8320),
 .UNSPECIFIED.,.F.,.F.,(4,1,4),(0.,0.00428434048296641,0.00879326444530997),
 .UNSPECIFIED.);
#63=B_SPLINE_CURVE_WITH_KNOTS('',3,(#8333,#8334,#8335,#8336,#8337),
 .UNSPECIFIED.,.F.,.F.,(4,1,4),(0.,0.00413908725494617,0.00827950397800679),
 .UNSPECIFIED.);
#64=B_SPLINE_CURVE_WITH_KNOTS('',3,(#8339,#8340,#8341,#8342,#8343),
 .UNSPECIFIED.,.F.,.F.,(4,1,4),(0.,0.00413908725494617,0.00827950397800679),
 .UNSPECIFIED.);
#65=B_SPLINE_CURVE_WITH_KNOTS('',3,(#8356,#8357,#8358,#8359,#8360),
 .UNSPECIFIED.,.F.,.F.,(4,1,4),(0.,0.00470195192948782,0.00902696652580962),
 .UNSPECIFIED.);
#66=B_SPLINE_CURVE_WITH_KNOTS('',3,(#8362,#8363,#8364,#8365,#8366),
 .UNSPECIFIED.,.F.,.F.,(4,1,4),(0.,0.00470195192948782,0.00902696652580962),
 .UNSPECIFIED.);
#67=B_SPLINE_CURVE_WITH_KNOTS('',3,(#8379,#8380,#8381,#8382,#8383),
 .UNSPECIFIED.,.F.,.F.,(4,1,4),(0.,0.00611625808515725,0.0114142280739525),
 .UNSPECIFIED.);
#68=B_SPLINE_CURVE_WITH_KNOTS('',3,(#8385,#8386,#8387,#8388,#8389),
 .UNSPECIFIED.,.F.,.F.,(4,1,4),(0.,0.00611625808515725,0.0114142280739525),
 .UNSPECIFIED.);
#69=B_SPLINE_CURVE_WITH_KNOTS('',3,(#8402,#8403,#8404,#8405,#8406),
 .UNSPECIFIED.,.F.,.F.,(4,1,4),(0.,0.00694224832056156,0.0139292122223133),
 .UNSPECIFIED.);
#70=B_SPLINE_CURVE_WITH_KNOTS('',3,(#8408,#8409,#8410,#8411,#8412),
 .UNSPECIFIED.,.F.,.F.,(4,1,4),(0.,0.00694224832056156,0.0139292122223133),
 .UNSPECIFIED.);
#71=B_SPLINE_CURVE_WITH_KNOTS('',3,(#8425,#8426,#8427,#8428,#8429),
 .UNSPECIFIED.,.F.,.F.,(4,1,4),(0.,0.00827308881107547,0.0156386784527372),
 .UNSPECIFIED.);
#72=B_SPLINE_CURVE_WITH_KNOTS('',3,(#8431,#8432,#8433,#8434,#8435),
 .UNSPECIFIED.,.F.,.F.,(4,1,4),(0.,0.00827308881107547,0.0156386784527372),
 .UNSPECIFIED.);
#73=B_SPLINE_CURVE_WITH_KNOTS('',3,(#8460,#8461,#8462,#8463,#8464),
 .UNSPECIFIED.,.F.,.F.,(4,1,4),(0.,0.00467942817177562,0.00964327268599369),
 .UNSPECIFIED.);
#74=B_SPLINE_CURVE_WITH_KNOTS('',3,(#8468,#8469,#8470,#8471,#8472),
 .UNSPECIFIED.,.F.,.F.,(4,1,4),(0.,0.00467942817177562,0.00964327268599369),
 .UNSPECIFIED.);
#75=B_SPLINE_CURVE_WITH_KNOTS('',3,(#8485,#8486,#8487,#8488,#8489),
 .UNSPECIFIED.,.F.,.F.,(4,1,4),(0.,0.00410713266437691,0.00849705883700031),
 .UNSPECIFIED.);
#76=B_SPLINE_CURVE_WITH_KNOTS('',3,(#8491,#8492,#8493,#8494,#8495),
 .UNSPECIFIED.,.F.,.F.,(4,1,4),(0.,0.00410713266437691,0.00849705883700031),
 .UNSPECIFIED.);
#77=B_SPLINE_CURVE_WITH_KNOTS('',3,(#8508,#8509,#8510,#8511,#8512),
 .UNSPECIFIED.,.F.,.F.,(4,1,4),(0.,0.00391351386387378,0.00785054679571864),
 .UNSPECIFIED.);
#78=B_SPLINE_CURVE_WITH_KNOTS('',3,(#8514,#8515,#8516,#8517,#8518),
 .UNSPECIFIED.,.F.,.F.,(4,1,4),(0.,0.00391351386387378,0.00785054679571864),
 .UNSPECIFIED.);
#79=B_SPLINE_CURVE_WITH_KNOTS('',3,(#8531,#8532,#8533,#8534,#8535),
 .UNSPECIFIED.,.F.,.F.,(4,1,4),(0.,0.00419103112823449,0.0081832044847972),
 .UNSPECIFIED.);
#80=B_SPLINE_CURVE_WITH_KNOTS('',3,(#8537,#8538,#8539,#8540,#8541),
 .UNSPECIFIED.,.F.,.F.,(4,1,4),(0.,0.00419103112823449,0.0081832044847972),
 .UNSPECIFIED.);
#81=B_SPLINE_CURVE_WITH_KNOTS('',3,(#8554,#8555,#8556,#8557,#8558),
 .UNSPECIFIED.,.F.,.F.,(4,1,4),(0.,0.00432865455158311,0.00909183286468121),
 .UNSPECIFIED.);
#82=B_SPLINE_CURVE_WITH_KNOTS('',3,(#8560,#8561,#8562,#8563,#8564),
 .UNSPECIFIED.,.F.,.F.,(4,1,4),(0.,0.00432865455158311,0.00909183286468121),
 .UNSPECIFIED.);
#83=B_SPLINE_CURVE_WITH_KNOTS('',3,(#8577,#8578,#8579,#8580,#8581),
 .UNSPECIFIED.,.F.,.F.,(4,1,4),(0.,0.00396440804742633,0.00803230263208609),
 .UNSPECIFIED.);
#84=B_SPLINE_CURVE_WITH_KNOTS('',3,(#8583,#8584,#8585,#8586,#8587),
 .UNSPECIFIED.,.F.,.F.,(4,1,4),(0.,0.00396440804742633,0.00803230263208609),
 .UNSPECIFIED.);
#85=B_SPLINE_CURVE_WITH_KNOTS('',3,(#8600,#8601,#8602,#8603,#8604),
 .UNSPECIFIED.,.F.,.F.,(4,1,4),(0.,0.00424638887842268,0.00827561054155076),
 .UNSPECIFIED.);
#86=B_SPLINE_CURVE_WITH_KNOTS('',3,(#8606,#8607,#8608,#8609,#8610),
 .UNSPECIFIED.,.F.,.F.,(4,1,4),(0.,0.00424638887842268,0.00827561054155076),
 .UNSPECIFIED.);
#87=B_SPLINE_CURVE_WITH_KNOTS('',3,(#8623,#8624,#8625,#8626,#8627),
 .UNSPECIFIED.,.F.,.F.,(4,1,4),(0.,0.00490810125979889,0.00945662112151184),
 .UNSPECIFIED.);
#88=B_SPLINE_CURVE_WITH_KNOTS('',3,(#8629,#8630,#8631,#8632,#8633),
 .UNSPECIFIED.,.F.,.F.,(4,1,4),(0.,0.00490810125979889,0.00945662112151184),
 .UNSPECIFIED.);
#89=B_SPLINE_CURVE_WITH_KNOTS('',3,(#8650,#8651,#8652,#8653,#8654),
 .UNSPECIFIED.,.F.,.F.,(4,1,4),(0.,0.00633962455198319,0.0130283372001394),
 .UNSPECIFIED.);
#90=B_SPLINE_CURVE_WITH_KNOTS('',3,(#8658,#8659,#8660,#8661,#8662),
 .UNSPECIFIED.,.F.,.F.,(4,1,4),(0.,0.00633962455198319,0.0130283372001394),
 .UNSPECIFIED.);
#91=B_SPLINE_CURVE_WITH_KNOTS('',3,(#8675,#8676,#8677,#8678,#8679),
 .UNSPECIFIED.,.F.,.F.,(4,1,4),(0.,0.0064736379074671,0.0127382645661396),
 .UNSPECIFIED.);
#92=B_SPLINE_CURVE_WITH_KNOTS('',3,(#8681,#8682,#8683,#8684,#8685),
 .UNSPECIFIED.,.F.,.F.,(4,1,4),(0.,0.0064736379074671,0.0127382645661396),
 .UNSPECIFIED.);
#93=B_SPLINE_CURVE_WITH_KNOTS('',3,(#8698,#8699,#8700,#8701,#8702),
 .UNSPECIFIED.,.F.,.F.,(4,1,4),(0.,0.00760084300412514,0.0145214256469109),
 .UNSPECIFIED.);
#94=B_SPLINE_CURVE_WITH_KNOTS('',3,(#8704,#8705,#8706,#8707,#8708),
 .UNSPECIFIED.,.F.,.F.,(4,1,4),(0.,0.00760084300412514,0.0145214256469109),
 .UNSPECIFIED.);
#95=B_SPLINE_CURVE_WITH_KNOTS('',3,(#8721,#8722,#8723,#8724,#8725),
 .UNSPECIFIED.,.F.,.F.,(4,1,4),(0.,0.00734979218970629,0.0152141912856657),
 .UNSPECIFIED.);
#96=B_SPLINE_CURVE_WITH_KNOTS('',3,(#8727,#8728,#8729,#8730,#8731),
 .UNSPECIFIED.,.F.,.F.,(4,1,4),(0.,0.00734979218970629,0.0152141912856657),
 .UNSPECIFIED.);
#97=B_SPLINE_CURVE_WITH_KNOTS('',3,(#8744,#8745,#8746,#8747,#8748),
 .UNSPECIFIED.,.F.,.F.,(4,1,4),(0.,0.00699284041399748,0.0140801245741273),
 .UNSPECIFIED.);
#98=B_SPLINE_CURVE_WITH_KNOTS('',3,(#8750,#8751,#8752,#8753,#8754),
 .UNSPECIFIED.,.F.,.F.,(4,1,4),(0.,0.00699284041399748,0.0140801245741273),
 .UNSPECIFIED.);
#99=B_SPLINE_CURVE_WITH_KNOTS('',3,(#8767,#8768,#8769,#8770,#8771),
 .UNSPECIFIED.,.F.,.F.,(4,1,4),(0.,0.00737164116162666,0.0144751660747146),
 .UNSPECIFIED.);
#100=B_SPLINE_CURVE_WITH_KNOTS('',3,(#8773,#8774,#8775,#8776,#8777),
 .UNSPECIFIED.,.F.,.F.,(4,1,4),(0.,0.00737164116162666,0.0144751660747146),
 .UNSPECIFIED.);
#101=B_SPLINE_CURVE_WITH_KNOTS('',3,(#8790,#8791,#8792,#8793,#8794),
 .UNSPECIFIED.,.F.,.F.,(4,1,4),(0.,0.00791174170417027,0.0155648187041533),
 .UNSPECIFIED.);
#102=B_SPLINE_CURVE_WITH_KNOTS('',3,(#8796,#8797,#8798,#8799,#8800),
 .UNSPECIFIED.,.F.,.F.,(4,1,4),(0.,0.00791174170417027,0.0155648187041533),
 .UNSPECIFIED.);
#103=B_SPLINE_CURVE_WITH_KNOTS('',3,(#8813,#8814,#8815,#8816,#8817),
 .UNSPECIFIED.,.F.,.F.,(4,1,4),(0.,0.00803919154039937,0.0169025679169742),
 .UNSPECIFIED.);
#104=B_SPLINE_CURVE_WITH_KNOTS('',3,(#8819,#8820,#8821,#8822,#8823),
 .UNSPECIFIED.,.F.,.F.,(4,1,4),(0.,0.00803919154039937,0.0169025679169742),
 .UNSPECIFIED.);
#105=B_SPLINE_CURVE_WITH_KNOTS('',3,(#8836,#8837,#8838,#8839,#8840),
 .UNSPECIFIED.,.F.,.F.,(4,1,4),(0.,0.00690893446030424,0.0142615909636123),
 .UNSPECIFIED.);
#106=B_SPLINE_CURVE_WITH_KNOTS('',3,(#8842,#8843,#8844,#8845,#8846),
 .UNSPECIFIED.,.F.,.F.,(4,1,4),(0.,0.00690893446030424,0.0142615909636123),
 .UNSPECIFIED.);
#107=B_SPLINE_CURVE_WITH_KNOTS('',3,(#8859,#8860,#8861,#8862,#8863),
 .UNSPECIFIED.,.F.,.F.,(4,1,4),(0.,0.00725835297473095,0.0141204510277828),
 .UNSPECIFIED.);
#108=B_SPLINE_CURVE_WITH_KNOTS('',3,(#8865,#8866,#8867,#8868,#8869),
 .UNSPECIFIED.,.F.,.F.,(4,1,4),(0.,0.00725835297473095,0.0141204510277828),
 .UNSPECIFIED.);
#109=B_SPLINE_CURVE_WITH_KNOTS('',3,(#8882,#8883,#8884,#8885,#8886),
 .UNSPECIFIED.,.F.,.F.,(4,1,4),(0.,0.00920569562121059,0.0172641448833178),
 .UNSPECIFIED.);
#110=B_SPLINE_CURVE_WITH_KNOTS('',3,(#8888,#8889,#8890,#8891,#8892),
 .UNSPECIFIED.,.F.,.F.,(4,1,4),(0.,0.00920569562121059,0.0172641448833178),
 .UNSPECIFIED.);
#111=B_SPLINE_CURVE_WITH_KNOTS('',3,(#8905,#8906,#8907,#8908,#8909),
 .UNSPECIFIED.,.F.,.F.,(4,1,4),(0.,0.00700887414963703,0.0142335471495711),
 .UNSPECIFIED.);
#112=B_SPLINE_CURVE_WITH_KNOTS('',3,(#8911,#8912,#8913,#8914,#8915),
 .UNSPECIFIED.,.F.,.F.,(4,1,4),(0.,0.00700887414963703,0.0142335471495711),
 .UNSPECIFIED.);
#113=B_SPLINE_CURVE_WITH_KNOTS('',3,(#8928,#8929,#8930,#8931,#8932),
 .UNSPECIFIED.,.F.,.F.,(4,1,4),(0.,0.00595001241754265,0.0125363874488731),
 .UNSPECIFIED.);
#114=B_SPLINE_CURVE_WITH_KNOTS('',3,(#8934,#8935,#8936,#8937,#8938),
 .UNSPECIFIED.,.F.,.F.,(4,1,4),(0.,0.00595001241754265,0.0125363874488731),
 .UNSPECIFIED.);
#115=B_SPLINE_CURVE_WITH_KNOTS('',3,(#8957,#8958,#8959,#8960,#8961),
 .UNSPECIFIED.,.F.,.F.,(4,1,4),(0.,0.00282889456078015,0.0054663392976836),
 .UNSPECIFIED.);
#116=B_SPLINE_CURVE_WITH_KNOTS('',3,(#8963,#8964,#8965,#8966,#8967),
 .UNSPECIFIED.,.F.,.F.,(4,1,4),(0.,0.00282889456078015,0.0054663392976836),
 .UNSPECIFIED.);
#117=B_SPLINE_CURVE_WITH_KNOTS('',3,(#8980,#8981,#8982,#8983,#8984),
 .UNSPECIFIED.,.F.,.F.,(4,1,4),(0.,0.00310850287013267,0.00609480675955116),
 .UNSPECIFIED.);
#118=B_SPLINE_CURVE_WITH_KNOTS('',3,(#8986,#8987,#8988,#8989,#8990),
 .UNSPECIFIED.,.F.,.F.,(4,1,4),(0.,0.00310850287013267,0.00609480675955116),
 .UNSPECIFIED.);
#119=B_SPLINE_CURVE_WITH_KNOTS('',3,(#9003,#9004,#9005,#9006,#9007),
 .UNSPECIFIED.,.F.,.F.,(4,1,4),(0.,0.00332411733633084,0.00654481258676683),
 .UNSPECIFIED.);
#120=B_SPLINE_CURVE_WITH_KNOTS('',3,(#9009,#9010,#9011,#9012,#9013),
 .UNSPECIFIED.,.F.,.F.,(4,1,4),(0.,0.00332411733633084,0.00654481258676683),
 .UNSPECIFIED.);
#121=B_SPLINE_CURVE_WITH_KNOTS('',3,(#9026,#9027,#9028,#9029,#9030),
 .UNSPECIFIED.,.F.,.F.,(4,1,4),(0.,0.00336713601665304,0.00673962160293816),
 .UNSPECIFIED.);
#122=B_SPLINE_CURVE_WITH_KNOTS('',3,(#9032,#9033,#9034,#9035,#9036),
 .UNSPECIFIED.,.F.,.F.,(4,1,4),(0.,0.00336713601665304,0.00673962160293816),
 .UNSPECIFIED.);
#123=B_SPLINE_CURVE_WITH_KNOTS('',3,(#9049,#9050,#9051,#9052,#9053),
 .UNSPECIFIED.,.F.,.F.,(4,1,4),(0.,0.00932479042273438,0.020379092709515),
 .UNSPECIFIED.);
#124=B_SPLINE_CURVE_WITH_KNOTS('',3,(#9055,#9056,#9057,#9058,#9059),
 .UNSPECIFIED.,.F.,.F.,(4,1,4),(0.,0.00932479042273438,0.020379092709515),
 .UNSPECIFIED.);
#125=B_SPLINE_CURVE_WITH_KNOTS('',3,(#9072,#9073,#9074,#9075,#9076),
 .UNSPECIFIED.,.F.,.F.,(4,1,4),(0.,0.0105441858051981,0.0196728871279789),
 .UNSPECIFIED.);
#126=B_SPLINE_CURVE_WITH_KNOTS('',3,(#9078,#9079,#9080,#9081,#9082),
 .UNSPECIFIED.,.F.,.F.,(4,1,4),(0.,0.0105441858051981,0.0196728871279789),
 .UNSPECIFIED.);
#127=B_SPLINE_CURVE_WITH_KNOTS('',3,(#9101,#9102,#9103,#9104,#9105),
 .UNSPECIFIED.,.F.,.F.,(4,1,4),(0.,0.00185785885064863,0.00360362860132131),
 .UNSPECIFIED.);
#128=B_SPLINE_CURVE_WITH_KNOTS('',3,(#9107,#9108,#9109,#9110,#9111),
 .UNSPECIFIED.,.F.,.F.,(4,1,4),(0.,0.00185785885064863,0.00360362860132131),
 .UNSPECIFIED.);
#129=B_SPLINE_CURVE_WITH_KNOTS('',3,(#9124,#9125,#9126,#9127,#9128),
 .UNSPECIFIED.,.F.,.F.,(4,1,4),(0.,0.00260144802683349,0.00474452618753787),
 .UNSPECIFIED.);
#130=B_SPLINE_CURVE_WITH_KNOTS('',3,(#9130,#9131,#9132,#9133,#9134),
 .UNSPECIFIED.,.F.,.F.,(4,1,4),(0.,0.00260144802683349,0.00474452618753787),
 .UNSPECIFIED.);
#131=B_SPLINE_CURVE_WITH_KNOTS('',3,(#9146,#9147,#9148,#9149,#9150),
 .UNSPECIFIED.,.F.,.F.,(4,1,4),(0.,0.0071985773053459,0.0150121764826539),
 .UNSPECIFIED.);
#132=B_SPLINE_CURVE_WITH_KNOTS('',3,(#9151,#9152,#9153,#9154,#9155),
 .UNSPECIFIED.,.F.,.F.,(4,1,4),(0.,0.0071985773053459,0.0150121764826539),
 .UNSPECIFIED.);
#133=B_SPLINE_CURVE_WITH_KNOTS('',3,(#9170,#9171,#9172,#9173,#9174),
 .UNSPECIFIED.,.F.,.F.,(4,1,4),(0.,0.00451719225712705,0.00928497007818188),
 .UNSPECIFIED.);
#134=B_SPLINE_CURVE_WITH_KNOTS('',3,(#9178,#9179,#9180,#9181,#9182),
 .UNSPECIFIED.,.F.,.F.,(4,1,4),(0.,0.00451719225712705,0.00928497007818188),
 .UNSPECIFIED.);
#135=B_SPLINE_CURVE_WITH_KNOTS('',3,(#9195,#9196,#9197,#9198,#9199),
 .UNSPECIFIED.,.F.,.F.,(4,1,4),(0.,0.003847353754853,0.00805835903867975),
 .UNSPECIFIED.);
#136=B_SPLINE_CURVE_WITH_KNOTS('',3,(#9201,#9202,#9203,#9204,#9205),
 .UNSPECIFIED.,.F.,.F.,(4,1,4),(0.,0.003847353754853,0.00805835903867975),
 .UNSPECIFIED.);
#137=B_SPLINE_CURVE_WITH_KNOTS('',3,(#9218,#9219,#9220,#9221,#9222),
 .UNSPECIFIED.,.F.,.F.,(4,1,4),(0.,0.00624809116579478,0.0138441534497502),
 .UNSPECIFIED.);
#138=B_SPLINE_CURVE_WITH_KNOTS('',3,(#9224,#9225,#9226,#9227,#9228),
 .UNSPECIFIED.,.F.,.F.,(4,1,4),(0.,0.00624809116579478,0.0138441534497502),
 .UNSPECIFIED.);
#139=B_SPLINE_CURVE_WITH_KNOTS('',3,(#9241,#9242,#9243,#9244,#9245),
 .UNSPECIFIED.,.F.,.F.,(4,1,4),(0.,0.00730401717082902,0.0134083937746192),
 .UNSPECIFIED.);
#140=B_SPLINE_CURVE_WITH_KNOTS('',3,(#9247,#9248,#9249,#9250,#9251),
 .UNSPECIFIED.,.F.,.F.,(4,1,4),(0.,0.00730401717082902,0.0134083937746192),
 .UNSPECIFIED.);
#141=B_SPLINE_CURVE_WITH_KNOTS('',3,(#9330,#9331,#9332,#9333,#9334),
 .UNSPECIFIED.,.F.,.F.,(4,1,4),(0.,0.00986078657001521,0.021786487800356),
 .UNSPECIFIED.);
#142=B_SPLINE_CURVE_WITH_KNOTS('',3,(#9336,#9337,#9338,#9339,#9340),
 .UNSPECIFIED.,.F.,.F.,(4,1,4),(0.,0.00986078657001521,0.021786487800356),
 .UNSPECIFIED.);
#143=B_SPLINE_CURVE_WITH_KNOTS('',3,(#9353,#9354,#9355,#9356,#9357),
 .UNSPECIFIED.,.F.,.F.,(4,1,4),(0.,0.0127298145754069,0.02293794257578),
 .UNSPECIFIED.);
#144=B_SPLINE_CURVE_WITH_KNOTS('',3,(#9359,#9360,#9361,#9362,#9363),
 .UNSPECIFIED.,.F.,.F.,(4,1,4),(0.,0.0127298145754069,0.02293794257578),
 .UNSPECIFIED.);
#145=B_SPLINE_CURVE_WITH_KNOTS('',3,(#9376,#9377,#9378,#9379,#9380),
 .UNSPECIFIED.,.F.,.F.,(4,1,4),(0.,0.00487279019794201,0.00980926322666861),
 .UNSPECIFIED.);
#146=B_SPLINE_CURVE_WITH_KNOTS('',3,(#9382,#9383,#9384,#9385,#9386),
 .UNSPECIFIED.,.F.,.F.,(4,1,4),(0.,0.00487279019794201,0.00980926322666861),
 .UNSPECIFIED.);
#147=B_SPLINE_CURVE_WITH_KNOTS('',3,(#9399,#9400,#9401,#9402,#9403),
 .UNSPECIFIED.,.F.,.F.,(4,1,4),(0.,0.00469519225178602,0.00948456694798098),
 .UNSPECIFIED.);
#148=B_SPLINE_CURVE_WITH_KNOTS('',3,(#9405,#9406,#9407,#9408,#9409),
 .UNSPECIFIED.,.F.,.F.,(4,1,4),(0.,0.00469519225178602,0.00948456694798098),
 .UNSPECIFIED.);
#149=B_SPLINE_CURVE_WITH_KNOTS('',3,(#9544,#9545,#9546,#9547,#9548),
 .UNSPECIFIED.,.F.,.F.,(4,1,4),(0.,0.00200949059780952,0.00404211775672066),
 .UNSPECIFIED.);
#150=B_SPLINE_CURVE_WITH_KNOTS('',3,(#9552,#9553,#9554,#9555,#9556),
 .UNSPECIFIED.,.F.,.F.,(4,1,4),(0.,0.00200949059780952,0.00404211775672066),
 .UNSPECIFIED.);
#151=B_SPLINE_CURVE_WITH_KNOTS('',3,(#9569,#9570,#9571,#9572,#9573),
 .UNSPECIFIED.,.F.,.F.,(4,1,4),(0.,0.00201124542327921,0.00401722041038931),
 .UNSPECIFIED.);
#152=B_SPLINE_CURVE_WITH_KNOTS('',3,(#9575,#9576,#9577,#9578,#9579),
 .UNSPECIFIED.,.F.,.F.,(4,1,4),(0.,0.00201124542327921,0.00401722041038931),
 .UNSPECIFIED.);
#153=B_SPLINE_CURVE_WITH_KNOTS('',3,(#9592,#9593,#9594,#9595,#9596),
 .UNSPECIFIED.,.F.,.F.,(4,1,4),(0.,0.00214218926452954,0.00419328720119221),
 .UNSPECIFIED.);
#154=B_SPLINE_CURVE_WITH_KNOTS('',3,(#9598,#9599,#9600,#9601,#9602),
 .UNSPECIFIED.,.F.,.F.,(4,1,4),(0.,0.00214218926452954,0.00419328720119221),
 .UNSPECIFIED.);
#155=B_SPLINE_CURVE_WITH_KNOTS('',3,(#9615,#9616,#9617,#9618,#9619),
 .UNSPECIFIED.,.F.,.F.,(4,1,4),(0.,0.00206023717214601,0.00415481667256041),
 .UNSPECIFIED.);
#156=B_SPLINE_CURVE_WITH_KNOTS('',3,(#9621,#9622,#9623,#9624,#9625),
 .UNSPECIFIED.,.F.,.F.,(4,1,4),(0.,0.00206023717214601,0.00415481667256041),
 .UNSPECIFIED.);
#157=B_SPLINE_CURVE_WITH_KNOTS('',3,(#9638,#9639,#9640,#9641,#9642),
 .UNSPECIFIED.,.F.,.F.,(4,1,4),(0.,0.00201341849251973,0.0040499505113164),
 .UNSPECIFIED.);
#158=B_SPLINE_CURVE_WITH_KNOTS('',3,(#9644,#9645,#9646,#9647,#9648),
 .UNSPECIFIED.,.F.,.F.,(4,1,4),(0.,0.00201341849251973,0.0040499505113164),
 .UNSPECIFIED.);
#159=B_SPLINE_CURVE_WITH_KNOTS('',3,(#9661,#9662,#9663,#9664,#9665),
 .UNSPECIFIED.,.F.,.F.,(4,1,4),(0.,0.00203262538856705,0.00404211837991626),
 .UNSPECIFIED.);
#160=B_SPLINE_CURVE_WITH_KNOTS('',3,(#9667,#9668,#9669,#9670,#9671),
 .UNSPECIFIED.,.F.,.F.,(4,1,4),(0.,0.00203262538856705,0.00404211837991626),
 .UNSPECIFIED.);
#161=B_SPLINE_CURVE_WITH_KNOTS('',3,(#9684,#9685,#9686,#9687,#9688),
 .UNSPECIFIED.,.F.,.F.,(4,1,4),(0.,0.00215170434347429,0.0042302555207723),
 .UNSPECIFIED.);
#162=B_SPLINE_CURVE_WITH_KNOTS('',3,(#9690,#9691,#9692,#9693,#9694),
 .UNSPECIFIED.,.F.,.F.,(4,1,4),(0.,0.00215170434347429,0.0042302555207723),
 .UNSPECIFIED.);
#163=B_SPLINE_CURVE_WITH_KNOTS('',3,(#9707,#9708,#9709,#9710,#9711),
 .UNSPECIFIED.,.F.,.F.,(4,1,4),(0.,0.00207855117729801,0.00423019617636472),
 .UNSPECIFIED.);
#164=B_SPLINE_CURVE_WITH_KNOTS('',3,(#9713,#9714,#9715,#9716,#9717),
 .UNSPECIFIED.,.F.,.F.,(4,1,4),(0.,0.00207855117729801,0.00423019617636472),
 .UNSPECIFIED.);
#165=B_SPLINE_CURVE_WITH_KNOTS('',3,(#9730,#9731,#9732,#9733,#9734),
 .UNSPECIFIED.,.F.,.F.,(4,1,4),(0.,0.00200949059780952,0.00404211775672066),
 .UNSPECIFIED.);
#166=B_SPLINE_CURVE_WITH_KNOTS('',3,(#9736,#9737,#9738,#9739,#9740),
 .UNSPECIFIED.,.F.,.F.,(4,1,4),(0.,0.00200949059780952,0.00404211775672066),
 .UNSPECIFIED.);
#167=B_SPLINE_CURVE_WITH_KNOTS('',3,(#9753,#9754,#9755,#9756,#9757),
 .UNSPECIFIED.,.F.,.F.,(4,1,4),(0.,0.00203653530777801,0.00404995089824555),
 .UNSPECIFIED.);
#168=B_SPLINE_CURVE_WITH_KNOTS('',3,(#9759,#9760,#9761,#9762,#9763),
 .UNSPECIFIED.,.F.,.F.,(4,1,4),(0.,0.00203653530777801,0.00404995089824555),
 .UNSPECIFIED.);
#169=B_SPLINE_CURVE_WITH_KNOTS('',3,(#9776,#9777,#9778,#9779,#9780),
 .UNSPECIFIED.,.F.,.F.,(4,1,4),(0.,0.00209457950041439,0.00415481667256041),
 .UNSPECIFIED.);
#170=B_SPLINE_CURVE_WITH_KNOTS('',3,(#9782,#9783,#9784,#9785,#9786),
 .UNSPECIFIED.,.F.,.F.,(4,1,4),(0.,0.00209457950041439,0.00415481667256041),
 .UNSPECIFIED.);
#171=B_SPLINE_CURVE_WITH_KNOTS('',3,(#9799,#9800,#9801,#9802,#9803),
 .UNSPECIFIED.,.F.,.F.,(4,1,4),(0.,0.0020511154472871,0.00419329912366224),
 .UNSPECIFIED.);
#172=B_SPLINE_CURVE_WITH_KNOTS('',3,(#9805,#9806,#9807,#9808,#9809),
 .UNSPECIFIED.,.F.,.F.,(4,1,4),(0.,0.0020511154472871,0.00419329912366224),
 .UNSPECIFIED.);
#173=B_SPLINE_CURVE_WITH_KNOTS('',3,(#9822,#9823,#9824,#9825,#9826),
 .UNSPECIFIED.,.F.,.F.,(4,1,4),(0.,0.0020059749871101,0.00401722041038931),
 .UNSPECIFIED.);
#174=B_SPLINE_CURVE_WITH_KNOTS('',3,(#9828,#9829,#9830,#9831,#9832),
 .UNSPECIFIED.,.F.,.F.,(4,1,4),(0.,0.0020059749871101,0.00401722041038931),
 .UNSPECIFIED.);
#175=B_SPLINE_CURVE_WITH_KNOTS('',3,(#9845,#9846,#9847,#9848,#9849),
 .UNSPECIFIED.,.F.,.F.,(4,1,4),(0.,0.0020326796031455,0.00404212452765257),
 .UNSPECIFIED.);
#176=B_SPLINE_CURVE_WITH_KNOTS('',3,(#9851,#9852,#9853,#9854,#9855),
 .UNSPECIFIED.,.F.,.F.,(4,1,4),(0.,0.0020326796031455,0.00404212452765257),
 .UNSPECIFIED.);
#177=B_SPLINE_CURVE_WITH_KNOTS('',3,(#9868,#9869,#9870,#9871,#9872),
 .UNSPECIFIED.,.F.,.F.,(4,1,4),(0.,0.00215170399574986,0.0042301970477923),
 .UNSPECIFIED.);
#178=B_SPLINE_CURVE_WITH_KNOTS('',3,(#9874,#9875,#9876,#9877,#9878),
 .UNSPECIFIED.,.F.,.F.,(4,1,4),(0.,0.00215170399574986,0.0042301970477923),
 .UNSPECIFIED.);
#179=B_SPLINE_CURVE_WITH_KNOTS('',3,(#9890,#9891,#9892,#9893,#9894),
 .UNSPECIFIED.,.F.,.F.,(4,1,4),(0.,0.00207855009741743,0.00423025409316729),
 .UNSPECIFIED.);
#180=B_SPLINE_CURVE_WITH_KNOTS('',3,(#9895,#9896,#9897,#9898,#9899),
 .UNSPECIFIED.,.F.,.F.,(4,1,4),(0.,0.00207855009741743,0.00423025409316729),
 .UNSPECIFIED.);
#181=B_SPLINE_CURVE_WITH_KNOTS('',3,(#10014,#10015,#10016,#10017,#10018),
 .UNSPECIFIED.,.F.,.F.,(4,1,4),(0.,0.00494359202802596,0.0105551935317553),
 .UNSPECIFIED.);
#182=B_SPLINE_CURVE_WITH_KNOTS('',3,(#10020,#10021,#10022,#10023,#10024),
 .UNSPECIFIED.,.F.,.F.,(4,1,4),(0.,0.00494359202802596,0.0105551935317553),
 .UNSPECIFIED.);
#183=B_SPLINE_CURVE_WITH_KNOTS('',3,(#10037,#10038,#10039,#10040,#10041),
 .UNSPECIFIED.,.F.,.F.,(4,1,4),(0.,0.0039156378036836,0.00828845549942084),
 .UNSPECIFIED.);
#184=B_SPLINE_CURVE_WITH_KNOTS('',3,(#10043,#10044,#10045,#10046,#10047),
 .UNSPECIFIED.,.F.,.F.,(4,1,4),(0.,0.0039156378036836,0.00828845549942084),
 .UNSPECIFIED.);
#185=B_SPLINE_CURVE_WITH_KNOTS('',3,(#10060,#10061,#10062,#10063,#10064),
 .UNSPECIFIED.,.F.,.F.,(4,1,4),(0.,0.00339399791680381,0.00697394462098095),
 .UNSPECIFIED.);
#186=B_SPLINE_CURVE_WITH_KNOTS('',3,(#10066,#10067,#10068,#10069,#10070),
 .UNSPECIFIED.,.F.,.F.,(4,1,4),(0.,0.00339399791680381,0.00697394462098095),
 .UNSPECIFIED.);
#187=B_SPLINE_CURVE_WITH_KNOTS('',3,(#10083,#10084,#10085,#10086,#10087),
 .UNSPECIFIED.,.F.,.F.,(4,1,4),(0.,0.00355829577582849,0.00695422335925144),
 .UNSPECIFIED.);
#188=B_SPLINE_CURVE_WITH_KNOTS('',3,(#10089,#10090,#10091,#10092,#10093),
 .UNSPECIFIED.,.F.,.F.,(4,1,4),(0.,0.00355829577582849,0.00695422335925144),
 .UNSPECIFIED.);
#189=B_SPLINE_CURVE_WITH_KNOTS('',3,(#10106,#10107,#10108,#10109,#10110),
 .UNSPECIFIED.,.F.,.F.,(4,1,4),(0.,0.00205172545938584,0.00421363797740072),
 .UNSPECIFIED.);
#190=B_SPLINE_CURVE_WITH_KNOTS('',3,(#10112,#10113,#10114,#10115,#10116),
 .UNSPECIFIED.,.F.,.F.,(4,1,4),(0.,0.00205172545938584,0.00421363797740072),
 .UNSPECIFIED.);
#191=B_SPLINE_CURVE_WITH_KNOTS('',3,(#10129,#10130,#10131,#10132,#10133),
 .UNSPECIFIED.,.F.,.F.,(4,1,4),(0.,0.00177346242786025,0.00369675155314986),
 .UNSPECIFIED.);
#192=B_SPLINE_CURVE_WITH_KNOTS('',3,(#10135,#10136,#10137,#10138,#10139),
 .UNSPECIFIED.,.F.,.F.,(4,1,4),(0.,0.00177346242786025,0.00369675155314986),
 .UNSPECIFIED.);
#193=B_SPLINE_CURVE_WITH_KNOTS('',3,(#10158,#10159,#10160,#10161,#10162),
 .UNSPECIFIED.,.F.,.F.,(4,1,4),(0.,0.00168594982439209,0.00352712526693176),
 .UNSPECIFIED.);
#194=B_SPLINE_CURVE_WITH_KNOTS('',3,(#10164,#10165,#10166,#10167,#10168),
 .UNSPECIFIED.,.F.,.F.,(4,1,4),(0.,0.00168594982439209,0.00352712526693176),
 .UNSPECIFIED.);
#195=B_SPLINE_CURVE_WITH_KNOTS('',3,(#10181,#10182,#10183,#10184,#10185),
 .UNSPECIFIED.,.F.,.F.,(4,1,4),(0.,0.00189373607070126,0.00359707122763207),
 .UNSPECIFIED.);
#196=B_SPLINE_CURVE_WITH_KNOTS('',3,(#10187,#10188,#10189,#10190,#10191),
 .UNSPECIFIED.,.F.,.F.,(4,1,4),(0.,0.00189373607070126,0.00359707122763207),
 .UNSPECIFIED.);
#197=B_SPLINE_CURVE_WITH_KNOTS('',3,(#10204,#10205,#10206,#10207,#10208),
 .UNSPECIFIED.,.F.,.F.,(4,1,4),(0.,0.00670889516019855,0.0139428997486439),
 .UNSPECIFIED.);
#198=B_SPLINE_CURVE_WITH_KNOTS('',3,(#10210,#10211,#10212,#10213,#10214),
 .UNSPECIFIED.,.F.,.F.,(4,1,4),(0.,0.00670889516019855,0.0139428997486439),
 .UNSPECIFIED.);
#199=B_SPLINE_CURVE_WITH_KNOTS('',3,(#10227,#10228,#10229,#10230,#10231),
 .UNSPECIFIED.,.F.,.F.,(4,1,4),(0.,0.00683215747128851,0.0133974721421658),
 .UNSPECIFIED.);
#200=B_SPLINE_CURVE_WITH_KNOTS('',3,(#10233,#10234,#10235,#10236,#10237),
 .UNSPECIFIED.,.F.,.F.,(4,1,4),(0.,0.00683215747128851,0.0133974721421658),
 .UNSPECIFIED.);
#201=B_SPLINE_CURVE_WITH_KNOTS('',3,(#10250,#10251,#10252,#10253,#10254),
 .UNSPECIFIED.,.F.,.F.,(4,1,4),(0.,0.00824697029465197,0.0156580235251726),
 .UNSPECIFIED.);
#202=B_SPLINE_CURVE_WITH_KNOTS('',3,(#10256,#10257,#10258,#10259,#10260),
 .UNSPECIFIED.,.F.,.F.,(4,1,4),(0.,0.00824697029465197,0.0156580235251726),
 .UNSPECIFIED.);
#203=B_SPLINE_CURVE_WITH_KNOTS('',3,(#10273,#10274,#10275,#10276,#10277),
 .UNSPECIFIED.,.F.,.F.,(4,1,4),(0.,0.0105902913689367,0.0199191425130165),
 .UNSPECIFIED.);
#204=B_SPLINE_CURVE_WITH_KNOTS('',3,(#10279,#10280,#10281,#10282,#10283),
 .UNSPECIFIED.,.F.,.F.,(4,1,4),(0.,0.0105902913689367,0.0199191425130165),
 .UNSPECIFIED.);
#205=B_SPLINE_CURVE_WITH_KNOTS('',3,(#10308,#10309,#10310,#10311,#10312),
 .UNSPECIFIED.,.F.,.F.,(4,1,4),(0.,0.00487852838055861,0.010404106833838),
 .UNSPECIFIED.);
#206=B_SPLINE_CURVE_WITH_KNOTS('',3,(#10316,#10317,#10318,#10319,#10320),
 .UNSPECIFIED.,.F.,.F.,(4,1,4),(0.,0.00487852838055861,0.010404106833838),
 .UNSPECIFIED.);
#207=B_SPLINE_CURVE_WITH_KNOTS('',3,(#10333,#10334,#10335,#10336,#10337),
 .UNSPECIFIED.,.F.,.F.,(4,1,4),(0.,0.00437549709279274,0.00887345627583418),
 .UNSPECIFIED.);
#208=B_SPLINE_CURVE_WITH_KNOTS('',3,(#10339,#10340,#10341,#10342,#10343),
 .UNSPECIFIED.,.F.,.F.,(4,1,4),(0.,0.00437549709279274,0.00887345627583418),
 .UNSPECIFIED.);
#209=B_SPLINE_CURVE_WITH_KNOTS('',3,(#10356,#10357,#10358,#10359,#10360),
 .UNSPECIFIED.,.F.,.F.,(4,1,4),(0.,0.00450015688566248,0.00891205134867075),
 .UNSPECIFIED.);
#210=B_SPLINE_CURVE_WITH_KNOTS('',3,(#10362,#10363,#10364,#10365,#10366),
 .UNSPECIFIED.,.F.,.F.,(4,1,4),(0.,0.00450015688566248,0.00891205134867075),
 .UNSPECIFIED.);
#211=B_SPLINE_CURVE_WITH_KNOTS('',3,(#10379,#10380,#10381,#10382,#10383),
 .UNSPECIFIED.,.F.,.F.,(4,1,4),(0.,0.00401409055321821,0.00778865169052097),
 .UNSPECIFIED.);
#212=B_SPLINE_CURVE_WITH_KNOTS('',3,(#10385,#10386,#10387,#10388,#10389),
 .UNSPECIFIED.,.F.,.F.,(4,1,4),(0.,0.00401409055321821,0.00778865169052097),
 .UNSPECIFIED.);
#213=B_SPLINE_CURVE_WITH_KNOTS('',3,(#10402,#10403,#10404,#10405,#10406),
 .UNSPECIFIED.,.F.,.F.,(4,1,4),(0.,0.00417094214609589,0.00832082890700875),
 .UNSPECIFIED.);
#214=B_SPLINE_CURVE_WITH_KNOTS('',3,(#10408,#10409,#10410,#10411,#10412),
 .UNSPECIFIED.,.F.,.F.,(4,1,4),(0.,0.00417094214609589,0.00832082890700875),
 .UNSPECIFIED.);
#215=B_SPLINE_CURVE_WITH_KNOTS('',3,(#10431,#10432,#10433,#10434,#10435),
 .UNSPECIFIED.,.F.,.F.,(4,1,4),(0.,0.00472414863553914,0.0101505897491446),
 .UNSPECIFIED.);
#216=B_SPLINE_CURVE_WITH_KNOTS('',3,(#10437,#10438,#10439,#10440,#10441),
 .UNSPECIFIED.,.F.,.F.,(4,1,4),(0.,0.00472414863553914,0.0101505897491446),
 .UNSPECIFIED.);
#217=B_SPLINE_CURVE_WITH_KNOTS('',3,(#10454,#10455,#10456,#10457,#10458),
 .UNSPECIFIED.,.F.,.F.,(4,1,4),(0.,0.00360373714244592,0.00771865948815039),
 .UNSPECIFIED.);
#218=B_SPLINE_CURVE_WITH_KNOTS('',3,(#10460,#10461,#10462,#10463,#10464),
 .UNSPECIFIED.,.F.,.F.,(4,1,4),(0.,0.00360373714244592,0.00771865948815039),
 .UNSPECIFIED.);
#219=B_SPLINE_CURVE_WITH_KNOTS('',3,(#10477,#10478,#10479,#10480,#10481),
 .UNSPECIFIED.,.F.,.F.,(4,1,4),(0.,0.00285754623180455,0.00603808241106231),
 .UNSPECIFIED.);
#220=B_SPLINE_CURVE_WITH_KNOTS('',3,(#10483,#10484,#10485,#10486,#10487),
 .UNSPECIFIED.,.F.,.F.,(4,1,4),(0.,0.00285754623180455,0.00603808241106231),
 .UNSPECIFIED.);
#221=B_SPLINE_CURVE_WITH_KNOTS('',3,(#10500,#10501,#10502,#10503,#10504),
 .UNSPECIFIED.,.F.,.F.,(4,1,4),(0.,0.00255190121575198,0.00520351696096452),
 .UNSPECIFIED.);
#222=B_SPLINE_CURVE_WITH_KNOTS('',3,(#10506,#10507,#10508,#10509,#10510),
 .UNSPECIFIED.,.F.,.F.,(4,1,4),(0.,0.00255190121575198,0.00520351696096452),
 .UNSPECIFIED.);
#223=B_SPLINE_CURVE_WITH_KNOTS('',3,(#10523,#10524,#10525,#10526,#10527),
 .UNSPECIFIED.,.F.,.F.,(4,1,4),(0.,0.0036070693520424,0.00748501787828531),
 .UNSPECIFIED.);
#224=B_SPLINE_CURVE_WITH_KNOTS('',3,(#10529,#10530,#10531,#10532,#10533),
 .UNSPECIFIED.,.F.,.F.,(4,1,4),(0.,0.0036070693520424,0.00748501787828531),
 .UNSPECIFIED.);
#225=B_SPLINE_CURVE_WITH_KNOTS('',3,(#10546,#10547,#10548,#10549,#10550),
 .UNSPECIFIED.,.F.,.F.,(4,1,4),(0.,0.00387553219724521,0.00751315129629521),
 .UNSPECIFIED.);
#226=B_SPLINE_CURVE_WITH_KNOTS('',3,(#10552,#10553,#10554,#10555,#10556),
 .UNSPECIFIED.,.F.,.F.,(4,1,4),(0.,0.00387553219724521,0.00751315129629521),
 .UNSPECIFIED.);
#227=B_SPLINE_CURVE_WITH_KNOTS('',3,(#10569,#10570,#10571,#10572,#10573),
 .UNSPECIFIED.,.F.,.F.,(4,1,4),(0.,0.00482252621152454,0.00911376257466632),
 .UNSPECIFIED.);
#228=B_SPLINE_CURVE_WITH_KNOTS('',3,(#10575,#10576,#10577,#10578,#10579),
 .UNSPECIFIED.,.F.,.F.,(4,1,4),(0.,0.00482252621152454,0.00911376257466632),
 .UNSPECIFIED.);
#229=B_SPLINE_CURVE_WITH_KNOTS('',3,(#10592,#10593,#10594,#10595,#10596),
 .UNSPECIFIED.,.F.,.F.,(4,1,4),(0.,0.00579989013119807,0.0111392263177806),
 .UNSPECIFIED.);
#230=B_SPLINE_CURVE_WITH_KNOTS('',3,(#10598,#10599,#10600,#10601,#10602),
 .UNSPECIFIED.,.F.,.F.,(4,1,4),(0.,0.00579989013119807,0.0111392263177806),
 .UNSPECIFIED.);
#231=B_SPLINE_CURVE_WITH_KNOTS('',3,(#10614,#10615,#10616,#10617,#10618),
 .UNSPECIFIED.,.F.,.F.,(4,1,4),(0.,0.00645750257161027,0.0141324883868124),
 .UNSPECIFIED.);
#232=B_SPLINE_CURVE_WITH_KNOTS('',3,(#10619,#10620,#10621,#10622,#10623),
 .UNSPECIFIED.,.F.,.F.,(4,1,4),(0.,0.00645750257161027,0.0141324883868124),
 .UNSPECIFIED.);
#233=B_SPLINE_CURVE_WITH_KNOTS('',3,(#10636,#10637,#10638,#10639,#10640),
 .UNSPECIFIED.,.F.,.F.,(4,1,4),(0.,0.00626380605359288,0.0131537569383719),
 .UNSPECIFIED.);
#234=B_SPLINE_CURVE_WITH_KNOTS('',3,(#10644,#10645,#10646,#10647,#10648),
 .UNSPECIFIED.,.F.,.F.,(4,1,4),(0.,0.00626380605359288,0.0131537569383719),
 .UNSPECIFIED.);
#235=B_SPLINE_CURVE_WITH_KNOTS('',3,(#10661,#10662,#10663,#10664,#10665),
 .UNSPECIFIED.,.F.,.F.,(4,1,4),(0.,0.00564913154437955,0.0114780742764428),
 .UNSPECIFIED.);
#236=B_SPLINE_CURVE_WITH_KNOTS('',3,(#10667,#10668,#10669,#10670,#10671),
 .UNSPECIFIED.,.F.,.F.,(4,1,4),(0.,0.00564913154437955,0.0114780742764428),
 .UNSPECIFIED.);
#237=B_SPLINE_CURVE_WITH_KNOTS('',3,(#10684,#10685,#10686,#10687,#10688),
 .UNSPECIFIED.,.F.,.F.,(4,1,4),(0.,0.00621654482988363,0.0119747433872879),
 .UNSPECIFIED.);
#238=B_SPLINE_CURVE_WITH_KNOTS('',3,(#10690,#10691,#10692,#10693,#10694),
 .UNSPECIFIED.,.F.,.F.,(4,1,4),(0.,0.00621654482988363,0.0119747433872879),
 .UNSPECIFIED.);
#239=B_SPLINE_CURVE_WITH_KNOTS('',3,(#10707,#10708,#10709,#10710,#10711),
 .UNSPECIFIED.,.F.,.F.,(4,1,4),(0.,0.00718682058166114,0.0144890757116688),
 .UNSPECIFIED.);
#240=B_SPLINE_CURVE_WITH_KNOTS('',3,(#10713,#10714,#10715,#10716,#10717),
 .UNSPECIFIED.,.F.,.F.,(4,1,4),(0.,0.00718682058166114,0.0144890757116688),
 .UNSPECIFIED.);
#241=B_SPLINE_CURVE_WITH_KNOTS('',3,(#10730,#10731,#10732,#10733,#10734),
 .UNSPECIFIED.,.F.,.F.,(4,1,4),(0.,0.00887105743862264,0.0165398780007164),
 .UNSPECIFIED.);
#242=B_SPLINE_CURVE_WITH_KNOTS('',3,(#10736,#10737,#10738,#10739,#10740),
 .UNSPECIFIED.,.F.,.F.,(4,1,4),(0.,0.00887105743862264,0.0165398780007164),
 .UNSPECIFIED.);
#243=B_SPLINE_CURVE_WITH_KNOTS('',3,(#10777,#10778,#10779,#10780,#10781),
 .UNSPECIFIED.,.F.,.F.,(4,1,4),(0.,0.00727469424649622,0.0146912471715018),
 .UNSPECIFIED.);
#244=B_SPLINE_CURVE_WITH_KNOTS('',3,(#10783,#10784,#10785,#10786,#10787),
 .UNSPECIFIED.,.F.,.F.,(4,1,4),(0.,0.00727469424649622,0.0146912471715018),
 .UNSPECIFIED.);
#245=B_SPLINE_CURVE_WITH_KNOTS('',3,(#10800,#10801,#10802,#10803,#10804),
 .UNSPECIFIED.,.F.,.F.,(4,1,4),(0.,0.00689367884091793,0.0139999653045943),
 .UNSPECIFIED.);
#246=B_SPLINE_CURVE_WITH_KNOTS('',3,(#10806,#10807,#10808,#10809,#10810),
 .UNSPECIFIED.,.F.,.F.,(4,1,4),(0.,0.00689367884091793,0.0139999653045943),
 .UNSPECIFIED.);
#247=B_SPLINE_CURVE_WITH_KNOTS('',3,(#10823,#10824,#10825,#10826,#10827),
 .UNSPECIFIED.,.F.,.F.,(4,1,4),(0.,0.00769303064921862,0.0160047382466908),
 .UNSPECIFIED.);
#248=B_SPLINE_CURVE_WITH_KNOTS('',3,(#10829,#10830,#10831,#10832,#10833),
 .UNSPECIFIED.,.F.,.F.,(4,1,4),(0.,0.00769303064921862,0.0160047382466908),
 .UNSPECIFIED.);
#249=B_SPLINE_CURVE_WITH_KNOTS('',3,(#10846,#10847,#10848,#10849,#10850),
 .UNSPECIFIED.,.F.,.F.,(4,1,4),(0.,0.00710067121011844,0.0143822042936649),
 .UNSPECIFIED.);
#250=B_SPLINE_CURVE_WITH_KNOTS('',3,(#10852,#10853,#10854,#10855,#10856),
 .UNSPECIFIED.,.F.,.F.,(4,1,4),(0.,0.00710067121011844,0.0143822042936649),
 .UNSPECIFIED.);
#251=B_SPLINE_CURVE_WITH_KNOTS('',3,(#10869,#10870,#10871,#10872,#10873),
 .UNSPECIFIED.,.F.,.F.,(4,1,4),(0.,0.00766030514066652,0.0148945830926045),
 .UNSPECIFIED.);
#252=B_SPLINE_CURVE_WITH_KNOTS('',3,(#10875,#10876,#10877,#10878,#10879),
 .UNSPECIFIED.,.F.,.F.,(4,1,4),(0.,0.00766030514066652,0.0148945830926045),
 .UNSPECIFIED.);
#253=B_SPLINE_CURVE_WITH_KNOTS('',3,(#10892,#10893,#10894,#10895,#10896),
 .UNSPECIFIED.,.F.,.F.,(4,1,4),(0.,0.00908101939719762,0.01736429584111),
 .UNSPECIFIED.);
#254=B_SPLINE_CURVE_WITH_KNOTS('',3,(#10898,#10899,#10900,#10901,#10902),
 .UNSPECIFIED.,.F.,.F.,(4,1,4),(0.,0.00908101939719762,0.01736429584111),
 .UNSPECIFIED.);
#255=B_SPLINE_CURVE_WITH_KNOTS('',3,(#10914,#10915,#10916,#10917,#10918),
 .UNSPECIFIED.,.F.,.F.,(4,1,4),(0.,0.00759418438477558,0.0159158492432035),
 .UNSPECIFIED.);
#256=B_SPLINE_CURVE_WITH_KNOTS('',3,(#10919,#10920,#10921,#10922,#10923),
 .UNSPECIFIED.,.F.,.F.,(4,1,4),(0.,0.00759418438477558,0.0159158492432035),
 .UNSPECIFIED.);
#257=B_SPLINE_CURVE_WITH_KNOTS('',3,(#10938,#10939,#10940,#10941,#10942),
 .UNSPECIFIED.,.F.,.F.,(4,1,4),(0.,0.00982792617055498,0.0188191215350524),
 .UNSPECIFIED.);
#258=B_SPLINE_CURVE_WITH_KNOTS('',3,(#10946,#10947,#10948,#10949,#10950),
 .UNSPECIFIED.,.F.,.F.,(4,1,4),(0.,0.00982792617055498,0.0188191215350524),
 .UNSPECIFIED.);
#259=B_SPLINE_CURVE_WITH_KNOTS('',3,(#10963,#10964,#10965,#10966,#10967),
 .UNSPECIFIED.,.F.,.F.,(4,1,4),(0.,0.0040050148855817,0.00793136595306449),
 .UNSPECIFIED.);
#260=B_SPLINE_CURVE_WITH_KNOTS('',3,(#10969,#10970,#10971,#10972,#10973),
 .UNSPECIFIED.,.F.,.F.,(4,1,4),(0.,0.0040050148855817,0.00793136595306449),
 .UNSPECIFIED.);
#261=B_SPLINE_CURVE_WITH_KNOTS('',3,(#10986,#10987,#10988,#10989,#10990),
 .UNSPECIFIED.,.F.,.F.,(4,1,4),(0.,0.00371548710180297,0.00764731455309341),
 .UNSPECIFIED.);
#262=B_SPLINE_CURVE_WITH_KNOTS('',3,(#10992,#10993,#10994,#10995,#10996),
 .UNSPECIFIED.,.F.,.F.,(4,1,4),(0.,0.00371548710180297,0.00764731455309341),
 .UNSPECIFIED.);
#263=B_SPLINE_CURVE_WITH_KNOTS('',3,(#11015,#11016,#11017,#11018,#11019),
 .UNSPECIFIED.,.F.,.F.,(4,1,4),(0.,0.00804165547323072,0.0179035309023747),
 .UNSPECIFIED.);
#264=B_SPLINE_CURVE_WITH_KNOTS('',3,(#11021,#11022,#11023,#11024,#11025),
 .UNSPECIFIED.,.F.,.F.,(4,1,4),(0.,0.00804165547323072,0.0179035309023747),
 .UNSPECIFIED.);
#265=B_SPLINE_CURVE_WITH_KNOTS('',3,(#11038,#11039,#11040,#11041,#11042),
 .UNSPECIFIED.,.F.,.F.,(4,1,4),(0.,0.00531439658350235,0.0117559821146161),
 .UNSPECIFIED.);
#266=B_SPLINE_CURVE_WITH_KNOTS('',3,(#11044,#11045,#11046,#11047,#11048),
 .UNSPECIFIED.,.F.,.F.,(4,1,4),(0.,0.00531439658350235,0.0117559821146161),
 .UNSPECIFIED.);
#267=B_SPLINE_CURVE_WITH_KNOTS('',3,(#11061,#11062,#11063,#11064,#11065),
 .UNSPECIFIED.,.F.,.F.,(4,1,4),(0.,0.00712914772611577,0.0139929672594921),
 .UNSPECIFIED.);
#268=B_SPLINE_CURVE_WITH_KNOTS('',3,(#11067,#11068,#11069,#11070,#11071),
 .UNSPECIFIED.,.F.,.F.,(4,1,4),(0.,0.00712914772611577,0.0139929672594921),
 .UNSPECIFIED.);
#269=B_SPLINE_CURVE_WITH_KNOTS('',3,(#11084,#11085,#11086,#11087,#11088),
 .UNSPECIFIED.,.F.,.F.,(4,1,4),(0.,0.0121987033622999,0.0213463148463411),
 .UNSPECIFIED.);
#270=B_SPLINE_CURVE_WITH_KNOTS('',3,(#11090,#11091,#11092,#11093,#11094),
 .UNSPECIFIED.,.F.,.F.,(4,1,4),(0.,0.0121987033622999,0.0213463148463411),
 .UNSPECIFIED.);
#271=B_SPLINE_CURVE_WITH_KNOTS('',3,(#11106,#11107,#11108,#11109,#11110),
 .UNSPECIFIED.,.F.,.F.,(4,1,4),(0.,0.0101154321196334,0.0232109033860934),
 .UNSPECIFIED.);
#272=B_SPLINE_CURVE_WITH_KNOTS('',3,(#11111,#11112,#11113,#11114,#11115),
 .UNSPECIFIED.,.F.,.F.,(4,1,4),(0.,0.0101154321196334,0.0232109033860934),
 .UNSPECIFIED.);
#273=B_SPLINE_CURVE_WITH_KNOTS('',3,(#11128,#11129,#11130,#11131,#11132),
 .UNSPECIFIED.,.F.,.F.,(4,1,4),(0.,0.00624189366415271,0.0131016060998878),
 .UNSPECIFIED.);
#274=B_SPLINE_CURVE_WITH_KNOTS('',3,(#11136,#11137,#11138,#11139,#11140),
 .UNSPECIFIED.,.F.,.F.,(4,1,4),(0.,0.00624189366415271,0.0131016060998878),
 .UNSPECIFIED.);
#275=B_SPLINE_CURVE_WITH_KNOTS('',3,(#11153,#11154,#11155,#11156,#11157),
 .UNSPECIFIED.,.F.,.F.,(4,1,4),(0.,0.00566462279465685,0.0114812229880306),
 .UNSPECIFIED.);
#276=B_SPLINE_CURVE_WITH_KNOTS('',3,(#11159,#11160,#11161,#11162,#11163),
 .UNSPECIFIED.,.F.,.F.,(4,1,4),(0.,0.00566462279465685,0.0114812229880306),
 .UNSPECIFIED.);
#277=B_SPLINE_CURVE_WITH_KNOTS('',3,(#11176,#11177,#11178,#11179,#11180),
 .UNSPECIFIED.,.F.,.F.,(4,1,4),(0.,0.00622603778549797,0.0120110319634644),
 .UNSPECIFIED.);
#278=B_SPLINE_CURVE_WITH_KNOTS('',3,(#11182,#11183,#11184,#11185,#11186),
 .UNSPECIFIED.,.F.,.F.,(4,1,4),(0.,0.00622603778549797,0.0120110319634644),
 .UNSPECIFIED.);
#279=B_SPLINE_CURVE_WITH_KNOTS('',3,(#11199,#11200,#11201,#11202,#11203),
 .UNSPECIFIED.,.F.,.F.,(4,1,4),(0.,0.0073766050381305,0.0147482515162195),
 .UNSPECIFIED.);
#280=B_SPLINE_CURVE_WITH_KNOTS('',3,(#11205,#11206,#11207,#11208,#11209),
 .UNSPECIFIED.,.F.,.F.,(4,1,4),(0.,0.0073766050381305,0.0147482515162195),
 .UNSPECIFIED.);
#281=B_SPLINE_CURVE_WITH_KNOTS('',3,(#11222,#11223,#11224,#11225,#11226),
 .UNSPECIFIED.,.F.,.F.,(4,1,4),(0.,0.0091449276852662,0.0171389914291452),
 .UNSPECIFIED.);
#282=B_SPLINE_CURVE_WITH_KNOTS('',3,(#11228,#11229,#11230,#11231,#11232),
 .UNSPECIFIED.,.F.,.F.,(4,1,4),(0.,0.0091449276852662,0.0171389914291452),
 .UNSPECIFIED.);
#283=B_SPLINE_CURVE_WITH_KNOTS('',3,(#11275,#11276,#11277,#11278,#11279),
 .UNSPECIFIED.,.F.,.F.,(4,1,4),(0.,0.00357854043552024,0.00715535589671349),
 .UNSPECIFIED.);
#284=B_SPLINE_CURVE_WITH_KNOTS('',3,(#11281,#11282,#11283,#11284,#11285),
 .UNSPECIFIED.,.F.,.F.,(4,1,4),(0.,0.00357854043552024,0.00715535589671349),
 .UNSPECIFIED.);
#285=B_SPLINE_CURVE_WITH_KNOTS('',3,(#11298,#11299,#11300,#11301,#11302),
 .UNSPECIFIED.,.F.,.F.,(4,1,4),(0.,0.00364566217762199,0.00724859191517029),
 .UNSPECIFIED.);
#286=B_SPLINE_CURVE_WITH_KNOTS('',3,(#11304,#11305,#11306,#11307,#11308),
 .UNSPECIFIED.,.F.,.F.,(4,1,4),(0.,0.00364566217762199,0.00724859191517029),
 .UNSPECIFIED.);
#287=B_SPLINE_CURVE_WITH_KNOTS('',3,(#11321,#11322,#11323,#11324,#11325),
 .UNSPECIFIED.,.F.,.F.,(4,1,4),(0.,0.00759466836000607,0.0157236928790479),
 .UNSPECIFIED.);
#288=B_SPLINE_CURVE_WITH_KNOTS('',3,(#11327,#11328,#11329,#11330,#11331),
 .UNSPECIFIED.,.F.,.F.,(4,1,4),(0.,0.00759466836000607,0.0157236928790479),
 .UNSPECIFIED.);
#289=B_SPLINE_CURVE_WITH_KNOTS('',3,(#11344,#11345,#11346,#11347,#11348),
 .UNSPECIFIED.,.F.,.F.,(4,1,4),(0.,0.00712459393891569,0.0143710028795192),
 .UNSPECIFIED.);
#290=B_SPLINE_CURVE_WITH_KNOTS('',3,(#11350,#11351,#11352,#11353,#11354),
 .UNSPECIFIED.,.F.,.F.,(4,1,4),(0.,0.00712459393891569,0.0143710028795192),
 .UNSPECIFIED.);
#291=B_SPLINE_CURVE_WITH_KNOTS('',3,(#11367,#11368,#11369,#11370,#11371),
 .UNSPECIFIED.,.F.,.F.,(4,1,4),(0.,0.00773243307828921,0.0150220225356179),
 .UNSPECIFIED.);
#292=B_SPLINE_CURVE_WITH_KNOTS('',3,(#11373,#11374,#11375,#11376,#11377),
 .UNSPECIFIED.,.F.,.F.,(4,1,4),(0.,0.00773243307828921,0.0150220225356179),
 .UNSPECIFIED.);
#293=B_SPLINE_CURVE_WITH_KNOTS('',3,(#11390,#11391,#11392,#11393,#11394),
 .UNSPECIFIED.,.F.,.F.,(4,1,4),(0.,0.00927247797442009,0.0176740671355534),
 .UNSPECIFIED.);
#294=B_SPLINE_CURVE_WITH_KNOTS('',3,(#11396,#11397,#11398,#11399,#11400),
 .UNSPECIFIED.,.F.,.F.,(4,1,4),(0.,0.00927247797442009,0.0176740671355534),
 .UNSPECIFIED.);
#295=B_SPLINE_CURVE_WITH_KNOTS('',3,(#11412,#11413,#11414,#11415,#11416),
 .UNSPECIFIED.,.F.,.F.,(4,1,4),(0.,0.00752817574803494,0.0157256742405569),
 .UNSPECIFIED.);
#296=B_SPLINE_CURVE_WITH_KNOTS('',3,(#11417,#11418,#11419,#11420,#11421),
 .UNSPECIFIED.,.F.,.F.,(4,1,4),(0.,0.00752817574803494,0.0157256742405569),
 .UNSPECIFIED.);
#297=B_SPLINE_SURFACE_WITH_KNOTS('',3,1,((#7708,#7709),(#7710,#7711),(#7712,
#7713),(#7714,#7715),(#7716,#7717)),.UNSPECIFIED.,.F.,.F.,.F.,(4,1,4),(2,
2),(0.,0.00707921207429007,0.0153587364792599),(0.,0.02),.UNSPECIFIED.);
#298=B_SPLINE_SURFACE_WITH_KNOTS('',3,1,((#7734,#7735),(#7736,#7737),(#7738,
#7739),(#7740,#7741),(#7742,#7743)),.UNSPECIFIED.,.F.,.F.,.F.,(4,1,4),(2,
2),(0.,0.00497462813364955,0.010948703245174),(0.,0.02),.UNSPECIFIED.);
#299=B_SPLINE_SURFACE_WITH_KNOTS('',3,1,((#7757,#7758),(#7759,#7760),(#7761,
#7762),(#7763,#7764),(#7765,#7766)),.UNSPECIFIED.,.F.,.F.,.F.,(4,1,4),(2,
2),(0.,0.00280206663799465,0.00606188198143887),(0.,0.02),.UNSPECIFIED.);
#300=B_SPLINE_SURFACE_WITH_KNOTS('',3,1,((#7780,#7781),(#7782,#7783),(#7784,
#7785),(#7786,#7787),(#7788,#7789)),.UNSPECIFIED.,.F.,.F.,.F.,(4,1,4),(2,
2),(0.,0.00225238262515595,0.00472040919606402),(0.,0.02),.UNSPECIFIED.);
#301=B_SPLINE_SURFACE_WITH_KNOTS('',3,1,((#7803,#7804),(#7805,#7806),(#7807,
#7808),(#7809,#7810),(#7811,#7812)),.UNSPECIFIED.,.F.,.F.,.F.,(4,1,4),(2,
2),(0.,0.00211350508597583,0.00425248869377628),(0.,0.02),.UNSPECIFIED.);
#302=B_SPLINE_SURFACE_WITH_KNOTS('',3,1,((#7826,#7827),(#7828,#7829),(#7830,
#7831),(#7832,#7833),(#7834,#7835)),.UNSPECIFIED.,.F.,.F.,.F.,(4,1,4),(2,
2),(0.,0.00217782463837412,0.00431647626459629),(0.,0.02),.UNSPECIFIED.);
#303=B_SPLINE_SURFACE_WITH_KNOTS('',3,1,((#7849,#7850),(#7851,#7852),(#7853,
#7854),(#7855,#7856),(#7857,#7858)),.UNSPECIFIED.,.F.,.F.,.F.,(4,1,4),(2,
2),(0.,0.00284987575632085,0.00591333496729579),(0.,0.02),.UNSPECIFIED.);
#304=B_SPLINE_SURFACE_WITH_KNOTS('',3,1,((#7872,#7873),(#7874,#7875),(#7876,
#7877),(#7878,#7879),(#7880,#7881)),.UNSPECIFIED.,.F.,.F.,.F.,(4,1,4),(2,
2),(0.,0.00284036102572353,0.00560579734809833),(0.,0.02),.UNSPECIFIED.);
#305=B_SPLINE_SURFACE_WITH_KNOTS('',3,1,((#7895,#7896),(#7897,#7898),(#7899,
#7900),(#7901,#7902),(#7903,#7904)),.UNSPECIFIED.,.F.,.F.,.F.,(4,1,4),(2,
2),(0.,0.00348576867333408,0.00656967477538632),(0.,0.02),.UNSPECIFIED.);
#306=B_SPLINE_SURFACE_WITH_KNOTS('',3,1,((#7918,#7919),(#7920,#7921),(#7922,
#7923),(#7924,#7925),(#7926,#7927)),.UNSPECIFIED.,.F.,.F.,.F.,(4,1,4),(2,
2),(0.,0.00463559288073633,0.00864591017964594),(0.,0.02),.UNSPECIFIED.);
#307=B_SPLINE_SURFACE_WITH_KNOTS('',3,1,((#7959,#7960),(#7961,#7962),(#7963,
#7964),(#7965,#7966),(#7967,#7968)),.UNSPECIFIED.,.F.,.F.,.F.,(4,1,4),(2,
2),(0.,0.00539189253338738,0.0114201768634502),(0.,0.02),.UNSPECIFIED.);
#308=B_SPLINE_SURFACE_WITH_KNOTS('',3,1,((#7982,#7983),(#7984,#7985),(#7986,
#7987),(#7988,#7989),(#7990,#7991)),.UNSPECIFIED.,.F.,.F.,.F.,(4,1,4),(2,
2),(0.,0.00491725805820566,0.00993520774581272),(0.,0.02),.UNSPECIFIED.);
#309=B_SPLINE_SURFACE_WITH_KNOTS('',3,1,((#8005,#8006),(#8007,#8008),(#8009,
#8010),(#8011,#8012),(#8013,#8014)),.UNSPECIFIED.,.F.,.F.,.F.,(4,1,4),(2,
2),(0.,0.00550505328889026,0.0105963943423262),(0.,0.02),.UNSPECIFIED.);
#310=B_SPLINE_SURFACE_WITH_KNOTS('',3,1,((#8028,#8029),(#8030,#8031),(#8032,
#8033),(#8034,#8035),(#8036,#8037)),.UNSPECIFIED.,.F.,.F.,.F.,(4,1,4),(2,
2),(0.,0.00662924915984716,0.0126689111954955),(0.,0.02),.UNSPECIFIED.);
#311=B_SPLINE_SURFACE_WITH_KNOTS('',3,1,((#8051,#8052),(#8053,#8054),(#8055,
#8056),(#8057,#8058),(#8059,#8060)),.UNSPECIFIED.,.F.,.F.,.F.,(4,1,4),(2,
2),(0.,0.00378136968388934,0.00758923542351891),(0.,0.02),.UNSPECIFIED.);
#312=B_SPLINE_SURFACE_WITH_KNOTS('',3,1,((#8074,#8075),(#8076,#8077),(#8078,
#8079),(#8080,#8081),(#8082,#8083)),.UNSPECIFIED.,.F.,.F.,.F.,(4,1,4),(2,
2),(0.,0.00357399266204185,0.00727877419949904),(0.,0.02),.UNSPECIFIED.);
#313=B_SPLINE_SURFACE_WITH_KNOTS('',3,1,((#8097,#8098),(#8099,#8100),(#8101,
#8102),(#8103,#8104),(#8105,#8106)),.UNSPECIFIED.,.F.,.F.,.F.,(4,1,4),(2,
2),(0.,0.00329167860304513,0.00672842280791173),(0.,0.02),.UNSPECIFIED.);
#314=B_SPLINE_SURFACE_WITH_KNOTS('',3,1,((#8120,#8121),(#8122,#8123),(#8124,
#8125),(#8126,#8127),(#8128,#8129)),.UNSPECIFIED.,.F.,.F.,.F.,(4,1,4),(2,
2),(0.,0.00281877174492832,0.00590495477662444),(0.,0.02),.UNSPECIFIED.);
#315=B_SPLINE_SURFACE_WITH_KNOTS('',3,1,((#8149,#8150),(#8151,#8152),(#8153,
#8154),(#8155,#8156),(#8157,#8158)),.UNSPECIFIED.,.F.,.F.,.F.,(4,1,4),(2,
2),(0.,0.00665427562879915,0.0136936604160543),(0.,0.02),.UNSPECIFIED.);
#316=B_SPLINE_SURFACE_WITH_KNOTS('',3,1,((#8172,#8173),(#8174,#8175),(#8176,
#8177),(#8178,#8179),(#8180,#8181)),.UNSPECIFIED.,.F.,.F.,.F.,(4,1,4),(2,
2),(0.,0.00646583713494428,0.0129185998125005),(0.,0.02),.UNSPECIFIED.);
#317=B_SPLINE_SURFACE_WITH_KNOTS('',3,1,((#8195,#8196),(#8197,#8198),(#8199,
#8200),(#8201,#8202),(#8203,#8204)),.UNSPECIFIED.,.F.,.F.,.F.,(4,1,4),(2,
2),(0.,0.00630648498383676,0.0141774332912511),(0.,0.02),.UNSPECIFIED.);
#318=B_SPLINE_SURFACE_WITH_KNOTS('',3,1,((#8218,#8219),(#8220,#8221),(#8222,
#8223),(#8224,#8225),(#8226,#8227)),.UNSPECIFIED.,.F.,.F.,.F.,(4,1,4),(2,
2),(0.,0.0062266474950993,0.0120123253138219),(0.,0.02),.UNSPECIFIED.);
#319=B_SPLINE_SURFACE_WITH_KNOTS('',3,1,((#8253,#8254),(#8255,#8256),(#8257,
#8258),(#8259,#8260),(#8261,#8262)),.UNSPECIFIED.,.F.,.F.,.F.,(4,1,4),(2,
2),(0.,0.0117382622417061,0.0266046975293902),(0.,0.02),.UNSPECIFIED.);
#320=B_SPLINE_SURFACE_WITH_KNOTS('',3,1,((#8276,#8277),(#8278,#8279),(#8280,
#8281),(#8282,#8283),(#8284,#8285)),.UNSPECIFIED.,.F.,.F.,.F.,(4,1,4),(2,
2),(0.,0.010522677521541,0.020643475012549),(0.,0.02),.UNSPECIFIED.);
#321=B_SPLINE_SURFACE_WITH_KNOTS('',3,1,((#8299,#8300),(#8301,#8302),(#8303,
#8304),(#8305,#8306),(#8307,#8308)),.UNSPECIFIED.,.F.,.F.,.F.,(4,1,4),(2,
2),(0.,0.00428434048296641,0.00879326444530997),(0.,0.02),.UNSPECIFIED.);
#322=B_SPLINE_SURFACE_WITH_KNOTS('',3,1,((#8322,#8323),(#8324,#8325),(#8326,
#8327),(#8328,#8329),(#8330,#8331)),.UNSPECIFIED.,.F.,.F.,.F.,(4,1,4),(2,
2),(0.,0.00413908725494617,0.00827950397800679),(0.,0.02),.UNSPECIFIED.);
#323=B_SPLINE_SURFACE_WITH_KNOTS('',3,1,((#8345,#8346),(#8347,#8348),(#8349,
#8350),(#8351,#8352),(#8353,#8354)),.UNSPECIFIED.,.F.,.F.,.F.,(4,1,4),(2,
2),(0.,0.00470195192948782,0.00902696652580962),(0.,0.02),.UNSPECIFIED.);
#324=B_SPLINE_SURFACE_WITH_KNOTS('',3,1,((#8368,#8369),(#8370,#8371),(#8372,
#8373),(#8374,#8375),(#8376,#8377)),.UNSPECIFIED.,.F.,.F.,.F.,(4,1,4),(2,
2),(0.,0.00611625808515725,0.0114142280739525),(0.,0.02),.UNSPECIFIED.);
#325=B_SPLINE_SURFACE_WITH_KNOTS('',3,1,((#8391,#8392),(#8393,#8394),(#8395,
#8396),(#8397,#8398),(#8399,#8400)),.UNSPECIFIED.,.F.,.F.,.F.,(4,1,4),(2,
2),(0.,0.00694224832056156,0.0139292122223133),(0.,0.02),.UNSPECIFIED.);
#326=B_SPLINE_SURFACE_WITH_KNOTS('',3,1,((#8414,#8415),(#8416,#8417),(#8418,
#8419),(#8420,#8421),(#8422,#8423)),.UNSPECIFIED.,.F.,.F.,.F.,(4,1,4),(2,
2),(0.,0.00827308881107547,0.0156386784527372),(0.,0.02),.UNSPECIFIED.);
#327=B_SPLINE_SURFACE_WITH_KNOTS('',3,1,((#8448,#8449),(#8450,#8451),(#8452,
#8453),(#8454,#8455),(#8456,#8457)),.UNSPECIFIED.,.F.,.F.,.F.,(4,1,4),(2,
2),(0.,0.00467942817177562,0.00964327268599369),(0.,0.02),.UNSPECIFIED.);
#328=B_SPLINE_SURFACE_WITH_KNOTS('',3,1,((#8474,#8475),(#8476,#8477),(#8478,
#8479),(#8480,#8481),(#8482,#8483)),.UNSPECIFIED.,.F.,.F.,.F.,(4,1,4),(2,
2),(0.,0.00410713266437691,0.00849705883700031),(0.,0.02),.UNSPECIFIED.);
#329=B_SPLINE_SURFACE_WITH_KNOTS('',3,1,((#8497,#8498),(#8499,#8500),(#8501,
#8502),(#8503,#8504),(#8505,#8506)),.UNSPECIFIED.,.F.,.F.,.F.,(4,1,4),(2,
2),(0.,0.00391351386387378,0.00785054679571864),(0.,0.02),.UNSPECIFIED.);
#330=B_SPLINE_SURFACE_WITH_KNOTS('',3,1,((#8520,#8521),(#8522,#8523),(#8524,
#8525),(#8526,#8527),(#8528,#8529)),.UNSPECIFIED.,.F.,.F.,.F.,(4,1,4),(2,
2),(0.,0.00419103112823449,0.0081832044847972),(0.,0.02),.UNSPECIFIED.);
#331=B_SPLINE_SURFACE_WITH_KNOTS('',3,1,((#8543,#8544),(#8545,#8546),(#8547,
#8548),(#8549,#8550),(#8551,#8552)),.UNSPECIFIED.,.F.,.F.,.F.,(4,1,4),(2,
2),(0.,0.00432865455158311,0.00909183286468121),(0.,0.02),.UNSPECIFIED.);
#332=B_SPLINE_SURFACE_WITH_KNOTS('',3,1,((#8566,#8567),(#8568,#8569),(#8570,
#8571),(#8572,#8573),(#8574,#8575)),.UNSPECIFIED.,.F.,.F.,.F.,(4,1,4),(2,
2),(0.,0.00396440804742633,0.00803230263208609),(0.,0.02),.UNSPECIFIED.);
#333=B_SPLINE_SURFACE_WITH_KNOTS('',3,1,((#8589,#8590),(#8591,#8592),(#8593,
#8594),(#8595,#8596),(#8597,#8598)),.UNSPECIFIED.,.F.,.F.,.F.,(4,1,4),(2,
2),(0.,0.00424638887842268,0.00827561054155076),(0.,0.02),.UNSPECIFIED.);
#334=B_SPLINE_SURFACE_WITH_KNOTS('',3,1,((#8612,#8613),(#8614,#8615),(#8616,
#8617),(#8618,#8619),(#8620,#8621)),.UNSPECIFIED.,.F.,.F.,.F.,(4,1,4),(2,
2),(0.,0.00490810125979889,0.00945662112151184),(0.,0.02),.UNSPECIFIED.);
#335=B_SPLINE_SURFACE_WITH_KNOTS('',3,1,((#8638,#8639),(#8640,#8641),(#8642,
#8643),(#8644,#8645),(#8646,#8647)),.UNSPECIFIED.,.F.,.F.,.F.,(4,1,4),(2,
2),(0.,0.00633962455198319,0.0130283372001394),(0.,0.02),.UNSPECIFIED.);
#336=B_SPLINE_SURFACE_WITH_KNOTS('',3,1,((#8664,#8665),(#8666,#8667),(#8668,
#8669),(#8670,#8671),(#8672,#8673)),.UNSPECIFIED.,.F.,.F.,.F.,(4,1,4),(2,
2),(0.,0.0064736379074671,0.0127382645661396),(0.,0.02),.UNSPECIFIED.);
#337=B_SPLINE_SURFACE_WITH_KNOTS('',3,1,((#8687,#8688),(#8689,#8690),(#8691,
#8692),(#8693,#8694),(#8695,#8696)),.UNSPECIFIED.,.F.,.F.,.F.,(4,1,4),(2,
2),(0.,0.00760084300412514,0.0145214256469109),(0.,0.02),.UNSPECIFIED.);
#338=B_SPLINE_SURFACE_WITH_KNOTS('',3,1,((#8710,#8711),(#8712,#8713),(#8714,
#8715),(#8716,#8717),(#8718,#8719)),.UNSPECIFIED.,.F.,.F.,.F.,(4,1,4),(2,
2),(0.,0.00734979218970629,0.0152141912856657),(0.,0.02),.UNSPECIFIED.);
#339=B_SPLINE_SURFACE_WITH_KNOTS('',3,1,((#8733,#8734),(#8735,#8736),(#8737,
#8738),(#8739,#8740),(#8741,#8742)),.UNSPECIFIED.,.F.,.F.,.F.,(4,1,4),(2,
2),(0.,0.00699284041399748,0.0140801245741273),(0.,0.02),.UNSPECIFIED.);
#340=B_SPLINE_SURFACE_WITH_KNOTS('',3,1,((#8756,#8757),(#8758,#8759),(#8760,
#8761),(#8762,#8763),(#8764,#8765)),.UNSPECIFIED.,.F.,.F.,.F.,(4,1,4),(2,
2),(0.,0.00737164116162666,0.0144751660747146),(0.,0.02),.UNSPECIFIED.);
#341=B_SPLINE_SURFACE_WITH_KNOTS('',3,1,((#8779,#8780),(#8781,#8782),(#8783,
#8784),(#8785,#8786),(#8787,#8788)),.UNSPECIFIED.,.F.,.F.,.F.,(4,1,4),(2,
2),(0.,0.00791174170417027,0.0155648187041533),(0.,0.02),.UNSPECIFIED.);
#342=B_SPLINE_SURFACE_WITH_KNOTS('',3,1,((#8802,#8803),(#8804,#8805),(#8806,
#8807),(#8808,#8809),(#8810,#8811)),.UNSPECIFIED.,.F.,.F.,.F.,(4,1,4),(2,
2),(0.,0.00803919154039937,0.0169025679169742),(0.,0.02),.UNSPECIFIED.);
#343=B_SPLINE_SURFACE_WITH_KNOTS('',3,1,((#8825,#8826),(#8827,#8828),(#8829,
#8830),(#8831,#8832),(#8833,#8834)),.UNSPECIFIED.,.F.,.F.,.F.,(4,1,4),(2,
2),(0.,0.00690893446030424,0.0142615909636123),(0.,0.02),.UNSPECIFIED.);
#344=B_SPLINE_SURFACE_WITH_KNOTS('',3,1,((#8848,#8849),(#8850,#8851),(#8852,
#8853),(#8854,#8855),(#8856,#8857)),.UNSPECIFIED.,.F.,.F.,.F.,(4,1,4),(2,
2),(0.,0.00725835297473095,0.0141204510277828),(0.,0.02),.UNSPECIFIED.);
#345=B_SPLINE_SURFACE_WITH_KNOTS('',3,1,((#8871,#8872),(#8873,#8874),(#8875,
#8876),(#8877,#8878),(#8879,#8880)),.UNSPECIFIED.,.F.,.F.,.F.,(4,1,4),(2,
2),(0.,0.00920569562121059,0.0172641448833178),(0.,0.02),.UNSPECIFIED.);
#346=B_SPLINE_SURFACE_WITH_KNOTS('',3,1,((#8894,#8895),(#8896,#8897),(#8898,
#8899),(#8900,#8901),(#8902,#8903)),.UNSPECIFIED.,.F.,.F.,.F.,(4,1,4),(2,
2),(0.,0.00700887414963703,0.0142335471495711),(0.,0.02),.UNSPECIFIED.);
#347=B_SPLINE_SURFACE_WITH_KNOTS('',3,1,((#8917,#8918),(#8919,#8920),(#8921,
#8922),(#8923,#8924),(#8925,#8926)),.UNSPECIFIED.,.F.,.F.,.F.,(4,1,4),(2,
2),(0.,0.00595001241754265,0.0125363874488731),(0.,0.02),.UNSPECIFIED.);
#348=B_SPLINE_SURFACE_WITH_KNOTS('',3,1,((#8946,#8947),(#8948,#8949),(#8950,
#8951),(#8952,#8953),(#8954,#8955)),.UNSPECIFIED.,.F.,.F.,.F.,(4,1,4),(2,
2),(0.,0.00282889456078015,0.0054663392976836),(0.,0.02),.UNSPECIFIED.);
#349=B_SPLINE_SURFACE_WITH_KNOTS('',3,1,((#8969,#8970),(#8971,#8972),(#8973,
#8974),(#8975,#8976),(#8977,#8978)),.UNSPECIFIED.,.F.,.F.,.F.,(4,1,4),(2,
2),(0.,0.00310850287013267,0.00609480675955116),(0.,0.02),.UNSPECIFIED.);
#350=B_SPLINE_SURFACE_WITH_KNOTS('',3,1,((#8992,#8993),(#8994,#8995),(#8996,
#8997),(#8998,#8999),(#9000,#9001)),.UNSPECIFIED.,.F.,.F.,.F.,(4,1,4),(2,
2),(0.,0.00332411733633084,0.00654481258676683),(0.,0.02),.UNSPECIFIED.);
#351=B_SPLINE_SURFACE_WITH_KNOTS('',3,1,((#9015,#9016),(#9017,#9018),(#9019,
#9020),(#9021,#9022),(#9023,#9024)),.UNSPECIFIED.,.F.,.F.,.F.,(4,1,4),(2,
2),(0.,0.00336713601665304,0.00673962160293816),(0.,0.02),.UNSPECIFIED.);
#352=B_SPLINE_SURFACE_WITH_KNOTS('',3,1,((#9038,#9039),(#9040,#9041),(#9042,
#9043),(#9044,#9045),(#9046,#9047)),.UNSPECIFIED.,.F.,.F.,.F.,(4,1,4),(2,
2),(0.,0.00932479042273438,0.020379092709515),(0.,0.02),.UNSPECIFIED.);
#353=B_SPLINE_SURFACE_WITH_KNOTS('',3,1,((#9061,#9062),(#9063,#9064),(#9065,
#9066),(#9067,#9068),(#9069,#9070)),.UNSPECIFIED.,.F.,.F.,.F.,(4,1,4),(2,
2),(0.,0.0105441858051981,0.0196728871279789),(0.,0.02),.UNSPECIFIED.);
#354=B_SPLINE_SURFACE_WITH_KNOTS('',3,1,((#9090,#9091),(#9092,#9093),(#9094,
#9095),(#9096,#9097),(#9098,#9099)),.UNSPECIFIED.,.F.,.F.,.F.,(4,1,4),(2,
2),(0.,0.00185785885064863,0.00360362860132131),(0.,0.02),.UNSPECIFIED.);
#355=B_SPLINE_SURFACE_WITH_KNOTS('',3,1,((#9113,#9114),(#9115,#9116),(#9117,
#9118),(#9119,#9120),(#9121,#9122)),.UNSPECIFIED.,.F.,.F.,.F.,(4,1,4),(2,
2),(0.,0.00260144802683349,0.00474452618753787),(0.,0.02),.UNSPECIFIED.);
#356=B_SPLINE_SURFACE_WITH_KNOTS('',3,1,((#9136,#9137),(#9138,#9139),(#9140,
#9141),(#9142,#9143),(#9144,#9145)),.UNSPECIFIED.,.F.,.F.,.F.,(4,1,4),(2,
2),(0.,0.0071985773053459,0.0150121764826539),(0.,0.02),.UNSPECIFIED.);
#357=B_SPLINE_SURFACE_WITH_KNOTS('',3,1,((#9158,#9159),(#9160,#9161),(#9162,
#9163),(#9164,#9165),(#9166,#9167)),.UNSPECIFIED.,.F.,.F.,.F.,(4,1,4),(2,
2),(0.,0.00451719225712705,0.00928497007818188),(0.,0.02),.UNSPECIFIED.);
#358=B_SPLINE_SURFACE_WITH_KNOTS('',3,1,((#9184,#9185),(#9186,#9187),(#9188,
#9189),(#9190,#9191),(#9192,#9193)),.UNSPECIFIED.,.F.,.F.,.F.,(4,1,4),(2,
2),(0.,0.003847353754853,0.00805835903867975),(0.,0.02),.UNSPECIFIED.);
#359=B_SPLINE_SURFACE_WITH_KNOTS('',3,1,((#9207,#9208),(#9209,#9210),(#9211,
#9212),(#9213,#9214),(#9215,#9216)),.UNSPECIFIED.,.F.,.F.,.F.,(4,1,4),(2,
2),(0.,0.00624809116579478,0.0138441534497502),(0.,0.02),.UNSPECIFIED.);
#360=B_SPLINE_SURFACE_WITH_KNOTS('',3,1,((#9230,#9231),(#9232,#9233),(#9234,
#9235),(#9236,#9237),(#9238,#9239)),.UNSPECIFIED.,.F.,.F.,.F.,(4,1,4),(2,
2),(0.,0.00730401717082902,0.0134083937746192),(0.,0.02),.UNSPECIFIED.);
#361=B_SPLINE_SURFACE_WITH_KNOTS('',3,1,((#9319,#9320),(#9321,#9322),(#9323,
#9324),(#9325,#9326),(#9327,#9328)),.UNSPECIFIED.,.F.,.F.,.F.,(4,1,4),(2,
2),(0.,0.00986078657001521,0.021786487800356),(0.,0.02),.UNSPECIFIED.);
#362=B_SPLINE_SURFACE_WITH_KNOTS('',3,1,((#9342,#9343),(#9344,#9345),(#9346,
#9347),(#9348,#9349),(#9350,#9351)),.UNSPECIFIED.,.F.,.F.,.F.,(4,1,4),(2,
2),(0.,0.0127298145754069,0.02293794257578),(0.,0.02),.UNSPECIFIED.);
#363=B_SPLINE_SURFACE_WITH_KNOTS('',3,1,((#9365,#9366),(#9367,#9368),(#9369,
#9370),(#9371,#9372),(#9373,#9374)),.UNSPECIFIED.,.F.,.F.,.F.,(4,1,4),(2,
2),(0.,0.00487279019794201,0.00980926322666861),(0.,0.02),.UNSPECIFIED.);
#364=B_SPLINE_SURFACE_WITH_KNOTS('',3,1,((#9388,#9389),(#9390,#9391),(#9392,
#9393),(#9394,#9395),(#9396,#9397)),.UNSPECIFIED.,.F.,.F.,.F.,(4,1,4),(2,
2),(0.,0.00469519225178602,0.00948456694798098),(0.,0.02),.UNSPECIFIED.);
#365=B_SPLINE_SURFACE_WITH_KNOTS('',3,1,((#9532,#9533),(#9534,#9535),(#9536,
#9537),(#9538,#9539),(#9540,#9541)),.UNSPECIFIED.,.F.,.F.,.F.,(4,1,4),(2,
2),(0.,0.00200949059780952,0.00404211775672066),(0.,0.02),.UNSPECIFIED.);
#366=B_SPLINE_SURFACE_WITH_KNOTS('',3,1,((#9558,#9559),(#9560,#9561),(#9562,
#9563),(#9564,#9565),(#9566,#9567)),.UNSPECIFIED.,.F.,.F.,.F.,(4,1,4),(2,
2),(0.,0.00201124542327921,0.00401722041038931),(0.,0.02),.UNSPECIFIED.);
#367=B_SPLINE_SURFACE_WITH_KNOTS('',3,1,((#9581,#9582),(#9583,#9584),(#9585,
#9586),(#9587,#9588),(#9589,#9590)),.UNSPECIFIED.,.F.,.F.,.F.,(4,1,4),(2,
2),(0.,0.00214218926452954,0.00419328720119221),(0.,0.02),.UNSPECIFIED.);
#368=B_SPLINE_SURFACE_WITH_KNOTS('',3,1,((#9604,#9605),(#9606,#9607),(#9608,
#9609),(#9610,#9611),(#9612,#9613)),.UNSPECIFIED.,.F.,.F.,.F.,(4,1,4),(2,
2),(0.,0.00206023717214601,0.00415481667256041),(0.,0.02),.UNSPECIFIED.);
#369=B_SPLINE_SURFACE_WITH_KNOTS('',3,1,((#9627,#9628),(#9629,#9630),(#9631,
#9632),(#9633,#9634),(#9635,#9636)),.UNSPECIFIED.,.F.,.F.,.F.,(4,1,4),(2,
2),(0.,0.00201341849251973,0.0040499505113164),(0.,0.02),.UNSPECIFIED.);
#370=B_SPLINE_SURFACE_WITH_KNOTS('',3,1,((#9650,#9651),(#9652,#9653),(#9654,
#9655),(#9656,#9657),(#9658,#9659)),.UNSPECIFIED.,.F.,.F.,.F.,(4,1,4),(2,
2),(0.,0.00203262538856705,0.00404211837991626),(0.,0.02),.UNSPECIFIED.);
#371=B_SPLINE_SURFACE_WITH_KNOTS('',3,1,((#9673,#9674),(#9675,#9676),(#9677,
#9678),(#9679,#9680),(#9681,#9682)),.UNSPECIFIED.,.F.,.F.,.F.,(4,1,4),(2,
2),(0.,0.00215170434347429,0.0042302555207723),(0.,0.02),.UNSPECIFIED.);
#372=B_SPLINE_SURFACE_WITH_KNOTS('',3,1,((#9696,#9697),(#9698,#9699),(#9700,
#9701),(#9702,#9703),(#9704,#9705)),.UNSPECIFIED.,.F.,.F.,.F.,(4,1,4),(2,
2),(0.,0.00207855117729801,0.00423019617636472),(0.,0.02),.UNSPECIFIED.);
#373=B_SPLINE_SURFACE_WITH_KNOTS('',3,1,((#9719,#9720),(#9721,#9722),(#9723,
#9724),(#9725,#9726),(#9727,#9728)),.UNSPECIFIED.,.F.,.F.,.F.,(4,1,4),(2,
2),(0.,0.00200949059780952,0.00404211775672066),(0.,0.02),.UNSPECIFIED.);
#374=B_SPLINE_SURFACE_WITH_KNOTS('',3,1,((#9742,#9743),(#9744,#9745),(#9746,
#9747),(#9748,#9749),(#9750,#9751)),.UNSPECIFIED.,.F.,.F.,.F.,(4,1,4),(2,
2),(0.,0.00203653530777801,0.00404995089824555),(0.,0.02),.UNSPECIFIED.);
#375=B_SPLINE_SURFACE_WITH_KNOTS('',3,1,((#9765,#9766),(#9767,#9768),(#9769,
#9770),(#9771,#9772),(#9773,#9774)),.UNSPECIFIED.,.F.,.F.,.F.,(4,1,4),(2,
2),(0.,0.00209457950041439,0.00415481667256041),(0.,0.02),.UNSPECIFIED.);
#376=B_SPLINE_SURFACE_WITH_KNOTS('',3,1,((#9788,#9789),(#9790,#9791),(#9792,
#9793),(#9794,#9795),(#9796,#9797)),.UNSPECIFIED.,.F.,.F.,.F.,(4,1,4),(2,
2),(0.,0.0020511154472871,0.00419329912366224),(0.,0.02),.UNSPECIFIED.);
#377=B_SPLINE_SURFACE_WITH_KNOTS('',3,1,((#9811,#9812),(#9813,#9814),(#9815,
#9816),(#9817,#9818),(#9819,#9820)),.UNSPECIFIED.,.F.,.F.,.F.,(4,1,4),(2,
2),(0.,0.0020059749871101,0.00401722041038931),(0.,0.02),.UNSPECIFIED.);
#378=B_SPLINE_SURFACE_WITH_KNOTS('',3,1,((#9834,#9835),(#9836,#9837),(#9838,
#9839),(#9840,#9841),(#9842,#9843)),.UNSPECIFIED.,.F.,.F.,.F.,(4,1,4),(2,
2),(0.,0.0020326796031455,0.00404212452765257),(0.,0.02),.UNSPECIFIED.);
#379=B_SPLINE_SURFACE_WITH_KNOTS('',3,1,((#9857,#9858),(#9859,#9860),(#9861,
#9862),(#9863,#9864),(#9865,#9866)),.UNSPECIFIED.,.F.,.F.,.F.,(4,1,4),(2,
2),(0.,0.00215170399574986,0.0042301970477923),(0.,0.02),.UNSPECIFIED.);
#380=B_SPLINE_SURFACE_WITH_KNOTS('',3,1,((#9880,#9881),(#9882,#9883),(#9884,
#9885),(#9886,#9887),(#9888,#9889)),.UNSPECIFIED.,.F.,.F.,.F.,(4,1,4),(2,
2),(0.,0.00207855009741743,0.00423025409316729),(0.,0.02),.UNSPECIFIED.);
#381=B_SPLINE_SURFACE_WITH_KNOTS('',3,1,((#10003,#10004),(#10005,#10006),
(#10007,#10008),(#10009,#10010),(#10011,#10012)),.UNSPECIFIED.,.F.,.F.,
 .F.,(4,1,4),(2,2),(0.,0.00494359202802596,0.0105551935317553),(0.,0.02),
 .UNSPECIFIED.);
#382=B_SPLINE_SURFACE_WITH_KNOTS('',3,1,((#10026,#10027),(#10028,#10029),
(#10030,#10031),(#10032,#10033),(#10034,#10035)),.UNSPECIFIED.,.F.,.F.,
 .F.,(4,1,4),(2,2),(0.,0.0039156378036836,0.00828845549942084),(0.,0.02),
 .UNSPECIFIED.);
#383=B_SPLINE_SURFACE_WITH_KNOTS('',3,1,((#10049,#10050),(#10051,#10052),
(#10053,#10054),(#10055,#10056),(#10057,#10058)),.UNSPECIFIED.,.F.,.F.,
 .F.,(4,1,4),(2,2),(0.,0.00339399791680381,0.00697394462098095),(0.,0.02),
 .UNSPECIFIED.);
#384=B_SPLINE_SURFACE_WITH_KNOTS('',3,1,((#10072,#10073),(#10074,#10075),
(#10076,#10077),(#10078,#10079),(#10080,#10081)),.UNSPECIFIED.,.F.,.F.,
 .F.,(4,1,4),(2,2),(0.,0.00355829577582849,0.00695422335925144),(0.,0.02),
 .UNSPECIFIED.);
#385=B_SPLINE_SURFACE_WITH_KNOTS('',3,1,((#10095,#10096),(#10097,#10098),
(#10099,#10100),(#10101,#10102),(#10103,#10104)),.UNSPECIFIED.,.F.,.F.,
 .F.,(4,1,4),(2,2),(0.,0.00205172545938584,0.00421363797740072),(0.,0.02),
 .UNSPECIFIED.);
#386=B_SPLINE_SURFACE_WITH_KNOTS('',3,1,((#10118,#10119),(#10120,#10121),
(#10122,#10123),(#10124,#10125),(#10126,#10127)),.UNSPECIFIED.,.F.,.F.,
 .F.,(4,1,4),(2,2),(0.,0.00177346242786025,0.00369675155314986),(0.,0.02),
 .UNSPECIFIED.);
#387=B_SPLINE_SURFACE_WITH_KNOTS('',3,1,((#10147,#10148),(#10149,#10150),
(#10151,#10152),(#10153,#10154),(#10155,#10156)),.UNSPECIFIED.,.F.,.F.,
 .F.,(4,1,4),(2,2),(0.,0.00168594982439209,0.00352712526693176),(0.,0.02),
 .UNSPECIFIED.);
#388=B_SPLINE_SURFACE_WITH_KNOTS('',3,1,((#10170,#10171),(#10172,#10173),
(#10174,#10175),(#10176,#10177),(#10178,#10179)),.UNSPECIFIED.,.F.,.F.,
 .F.,(4,1,4),(2,2),(0.,0.00189373607070126,0.00359707122763207),(0.,0.02),
 .UNSPECIFIED.);
#389=B_SPLINE_SURFACE_WITH_KNOTS('',3,1,((#10193,#10194),(#10195,#10196),
(#10197,#10198),(#10199,#10200),(#10201,#10202)),.UNSPECIFIED.,.F.,.F.,
 .F.,(4,1,4),(2,2),(0.,0.00670889516019855,0.0139428997486439),(0.,0.02),
 .UNSPECIFIED.);
#390=B_SPLINE_SURFACE_WITH_KNOTS('',3,1,((#10216,#10217),(#10218,#10219),
(#10220,#10221),(#10222,#10223),(#10224,#10225)),.UNSPECIFIED.,.F.,.F.,
 .F.,(4,1,4),(2,2),(0.,0.00683215747128851,0.0133974721421658),(0.,0.02),
 .UNSPECIFIED.);
#391=B_SPLINE_SURFACE_WITH_KNOTS('',3,1,((#10239,#10240),(#10241,#10242),
(#10243,#10244),(#10245,#10246),(#10247,#10248)),.UNSPECIFIED.,.F.,.F.,
 .F.,(4,1,4),(2,2),(0.,0.00824697029465197,0.0156580235251726),(0.,0.02),
 .UNSPECIFIED.);
#392=B_SPLINE_SURFACE_WITH_KNOTS('',3,1,((#10262,#10263),(#10264,#10265),
(#10266,#10267),(#10268,#10269),(#10270,#10271)),.UNSPECIFIED.,.F.,.F.,
 .F.,(4,1,4),(2,2),(0.,0.0105902913689367,0.0199191425130165),(0.,0.02),
 .UNSPECIFIED.);
#393=B_SPLINE_SURFACE_WITH_KNOTS('',3,1,((#10296,#10297),(#10298,#10299),
(#10300,#10301),(#10302,#10303),(#10304,#10305)),.UNSPECIFIED.,.F.,.F.,
 .F.,(4,1,4),(2,2),(0.,0.00487852838055861,0.010404106833838),(0.,0.02),
 .UNSPECIFIED.);
#394=B_SPLINE_SURFACE_WITH_KNOTS('',3,1,((#10322,#10323),(#10324,#10325),
(#10326,#10327),(#10328,#10329),(#10330,#10331)),.UNSPECIFIED.,.F.,.F.,
 .F.,(4,1,4),(2,2),(0.,0.00437549709279274,0.00887345627583418),(0.,0.02),
 .UNSPECIFIED.);
#395=B_SPLINE_SURFACE_WITH_KNOTS('',3,1,((#10345,#10346),(#10347,#10348),
(#10349,#10350),(#10351,#10352),(#10353,#10354)),.UNSPECIFIED.,.F.,.F.,
 .F.,(4,1,4),(2,2),(0.,0.00450015688566248,0.00891205134867075),(0.,0.02),
 .UNSPECIFIED.);
#396=B_SPLINE_SURFACE_WITH_KNOTS('',3,1,((#10368,#10369),(#10370,#10371),
(#10372,#10373),(#10374,#10375),(#10376,#10377)),.UNSPECIFIED.,.F.,.F.,
 .F.,(4,1,4),(2,2),(0.,0.00401409055321821,0.00778865169052097),(0.,0.02),
 .UNSPECIFIED.);
#397=B_SPLINE_SURFACE_WITH_KNOTS('',3,1,((#10391,#10392),(#10393,#10394),
(#10395,#10396),(#10397,#10398),(#10399,#10400)),.UNSPECIFIED.,.F.,.F.,
 .F.,(4,1,4),(2,2),(0.,0.00417094214609589,0.00832082890700875),(0.,0.02),
 .UNSPECIFIED.);
#398=B_SPLINE_SURFACE_WITH_KNOTS('',3,1,((#10420,#10421),(#10422,#10423),
(#10424,#10425),(#10426,#10427),(#10428,#10429)),.UNSPECIFIED.,.F.,.F.,
 .F.,(4,1,4),(2,2),(0.,0.00472414863553914,0.0101505897491446),(0.,0.02),
 .UNSPECIFIED.);
#399=B_SPLINE_SURFACE_WITH_KNOTS('',3,1,((#10443,#10444),(#10445,#10446),
(#10447,#10448),(#10449,#10450),(#10451,#10452)),.UNSPECIFIED.,.F.,.F.,
 .F.,(4,1,4),(2,2),(0.,0.00360373714244592,0.00771865948815039),(0.,0.02),
 .UNSPECIFIED.);
#400=B_SPLINE_SURFACE_WITH_KNOTS('',3,1,((#10466,#10467),(#10468,#10469),
(#10470,#10471),(#10472,#10473),(#10474,#10475)),.UNSPECIFIED.,.F.,.F.,
 .F.,(4,1,4),(2,2),(0.,0.00285754623180455,0.00603808241106231),(0.,0.02),
 .UNSPECIFIED.);
#401=B_SPLINE_SURFACE_WITH_KNOTS('',3,1,((#10489,#10490),(#10491,#10492),
(#10493,#10494),(#10495,#10496),(#10497,#10498)),.UNSPECIFIED.,.F.,.F.,
 .F.,(4,1,4),(2,2),(0.,0.00255190121575198,0.00520351696096452),(0.,0.02),
 .UNSPECIFIED.);
#402=B_SPLINE_SURFACE_WITH_KNOTS('',3,1,((#10512,#10513),(#10514,#10515),
(#10516,#10517),(#10518,#10519),(#10520,#10521)),.UNSPECIFIED.,.F.,.F.,
 .F.,(4,1,4),(2,2),(0.,0.0036070693520424,0.00748501787828531),(0.,0.02),
 .UNSPECIFIED.);
#403=B_SPLINE_SURFACE_WITH_KNOTS('',3,1,((#10535,#10536),(#10537,#10538),
(#10539,#10540),(#10541,#10542),(#10543,#10544)),.UNSPECIFIED.,.F.,.F.,
 .F.,(4,1,4),(2,2),(0.,0.00387553219724521,0.00751315129629521),(0.,0.02),
 .UNSPECIFIED.);
#404=B_SPLINE_SURFACE_WITH_KNOTS('',3,1,((#10558,#10559),(#10560,#10561),
(#10562,#10563),(#10564,#10565),(#10566,#10567)),.UNSPECIFIED.,.F.,.F.,
 .F.,(4,1,4),(2,2),(0.,0.00482252621152454,0.00911376257466632),(0.,0.02),
 .UNSPECIFIED.);
#405=B_SPLINE_SURFACE_WITH_KNOTS('',3,1,((#10581,#10582),(#10583,#10584),
(#10585,#10586),(#10587,#10588),(#10589,#10590)),.UNSPECIFIED.,.F.,.F.,
 .F.,(4,1,4),(2,2),(0.,0.00579989013119807,0.0111392263177806),(0.,0.02),
 .UNSPECIFIED.);
#406=B_SPLINE_SURFACE_WITH_KNOTS('',3,1,((#10604,#10605),(#10606,#10607),
(#10608,#10609),(#10610,#10611),(#10612,#10613)),.UNSPECIFIED.,.F.,.F.,
 .F.,(4,1,4),(2,2),(0.,0.00645750257161027,0.0141324883868124),(0.,0.02),
 .UNSPECIFIED.);
#407=B_SPLINE_SURFACE_WITH_KNOTS('',3,1,((#10624,#10625),(#10626,#10627),
(#10628,#10629),(#10630,#10631),(#10632,#10633)),.UNSPECIFIED.,.F.,.F.,
 .F.,(4,1,4),(2,2),(0.,0.00626380605359288,0.0131537569383719),(0.,0.02),
 .UNSPECIFIED.);
#408=B_SPLINE_SURFACE_WITH_KNOTS('',3,1,((#10650,#10651),(#10652,#10653),
(#10654,#10655),(#10656,#10657),(#10658,#10659)),.UNSPECIFIED.,.F.,.F.,
 .F.,(4,1,4),(2,2),(0.,0.00564913154437955,0.0114780742764428),(0.,0.02),
 .UNSPECIFIED.);
#409=B_SPLINE_SURFACE_WITH_KNOTS('',3,1,((#10673,#10674),(#10675,#10676),
(#10677,#10678),(#10679,#10680),(#10681,#10682)),.UNSPECIFIED.,.F.,.F.,
 .F.,(4,1,4),(2,2),(0.,0.00621654482988363,0.0119747433872879),(0.,0.02),
 .UNSPECIFIED.);
#410=B_SPLINE_SURFACE_WITH_KNOTS('',3,1,((#10696,#10697),(#10698,#10699),
(#10700,#10701),(#10702,#10703),(#10704,#10705)),.UNSPECIFIED.,.F.,.F.,
 .F.,(4,1,4),(2,2),(0.,0.00718682058166114,0.0144890757116688),(0.,0.02),
 .UNSPECIFIED.);
#411=B_SPLINE_SURFACE_WITH_KNOTS('',3,1,((#10719,#10720),(#10721,#10722),
(#10723,#10724),(#10725,#10726),(#10727,#10728)),.UNSPECIFIED.,.F.,.F.,
 .F.,(4,1,4),(2,2),(0.,0.00887105743862264,0.0165398780007164),(0.,0.02),
 .UNSPECIFIED.);
#412=B_SPLINE_SURFACE_WITH_KNOTS('',3,1,((#10766,#10767),(#10768,#10769),
(#10770,#10771),(#10772,#10773),(#10774,#10775)),.UNSPECIFIED.,.F.,.F.,
 .F.,(4,1,4),(2,2),(0.,0.00727469424649622,0.0146912471715018),(0.,0.02),
 .UNSPECIFIED.);
#413=B_SPLINE_SURFACE_WITH_KNOTS('',3,1,((#10789,#10790),(#10791,#10792),
(#10793,#10794),(#10795,#10796),(#10797,#10798)),.UNSPECIFIED.,.F.,.F.,
 .F.,(4,1,4),(2,2),(0.,0.00689367884091793,0.0139999653045943),(0.,0.02),
 .UNSPECIFIED.);
#414=B_SPLINE_SURFACE_WITH_KNOTS('',3,1,((#10812,#10813),(#10814,#10815),
(#10816,#10817),(#10818,#10819),(#10820,#10821)),.UNSPECIFIED.,.F.,.F.,
 .F.,(4,1,4),(2,2),(0.,0.00769303064921862,0.0160047382466908),(0.,0.02),
 .UNSPECIFIED.);
#415=B_SPLINE_SURFACE_WITH_KNOTS('',3,1,((#10835,#10836),(#10837,#10838),
(#10839,#10840),(#10841,#10842),(#10843,#10844)),.UNSPECIFIED.,.F.,.F.,
 .F.,(4,1,4),(2,2),(0.,0.00710067121011844,0.0143822042936649),(0.,0.02),
 .UNSPECIFIED.);
#416=B_SPLINE_SURFACE_WITH_KNOTS('',3,1,((#10858,#10859),(#10860,#10861),
(#10862,#10863),(#10864,#10865),(#10866,#10867)),.UNSPECIFIED.,.F.,.F.,
 .F.,(4,1,4),(2,2),(0.,0.00766030514066652,0.0148945830926045),(0.,0.02),
 .UNSPECIFIED.);
#417=B_SPLINE_SURFACE_WITH_KNOTS('',3,1,((#10881,#10882),(#10883,#10884),
(#10885,#10886),(#10887,#10888),(#10889,#10890)),.UNSPECIFIED.,.F.,.F.,
 .F.,(4,1,4),(2,2),(0.,0.00908101939719762,0.01736429584111),(0.,0.02),
 .UNSPECIFIED.);
#418=B_SPLINE_SURFACE_WITH_KNOTS('',3,1,((#10904,#10905),(#10906,#10907),
(#10908,#10909),(#10910,#10911),(#10912,#10913)),.UNSPECIFIED.,.F.,.F.,
 .F.,(4,1,4),(2,2),(0.,0.00759418438477558,0.0159158492432035),(0.,0.02),
 .UNSPECIFIED.);
#419=B_SPLINE_SURFACE_WITH_KNOTS('',3,1,((#10926,#10927),(#10928,#10929),
(#10930,#10931),(#10932,#10933),(#10934,#10935)),.UNSPECIFIED.,.F.,.F.,
 .F.,(4,1,4),(2,2),(0.,0.00982792617055498,0.0188191215350524),(0.,0.02),
 .UNSPECIFIED.);
#420=B_SPLINE_SURFACE_WITH_KNOTS('',3,1,((#10952,#10953),(#10954,#10955),
(#10956,#10957),(#10958,#10959),(#10960,#10961)),.UNSPECIFIED.,.F.,.F.,
 .F.,(4,1,4),(2,2),(0.,0.0040050148855817,0.00793136595306449),(0.,0.02),
 .UNSPECIFIED.);
#421=B_SPLINE_SURFACE_WITH_KNOTS('',3,1,((#10975,#10976),(#10977,#10978),
(#10979,#10980),(#10981,#10982),(#10983,#10984)),.UNSPECIFIED.,.F.,.F.,
 .F.,(4,1,4),(2,2),(0.,0.00371548710180297,0.00764731455309341),(0.,0.02),
 .UNSPECIFIED.);
#422=B_SPLINE_SURFACE_WITH_KNOTS('',3,1,((#11004,#11005),(#11006,#11007),
(#11008,#11009),(#11010,#11011),(#11012,#11013)),.UNSPECIFIED.,.F.,.F.,
 .F.,(4,1,4),(2,2),(0.,0.00804165547323072,0.0179035309023747),(0.,0.02),
 .UNSPECIFIED.);
#423=B_SPLINE_SURFACE_WITH_KNOTS('',3,1,((#11027,#11028),(#11029,#11030),
(#11031,#11032),(#11033,#11034),(#11035,#11036)),.UNSPECIFIED.,.F.,.F.,
 .F.,(4,1,4),(2,2),(0.,0.00531439658350235,0.0117559821146161),(0.,0.02),
 .UNSPECIFIED.);
#424=B_SPLINE_SURFACE_WITH_KNOTS('',3,1,((#11050,#11051),(#11052,#11053),
(#11054,#11055),(#11056,#11057),(#11058,#11059)),.UNSPECIFIED.,.F.,.F.,
 .F.,(4,1,4),(2,2),(0.,0.00712914772611577,0.0139929672594921),(0.,0.02),
 .UNSPECIFIED.);
#425=B_SPLINE_SURFACE_WITH_KNOTS('',3,1,((#11073,#11074),(#11075,#11076),
(#11077,#11078),(#11079,#11080),(#11081,#11082)),.UNSPECIFIED.,.F.,.F.,
 .F.,(4,1,4),(2,2),(0.,0.0121987033622999,0.0213463148463411),(0.,0.02),
 .UNSPECIFIED.);
#426=B_SPLINE_SURFACE_WITH_KNOTS('',3,1,((#11096,#11097),(#11098,#11099),
(#11100,#11101),(#11102,#11103),(#11104,#11105)),.UNSPECIFIED.,.F.,.F.,
 .F.,(4,1,4),(2,2),(0.,0.0101154321196334,0.0232109033860934),(0.,0.02),
 .UNSPECIFIED.);
#427=B_SPLINE_SURFACE_WITH_KNOTS('',3,1,((#11116,#11117),(#11118,#11119),
(#11120,#11121),(#11122,#11123),(#11124,#11125)),.UNSPECIFIED.,.F.,.F.,
 .F.,(4,1,4),(2,2),(0.,0.00624189366415271,0.0131016060998878),(0.,0.02),
 .UNSPECIFIED.);
#428=B_SPLINE_SURFACE_WITH_KNOTS('',3,1,((#11142,#11143),(#11144,#11145),
(#11146,#11147),(#11148,#11149),(#11150,#11151)),.UNSPECIFIED.,.F.,.F.,
 .F.,(4,1,4),(2,2),(0.,0.00566462279465685,0.0114812229880306),(0.,0.02),
 .UNSPECIFIED.);
#429=B_SPLINE_SURFACE_WITH_KNOTS('',3,1,((#11165,#11166),(#11167,#11168),
(#11169,#11170),(#11171,#11172),(#11173,#11174)),.UNSPECIFIED.,.F.,.F.,
 .F.,(4,1,4),(2,2),(0.,0.00622603778549797,0.0120110319634644),(0.,0.02),
 .UNSPECIFIED.);
#430=B_SPLINE_SURFACE_WITH_KNOTS('',3,1,((#11188,#11189),(#11190,#11191),
(#11192,#11193),(#11194,#11195),(#11196,#11197)),.UNSPECIFIED.,.F.,.F.,
 .F.,(4,1,4),(2,2),(0.,0.0073766050381305,0.0147482515162195),(0.,0.02),
 .UNSPECIFIED.);
#431=B_SPLINE_SURFACE_WITH_KNOTS('',3,1,((#11211,#11212),(#11213,#11214),
(#11215,#11216),(#11217,#11218),(#11219,#11220)),.UNSPECIFIED.,.F.,.F.,
 .F.,(4,1,4),(2,2),(0.,0.0091449276852662,0.0171389914291452),(0.,0.02),
 .UNSPECIFIED.);
#432=B_SPLINE_SURFACE_WITH_KNOTS('',3,1,((#11264,#11265),(#11266,#11267),
(#11268,#11269),(#11270,#11271),(#11272,#11273)),.UNSPECIFIED.,.F.,.F.,
 .F.,(4,1,4),(2,2),(0.,0.00357854043552024,0.00715535589671349),(0.,0.02),
 .UNSPECIFIED.);
#433=B_SPLINE_SURFACE_WITH_KNOTS('',3,1,((#11287,#11288),(#11289,#11290),
(#11291,#11292),(#11293,#11294),(#11295,#11296)),.UNSPECIFIED.,.F.,.F.,
 .F.,(4,1,4),(2,2),(0.,0.00364566217762199,0.00724859191517029),(0.,0.02),
 .UNSPECIFIED.);
#434=B_SPLINE_SURFACE_WITH_KNOTS('',3,1,((#11310,#11311),(#11312,#11313),
(#11314,#11315),(#11316,#11317),(#11318,#11319)),.UNSPECIFIED.,.F.,.F.,
 .F.,(4,1,4),(2,2),(0.,0.00759466836000607,0.0157236928790479),(0.,0.02),
 .UNSPECIFIED.);
#435=B_SPLINE_SURFACE_WITH_KNOTS('',3,1,((#11333,#11334),(#11335,#11336),
(#11337,#11338),(#11339,#11340),(#11341,#11342)),.UNSPECIFIED.,.F.,.F.,
 .F.,(4,1,4),(2,2),(0.,0.00712459393891569,0.0143710028795192),(0.,0.02),
 .UNSPECIFIED.);
#436=B_SPLINE_SURFACE_WITH_KNOTS('',3,1,((#11356,#11357),(#11358,#11359),
(#11360,#11361),(#11362,#11363),(#11364,#11365)),.UNSPECIFIED.,.F.,.F.,
 .F.,(4,1,4),(2,2),(0.,0.00773243307828921,0.0150220225356179),(0.,0.02),
 .UNSPECIFIED.);
#437=B_SPLINE_SURFACE_WITH_KNOTS('',3,1,((#11379,#11380),(#11381,#11382),
(#11383,#11384),(#11385,#11386),(#11387,#11388)),.UNSPECIFIED.,.F.,.F.,
 .F.,(4,1,4),(2,2),(0.,0.00927247797442009,0.0176740671355534),(0.,0.02),
 .UNSPECIFIED.);
#438=B_SPLINE_SURFACE_WITH_KNOTS('',3,1,((#11402,#11403),(#11404,#11405),
(#11406,#11407),(#11408,#11409),(#11410,#11411)),.UNSPECIFIED.,.F.,.F.,
 .F.,(4,1,4),(2,2),(0.,0.00752817574803494,0.0157256742405569),(0.,0.02),
 .UNSPECIFIED.);
#439=STYLED_ITEM('',(#11559),#451);
#440=STYLED_ITEM('',(#11559),#452);
#441=STYLED_ITEM('',(#11559),#453);
#442=STYLED_ITEM('',(#11559),#454);
#443=STYLED_ITEM('',(#11559),#455);
#444=STYLED_ITEM('',(#11559),#456);
#445=STYLED_ITEM('',(#11559),#457);
#446=STYLED_ITEM('',(#11559),#458);
#447=STYLED_ITEM('',(#11559),#459);
#448=STYLED_ITEM('',(#11559),#460);
#449=STYLED_ITEM('',(#11559),#461);
#450=STYLED_ITEM('',(#11559),#462);
#451=MANIFOLD_SOLID_BREP('Body1',#6036);
#452=MANIFOLD_SOLID_BREP('Body1',#6037);
#453=MANIFOLD_SOLID_BREP('Body4',#6038);
#454=MANIFOLD_SOLID_BREP('Body5',#6039);
#455=MANIFOLD_SOLID_BREP('Body6',#6040);
#456=MANIFOLD_SOLID_BREP('Body7',#6041);
#457=MANIFOLD_SOLID_BREP('Body8',#6042);
#458=MANIFOLD_SOLID_BREP('Body9',#6043);
#459=MANIFOLD_SOLID_BREP('Body10',#6044);
#460=MANIFOLD_SOLID_BREP('Body11',#6045);
#461=MANIFOLD_SOLID_BREP('Body12',#6046);
#462=MANIFOLD_SOLID_BREP('Body13',#6047);
#463=FACE_BOUND('',#958,.T.);
#464=FACE_BOUND('',#959,.T.);
#465=FACE_BOUND('',#960,.T.);
#466=FACE_BOUND('',#961,.T.);
#467=FACE_BOUND('',#962,.T.);
#468=FACE_BOUND('',#963,.T.);
#469=FACE_BOUND('',#964,.T.);
#470=FACE_BOUND('',#965,.T.);
#471=FACE_BOUND('',#966,.T.);
#472=FACE_BOUND('',#967,.T.);
#473=FACE_BOUND('',#968,.T.);
#474=FACE_BOUND('',#1029,.T.);
#475=FACE_BOUND('',#1030,.T.);
#476=FACE_BOUND('',#1031,.T.);
#477=FACE_BOUND('',#1032,.T.);
#478=FACE_BOUND('',#1033,.T.);
#479=FACE_BOUND('',#1034,.T.);
#480=FACE_BOUND('',#1035,.T.);
#481=FACE_BOUND('',#1036,.T.);
#482=FACE_BOUND('',#1037,.T.);
#483=FACE_BOUND('',#1038,.T.);
#484=FACE_BOUND('',#1039,.T.);
#485=FACE_BOUND('',#1082,.T.);
#486=FACE_BOUND('',#1084,.T.);
#487=FACE_BOUND('',#1119,.T.);
#488=FACE_BOUND('',#1121,.T.);
#489=FACE_BOUND('',#1250,.T.);
#490=FACE_BOUND('',#1252,.T.);
#491=FACE_BOUND('',#1280,.T.);
#492=FACE_BOUND('',#1282,.T.);
#493=PLANE('',#6064);
#494=PLANE('',#6065);
#495=PLANE('',#6100);
#496=PLANE('',#6103);
#497=PLANE('',#6106);
#498=PLANE('',#6109);
#499=PLANE('',#6112);
#500=PLANE('',#6115);
#501=PLANE('',#6118);
#502=PLANE('',#6121);
#503=PLANE('',#6124);
#504=PLANE('',#6127);
#505=PLANE('',#6130);
#506=PLANE('',#6133);
#507=PLANE('',#6136);
#508=PLANE('',#6139);
#509=PLANE('',#6144);
#510=PLANE('',#6147);
#511=PLANE('',#6150);
#512=PLANE('',#6153);
#513=PLANE('',#6156);
#514=PLANE('',#6159);
#515=PLANE('',#6162);
#516=PLANE('',#6165);
#517=PLANE('',#6172);
#518=PLANE('',#6175);
#519=PLANE('',#6178);
#520=PLANE('',#6181);
#521=PLANE('',#6188);
#522=PLANE('',#6189);
#523=PLANE('',#6190);
#524=PLANE('',#6192);
#525=PLANE('',#6195);
#526=PLANE('',#6196);
#527=PLANE('',#6197);
#528=PLANE('',#6198);
#529=PLANE('',#6199);
#530=PLANE('',#6200);
#531=PLANE('',#6201);
#532=PLANE('',#6202);
#533=PLANE('',#6203);
#534=PLANE('',#6204);
#535=PLANE('',#6205);
#536=PLANE('',#6206);
#537=PLANE('',#6207);
#538=PLANE('',#6208);
#539=PLANE('',#6209);
#540=PLANE('',#6210);
#541=PLANE('',#6211);
#542=PLANE('',#6212);
#543=PLANE('',#6213);
#544=PLANE('',#6214);
#545=PLANE('',#6215);
#546=PLANE('',#6216);
#547=PLANE('',#6217);
#548=PLANE('',#6218);
#549=PLANE('',#6219);
#550=PLANE('',#6220);
#551=PLANE('',#6221);
#552=PLANE('',#6222);
#553=PLANE('',#6223);
#554=PLANE('',#6224);
#555=PLANE('',#6225);
#556=PLANE('',#6226);
#557=PLANE('',#6227);
#558=PLANE('',#6228);
#559=PLANE('',#6229);
#560=PLANE('',#6230);
#561=PLANE('',#6231);
#562=PLANE('',#6232);
#563=PLANE('',#6233);
#564=PLANE('',#6234);
#565=PLANE('',#6235);
#566=PLANE('',#6236);
#567=PLANE('',#6237);
#568=PLANE('',#6238);
#569=PLANE('',#6239);
#570=PLANE('',#6240);
#571=PLANE('',#6241);
#572=PLANE('',#6242);
#573=PLANE('',#6243);
#574=PLANE('',#6244);
#575=PLANE('',#6245);
#576=PLANE('',#6246);
#577=PLANE('',#6247);
#578=PLANE('',#6248);
#579=PLANE('',#6249);
#580=PLANE('',#6250);
#581=PLANE('',#6251);
#582=PLANE('',#6252);
#583=PLANE('',#6253);
#584=PLANE('',#6254);
#585=PLANE('',#6255);
#586=PLANE('',#6256);
#587=PLANE('',#6257);
#588=PLANE('',#6258);
#589=PLANE('',#6259);
#590=PLANE('',#6260);
#591=PLANE('',#6261);
#592=PLANE('',#6262);
#593=PLANE('',#6263);
#594=PLANE('',#6264);
#595=PLANE('',#6265);
#596=PLANE('',#6266);
#597=PLANE('',#6267);
#598=PLANE('',#6268);
#599=PLANE('',#6269);
#600=PLANE('',#6270);
#601=PLANE('',#6271);
#602=PLANE('',#6272);
#603=PLANE('',#6273);
#604=PLANE('',#6274);
#605=PLANE('',#6275);
#606=PLANE('',#6276);
#607=PLANE('',#6277);
#608=PLANE('',#6278);
#609=PLANE('',#6279);
#610=PLANE('',#6280);
#611=PLANE('',#6281);
#612=PLANE('',#6282);
#613=PLANE('',#6283);
#614=PLANE('',#6284);
#615=PLANE('',#6285);
#616=PLANE('',#6286);
#617=PLANE('',#6287);
#618=PLANE('',#6288);
#619=PLANE('',#6289);
#620=PLANE('',#6290);
#621=PLANE('',#6291);
#622=PLANE('',#6292);
#623=PLANE('',#6293);
#624=PLANE('',#6294);
#625=PLANE('',#6295);
#626=PLANE('',#6296);
#627=PLANE('',#6297);
#628=PLANE('',#6298);
#629=PLANE('',#6299);
#630=PLANE('',#6300);
#631=PLANE('',#6301);
#632=PLANE('',#6302);
#633=PLANE('',#6303);
#634=PLANE('',#6304);
#635=PLANE('',#6305);
#636=FACE_OUTER_BOUND('',#955,.T.);
#637=FACE_OUTER_BOUND('',#956,.T.);
#638=FACE_OUTER_BOUND('',#957,.T.);
#639=FACE_OUTER_BOUND('',#969,.T.);
#640=FACE_OUTER_BOUND('',#970,.T.);
#641=FACE_OUTER_BOUND('',#971,.T.);
#642=FACE_OUTER_BOUND('',#972,.T.);
#643=FACE_OUTER_BOUND('',#973,.T.);
#644=FACE_OUTER_BOUND('',#974,.T.);
#645=FACE_OUTER_BOUND('',#975,.T.);
#646=FACE_OUTER_BOUND('',#976,.T.);
#647=FACE_OUTER_BOUND('',#977,.T.);
#648=FACE_OUTER_BOUND('',#978,.T.);
#649=FACE_OUTER_BOUND('',#979,.T.);
#650=FACE_OUTER_BOUND('',#980,.T.);
#651=FACE_OUTER_BOUND('',#981,.T.);
#652=FACE_OUTER_BOUND('',#982,.T.);
#653=FACE_OUTER_BOUND('',#983,.T.);
#654=FACE_OUTER_BOUND('',#984,.T.);
#655=FACE_OUTER_BOUND('',#985,.T.);
#656=FACE_OUTER_BOUND('',#986,.T.);
#657=FACE_OUTER_BOUND('',#987,.T.);
#658=FACE_OUTER_BOUND('',#988,.T.);
#659=FACE_OUTER_BOUND('',#989,.T.);
#660=FACE_OUTER_BOUND('',#990,.T.);
#661=FACE_OUTER_BOUND('',#991,.T.);
#662=FACE_OUTER_BOUND('',#992,.T.);
#663=FACE_OUTER_BOUND('',#993,.T.);
#664=FACE_OUTER_BOUND('',#994,.T.);
#665=FACE_OUTER_BOUND('',#995,.T.);
#666=FACE_OUTER_BOUND('',#996,.T.);
#667=FACE_OUTER_BOUND('',#997,.T.);
#668=FACE_OUTER_BOUND('',#998,.T.);
#669=FACE_OUTER_BOUND('',#999,.T.);
#670=FACE_OUTER_BOUND('',#1000,.T.);
#671=FACE_OUTER_BOUND('',#1001,.T.);
#672=FACE_OUTER_BOUND('',#1002,.T.);
#673=FACE_OUTER_BOUND('',#1003,.T.);
#674=FACE_OUTER_BOUND('',#1004,.T.);
#675=FACE_OUTER_BOUND('',#1005,.T.);
#676=FACE_OUTER_BOUND('',#1006,.T.);
#677=FACE_OUTER_BOUND('',#1007,.T.);
#678=FACE_OUTER_BOUND('',#1008,.T.);
#679=FACE_OUTER_BOUND('',#1009,.T.);
#680=FACE_OUTER_BOUND('',#1010,.T.);
#681=FACE_OUTER_BOUND('',#1011,.T.);
#682=FACE_OUTER_BOUND('',#1012,.T.);
#683=FACE_OUTER_BOUND('',#1013,.T.);
#684=FACE_OUTER_BOUND('',#1014,.T.);
#685=FACE_OUTER_BOUND('',#1015,.T.);
#686=FACE_OUTER_BOUND('',#1016,.T.);
#687=FACE_OUTER_BOUND('',#1017,.T.);
#688=FACE_OUTER_BOUND('',#1018,.T.);
#689=FACE_OUTER_BOUND('',#1019,.T.);
#690=FACE_OUTER_BOUND('',#1020,.T.);
#691=FACE_OUTER_BOUND('',#1021,.T.);
#692=FACE_OUTER_BOUND('',#1022,.T.);
#693=FACE_OUTER_BOUND('',#1023,.T.);
#694=FACE_OUTER_BOUND('',#1024,.T.);
#695=FACE_OUTER_BOUND('',#1025,.T.);
#696=FACE_OUTER_BOUND('',#1026,.T.);
#697=FACE_OUTER_BOUND('',#1027,.T.);
#698=FACE_OUTER_BOUND('',#1028,.T.);
#699=FACE_OUTER_BOUND('',#1040,.T.);
#700=FACE_OUTER_BOUND('',#1041,.T.);
#701=FACE_OUTER_BOUND('',#1042,.T.);
#702=FACE_OUTER_BOUND('',#1043,.T.);
#703=FACE_OUTER_BOUND('',#1044,.T.);
#704=FACE_OUTER_BOUND('',#1045,.T.);
#705=FACE_OUTER_BOUND('',#1046,.T.);
#706=FACE_OUTER_BOUND('',#1047,.T.);
#707=FACE_OUTER_BOUND('',#1048,.T.);
#708=FACE_OUTER_BOUND('',#1049,.T.);
#709=FACE_OUTER_BOUND('',#1050,.T.);
#710=FACE_OUTER_BOUND('',#1051,.T.);
#711=FACE_OUTER_BOUND('',#1052,.T.);
#712=FACE_OUTER_BOUND('',#1053,.T.);
#713=FACE_OUTER_BOUND('',#1054,.T.);
#714=FACE_OUTER_BOUND('',#1055,.T.);
#715=FACE_OUTER_BOUND('',#1056,.T.);
#716=FACE_OUTER_BOUND('',#1057,.T.);
#717=FACE_OUTER_BOUND('',#1058,.T.);
#718=FACE_OUTER_BOUND('',#1059,.T.);
#719=FACE_OUTER_BOUND('',#1060,.T.);
#720=FACE_OUTER_BOUND('',#1061,.T.);
#721=FACE_OUTER_BOUND('',#1062,.T.);
#722=FACE_OUTER_BOUND('',#1063,.T.);
#723=FACE_OUTER_BOUND('',#1064,.T.);
#724=FACE_OUTER_BOUND('',#1065,.T.);
#725=FACE_OUTER_BOUND('',#1066,.T.);
#726=FACE_OUTER_BOUND('',#1067,.T.);
#727=FACE_OUTER_BOUND('',#1068,.T.);
#728=FACE_OUTER_BOUND('',#1069,.T.);
#729=FACE_OUTER_BOUND('',#1070,.T.);
#730=FACE_OUTER_BOUND('',#1071,.T.);
#731=FACE_OUTER_BOUND('',#1072,.T.);
#732=FACE_OUTER_BOUND('',#1073,.T.);
#733=FACE_OUTER_BOUND('',#1074,.T.);
#734=FACE_OUTER_BOUND('',#1075,.T.);
#735=FACE_OUTER_BOUND('',#1076,.T.);
#736=FACE_OUTER_BOUND('',#1077,.T.);
#737=FACE_OUTER_BOUND('',#1078,.T.);
#738=FACE_OUTER_BOUND('',#1079,.T.);
#739=FACE_OUTER_BOUND('',#1080,.T.);
#740=FACE_OUTER_BOUND('',#1081,.T.);
#741=FACE_OUTER_BOUND('',#1083,.T.);
#742=FACE_OUTER_BOUND('',#1085,.T.);
#743=FACE_OUTER_BOUND('',#1086,.T.);
#744=FACE_OUTER_BOUND('',#1087,.T.);
#745=FACE_OUTER_BOUND('',#1088,.T.);
#746=FACE_OUTER_BOUND('',#1089,.T.);
#747=FACE_OUTER_BOUND('',#1090,.T.);
#748=FACE_OUTER_BOUND('',#1091,.T.);
#749=FACE_OUTER_BOUND('',#1092,.T.);
#750=FACE_OUTER_BOUND('',#1093,.T.);
#751=FACE_OUTER_BOUND('',#1094,.T.);
#752=FACE_OUTER_BOUND('',#1095,.T.);
#753=FACE_OUTER_BOUND('',#1096,.T.);
#754=FACE_OUTER_BOUND('',#1097,.T.);
#755=FACE_OUTER_BOUND('',#1098,.T.);
#756=FACE_OUTER_BOUND('',#1099,.T.);
#757=FACE_OUTER_BOUND('',#1100,.T.);
#758=FACE_OUTER_BOUND('',#1101,.T.);
#759=FACE_OUTER_BOUND('',#1102,.T.);
#760=FACE_OUTER_BOUND('',#1103,.T.);
#761=FACE_OUTER_BOUND('',#1104,.T.);
#762=FACE_OUTER_BOUND('',#1105,.T.);
#763=FACE_OUTER_BOUND('',#1106,.T.);
#764=FACE_OUTER_BOUND('',#1107,.T.);
#765=FACE_OUTER_BOUND('',#1108,.T.);
#766=FACE_OUTER_BOUND('',#1109,.T.);
#767=FACE_OUTER_BOUND('',#1110,.T.);
#768=FACE_OUTER_BOUND('',#1111,.T.);
#769=FACE_OUTER_BOUND('',#1112,.T.);
#770=FACE_OUTER_BOUND('',#1113,.T.);
#771=FACE_OUTER_BOUND('',#1114,.T.);
#772=FACE_OUTER_BOUND('',#1115,.T.);
#773=FACE_OUTER_BOUND('',#1116,.T.);
#774=FACE_OUTER_BOUND('',#1117,.T.);
#775=FACE_OUTER_BOUND('',#1118,.T.);
#776=FACE_OUTER_BOUND('',#1120,.T.);
#777=FACE_OUTER_BOUND('',#1122,.T.);
#778=FACE_OUTER_BOUND('',#1123,.T.);
#779=FACE_OUTER_BOUND('',#1124,.T.);
#780=FACE_OUTER_BOUND('',#1125,.T.);
#781=FACE_OUTER_BOUND('',#1126,.T.);
#782=FACE_OUTER_BOUND('',#1127,.T.);
#783=FACE_OUTER_BOUND('',#1128,.T.);
#784=FACE_OUTER_BOUND('',#1129,.T.);
#785=FACE_OUTER_BOUND('',#1130,.T.);
#786=FACE_OUTER_BOUND('',#1131,.T.);
#787=FACE_OUTER_BOUND('',#1132,.T.);
#788=FACE_OUTER_BOUND('',#1133,.T.);
#789=FACE_OUTER_BOUND('',#1134,.T.);
#790=FACE_OUTER_BOUND('',#1135,.T.);
#791=FACE_OUTER_BOUND('',#1136,.T.);
#792=FACE_OUTER_BOUND('',#1137,.T.);
#793=FACE_OUTER_BOUND('',#1138,.T.);
#794=FACE_OUTER_BOUND('',#1139,.T.);
#795=FACE_OUTER_BOUND('',#1140,.T.);
#796=FACE_OUTER_BOUND('',#1141,.T.);
#797=FACE_OUTER_BOUND('',#1142,.T.);
#798=FACE_OUTER_BOUND('',#1143,.T.);
#799=FACE_OUTER_BOUND('',#1144,.T.);
#800=FACE_OUTER_BOUND('',#1145,.T.);
#801=FACE_OUTER_BOUND('',#1146,.T.);
#802=FACE_OUTER_BOUND('',#1147,.T.);
#803=FACE_OUTER_BOUND('',#1148,.T.);
#804=FACE_OUTER_BOUND('',#1149,.T.);
#805=FACE_OUTER_BOUND('',#1150,.T.);
#806=FACE_OUTER_BOUND('',#1151,.T.);
#807=FACE_OUTER_BOUND('',#1152,.T.);
#808=FACE_OUTER_BOUND('',#1153,.T.);
#809=FACE_OUTER_BOUND('',#1154,.T.);
#810=FACE_OUTER_BOUND('',#1155,.T.);
#811=FACE_OUTER_BOUND('',#1156,.T.);
#812=FACE_OUTER_BOUND('',#1157,.T.);
#813=FACE_OUTER_BOUND('',#1158,.T.);
#814=FACE_OUTER_BOUND('',#1159,.T.);
#815=FACE_OUTER_BOUND('',#1160,.T.);
#816=FACE_OUTER_BOUND('',#1161,.T.);
#817=FACE_OUTER_BOUND('',#1162,.T.);
#818=FACE_OUTER_BOUND('',#1163,.T.);
#819=FACE_OUTER_BOUND('',#1164,.T.);
#820=FACE_OUTER_BOUND('',#1165,.T.);
#821=FACE_OUTER_BOUND('',#1166,.T.);
#822=FACE_OUTER_BOUND('',#1167,.T.);
#823=FACE_OUTER_BOUND('',#1168,.T.);
#824=FACE_OUTER_BOUND('',#1169,.T.);
#825=FACE_OUTER_BOUND('',#1170,.T.);
#826=FACE_OUTER_BOUND('',#1171,.T.);
#827=FACE_OUTER_BOUND('',#1172,.T.);
#828=FACE_OUTER_BOUND('',#1173,.T.);
#829=FACE_OUTER_BOUND('',#1174,.T.);
#830=FACE_OUTER_BOUND('',#1175,.T.);
#831=FACE_OUTER_BOUND('',#1176,.T.);
#832=FACE_OUTER_BOUND('',#1177,.T.);
#833=FACE_OUTER_BOUND('',#1178,.T.);
#834=FACE_OUTER_BOUND('',#1179,.T.);
#835=FACE_OUTER_BOUND('',#1180,.T.);
#836=FACE_OUTER_BOUND('',#1181,.T.);
#837=FACE_OUTER_BOUND('',#1182,.T.);
#838=FACE_OUTER_BOUND('',#1183,.T.);
#839=FACE_OUTER_BOUND('',#1184,.T.);
#840=FACE_OUTER_BOUND('',#1185,.T.);
#841=FACE_OUTER_BOUND('',#1186,.T.);
#842=FACE_OUTER_BOUND('',#1187,.T.);
#843=FACE_OUTER_BOUND('',#1188,.T.);
#844=FACE_OUTER_BOUND('',#1189,.T.);
#845=FACE_OUTER_BOUND('',#1190,.T.);
#846=FACE_OUTER_BOUND('',#1191,.T.);
#847=FACE_OUTER_BOUND('',#1192,.T.);
#848=FACE_OUTER_BOUND('',#1193,.T.);
#849=FACE_OUTER_BOUND('',#1194,.T.);
#850=FACE_OUTER_BOUND('',#1195,.T.);
#851=FACE_OUTER_BOUND('',#1196,.T.);
#852=FACE_OUTER_BOUND('',#1197,.T.);
#853=FACE_OUTER_BOUND('',#1198,.T.);
#854=FACE_OUTER_BOUND('',#1199,.T.);
#855=FACE_OUTER_BOUND('',#1200,.T.);
#856=FACE_OUTER_BOUND('',#1201,.T.);
#857=FACE_OUTER_BOUND('',#1202,.T.);
#858=FACE_OUTER_BOUND('',#1203,.T.);
#859=FACE_OUTER_BOUND('',#1204,.T.);
#860=FACE_OUTER_BOUND('',#1205,.T.);
#861=FACE_OUTER_BOUND('',#1206,.T.);
#862=FACE_OUTER_BOUND('',#1207,.T.);
#863=FACE_OUTER_BOUND('',#1208,.T.);
#864=FACE_OUTER_BOUND('',#1209,.T.);
#865=FACE_OUTER_BOUND('',#1210,.T.);
#866=FACE_OUTER_BOUND('',#1211,.T.);
#867=FACE_OUTER_BOUND('',#1212,.T.);
#868=FACE_OUTER_BOUND('',#1213,.T.);
#869=FACE_OUTER_BOUND('',#1214,.T.);
#870=FACE_OUTER_BOUND('',#1215,.T.);
#871=FACE_OUTER_BOUND('',#1216,.T.);
#872=FACE_OUTER_BOUND('',#1217,.T.);
#873=FACE_OUTER_BOUND('',#1218,.T.);
#874=FACE_OUTER_BOUND('',#1219,.T.);
#875=FACE_OUTER_BOUND('',#1220,.T.);
#876=FACE_OUTER_BOUND('',#1221,.T.);
#877=FACE_OUTER_BOUND('',#1222,.T.);
#878=FACE_OUTER_BOUND('',#1223,.T.);
#879=FACE_OUTER_BOUND('',#1224,.T.);
#880=FACE_OUTER_BOUND('',#1225,.T.);
#881=FACE_OUTER_BOUND('',#1226,.T.);
#882=FACE_OUTER_BOUND('',#1227,.T.);
#883=FACE_OUTER_BOUND('',#1228,.T.);
#884=FACE_OUTER_BOUND('',#1229,.T.);
#885=FACE_OUTER_BOUND('',#1230,.T.);
#886=FACE_OUTER_BOUND('',#1231,.T.);
#887=FACE_OUTER_BOUND('',#1232,.T.);
#888=FACE_OUTER_BOUND('',#1233,.T.);
#889=FACE_OUTER_BOUND('',#1234,.T.);
#890=FACE_OUTER_BOUND('',#1235,.T.);
#891=FACE_OUTER_BOUND('',#1236,.T.);
#892=FACE_OUTER_BOUND('',#1237,.T.);
#893=FACE_OUTER_BOUND('',#1238,.T.);
#894=FACE_OUTER_BOUND('',#1239,.T.);
#895=FACE_OUTER_BOUND('',#1240,.T.);
#896=FACE_OUTER_BOUND('',#1241,.T.);
#897=FACE_OUTER_BOUND('',#1242,.T.);
#898=FACE_OUTER_BOUND('',#1243,.T.);
#899=FACE_OUTER_BOUND('',#1244,.T.);
#900=FACE_OUTER_BOUND('',#1245,.T.);
#901=FACE_OUTER_BOUND('',#1246,.T.);
#902=FACE_OUTER_BOUND('',#1247,.T.);
#903=FACE_OUTER_BOUND('',#1248,.T.);
#904=FACE_OUTER_BOUND('',#1249,.T.);
#905=FACE_OUTER_BOUND('',#1251,.T.);
#906=FACE_OUTER_BOUND('',#1253,.T.);
#907=FACE_OUTER_BOUND('',#1254,.T.);
#908=FACE_OUTER_BOUND('',#1255,.T.);
#909=FACE_OUTER_BOUND('',#1256,.T.);
#910=FACE_OUTER_BOUND('',#1257,.T.);
#911=FACE_OUTER_BOUND('',#1258,.T.);
#912=FACE_OUTER_BOUND('',#1259,.T.);
#913=FACE_OUTER_BOUND('',#1260,.T.);
#914=FACE_OUTER_BOUND('',#1261,.T.);
#915=FACE_OUTER_BOUND('',#1262,.T.);
#916=FACE_OUTER_BOUND('',#1263,.T.);
#917=FACE_OUTER_BOUND('',#1264,.T.);
#918=FACE_OUTER_BOUND('',#1265,.T.);
#919=FACE_OUTER_BOUND('',#1266,.T.);
#920=FACE_OUTER_BOUND('',#1267,.T.);
#921=FACE_OUTER_BOUND('',#1268,.T.);
#922=FACE_OUTER_BOUND('',#1269,.T.);
#923=FACE_OUTER_BOUND('',#1270,.T.);
#924=FACE_OUTER_BOUND('',#1271,.T.);
#925=FACE_OUTER_BOUND('',#1272,.T.);
#926=FACE_OUTER_BOUND('',#1273,.T.);
#927=FACE_OUTER_BOUND('',#1274,.T.);
#928=FACE_OUTER_BOUND('',#1275,.T.);
#929=FACE_OUTER_BOUND('',#1276,.T.);
#930=FACE_OUTER_BOUND('',#1277,.T.);
#931=FACE_OUTER_BOUND('',#1278,.T.);
#932=FACE_OUTER_BOUND('',#1279,.T.);
#933=FACE_OUTER_BOUND('',#1281,.T.);
#934=FACE_OUTER_BOUND('',#1283,.T.);
#935=FACE_OUTER_BOUND('',#1284,.T.);
#936=FACE_OUTER_BOUND('',#1285,.T.);
#937=FACE_OUTER_BOUND('',#1286,.T.);
#938=FACE_OUTER_BOUND('',#1287,.T.);
#939=FACE_OUTER_BOUND('',#1288,.T.);
#940=FACE_OUTER_BOUND('',#1289,.T.);
#941=FACE_OUTER_BOUND('',#1290,.T.);
#942=FACE_OUTER_BOUND('',#1291,.T.);
#943=FACE_OUTER_BOUND('',#1292,.T.);
#944=FACE_OUTER_BOUND('',#1293,.T.);
#945=FACE_OUTER_BOUND('',#1294,.T.);
#946=FACE_OUTER_BOUND('',#1295,.T.);
#947=FACE_OUTER_BOUND('',#1296,.T.);
#948=FACE_OUTER_BOUND('',#1297,.T.);
#949=FACE_OUTER_BOUND('',#1298,.T.);
#950=FACE_OUTER_BOUND('',#1299,.T.);
#951=FACE_OUTER_BOUND('',#1300,.T.);
#952=FACE_OUTER_BOUND('',#1301,.T.);
#953=FACE_OUTER_BOUND('',#1302,.T.);
#954=FACE_OUTER_BOUND('',#1303,.T.);
#955=EDGE_LOOP('',(#3913,#3914,#3915,#3916));
#956=EDGE_LOOP('',(#3917,#3918,#3919,#3920));
#957=EDGE_LOOP('',(#3921,#3922,#3923,#3924,#3925,#3926,#3927,#3928));
#958=EDGE_LOOP('',(#3929));
#959=EDGE_LOOP('',(#3930));
#960=EDGE_LOOP('',(#3931,#3932,#3933,#3934,#3935,#3936,#3937,#3938));
#961=EDGE_LOOP('',(#3939));
#962=EDGE_LOOP('',(#3940));
#963=EDGE_LOOP('',(#3941,#3942,#3943,#3944,#3945,#3946,#3947,#3948));
#964=EDGE_LOOP('',(#3949,#3950,#3951,#3952,#3953,#3954,#3955,#3956));
#965=EDGE_LOOP('',(#3957));
#966=EDGE_LOOP('',(#3958,#3959,#3960,#3961,#3962,#3963,#3964,#3965));
#967=EDGE_LOOP('',(#3966,#3967,#3968,#3969,#3970,#3971,#3972,#3973));
#968=EDGE_LOOP('',(#3974,#3975,#3976,#3977,#3978,#3979,#3980,#3981));
#969=EDGE_LOOP('',(#3982,#3983,#3984,#3985));
#970=EDGE_LOOP('',(#3986,#3987,#3988,#3989));
#971=EDGE_LOOP('',(#3990,#3991,#3992,#3993));
#972=EDGE_LOOP('',(#3994,#3995,#3996,#3997));
#973=EDGE_LOOP('',(#3998,#3999,#4000,#4001));
#974=EDGE_LOOP('',(#4002,#4003,#4004,#4005));
#975=EDGE_LOOP('',(#4006,#4007,#4008,#4009));
#976=EDGE_LOOP('',(#4010,#4011,#4012,#4013));
#977=EDGE_LOOP('',(#4014,#4015,#4016,#4017));
#978=EDGE_LOOP('',(#4018,#4019,#4020,#4021));
#979=EDGE_LOOP('',(#4022,#4023,#4024,#4025));
#980=EDGE_LOOP('',(#4026,#4027,#4028,#4029));
#981=EDGE_LOOP('',(#4030,#4031,#4032,#4033));
#982=EDGE_LOOP('',(#4034,#4035,#4036,#4037));
#983=EDGE_LOOP('',(#4038,#4039,#4040,#4041));
#984=EDGE_LOOP('',(#4042,#4043,#4044,#4045));
#985=EDGE_LOOP('',(#4046,#4047,#4048,#4049));
#986=EDGE_LOOP('',(#4050,#4051,#4052,#4053));
#987=EDGE_LOOP('',(#4054,#4055,#4056,#4057));
#988=EDGE_LOOP('',(#4058,#4059,#4060,#4061));
#989=EDGE_LOOP('',(#4062,#4063,#4064,#4065));
#990=EDGE_LOOP('',(#4066,#4067,#4068,#4069));
#991=EDGE_LOOP('',(#4070,#4071,#4072,#4073));
#992=EDGE_LOOP('',(#4074,#4075,#4076,#4077));
#993=EDGE_LOOP('',(#4078,#4079,#4080,#4081));
#994=EDGE_LOOP('',(#4082,#4083,#4084,#4085));
#995=EDGE_LOOP('',(#4086,#4087,#4088,#4089));
#996=EDGE_LOOP('',(#4090,#4091,#4092,#4093));
#997=EDGE_LOOP('',(#4094,#4095,#4096,#4097));
#998=EDGE_LOOP('',(#4098,#4099,#4100,#4101));
#999=EDGE_LOOP('',(#4102,#4103,#4104,#4105));
#1000=EDGE_LOOP('',(#4106,#4107,#4108,#4109));
#1001=EDGE_LOOP('',(#4110,#4111,#4112,#4113));
#1002=EDGE_LOOP('',(#4114,#4115,#4116,#4117));
#1003=EDGE_LOOP('',(#4118,#4119,#4120,#4121));
#1004=EDGE_LOOP('',(#4122,#4123,#4124,#4125));
#1005=EDGE_LOOP('',(#4126,#4127,#4128,#4129));
#1006=EDGE_LOOP('',(#4130,#4131,#4132,#4133));
#1007=EDGE_LOOP('',(#4134,#4135,#4136,#4137));
#1008=EDGE_LOOP('',(#4138,#4139,#4140,#4141));
#1009=EDGE_LOOP('',(#4142,#4143,#4144,#4145));
#1010=EDGE_LOOP('',(#4146,#4147,#4148,#4149));
#1011=EDGE_LOOP('',(#4150,#4151,#4152,#4153));
#1012=EDGE_LOOP('',(#4154,#4155,#4156,#4157));
#1013=EDGE_LOOP('',(#4158,#4159,#4160,#4161));
#1014=EDGE_LOOP('',(#4162,#4163,#4164,#4165));
#1015=EDGE_LOOP('',(#4166,#4167,#4168,#4169));
#1016=EDGE_LOOP('',(#4170,#4171,#4172,#4173));
#1017=EDGE_LOOP('',(#4174,#4175,#4176,#4177));
#1018=EDGE_LOOP('',(#4178,#4179,#4180,#4181));
#1019=EDGE_LOOP('',(#4182,#4183,#4184,#4185));
#1020=EDGE_LOOP('',(#4186,#4187,#4188,#4189));
#1021=EDGE_LOOP('',(#4190,#4191,#4192,#4193));
#1022=EDGE_LOOP('',(#4194,#4195,#4196,#4197));
#1023=EDGE_LOOP('',(#4198,#4199,#4200,#4201));
#1024=EDGE_LOOP('',(#4202,#4203,#4204,#4205));
#1025=EDGE_LOOP('',(#4206,#4207,#4208,#4209));
#1026=EDGE_LOOP('',(#4210,#4211,#4212,#4213));
#1027=EDGE_LOOP('',(#4214,#4215,#4216,#4217));
#1028=EDGE_LOOP('',(#4218,#4219,#4220,#4221,#4222,#4223,#4224,#4225));
#1029=EDGE_LOOP('',(#4226));
#1030=EDGE_LOOP('',(#4227));
#1031=EDGE_LOOP('',(#4228,#4229,#4230,#4231,#4232,#4233,#4234,#4235));
#1032=EDGE_LOOP('',(#4236));
#1033=EDGE_LOOP('',(#4237));
#1034=EDGE_LOOP('',(#4238,#4239,#4240,#4241,#4242,#4243,#4244,#4245));
#1035=EDGE_LOOP('',(#4246,#4247,#4248,#4249,#4250,#4251,#4252,#4253));
#1036=EDGE_LOOP('',(#4254));
#1037=EDGE_LOOP('',(#4255,#4256,#4257,#4258,#4259,#4260,#4261,#4262));
#1038=EDGE_LOOP('',(#4263,#4264,#4265,#4266,#4267,#4268,#4269,#4270));
#1039=EDGE_LOOP('',(#4271,#4272,#4273,#4274,#4275,#4276,#4277,#4278));
#1040=EDGE_LOOP('',(#4279));
#1041=EDGE_LOOP('',(#4280));
#1042=EDGE_LOOP('',(#4281,#4282,#4283,#4284));
#1043=EDGE_LOOP('',(#4285,#4286,#4287,#4288));
#1044=EDGE_LOOP('',(#4289,#4290,#4291,#4292));
#1045=EDGE_LOOP('',(#4293,#4294,#4295,#4296));
#1046=EDGE_LOOP('',(#4297,#4298,#4299,#4300));
#1047=EDGE_LOOP('',(#4301,#4302,#4303,#4304));
#1048=EDGE_LOOP('',(#4305,#4306,#4307,#4308));
#1049=EDGE_LOOP('',(#4309,#4310,#4311,#4312));
#1050=EDGE_LOOP('',(#4313,#4314,#4315,#4316));
#1051=EDGE_LOOP('',(#4317,#4318,#4319,#4320));
#1052=EDGE_LOOP('',(#4321,#4322,#4323,#4324));
#1053=EDGE_LOOP('',(#4325,#4326,#4327,#4328));
#1054=EDGE_LOOP('',(#4329,#4330,#4331,#4332));
#1055=EDGE_LOOP('',(#4333,#4334,#4335,#4336));
#1056=EDGE_LOOP('',(#4337,#4338,#4339,#4340));
#1057=EDGE_LOOP('',(#4341,#4342,#4343,#4344));
#1058=EDGE_LOOP('',(#4345,#4346,#4347,#4348));
#1059=EDGE_LOOP('',(#4349,#4350,#4351,#4352));
#1060=EDGE_LOOP('',(#4353,#4354,#4355,#4356));
#1061=EDGE_LOOP('',(#4357,#4358,#4359,#4360));
#1062=EDGE_LOOP('',(#4361,#4362,#4363,#4364));
#1063=EDGE_LOOP('',(#4365,#4366,#4367,#4368));
#1064=EDGE_LOOP('',(#4369,#4370,#4371,#4372));
#1065=EDGE_LOOP('',(#4373,#4374,#4375,#4376));
#1066=EDGE_LOOP('',(#4377,#4378,#4379,#4380));
#1067=EDGE_LOOP('',(#4381,#4382,#4383,#4384));
#1068=EDGE_LOOP('',(#4385,#4386,#4387,#4388));
#1069=EDGE_LOOP('',(#4389,#4390,#4391,#4392));
#1070=EDGE_LOOP('',(#4393,#4394,#4395,#4396));
#1071=EDGE_LOOP('',(#4397,#4398,#4399,#4400));
#1072=EDGE_LOOP('',(#4401,#4402,#4403,#4404));
#1073=EDGE_LOOP('',(#4405,#4406,#4407,#4408));
#1074=EDGE_LOOP('',(#4409,#4410,#4411,#4412));
#1075=EDGE_LOOP('',(#4413,#4414,#4415,#4416));
#1076=EDGE_LOOP('',(#4417,#4418,#4419,#4420));
#1077=EDGE_LOOP('',(#4421,#4422,#4423,#4424));
#1078=EDGE_LOOP('',(#4425,#4426,#4427,#4428));
#1079=EDGE_LOOP('',(#4429,#4430,#4431,#4432));
#1080=EDGE_LOOP('',(#4433,#4434,#4435,#4436));
#1081=EDGE_LOOP('',(#4437,#4438,#4439,#4440,#4441,#4442,#4443,#4444,#4445,
#4446,#4447,#4448,#4449,#4450,#4451,#4452,#4453,#4454,#4455,#4456,#4457,
#4458,#4459,#4460,#4461,#4462));
#1082=EDGE_LOOP('',(#4463,#4464,#4465,#4466,#4467,#4468,#4469,#4470,#4471,
#4472,#4473,#4474));
#1083=EDGE_LOOP('',(#4475,#4476,#4477,#4478,#4479,#4480,#4481,#4482,#4483,
#4484,#4485,#4486,#4487,#4488,#4489,#4490,#4491,#4492,#4493,#4494,#4495,
#4496,#4497,#4498,#4499,#4500));
#1084=EDGE_LOOP('',(#4501,#4502,#4503,#4504,#4505,#4506,#4507,#4508,#4509,
#4510,#4511,#4512));
#1085=EDGE_LOOP('',(#4513,#4514,#4515,#4516));
#1086=EDGE_LOOP('',(#4517,#4518,#4519,#4520));
#1087=EDGE_LOOP('',(#4521,#4522,#4523,#4524));
#1088=EDGE_LOOP('',(#4525,#4526,#4527,#4528));
#1089=EDGE_LOOP('',(#4529,#4530,#4531,#4532));
#1090=EDGE_LOOP('',(#4533,#4534,#4535,#4536));
#1091=EDGE_LOOP('',(#4537,#4538,#4539,#4540));
#1092=EDGE_LOOP('',(#4541,#4542,#4543,#4544));
#1093=EDGE_LOOP('',(#4545,#4546,#4547,#4548));
#1094=EDGE_LOOP('',(#4549,#4550,#4551,#4552));
#1095=EDGE_LOOP('',(#4553,#4554,#4555,#4556));
#1096=EDGE_LOOP('',(#4557,#4558,#4559,#4560));
#1097=EDGE_LOOP('',(#4561,#4562,#4563,#4564));
#1098=EDGE_LOOP('',(#4565,#4566,#4567,#4568));
#1099=EDGE_LOOP('',(#4569,#4570,#4571,#4572));
#1100=EDGE_LOOP('',(#4573,#4574,#4575,#4576));
#1101=EDGE_LOOP('',(#4577,#4578,#4579,#4580));
#1102=EDGE_LOOP('',(#4581,#4582,#4583,#4584));
#1103=EDGE_LOOP('',(#4585,#4586,#4587,#4588));
#1104=EDGE_LOOP('',(#4589,#4590,#4591,#4592));
#1105=EDGE_LOOP('',(#4593,#4594,#4595,#4596));
#1106=EDGE_LOOP('',(#4597,#4598,#4599,#4600));
#1107=EDGE_LOOP('',(#4601,#4602,#4603,#4604));
#1108=EDGE_LOOP('',(#4605,#4606,#4607,#4608));
#1109=EDGE_LOOP('',(#4609,#4610,#4611,#4612));
#1110=EDGE_LOOP('',(#4613,#4614,#4615,#4616));
#1111=EDGE_LOOP('',(#4617,#4618,#4619,#4620));
#1112=EDGE_LOOP('',(#4621,#4622,#4623,#4624));
#1113=EDGE_LOOP('',(#4625,#4626,#4627,#4628));
#1114=EDGE_LOOP('',(#4629,#4630,#4631,#4632));
#1115=EDGE_LOOP('',(#4633,#4634,#4635,#4636));
#1116=EDGE_LOOP('',(#4637,#4638,#4639,#4640));
#1117=EDGE_LOOP('',(#4641,#4642,#4643,#4644));
#1118=EDGE_LOOP('',(#4645,#4646,#4647,#4648,#4649,#4650,#4651,#4652,#4653,
#4654,#4655,#4656,#4657,#4658,#4659,#4660,#4661,#4662,#4663,#4664,#4665,
#4666,#4667,#4668));
#1119=EDGE_LOOP('',(#4669,#4670,#4671,#4672,#4673,#4674,#4675,#4676,#4677));
#1120=EDGE_LOOP('',(#4678,#4679,#4680,#4681,#4682,#4683,#4684,#4685,#4686,
#4687,#4688,#4689,#4690,#4691,#4692,#4693,#4694,#4695,#4696,#4697,#4698,
#4699,#4700,#4701));
#1121=EDGE_LOOP('',(#4702,#4703,#4704,#4705,#4706,#4707,#4708,#4709,#4710));
#1122=EDGE_LOOP('',(#4711,#4712,#4713,#4714));
#1123=EDGE_LOOP('',(#4715,#4716,#4717,#4718));
#1124=EDGE_LOOP('',(#4719,#4720,#4721,#4722));
#1125=EDGE_LOOP('',(#4723,#4724,#4725,#4726));
#1126=EDGE_LOOP('',(#4727,#4728,#4729,#4730));
#1127=EDGE_LOOP('',(#4731,#4732,#4733,#4734));
#1128=EDGE_LOOP('',(#4735,#4736,#4737,#4738));
#1129=EDGE_LOOP('',(#4739,#4740,#4741,#4742));
#1130=EDGE_LOOP('',(#4743,#4744,#4745,#4746));
#1131=EDGE_LOOP('',(#4747,#4748,#4749,#4750));
#1132=EDGE_LOOP('',(#4751,#4752,#4753,#4754));
#1133=EDGE_LOOP('',(#4755,#4756,#4757,#4758));
#1134=EDGE_LOOP('',(#4759,#4760,#4761,#4762));
#1135=EDGE_LOOP('',(#4763,#4764,#4765,#4766));
#1136=EDGE_LOOP('',(#4767,#4768,#4769,#4770));
#1137=EDGE_LOOP('',(#4771,#4772,#4773,#4774));
#1138=EDGE_LOOP('',(#4775,#4776,#4777,#4778));
#1139=EDGE_LOOP('',(#4779,#4780,#4781,#4782));
#1140=EDGE_LOOP('',(#4783,#4784,#4785,#4786));
#1141=EDGE_LOOP('',(#4787,#4788,#4789,#4790));
#1142=EDGE_LOOP('',(#4791,#4792,#4793,#4794,#4795,#4796,#4797,#4798,#4799,
#4800,#4801,#4802,#4803,#4804,#4805,#4806,#4807,#4808,#4809,#4810));
#1143=EDGE_LOOP('',(#4811,#4812,#4813,#4814,#4815,#4816,#4817,#4818,#4819,
#4820,#4821,#4822,#4823,#4824,#4825,#4826,#4827,#4828,#4829,#4830));
#1144=EDGE_LOOP('',(#4831,#4832,#4833,#4834));
#1145=EDGE_LOOP('',(#4835,#4836,#4837,#4838));
#1146=EDGE_LOOP('',(#4839,#4840,#4841,#4842));
#1147=EDGE_LOOP('',(#4843,#4844,#4845,#4846));
#1148=EDGE_LOOP('',(#4847,#4848,#4849,#4850));
#1149=EDGE_LOOP('',(#4851,#4852,#4853,#4854));
#1150=EDGE_LOOP('',(#4855,#4856,#4857,#4858));
#1151=EDGE_LOOP('',(#4859,#4860,#4861,#4862));
#1152=EDGE_LOOP('',(#4863,#4864,#4865,#4866));
#1153=EDGE_LOOP('',(#4867,#4868,#4869,#4870));
#1154=EDGE_LOOP('',(#4871,#4872,#4873,#4874));
#1155=EDGE_LOOP('',(#4875,#4876,#4877,#4878));
#1156=EDGE_LOOP('',(#4879,#4880,#4881,#4882));
#1157=EDGE_LOOP('',(#4883,#4884,#4885,#4886));
#1158=EDGE_LOOP('',(#4887,#4888,#4889,#4890));
#1159=EDGE_LOOP('',(#4891,#4892,#4893,#4894));
#1160=EDGE_LOOP('',(#4895,#4896,#4897,#4898));
#1161=EDGE_LOOP('',(#4899,#4900,#4901,#4902));
#1162=EDGE_LOOP('',(#4903,#4904,#4905,#4906));
#1163=EDGE_LOOP('',(#4907,#4908,#4909,#4910,#4911,#4912,#4913,#4914,#4915,
#4916,#4917,#4918,#4919,#4920,#4921,#4922,#4923,#4924,#4925));
#1164=EDGE_LOOP('',(#4926,#4927,#4928,#4929,#4930,#4931,#4932,#4933,#4934,
#4935,#4936,#4937,#4938,#4939,#4940,#4941,#4942,#4943,#4944));
#1165=EDGE_LOOP('',(#4945,#4946,#4947,#4948));
#1166=EDGE_LOOP('',(#4949,#4950,#4951,#4952));
#1167=EDGE_LOOP('',(#4953,#4954,#4955,#4956));
#1168=EDGE_LOOP('',(#4957,#4958,#4959,#4960));
#1169=EDGE_LOOP('',(#4961,#4962,#4963,#4964));
#1170=EDGE_LOOP('',(#4965,#4966,#4967,#4968));
#1171=EDGE_LOOP('',(#4969,#4970,#4971,#4972));
#1172=EDGE_LOOP('',(#4973,#4974,#4975,#4976));
#1173=EDGE_LOOP('',(#4977,#4978,#4979,#4980));
#1174=EDGE_LOOP('',(#4981,#4982,#4983,#4984));
#1175=EDGE_LOOP('',(#4985,#4986,#4987,#4988));
#1176=EDGE_LOOP('',(#4989,#4990,#4991,#4992));
#1177=EDGE_LOOP('',(#4993,#4994,#4995,#4996));
#1178=EDGE_LOOP('',(#4997,#4998,#4999,#5000));
#1179=EDGE_LOOP('',(#5001,#5002,#5003,#5004));
#1180=EDGE_LOOP('',(#5005,#5006,#5007,#5008));
#1181=EDGE_LOOP('',(#5009,#5010,#5011,#5012,#5013,#5014,#5015,#5016,#5017,
#5018,#5019,#5020,#5021,#5022,#5023,#5024));
#1182=EDGE_LOOP('',(#5025,#5026,#5027,#5028,#5029,#5030,#5031,#5032,#5033,
#5034,#5035,#5036,#5037,#5038,#5039,#5040));
#1183=EDGE_LOOP('',(#5041,#5042,#5043,#5044));
#1184=EDGE_LOOP('',(#5045,#5046,#5047,#5048));
#1185=EDGE_LOOP('',(#5049,#5050,#5051,#5052));
#1186=EDGE_LOOP('',(#5053,#5054,#5055,#5056));
#1187=EDGE_LOOP('',(#5057,#5058,#5059,#5060));
#1188=EDGE_LOOP('',(#5061,#5062,#5063,#5064));
#1189=EDGE_LOOP('',(#5065,#5066,#5067,#5068));
#1190=EDGE_LOOP('',(#5069,#5070,#5071,#5072));
#1191=EDGE_LOOP('',(#5073,#5074,#5075,#5076));
#1192=EDGE_LOOP('',(#5077,#5078,#5079,#5080));
#1193=EDGE_LOOP('',(#5081,#5082,#5083,#5084,#5085,#5086,#5087,#5088,#5089,
#5090));
#1194=EDGE_LOOP('',(#5091,#5092,#5093,#5094,#5095,#5096,#5097,#5098,#5099,
#5100));
#1195=EDGE_LOOP('',(#5101,#5102,#5103,#5104));
#1196=EDGE_LOOP('',(#5105,#5106,#5107,#5108));
#1197=EDGE_LOOP('',(#5109,#5110,#5111,#5112));
#1198=EDGE_LOOP('',(#5113,#5114,#5115,#5116));
#1199=EDGE_LOOP('',(#5117,#5118,#5119,#5120));
#1200=EDGE_LOOP('',(#5121,#5122,#5123,#5124));
#1201=EDGE_LOOP('',(#5125,#5126,#5127,#5128));
#1202=EDGE_LOOP('',(#5129,#5130,#5131,#5132));
#1203=EDGE_LOOP('',(#5133,#5134,#5135,#5136));
#1204=EDGE_LOOP('',(#5137,#5138,#5139,#5140));
#1205=EDGE_LOOP('',(#5141,#5142,#5143,#5144));
#1206=EDGE_LOOP('',(#5145,#5146,#5147,#5148));
#1207=EDGE_LOOP('',(#5149,#5150,#5151,#5152));
#1208=EDGE_LOOP('',(#5153,#5154,#5155,#5156));
#1209=EDGE_LOOP('',(#5157,#5158,#5159,#5160));
#1210=EDGE_LOOP('',(#5161,#5162,#5163,#5164));
#1211=EDGE_LOOP('',(#5165,#5166,#5167,#5168));
#1212=EDGE_LOOP('',(#5169,#5170,#5171,#5172));
#1213=EDGE_LOOP('',(#5173,#5174,#5175,#5176));
#1214=EDGE_LOOP('',(#5177,#5178,#5179,#5180));
#1215=EDGE_LOOP('',(#5181,#5182,#5183,#5184));
#1216=EDGE_LOOP('',(#5185,#5186,#5187,#5188,#5189,#5190,#5191,#5192,#5193,
#5194,#5195,#5196,#5197,#5198,#5199,#5200,#5201,#5202,#5203,#5204,#5205));
#1217=EDGE_LOOP('',(#5206,#5207,#5208,#5209,#5210,#5211,#5212,#5213,#5214,
#5215,#5216,#5217,#5218,#5219,#5220,#5221,#5222,#5223,#5224,#5225,#5226));
#1218=EDGE_LOOP('',(#5227,#5228,#5229,#5230));
#1219=EDGE_LOOP('',(#5231,#5232,#5233,#5234));
#1220=EDGE_LOOP('',(#5235,#5236,#5237,#5238));
#1221=EDGE_LOOP('',(#5239,#5240,#5241,#5242));
#1222=EDGE_LOOP('',(#5243,#5244,#5245,#5246));
#1223=EDGE_LOOP('',(#5247,#5248,#5249,#5250));
#1224=EDGE_LOOP('',(#5251,#5252,#5253,#5254));
#1225=EDGE_LOOP('',(#5255,#5256,#5257,#5258));
#1226=EDGE_LOOP('',(#5259,#5260,#5261,#5262));
#1227=EDGE_LOOP('',(#5263,#5264,#5265,#5266));
#1228=EDGE_LOOP('',(#5267,#5268,#5269,#5270));
#1229=EDGE_LOOP('',(#5271,#5272,#5273,#5274));
#1230=EDGE_LOOP('',(#5275,#5276,#5277,#5278));
#1231=EDGE_LOOP('',(#5279,#5280,#5281,#5282));
#1232=EDGE_LOOP('',(#5283,#5284,#5285,#5286));
#1233=EDGE_LOOP('',(#5287,#5288,#5289,#5290));
#1234=EDGE_LOOP('',(#5291,#5292,#5293,#5294));
#1235=EDGE_LOOP('',(#5295,#5296,#5297,#5298));
#1236=EDGE_LOOP('',(#5299,#5300,#5301,#5302));
#1237=EDGE_LOOP('',(#5303,#5304,#5305,#5306));
#1238=EDGE_LOOP('',(#5307,#5308,#5309,#5310));
#1239=EDGE_LOOP('',(#5311,#5312,#5313,#5314));
#1240=EDGE_LOOP('',(#5315,#5316,#5317,#5318));
#1241=EDGE_LOOP('',(#5319,#5320,#5321,#5322));
#1242=EDGE_LOOP('',(#5323,#5324,#5325,#5326));
#1243=EDGE_LOOP('',(#5327,#5328,#5329,#5330));
#1244=EDGE_LOOP('',(#5331,#5332,#5333,#5334));
#1245=EDGE_LOOP('',(#5335,#5336,#5337,#5338));
#1246=EDGE_LOOP('',(#5339,#5340,#5341,#5342));
#1247=EDGE_LOOP('',(#5343,#5344,#5345,#5346));
#1248=EDGE_LOOP('',(#5347,#5348,#5349,#5350));
#1249=EDGE_LOOP('',(#5351,#5352,#5353,#5354,#5355,#5356,#5357,#5358,#5359,
#5360,#5361,#5362,#5363,#5364,#5365,#5366));
#1250=EDGE_LOOP('',(#5367,#5368,#5369,#5370,#5371,#5372,#5373,#5374,#5375,
#5376,#5377,#5378,#5379,#5380,#5381));
#1251=EDGE_LOOP('',(#5382,#5383,#5384,#5385,#5386,#5387,#5388,#5389,#5390,
#5391,#5392,#5393,#5394,#5395,#5396,#5397));
#1252=EDGE_LOOP('',(#5398,#5399,#5400,#5401,#5402,#5403,#5404,#5405,#5406,
#5407,#5408,#5409,#5410,#5411,#5412));
#1253=EDGE_LOOP('',(#5413,#5414,#5415,#5416));
#1254=EDGE_LOOP('',(#5417,#5418,#5419,#5420));
#1255=EDGE_LOOP('',(#5421,#5422,#5423,#5424));
#1256=EDGE_LOOP('',(#5425,#5426,#5427,#5428));
#1257=EDGE_LOOP('',(#5429,#5430,#5431,#5432));
#1258=EDGE_LOOP('',(#5433,#5434,#5435,#5436));
#1259=EDGE_LOOP('',(#5437,#5438,#5439,#5440));
#1260=EDGE_LOOP('',(#5441,#5442,#5443,#5444));
#1261=EDGE_LOOP('',(#5445,#5446,#5447,#5448));
#1262=EDGE_LOOP('',(#5449,#5450,#5451,#5452));
#1263=EDGE_LOOP('',(#5453,#5454,#5455,#5456));
#1264=EDGE_LOOP('',(#5457,#5458,#5459,#5460));
#1265=EDGE_LOOP('',(#5461,#5462,#5463,#5464));
#1266=EDGE_LOOP('',(#5465,#5466,#5467,#5468));
#1267=EDGE_LOOP('',(#5469,#5470,#5471,#5472));
#1268=EDGE_LOOP('',(#5473,#5474,#5475,#5476));
#1269=EDGE_LOOP('',(#5477,#5478,#5479,#5480));
#1270=EDGE_LOOP('',(#5481,#5482,#5483,#5484));
#1271=EDGE_LOOP('',(#5485,#5486,#5487,#5488));
#1272=EDGE_LOOP('',(#5489,#5490,#5491,#5492));
#1273=EDGE_LOOP('',(#5493,#5494,#5495,#5496));
#1274=EDGE_LOOP('',(#5497,#5498,#5499,#5500));
#1275=EDGE_LOOP('',(#5501,#5502,#5503,#5504));
#1276=EDGE_LOOP('',(#5505,#5506,#5507,#5508));
#1277=EDGE_LOOP('',(#5509,#5510,#5511,#5512));
#1278=EDGE_LOOP('',(#5513,#5514,#5515,#5516));
#1279=EDGE_LOOP('',(#5517,#5518,#5519,#5520,#5521,#5522,#5523,#5524,#5525,
#5526,#5527,#5528,#5529,#5530,#5531,#5532,#5533));
#1280=EDGE_LOOP('',(#5534,#5535,#5536,#5537,#5538,#5539,#5540,#5541,#5542));
#1281=EDGE_LOOP('',(#5543,#5544,#5545,#5546,#5547,#5548,#5549,#5550,#5551,
#5552,#5553,#5554,#5555,#5556,#5557,#5558,#5559));
#1282=EDGE_LOOP('',(#5560,#5561,#5562,#5563,#5564,#5565,#5566,#5567,#5568));
#1283=EDGE_LOOP('',(#5569,#5570,#5571,#5572));
#1284=EDGE_LOOP('',(#5573,#5574,#5575,#5576));
#1285=EDGE_LOOP('',(#5577,#5578,#5579,#5580));
#1286=EDGE_LOOP('',(#5581,#5582,#5583,#5584));
#1287=EDGE_LOOP('',(#5585,#5586,#5587,#5588));
#1288=EDGE_LOOP('',(#5589,#5590,#5591,#5592));
#1289=EDGE_LOOP('',(#5593,#5594,#5595,#5596));
#1290=EDGE_LOOP('',(#5597,#5598,#5599,#5600));
#1291=EDGE_LOOP('',(#5601,#5602,#5603,#5604));
#1292=EDGE_LOOP('',(#5605,#5606,#5607,#5608));
#1293=EDGE_LOOP('',(#5609,#5610,#5611,#5612));
#1294=EDGE_LOOP('',(#5613,#5614,#5615,#5616));
#1295=EDGE_LOOP('',(#5617,#5618,#5619,#5620));
#1296=EDGE_LOOP('',(#5621,#5622,#5623,#5624));
#1297=EDGE_LOOP('',(#5625,#5626,#5627,#5628));
#1298=EDGE_LOOP('',(#5629,#5630,#5631,#5632));
#1299=EDGE_LOOP('',(#5633,#5634,#5635,#5636));
#1300=EDGE_LOOP('',(#5637,#5638,#5639,#5640));
#1301=EDGE_LOOP('',(#5641,#5642,#5643,#5644));
#1302=EDGE_LOOP('',(#5645,#5646,#5647,#5648,#5649,#5650,#5651,#5652,#5653,
#5654,#5655,#5656,#5657,#5658,#5659,#5660,#5661,#5662,#5663));
#1303=EDGE_LOOP('',(#5664,#5665,#5666,#5667,#5668,#5669,#5670,#5671,#5672,
#5673,#5674,#5675,#5676,#5677,#5678,#5679,#5680,#5681,#5682));
#1304=LINE('',#7337,#1837);
#1305=LINE('',#7340,#1838);
#1306=LINE('',#7343,#1839);
#1307=LINE('',#7345,#1840);
#1308=LINE('',#7346,#1841);
#1309=LINE('',#7349,#1842);
#1310=LINE('',#7353,#1843);
#1311=LINE('',#7357,#1844);
#1312=LINE('',#7367,#1845);
#1313=LINE('',#7371,#1846);
#1314=LINE('',#7375,#1847);
#1315=LINE('',#7378,#1848);
#1316=LINE('',#7387,#1849);
#1317=LINE('',#7391,#1850);
#1318=LINE('',#7395,#1851);
#1319=LINE('',#7398,#1852);
#1320=LINE('',#7403,#1853);
#1321=LINE('',#7407,#1854);
#1322=LINE('',#7411,#1855);
#1323=LINE('',#7414,#1856);
#1324=LINE('',#7421,#1857);
#1325=LINE('',#7425,#1858);
#1326=LINE('',#7429,#1859);
#1327=LINE('',#7432,#1860);
#1328=LINE('',#7437,#1861);
#1329=LINE('',#7441,#1862);
#1330=LINE('',#7445,#1863);
#1331=LINE('',#7448,#1864);
#1332=LINE('',#7453,#1865);
#1333=LINE('',#7457,#1866);
#1334=LINE('',#7461,#1867);
#1335=LINE('',#7464,#1868);
#1336=LINE('',#7467,#1869);
#1337=LINE('',#7471,#1870);
#1338=LINE('',#7472,#1871);
#1339=LINE('',#7475,#1872);
#1340=LINE('',#7479,#1873);
#1341=LINE('',#7480,#1874);
#1342=LINE('',#7483,#1875);
#1343=LINE('',#7488,#1876);
#1344=LINE('',#7489,#1877);
#1345=LINE('',#7490,#1878);
#1346=LINE('',#7494,#1879);
#1347=LINE('',#7497,#1880);
#1348=LINE('',#7498,#1881);
#1349=LINE('',#7502,#1882);
#1350=LINE('',#7505,#1883);
#1351=LINE('',#7506,#1884);
#1352=LINE('',#7510,#1885);
#1353=LINE('',#7513,#1886);
#1354=LINE('',#7514,#1887);
#1355=LINE('',#7520,#1888);
#1356=LINE('',#7521,#1889);
#1357=LINE('',#7522,#1890);
#1358=LINE('',#7526,#1891);
#1359=LINE('',#7529,#1892);
#1360=LINE('',#7530,#1893);
#1361=LINE('',#7534,#1894);
#1362=LINE('',#7537,#1895);
#1363=LINE('',#7538,#1896);
#1364=LINE('',#7542,#1897);
#1365=LINE('',#7545,#1898);
#1366=LINE('',#7546,#1899);
#1367=LINE('',#7552,#1900);
#1368=LINE('',#7553,#1901);
#1369=LINE('',#7554,#1902);
#1370=LINE('',#7558,#1903);
#1371=LINE('',#7561,#1904);
#1372=LINE('',#7562,#1905);
#1373=LINE('',#7566,#1906);
#1374=LINE('',#7569,#1907);
#1375=LINE('',#7570,#1908);
#1376=LINE('',#7574,#1909);
#1377=LINE('',#7577,#1910);
#1378=LINE('',#7578,#1911);
#1379=LINE('',#7583,#1912);
#1380=LINE('',#7588,#1913);
#1381=LINE('',#7589,#1914);
#1382=LINE('',#7590,#1915);
#1383=LINE('',#7594,#1916);
#1384=LINE('',#7597,#1917);
#1385=LINE('',#7598,#1918);
#1386=LINE('',#7602,#1919);
#1387=LINE('',#7605,#1920);
#1388=LINE('',#7606,#1921);
#1389=LINE('',#7610,#1922);
#1390=LINE('',#7613,#1923);
#1391=LINE('',#7614,#1924);
#1392=LINE('',#7620,#1925);
#1393=LINE('',#7621,#1926);
#1394=LINE('',#7622,#1927);
#1395=LINE('',#7626,#1928);
#1396=LINE('',#7629,#1929);
#1397=LINE('',#7630,#1930);
#1398=LINE('',#7634,#1931);
#1399=LINE('',#7637,#1932);
#1400=LINE('',#7638,#1933);
#1401=LINE('',#7642,#1934);
#1402=LINE('',#7645,#1935);
#1403=LINE('',#7646,#1936);
#1404=LINE('',#7651,#1937);
#1405=LINE('',#7655,#1938);
#1406=LINE('',#7660,#1939);
#1407=LINE('',#7661,#1940);
#1408=LINE('',#7662,#1941);
#1409=LINE('',#7666,#1942);
#1410=LINE('',#7669,#1943);
#1411=LINE('',#7670,#1944);
#1412=LINE('',#7674,#1945);
#1413=LINE('',#7677,#1946);
#1414=LINE('',#7678,#1947);
#1415=LINE('',#7682,#1948);
#1416=LINE('',#7685,#1949);
#1417=LINE('',#7686,#1950);
#1418=LINE('',#7691,#1951);
#1419=LINE('',#7695,#1952);
#1420=LINE('',#7698,#1953);
#1421=LINE('',#7707,#1954);
#1422=LINE('',#7726,#1955);
#1423=LINE('',#7733,#1956);
#1424=LINE('',#7756,#1957);
#1425=LINE('',#7779,#1958);
#1426=LINE('',#7802,#1959);
#1427=LINE('',#7825,#1960);
#1428=LINE('',#7848,#1961);
#1429=LINE('',#7871,#1962);
#1430=LINE('',#7894,#1963);
#1431=LINE('',#7917,#1964);
#1432=LINE('',#7940,#1965);
#1433=LINE('',#7943,#1966);
#1434=LINE('',#7945,#1967);
#1435=LINE('',#7946,#1968);
#1436=LINE('',#7948,#1969);
#1437=LINE('',#7949,#1970);
#1438=LINE('',#7953,#1971);
#1439=LINE('',#7955,#1972);
#1440=LINE('',#7957,#1973);
#1441=LINE('',#7958,#1974);
#1442=LINE('',#7981,#1975);
#1443=LINE('',#8004,#1976);
#1444=LINE('',#8027,#1977);
#1445=LINE('',#8050,#1978);
#1446=LINE('',#8073,#1979);
#1447=LINE('',#8096,#1980);
#1448=LINE('',#8119,#1981);
#1449=LINE('',#8142,#1982);
#1450=LINE('',#8145,#1983);
#1451=LINE('',#8147,#1984);
#1452=LINE('',#8148,#1985);
#1453=LINE('',#8171,#1986);
#1454=LINE('',#8194,#1987);
#1455=LINE('',#8217,#1988);
#1456=LINE('',#8240,#1989);
#1457=LINE('',#8243,#1990);
#1458=LINE('',#8245,#1991);
#1459=LINE('',#8246,#1992);
#1460=LINE('',#8249,#1993);
#1461=LINE('',#8251,#1994);
#1462=LINE('',#8252,#1995);
#1463=LINE('',#8275,#1996);
#1464=LINE('',#8298,#1997);
#1465=LINE('',#8321,#1998);
#1466=LINE('',#8344,#1999);
#1467=LINE('',#8367,#2000);
#1468=LINE('',#8390,#2001);
#1469=LINE('',#8413,#2002);
#1470=LINE('',#8436,#2003);
#1471=LINE('',#8439,#2004);
#1472=LINE('',#8441,#2005);
#1473=LINE('',#8442,#2006);
#1474=LINE('',#8444,#2007);
#1475=LINE('',#8445,#2008);
#1476=LINE('',#8466,#2009);
#1477=LINE('',#8473,#2010);
#1478=LINE('',#8496,#2011);
#1479=LINE('',#8519,#2012);
#1480=LINE('',#8542,#2013);
#1481=LINE('',#8565,#2014);
#1482=LINE('',#8588,#2015);
#1483=LINE('',#8611,#2016);
#1484=LINE('',#8634,#2017);
#1485=LINE('',#8636,#2018);
#1486=LINE('',#8637,#2019);
#1487=LINE('',#8656,#2020);
#1488=LINE('',#8663,#2021);
#1489=LINE('',#8686,#2022);
#1490=LINE('',#8709,#2023);
#1491=LINE('',#8732,#2024);
#1492=LINE('',#8755,#2025);
#1493=LINE('',#8778,#2026);
#1494=LINE('',#8801,#2027);
#1495=LINE('',#8824,#2028);
#1496=LINE('',#8847,#2029);
#1497=LINE('',#8870,#2030);
#1498=LINE('',#8893,#2031);
#1499=LINE('',#8916,#2032);
#1500=LINE('',#8939,#2033);
#1501=LINE('',#8942,#2034);
#1502=LINE('',#8944,#2035);
#1503=LINE('',#8945,#2036);
#1504=LINE('',#8968,#2037);
#1505=LINE('',#8991,#2038);
#1506=LINE('',#9014,#2039);
#1507=LINE('',#9037,#2040);
#1508=LINE('',#9060,#2041);
#1509=LINE('',#9083,#2042);
#1510=LINE('',#9086,#2043);
#1511=LINE('',#9088,#2044);
#1512=LINE('',#9089,#2045);
#1513=LINE('',#9112,#2046);
#1514=LINE('',#9135,#2047);
#1515=LINE('',#9176,#2048);
#1516=LINE('',#9183,#2049);
#1517=LINE('',#9206,#2050);
#1518=LINE('',#9229,#2051);
#1519=LINE('',#9252,#2052);
#1520=LINE('',#9255,#2053);
#1521=LINE('',#9257,#2054);
#1522=LINE('',#9258,#2055);
#1523=LINE('',#9261,#2056);
#1524=LINE('',#9263,#2057);
#1525=LINE('',#9264,#2058);
#1526=LINE('',#9267,#2059);
#1527=LINE('',#9269,#2060);
#1528=LINE('',#9270,#2061);
#1529=LINE('',#9273,#2062);
#1530=LINE('',#9275,#2063);
#1531=LINE('',#9276,#2064);
#1532=LINE('',#9279,#2065);
#1533=LINE('',#9281,#2066);
#1534=LINE('',#9282,#2067);
#1535=LINE('',#9285,#2068);
#1536=LINE('',#9287,#2069);
#1537=LINE('',#9288,#2070);
#1538=LINE('',#9291,#2071);
#1539=LINE('',#9293,#2072);
#1540=LINE('',#9294,#2073);
#1541=LINE('',#9297,#2074);
#1542=LINE('',#9299,#2075);
#1543=LINE('',#9300,#2076);
#1544=LINE('',#9303,#2077);
#1545=LINE('',#9305,#2078);
#1546=LINE('',#9306,#2079);
#1547=LINE('',#9309,#2080);
#1548=LINE('',#9311,#2081);
#1549=LINE('',#9312,#2082);
#1550=LINE('',#9315,#2083);
#1551=LINE('',#9317,#2084);
#1552=LINE('',#9318,#2085);
#1553=LINE('',#9341,#2086);
#1554=LINE('',#9364,#2087);
#1555=LINE('',#9387,#2088);
#1556=LINE('',#9410,#2089);
#1557=LINE('',#9412,#2090);
#1558=LINE('',#9413,#2091);
#1559=LINE('',#9419,#2092);
#1560=LINE('',#9421,#2093);
#1561=LINE('',#9423,#2094);
#1562=LINE('',#9424,#2095);
#1563=LINE('',#9427,#2096);
#1564=LINE('',#9429,#2097);
#1565=LINE('',#9430,#2098);
#1566=LINE('',#9433,#2099);
#1567=LINE('',#9435,#2100);
#1568=LINE('',#9436,#2101);
#1569=LINE('',#9439,#2102);
#1570=LINE('',#9441,#2103);
#1571=LINE('',#9442,#2104);
#1572=LINE('',#9445,#2105);
#1573=LINE('',#9447,#2106);
#1574=LINE('',#9448,#2107);
#1575=LINE('',#9451,#2108);
#1576=LINE('',#9453,#2109);
#1577=LINE('',#9454,#2110);
#1578=LINE('',#9457,#2111);
#1579=LINE('',#9459,#2112);
#1580=LINE('',#9460,#2113);
#1581=LINE('',#9463,#2114);
#1582=LINE('',#9465,#2115);
#1583=LINE('',#9466,#2116);
#1584=LINE('',#9469,#2117);
#1585=LINE('',#9471,#2118);
#1586=LINE('',#9472,#2119);
#1587=LINE('',#9475,#2120);
#1588=LINE('',#9477,#2121);
#1589=LINE('',#9478,#2122);
#1590=LINE('',#9481,#2123);
#1591=LINE('',#9483,#2124);
#1592=LINE('',#9484,#2125);
#1593=LINE('',#9487,#2126);
#1594=LINE('',#9489,#2127);
#1595=LINE('',#9490,#2128);
#1596=LINE('',#9493,#2129);
#1597=LINE('',#9495,#2130);
#1598=LINE('',#9496,#2131);
#1599=LINE('',#9499,#2132);
#1600=LINE('',#9501,#2133);
#1601=LINE('',#9502,#2134);
#1602=LINE('',#9505,#2135);
#1603=LINE('',#9507,#2136);
#1604=LINE('',#9508,#2137);
#1605=LINE('',#9511,#2138);
#1606=LINE('',#9513,#2139);
#1607=LINE('',#9514,#2140);
#1608=LINE('',#9517,#2141);
#1609=LINE('',#9519,#2142);
#1610=LINE('',#9520,#2143);
#1611=LINE('',#9523,#2144);
#1612=LINE('',#9525,#2145);
#1613=LINE('',#9526,#2146);
#1614=LINE('',#9528,#2147);
#1615=LINE('',#9529,#2148);
#1616=LINE('',#9550,#2149);
#1617=LINE('',#9557,#2150);
#1618=LINE('',#9580,#2151);
#1619=LINE('',#9603,#2152);
#1620=LINE('',#9626,#2153);
#1621=LINE('',#9649,#2154);
#1622=LINE('',#9672,#2155);
#1623=LINE('',#9695,#2156);
#1624=LINE('',#9718,#2157);
#1625=LINE('',#9741,#2158);
#1626=LINE('',#9764,#2159);
#1627=LINE('',#9787,#2160);
#1628=LINE('',#9810,#2161);
#1629=LINE('',#9833,#2162);
#1630=LINE('',#9856,#2163);
#1631=LINE('',#9879,#2164);
#1632=LINE('',#9905,#2165);
#1633=LINE('',#9907,#2166);
#1634=LINE('',#9909,#2167);
#1635=LINE('',#9910,#2168);
#1636=LINE('',#9913,#2169);
#1637=LINE('',#9915,#2170);
#1638=LINE('',#9916,#2171);
#1639=LINE('',#9919,#2172);
#1640=LINE('',#9921,#2173);
#1641=LINE('',#9922,#2174);
#1642=LINE('',#9925,#2175);
#1643=LINE('',#9927,#2176);
#1644=LINE('',#9928,#2177);
#1645=LINE('',#9931,#2178);
#1646=LINE('',#9933,#2179);
#1647=LINE('',#9934,#2180);
#1648=LINE('',#9937,#2181);
#1649=LINE('',#9939,#2182);
#1650=LINE('',#9940,#2183);
#1651=LINE('',#9943,#2184);
#1652=LINE('',#9945,#2185);
#1653=LINE('',#9946,#2186);
#1654=LINE('',#9949,#2187);
#1655=LINE('',#9951,#2188);
#1656=LINE('',#9952,#2189);
#1657=LINE('',#9955,#2190);
#1658=LINE('',#9957,#2191);
#1659=LINE('',#9958,#2192);
#1660=LINE('',#9960,#2193);
#1661=LINE('',#9961,#2194);
#1662=LINE('',#9967,#2195);
#1663=LINE('',#9969,#2196);
#1664=LINE('',#9971,#2197);
#1665=LINE('',#9972,#2198);
#1666=LINE('',#9975,#2199);
#1667=LINE('',#9977,#2200);
#1668=LINE('',#9978,#2201);
#1669=LINE('',#9981,#2202);
#1670=LINE('',#9983,#2203);
#1671=LINE('',#9984,#2204);
#1672=LINE('',#9987,#2205);
#1673=LINE('',#9989,#2206);
#1674=LINE('',#9990,#2207);
#1675=LINE('',#9993,#2208);
#1676=LINE('',#9995,#2209);
#1677=LINE('',#9996,#2210);
#1678=LINE('',#9999,#2211);
#1679=LINE('',#10001,#2212);
#1680=LINE('',#10002,#2213);
#1681=LINE('',#10025,#2214);
#1682=LINE('',#10048,#2215);
#1683=LINE('',#10071,#2216);
#1684=LINE('',#10094,#2217);
#1685=LINE('',#10117,#2218);
#1686=LINE('',#10140,#2219);
#1687=LINE('',#10143,#2220);
#1688=LINE('',#10145,#2221);
#1689=LINE('',#10146,#2222);
#1690=LINE('',#10169,#2223);
#1691=LINE('',#10192,#2224);
#1692=LINE('',#10215,#2225);
#1693=LINE('',#10238,#2226);
#1694=LINE('',#10261,#2227);
#1695=LINE('',#10284,#2228);
#1696=LINE('',#10287,#2229);
#1697=LINE('',#10289,#2230);
#1698=LINE('',#10290,#2231);
#1699=LINE('',#10292,#2232);
#1700=LINE('',#10293,#2233);
#1701=LINE('',#10314,#2234);
#1702=LINE('',#10321,#2235);
#1703=LINE('',#10344,#2236);
#1704=LINE('',#10367,#2237);
#1705=LINE('',#10390,#2238);
#1706=LINE('',#10413,#2239);
#1707=LINE('',#10416,#2240);
#1708=LINE('',#10418,#2241);
#1709=LINE('',#10419,#2242);
#1710=LINE('',#10442,#2243);
#1711=LINE('',#10465,#2244);
#1712=LINE('',#10488,#2245);
#1713=LINE('',#10511,#2246);
#1714=LINE('',#10534,#2247);
#1715=LINE('',#10557,#2248);
#1716=LINE('',#10580,#2249);
#1717=LINE('',#10603,#2250);
#1718=LINE('',#10642,#2251);
#1719=LINE('',#10649,#2252);
#1720=LINE('',#10672,#2253);
#1721=LINE('',#10695,#2254);
#1722=LINE('',#10718,#2255);
#1723=LINE('',#10741,#2256);
#1724=LINE('',#10744,#2257);
#1725=LINE('',#10746,#2258);
#1726=LINE('',#10747,#2259);
#1727=LINE('',#10750,#2260);
#1728=LINE('',#10752,#2261);
#1729=LINE('',#10753,#2262);
#1730=LINE('',#10756,#2263);
#1731=LINE('',#10758,#2264);
#1732=LINE('',#10759,#2265);
#1733=LINE('',#10762,#2266);
#1734=LINE('',#10764,#2267);
#1735=LINE('',#10765,#2268);
#1736=LINE('',#10788,#2269);
#1737=LINE('',#10811,#2270);
#1738=LINE('',#10834,#2271);
#1739=LINE('',#10857,#2272);
#1740=LINE('',#10880,#2273);
#1741=LINE('',#10903,#2274);
#1742=LINE('',#10944,#2275);
#1743=LINE('',#10951,#2276);
#1744=LINE('',#10974,#2277);
#1745=LINE('',#10997,#2278);
#1746=LINE('',#11000,#2279);
#1747=LINE('',#11002,#2280);
#1748=LINE('',#11003,#2281);
#1749=LINE('',#11026,#2282);
#1750=LINE('',#11049,#2283);
#1751=LINE('',#11072,#2284);
#1752=LINE('',#11095,#2285);
#1753=LINE('',#11134,#2286);
#1754=LINE('',#11141,#2287);
#1755=LINE('',#11164,#2288);
#1756=LINE('',#11187,#2289);
#1757=LINE('',#11210,#2290);
#1758=LINE('',#11233,#2291);
#1759=LINE('',#11236,#2292);
#1760=LINE('',#11238,#2293);
#1761=LINE('',#11239,#2294);
#1762=LINE('',#11242,#2295);
#1763=LINE('',#11244,#2296);
#1764=LINE('',#11245,#2297);
#1765=LINE('',#11248,#2298);
#1766=LINE('',#11250,#2299);
#1767=LINE('',#11251,#2300);
#1768=LINE('',#11254,#2301);
#1769=LINE('',#11256,#2302);
#1770=LINE('',#11257,#2303);
#1771=LINE('',#11260,#2304);
#1772=LINE('',#11262,#2305);
#1773=LINE('',#11263,#2306);
#1774=LINE('',#11286,#2307);
#1775=LINE('',#11309,#2308);
#1776=LINE('',#11332,#2309);
#1777=LINE('',#11355,#2310);
#1778=LINE('',#11378,#2311);
#1779=LINE('',#11401,#2312);
#1780=LINE('',#11427,#2313);
#1781=LINE('',#11429,#2314);
#1782=LINE('',#11431,#2315);
#1783=LINE('',#11432,#2316);
#1784=LINE('',#11435,#2317);
#1785=LINE('',#11437,#2318);
#1786=LINE('',#11438,#2319);
#1787=LINE('',#11441,#2320);
#1788=LINE('',#11443,#2321);
#1789=LINE('',#11444,#2322);
#1790=LINE('',#11447,#2323);
#1791=LINE('',#11449,#2324);
#1792=LINE('',#11450,#2325);
#1793=LINE('',#11453,#2326);
#1794=LINE('',#11455,#2327);
#1795=LINE('',#11456,#2328);
#1796=LINE('',#11459,#2329);
#1797=LINE('',#11461,#2330);
#1798=LINE('',#11462,#2331);
#1799=LINE('',#11465,#2332);
#1800=LINE('',#11467,#2333);
#1801=LINE('',#11468,#2334);
#1802=LINE('',#11471,#2335);
#1803=LINE('',#11473,#2336);
#1804=LINE('',#11474,#2337);
#1805=LINE('',#11477,#2338);
#1806=LINE('',#11479,#2339);
#1807=LINE('',#11480,#2340);
#1808=LINE('',#11483,#2341);
#1809=LINE('',#11485,#2342);
#1810=LINE('',#11486,#2343);
#1811=LINE('',#11489,#2344);
#1812=LINE('',#11491,#2345);
#1813=LINE('',#11492,#2346);
#1814=LINE('',#11495,#2347);
#1815=LINE('',#11497,#2348);
#1816=LINE('',#11498,#2349);
#1817=LINE('',#11501,#2350);
#1818=LINE('',#11503,#2351);
#1819=LINE('',#11504,#2352);
#1820=LINE('',#11507,#2353);
#1821=LINE('',#11509,#2354);
#1822=LINE('',#11510,#2355);
#1823=LINE('',#11513,#2356);
#1824=LINE('',#11515,#2357);
#1825=LINE('',#11516,#2358);
#1826=LINE('',#11519,#2359);
#1827=LINE('',#11521,#2360);
#1828=LINE('',#11522,#2361);
#1829=LINE('',#11525,#2362);
#1830=LINE('',#11527,#2363);
#1831=LINE('',#11528,#2364);
#1832=LINE('',#11531,#2365);
#1833=LINE('',#11533,#2366);
#1834=LINE('',#11534,#2367);
#1835=LINE('',#11536,#2368);
#1836=LINE('',#11537,#2369);
#1837=VECTOR('',#6312,10.);
#1838=VECTOR('',#6315,10.);
#1839=VECTOR('',#6318,10.);
#1840=VECTOR('',#6319,10.);
#1841=VECTOR('',#6320,10.);
#1842=VECTOR('',#6323,10.);
#1843=VECTOR('',#6326,10.);
#1844=VECTOR('',#6329,10.);
#1845=VECTOR('',#6338,10.);
#1846=VECTOR('',#6341,10.);
#1847=VECTOR('',#6344,10.);
#1848=VECTOR('',#6347,10.);
#1849=VECTOR('',#6354,10.);
#1850=VECTOR('',#6357,10.);
#1851=VECTOR('',#6360,10.);
#1852=VECTOR('',#6363,10.);
#1853=VECTOR('',#6366,10.);
#1854=VECTOR('',#6369,10.);
#1855=VECTOR('',#6372,10.);
#1856=VECTOR('',#6375,10.);
#1857=VECTOR('',#6380,10.);
#1858=VECTOR('',#6383,10.);
#1859=VECTOR('',#6386,10.);
#1860=VECTOR('',#6389,10.);
#1861=VECTOR('',#6392,10.);
#1862=VECTOR('',#6395,10.);
#1863=VECTOR('',#6398,10.);
#1864=VECTOR('',#6401,10.);
#1865=VECTOR('',#6404,10.);
#1866=VECTOR('',#6407,10.);
#1867=VECTOR('',#6410,10.);
#1868=VECTOR('',#6413,10.);
#1869=VECTOR('',#6416,10.);
#1870=VECTOR('',#6421,10.);
#1871=VECTOR('',#6422,10.);
#1872=VECTOR('',#6425,10.);
#1873=VECTOR('',#6430,10.);
#1874=VECTOR('',#6431,10.);
#1875=VECTOR('',#6434,10.);
#1876=VECTOR('',#6439,10.);
#1877=VECTOR('',#6440,10.);
#1878=VECTOR('',#6441,10.);
#1879=VECTOR('',#6446,10.);
#1880=VECTOR('',#6449,10.);
#1881=VECTOR('',#6450,10.);
#1882=VECTOR('',#6455,10.);
#1883=VECTOR('',#6458,10.);
#1884=VECTOR('',#6459,10.);
#1885=VECTOR('',#6464,10.);
#1886=VECTOR('',#6467,10.);
#1887=VECTOR('',#6468,10.);
#1888=VECTOR('',#6475,10.);
#1889=VECTOR('',#6476,10.);
#1890=VECTOR('',#6477,10.);
#1891=VECTOR('',#6482,10.);
#1892=VECTOR('',#6485,10.);
#1893=VECTOR('',#6486,10.);
#1894=VECTOR('',#6491,10.);
#1895=VECTOR('',#6494,10.);
#1896=VECTOR('',#6495,10.);
#1897=VECTOR('',#6500,10.);
#1898=VECTOR('',#6503,10.);
#1899=VECTOR('',#6504,10.);
#1900=VECTOR('',#6511,10.);
#1901=VECTOR('',#6512,10.);
#1902=VECTOR('',#6513,10.);
#1903=VECTOR('',#6518,10.);
#1904=VECTOR('',#6521,10.);
#1905=VECTOR('',#6522,10.);
#1906=VECTOR('',#6527,10.);
#1907=VECTOR('',#6530,10.);
#1908=VECTOR('',#6531,10.);
#1909=VECTOR('',#6536,10.);
#1910=VECTOR('',#6539,10.);
#1911=VECTOR('',#6540,10.);
#1912=VECTOR('',#6547,1.6);
#1913=VECTOR('',#6552,10.);
#1914=VECTOR('',#6553,10.);
#1915=VECTOR('',#6554,10.);
#1916=VECTOR('',#6559,10.);
#1917=VECTOR('',#6562,10.);
#1918=VECTOR('',#6563,10.);
#1919=VECTOR('',#6568,10.);
#1920=VECTOR('',#6571,10.);
#1921=VECTOR('',#6572,10.);
#1922=VECTOR('',#6577,10.);
#1923=VECTOR('',#6580,10.);
#1924=VECTOR('',#6581,10.);
#1925=VECTOR('',#6588,10.);
#1926=VECTOR('',#6589,10.);
#1927=VECTOR('',#6590,10.);
#1928=VECTOR('',#6595,10.);
#1929=VECTOR('',#6598,10.);
#1930=VECTOR('',#6599,10.);
#1931=VECTOR('',#6604,10.);
#1932=VECTOR('',#6607,10.);
#1933=VECTOR('',#6608,10.);
#1934=VECTOR('',#6613,10.);
#1935=VECTOR('',#6616,10.);
#1936=VECTOR('',#6617,10.);
#1937=VECTOR('',#6624,1.7);
#1938=VECTOR('',#6629,1.7);
#1939=VECTOR('',#6634,10.);
#1940=VECTOR('',#6635,10.);
#1941=VECTOR('',#6636,10.);
#1942=VECTOR('',#6641,10.);
#1943=VECTOR('',#6644,10.);
#1944=VECTOR('',#6645,10.);
#1945=VECTOR('',#6650,10.);
#1946=VECTOR('',#6653,10.);
#1947=VECTOR('',#6654,10.);
#1948=VECTOR('',#6659,10.);
#1949=VECTOR('',#6662,10.);
#1950=VECTOR('',#6663,10.);
#1951=VECTOR('',#6670,1.7);
#1952=VECTOR('',#6675,1.7);
#1953=VECTOR('',#6680,10.);
#1954=VECTOR('',#6693,1.6);
#1955=VECTOR('',#6694,10.);
#1956=VECTOR('',#6695,10.);
#1957=VECTOR('',#6696,10.);
#1958=VECTOR('',#6697,10.);
#1959=VECTOR('',#6698,10.);
#1960=VECTOR('',#6699,10.);
#1961=VECTOR('',#6700,10.);
#1962=VECTOR('',#6701,10.);
#1963=VECTOR('',#6702,10.);
#1964=VECTOR('',#6703,10.);
#1965=VECTOR('',#6704,10.);
#1966=VECTOR('',#6707,10.);
#1967=VECTOR('',#6708,10.);
#1968=VECTOR('',#6709,10.);
#1969=VECTOR('',#6712,10.);
#1970=VECTOR('',#6713,10.);
#1971=VECTOR('',#6716,10.);
#1972=VECTOR('',#6717,10.);
#1973=VECTOR('',#6718,10.);
#1974=VECTOR('',#6719,10.);
#1975=VECTOR('',#6720,10.);
#1976=VECTOR('',#6721,10.);
#1977=VECTOR('',#6722,10.);
#1978=VECTOR('',#6723,10.);
#1979=VECTOR('',#6724,10.);
#1980=VECTOR('',#6725,10.);
#1981=VECTOR('',#6726,10.);
#1982=VECTOR('',#6727,10.);
#1983=VECTOR('',#6730,10.);
#1984=VECTOR('',#6731,10.);
#1985=VECTOR('',#6732,10.);
#1986=VECTOR('',#6733,10.);
#1987=VECTOR('',#6734,10.);
#1988=VECTOR('',#6735,10.);
#1989=VECTOR('',#6736,10.);
#1990=VECTOR('',#6739,10.);
#1991=VECTOR('',#6740,10.);
#1992=VECTOR('',#6741,10.);
#1993=VECTOR('',#6744,10.);
#1994=VECTOR('',#6745,10.);
#1995=VECTOR('',#6746,10.);
#1996=VECTOR('',#6747,10.);
#1997=VECTOR('',#6748,10.);
#1998=VECTOR('',#6749,10.);
#1999=VECTOR('',#6750,10.);
#2000=VECTOR('',#6751,10.);
#2001=VECTOR('',#6752,10.);
#2002=VECTOR('',#6753,10.);
#2003=VECTOR('',#6754,10.);
#2004=VECTOR('',#6757,10.);
#2005=VECTOR('',#6758,10.);
#2006=VECTOR('',#6759,10.);
#2007=VECTOR('',#6762,10.);
#2008=VECTOR('',#6763,10.);
#2009=VECTOR('',#6768,10.);
#2010=VECTOR('',#6769,10.);
#2011=VECTOR('',#6770,10.);
#2012=VECTOR('',#6771,10.);
#2013=VECTOR('',#6772,10.);
#2014=VECTOR('',#6773,10.);
#2015=VECTOR('',#6774,10.);
#2016=VECTOR('',#6775,10.);
#2017=VECTOR('',#6776,10.);
#2018=VECTOR('',#6779,10.);
#2019=VECTOR('',#6780,10.);
#2020=VECTOR('',#6781,10.);
#2021=VECTOR('',#6782,10.);
#2022=VECTOR('',#6783,10.);
#2023=VECTOR('',#6784,10.);
#2024=VECTOR('',#6785,10.);
#2025=VECTOR('',#6786,10.);
#2026=VECTOR('',#6787,10.);
#2027=VECTOR('',#6788,10.);
#2028=VECTOR('',#6789,10.);
#2029=VECTOR('',#6790,10.);
#2030=VECTOR('',#6791,10.);
#2031=VECTOR('',#6792,10.);
#2032=VECTOR('',#6793,10.);
#2033=VECTOR('',#6794,10.);
#2034=VECTOR('',#6797,10.);
#2035=VECTOR('',#6798,10.);
#2036=VECTOR('',#6799,10.);
#2037=VECTOR('',#6800,10.);
#2038=VECTOR('',#6801,10.);
#2039=VECTOR('',#6802,10.);
#2040=VECTOR('',#6803,10.);
#2041=VECTOR('',#6804,10.);
#2042=VECTOR('',#6805,10.);
#2043=VECTOR('',#6808,10.);
#2044=VECTOR('',#6809,10.);
#2045=VECTOR('',#6810,10.);
#2046=VECTOR('',#6811,10.);
#2047=VECTOR('',#6812,10.);
#2048=VECTOR('',#6817,10.);
#2049=VECTOR('',#6818,10.);
#2050=VECTOR('',#6819,10.);
#2051=VECTOR('',#6820,10.);
#2052=VECTOR('',#6821,10.);
#2053=VECTOR('',#6824,10.);
#2054=VECTOR('',#6825,10.);
#2055=VECTOR('',#6826,10.);
#2056=VECTOR('',#6829,10.);
#2057=VECTOR('',#6830,10.);
#2058=VECTOR('',#6831,10.);
#2059=VECTOR('',#6834,10.);
#2060=VECTOR('',#6835,10.);
#2061=VECTOR('',#6836,10.);
#2062=VECTOR('',#6839,10.);
#2063=VECTOR('',#6840,10.);
#2064=VECTOR('',#6841,10.);
#2065=VECTOR('',#6844,10.);
#2066=VECTOR('',#6845,10.);
#2067=VECTOR('',#6846,10.);
#2068=VECTOR('',#6849,10.);
#2069=VECTOR('',#6850,10.);
#2070=VECTOR('',#6851,10.);
#2071=VECTOR('',#6854,10.);
#2072=VECTOR('',#6855,10.);
#2073=VECTOR('',#6856,10.);
#2074=VECTOR('',#6859,10.);
#2075=VECTOR('',#6860,10.);
#2076=VECTOR('',#6861,10.);
#2077=VECTOR('',#6864,10.);
#2078=VECTOR('',#6865,10.);
#2079=VECTOR('',#6866,10.);
#2080=VECTOR('',#6869,10.);
#2081=VECTOR('',#6870,10.);
#2082=VECTOR('',#6871,10.);
#2083=VECTOR('',#6874,10.);
#2084=VECTOR('',#6875,10.);
#2085=VECTOR('',#6876,10.);
#2086=VECTOR('',#6877,10.);
#2087=VECTOR('',#6878,10.);
#2088=VECTOR('',#6879,10.);
#2089=VECTOR('',#6880,10.);
#2090=VECTOR('',#6883,10.);
#2091=VECTOR('',#6884,10.);
#2092=VECTOR('',#6891,10.);
#2093=VECTOR('',#6892,10.);
#2094=VECTOR('',#6893,10.);
#2095=VECTOR('',#6894,10.);
#2096=VECTOR('',#6897,10.);
#2097=VECTOR('',#6898,10.);
#2098=VECTOR('',#6899,10.);
#2099=VECTOR('',#6902,10.);
#2100=VECTOR('',#6903,10.);
#2101=VECTOR('',#6904,10.);
#2102=VECTOR('',#6907,10.);
#2103=VECTOR('',#6908,10.);
#2104=VECTOR('',#6909,10.);
#2105=VECTOR('',#6912,10.);
#2106=VECTOR('',#6913,10.);
#2107=VECTOR('',#6914,10.);
#2108=VECTOR('',#6917,10.);
#2109=VECTOR('',#6918,10.);
#2110=VECTOR('',#6919,10.);
#2111=VECTOR('',#6922,10.);
#2112=VECTOR('',#6923,10.);
#2113=VECTOR('',#6924,10.);
#2114=VECTOR('',#6927,10.);
#2115=VECTOR('',#6928,10.);
#2116=VECTOR('',#6929,10.);
#2117=VECTOR('',#6932,10.);
#2118=VECTOR('',#6933,10.);
#2119=VECTOR('',#6934,10.);
#2120=VECTOR('',#6937,10.);
#2121=VECTOR('',#6938,10.);
#2122=VECTOR('',#6939,10.);
#2123=VECTOR('',#6942,10.);
#2124=VECTOR('',#6943,10.);
#2125=VECTOR('',#6944,10.);
#2126=VECTOR('',#6947,10.);
#2127=VECTOR('',#6948,10.);
#2128=VECTOR('',#6949,10.);
#2129=VECTOR('',#6952,10.);
#2130=VECTOR('',#6953,10.);
#2131=VECTOR('',#6954,10.);
#2132=VECTOR('',#6957,10.);
#2133=VECTOR('',#6958,10.);
#2134=VECTOR('',#6959,10.);
#2135=VECTOR('',#6962,10.);
#2136=VECTOR('',#6963,10.);
#2137=VECTOR('',#6964,10.);
#2138=VECTOR('',#6967,10.);
#2139=VECTOR('',#6968,10.);
#2140=VECTOR('',#6969,10.);
#2141=VECTOR('',#6972,10.);
#2142=VECTOR('',#6973,10.);
#2143=VECTOR('',#6974,10.);
#2144=VECTOR('',#6977,10.);
#2145=VECTOR('',#6978,10.);
#2146=VECTOR('',#6979,10.);
#2147=VECTOR('',#6982,10.);
#2148=VECTOR('',#6983,10.);
#2149=VECTOR('',#6988,10.);
#2150=VECTOR('',#6989,10.);
#2151=VECTOR('',#6990,10.);
#2152=VECTOR('',#6991,10.);
#2153=VECTOR('',#6992,10.);
#2154=VECTOR('',#6993,10.);
#2155=VECTOR('',#6994,10.);
#2156=VECTOR('',#6995,10.);
#2157=VECTOR('',#6996,10.);
#2158=VECTOR('',#6997,10.);
#2159=VECTOR('',#6998,10.);
#2160=VECTOR('',#6999,10.);
#2161=VECTOR('',#7000,10.);
#2162=VECTOR('',#7001,10.);
#2163=VECTOR('',#7002,10.);
#2164=VECTOR('',#7003,10.);
#2165=VECTOR('',#7010,10.);
#2166=VECTOR('',#7011,10.);
#2167=VECTOR('',#7012,10.);
#2168=VECTOR('',#7013,10.);
#2169=VECTOR('',#7016,10.);
#2170=VECTOR('',#7017,10.);
#2171=VECTOR('',#7018,10.);
#2172=VECTOR('',#7021,10.);
#2173=VECTOR('',#7022,10.);
#2174=VECTOR('',#7023,10.);
#2175=VECTOR('',#7026,10.);
#2176=VECTOR('',#7027,10.);
#2177=VECTOR('',#7028,10.);
#2178=VECTOR('',#7031,10.);
#2179=VECTOR('',#7032,10.);
#2180=VECTOR('',#7033,10.);
#2181=VECTOR('',#7036,10.);
#2182=VECTOR('',#7037,10.);
#2183=VECTOR('',#7038,10.);
#2184=VECTOR('',#7041,10.);
#2185=VECTOR('',#7042,10.);
#2186=VECTOR('',#7043,10.);
#2187=VECTOR('',#7046,10.);
#2188=VECTOR('',#7047,10.);
#2189=VECTOR('',#7048,10.);
#2190=VECTOR('',#7051,10.);
#2191=VECTOR('',#7052,10.);
#2192=VECTOR('',#7053,10.);
#2193=VECTOR('',#7056,10.);
#2194=VECTOR('',#7057,10.);
#2195=VECTOR('',#7064,10.);
#2196=VECTOR('',#7065,10.);
#2197=VECTOR('',#7066,10.);
#2198=VECTOR('',#7067,10.);
#2199=VECTOR('',#7070,10.);
#2200=VECTOR('',#7071,10.);
#2201=VECTOR('',#7072,10.);
#2202=VECTOR('',#7075,10.);
#2203=VECTOR('',#7076,10.);
#2204=VECTOR('',#7077,10.);
#2205=VECTOR('',#7080,10.);
#2206=VECTOR('',#7081,10.);
#2207=VECTOR('',#7082,10.);
#2208=VECTOR('',#7085,10.);
#2209=VECTOR('',#7086,10.);
#2210=VECTOR('',#7087,10.);
#2211=VECTOR('',#7090,10.);
#2212=VECTOR('',#7091,10.);
#2213=VECTOR('',#7092,10.);
#2214=VECTOR('',#7093,10.);
#2215=VECTOR('',#7094,10.);
#2216=VECTOR('',#7095,10.);
#2217=VECTOR('',#7096,10.);
#2218=VECTOR('',#7097,10.);
#2219=VECTOR('',#7098,10.);
#2220=VECTOR('',#7101,10.);
#2221=VECTOR('',#7102,10.);
#2222=VECTOR('',#7103,10.);
#2223=VECTOR('',#7104,10.);
#2224=VECTOR('',#7105,10.);
#2225=VECTOR('',#7106,10.);
#2226=VECTOR('',#7107,10.);
#2227=VECTOR('',#7108,10.);
#2228=VECTOR('',#7109,10.);
#2229=VECTOR('',#7112,10.);
#2230=VECTOR('',#7113,10.);
#2231=VECTOR('',#7114,10.);
#2232=VECTOR('',#7117,10.);
#2233=VECTOR('',#7118,10.);
#2234=VECTOR('',#7123,10.);
#2235=VECTOR('',#7124,10.);
#2236=VECTOR('',#7125,10.);
#2237=VECTOR('',#7126,10.);
#2238=VECTOR('',#7127,10.);
#2239=VECTOR('',#7128,10.);
#2240=VECTOR('',#7131,10.);
#2241=VECTOR('',#7132,10.);
#2242=VECTOR('',#7133,10.);
#2243=VECTOR('',#7134,10.);
#2244=VECTOR('',#7135,10.);
#2245=VECTOR('',#7136,10.);
#2246=VECTOR('',#7137,10.);
#2247=VECTOR('',#7138,10.);
#2248=VECTOR('',#7139,10.);
#2249=VECTOR('',#7140,10.);
#2250=VECTOR('',#7141,10.);
#2251=VECTOR('',#7142,10.);
#2252=VECTOR('',#7143,10.);
#2253=VECTOR('',#7144,10.);
#2254=VECTOR('',#7145,10.);
#2255=VECTOR('',#7146,10.);
#2256=VECTOR('',#7147,10.);
#2257=VECTOR('',#7150,10.);
#2258=VECTOR('',#7151,10.);
#2259=VECTOR('',#7152,10.);
#2260=VECTOR('',#7155,10.);
#2261=VECTOR('',#7156,10.);
#2262=VECTOR('',#7157,10.);
#2263=VECTOR('',#7160,10.);
#2264=VECTOR('',#7161,10.);
#2265=VECTOR('',#7162,10.);
#2266=VECTOR('',#7165,10.);
#2267=VECTOR('',#7166,10.);
#2268=VECTOR('',#7167,10.);
#2269=VECTOR('',#7168,10.);
#2270=VECTOR('',#7169,10.);
#2271=VECTOR('',#7170,10.);
#2272=VECTOR('',#7171,10.);
#2273=VECTOR('',#7172,10.);
#2274=VECTOR('',#7173,10.);
#2275=VECTOR('',#7178,10.);
#2276=VECTOR('',#7179,10.);
#2277=VECTOR('',#7180,10.);
#2278=VECTOR('',#7181,10.);
#2279=VECTOR('',#7184,10.);
#2280=VECTOR('',#7185,10.);
#2281=VECTOR('',#7186,10.);
#2282=VECTOR('',#7187,10.);
#2283=VECTOR('',#7188,10.);
#2284=VECTOR('',#7189,10.);
#2285=VECTOR('',#7190,10.);
#2286=VECTOR('',#7191,10.);
#2287=VECTOR('',#7192,10.);
#2288=VECTOR('',#7193,10.);
#2289=VECTOR('',#7194,10.);
#2290=VECTOR('',#7195,10.);
#2291=VECTOR('',#7196,10.);
#2292=VECTOR('',#7199,10.);
#2293=VECTOR('',#7200,10.);
#2294=VECTOR('',#7201,10.);
#2295=VECTOR('',#7204,10.);
#2296=VECTOR('',#7205,10.);
#2297=VECTOR('',#7206,10.);
#2298=VECTOR('',#7209,10.);
#2299=VECTOR('',#7210,10.);
#2300=VECTOR('',#7211,10.);
#2301=VECTOR('',#7214,10.);
#2302=VECTOR('',#7215,10.);
#2303=VECTOR('',#7216,10.);
#2304=VECTOR('',#7219,10.);
#2305=VECTOR('',#7220,10.);
#2306=VECTOR('',#7221,10.);
#2307=VECTOR('',#7222,10.);
#2308=VECTOR('',#7223,10.);
#2309=VECTOR('',#7224,10.);
#2310=VECTOR('',#7225,10.);
#2311=VECTOR('',#7226,10.);
#2312=VECTOR('',#7227,10.);
#2313=VECTOR('',#7234,10.);
#2314=VECTOR('',#7235,10.);
#2315=VECTOR('',#7236,10.);
#2316=VECTOR('',#7237,10.);
#2317=VECTOR('',#7240,10.);
#2318=VECTOR('',#7241,10.);
#2319=VECTOR('',#7242,10.);
#2320=VECTOR('',#7245,10.);
#2321=VECTOR('',#7246,10.);
#2322=VECTOR('',#7247,10.);
#2323=VECTOR('',#7250,10.);
#2324=VECTOR('',#7251,10.);
#2325=VECTOR('',#7252,10.);
#2326=VECTOR('',#7255,10.);
#2327=VECTOR('',#7256,10.);
#2328=VECTOR('',#7257,10.);
#2329=VECTOR('',#7260,10.);
#2330=VECTOR('',#7261,10.);
#2331=VECTOR('',#7262,10.);
#2332=VECTOR('',#7265,10.);
#2333=VECTOR('',#7266,10.);
#2334=VECTOR('',#7267,10.);
#2335=VECTOR('',#7270,10.);
#2336=VECTOR('',#7271,10.);
#2337=VECTOR('',#7272,10.);
#2338=VECTOR('',#7275,10.);
#2339=VECTOR('',#7276,10.);
#2340=VECTOR('',#7277,10.);
#2341=VECTOR('',#7280,10.);
#2342=VECTOR('',#7281,10.);
#2343=VECTOR('',#7282,10.);
#2344=VECTOR('',#7285,10.);
#2345=VECTOR('',#7286,10.);
#2346=VECTOR('',#7287,10.);
#2347=VECTOR('',#7290,10.);
#2348=VECTOR('',#7291,10.);
#2349=VECTOR('',#7292,10.);
#2350=VECTOR('',#7295,10.);
#2351=VECTOR('',#7296,10.);
#2352=VECTOR('',#7297,10.);
#2353=VECTOR('',#7300,10.);
#2354=VECTOR('',#7301,10.);
#2355=VECTOR('',#7302,10.);
#2356=VECTOR('',#7305,10.);
#2357=VECTOR('',#7306,10.);
#2358=VECTOR('',#7307,10.);
#2359=VECTOR('',#7310,10.);
#2360=VECTOR('',#7311,10.);
#2361=VECTOR('',#7312,10.);
#2362=VECTOR('',#7315,10.);
#2363=VECTOR('',#7316,10.);
#2364=VECTOR('',#7317,10.);
#2365=VECTOR('',#7320,10.);
#2366=VECTOR('',#7321,10.);
#2367=VECTOR('',#7322,10.);
#2368=VECTOR('',#7325,10.);
#2369=VECTOR('',#7326,10.);
#2370=CIRCLE('',#6062,5.);
#2371=CIRCLE('',#6063,5.);
#2372=CIRCLE('',#6066,5.);
#2373=CIRCLE('',#6067,5.);
#2374=CIRCLE('',#6068,5.);
#2375=CIRCLE('',#6069,1.7);
#2376=CIRCLE('',#6070,1.7);
#2377=CIRCLE('',#6071,0.5);
#2378=CIRCLE('',#6072,0.499999999999998);
#2379=CIRCLE('',#6073,0.499999999999998);
#2380=CIRCLE('',#6074,0.499999999999998);
#2381=CIRCLE('',#6075,1.7);
#2382=CIRCLE('',#6076,1.7);
#2383=CIRCLE('',#6077,0.5);
#2384=CIRCLE('',#6078,0.500000000000003);
#2385=CIRCLE('',#6079,0.499999999999998);
#2386=CIRCLE('',#6080,0.499999999999998);
#2387=CIRCLE('',#6081,0.499999999999998);
#2388=CIRCLE('',#6082,0.499999999999998);
#2389=CIRCLE('',#6083,0.500000000000003);
#2390=CIRCLE('',#6084,0.499999999999998);
#2391=CIRCLE('',#6085,1.6);
#2392=CIRCLE('',#6086,0.499999999999998);
#2393=CIRCLE('',#6087,0.500000000000003);
#2394=CIRCLE('',#6088,0.500000000000003);
#2395=CIRCLE('',#6089,0.499999999999998);
#2396=CIRCLE('',#6090,0.5);
#2397=CIRCLE('',#6091,0.499999999999998);
#2398=CIRCLE('',#6092,0.499999999999998);
#2399=CIRCLE('',#6093,0.5);
#2400=CIRCLE('',#6094,0.499999999999998);
#2401=CIRCLE('',#6095,0.499999999999998);
#2402=CIRCLE('',#6096,0.500000000000003);
#2403=CIRCLE('',#6097,0.5);
#2404=CIRCLE('',#6099,5.);
#2405=CIRCLE('',#6102,5.);
#2406=CIRCLE('',#6105,5.);
#2407=CIRCLE('',#6108,0.5);
#2408=CIRCLE('',#6111,0.500000000000003);
#2409=CIRCLE('',#6114,0.499999999999998);
#2410=CIRCLE('',#6117,0.499999999999998);
#2411=CIRCLE('',#6120,0.5);
#2412=CIRCLE('',#6123,0.499999999999998);
#2413=CIRCLE('',#6126,0.499999999999998);
#2414=CIRCLE('',#6129,0.5);
#2415=CIRCLE('',#6132,0.499999999999998);
#2416=CIRCLE('',#6135,0.500000000000003);
#2417=CIRCLE('',#6138,0.500000000000003);
#2418=CIRCLE('',#6141,0.499999999999998);
#2419=CIRCLE('',#6143,1.6);
#2420=CIRCLE('',#6146,0.499999999999998);
#2421=CIRCLE('',#6149,0.500000000000003);
#2422=CIRCLE('',#6152,0.499999999999998);
#2423=CIRCLE('',#6155,0.499999999999998);
#2424=CIRCLE('',#6158,0.499999999999998);
#2425=CIRCLE('',#6161,0.499999999999998);
#2426=CIRCLE('',#6164,0.500000000000003);
#2427=CIRCLE('',#6167,0.5);
#2428=CIRCLE('',#6169,1.7);
#2429=CIRCLE('',#6171,1.7);
#2430=CIRCLE('',#6174,0.499999999999998);
#2431=CIRCLE('',#6177,0.499999999999998);
#2432=CIRCLE('',#6180,0.499999999999998);
#2433=CIRCLE('',#6183,0.5);
#2434=CIRCLE('',#6185,1.7);
#2435=CIRCLE('',#6187,1.7);
#2436=CIRCLE('',#6191,1.6);
#2437=CIRCLE('',#6193,1.6);
#2438=VERTEX_POINT('',#7333);
#2439=VERTEX_POINT('',#7334);
#2440=VERTEX_POINT('',#7336);
#2441=VERTEX_POINT('',#7338);
#2442=VERTEX_POINT('',#7342);
#2443=VERTEX_POINT('',#7344);
#2444=VERTEX_POINT('',#7348);
#2445=VERTEX_POINT('',#7350);
#2446=VERTEX_POINT('',#7352);
#2447=VERTEX_POINT('',#7354);
#2448=VERTEX_POINT('',#7356);
#2449=VERTEX_POINT('',#7359);
#2450=VERTEX_POINT('',#7361);
#2451=VERTEX_POINT('',#7363);
#2452=VERTEX_POINT('',#7364);
#2453=VERTEX_POINT('',#7366);
#2454=VERTEX_POINT('',#7368);
#2455=VERTEX_POINT('',#7370);
#2456=VERTEX_POINT('',#7372);
#2457=VERTEX_POINT('',#7374);
#2458=VERTEX_POINT('',#7376);
#2459=VERTEX_POINT('',#7379);
#2460=VERTEX_POINT('',#7381);
#2461=VERTEX_POINT('',#7383);
#2462=VERTEX_POINT('',#7384);
#2463=VERTEX_POINT('',#7386);
#2464=VERTEX_POINT('',#7388);
#2465=VERTEX_POINT('',#7390);
#2466=VERTEX_POINT('',#7392);
#2467=VERTEX_POINT('',#7394);
#2468=VERTEX_POINT('',#7396);
#2469=VERTEX_POINT('',#7399);
#2470=VERTEX_POINT('',#7400);
#2471=VERTEX_POINT('',#7402);
#2472=VERTEX_POINT('',#7404);
#2473=VERTEX_POINT('',#7406);
#2474=VERTEX_POINT('',#7408);
#2475=VERTEX_POINT('',#7410);
#2476=VERTEX_POINT('',#7412);
#2477=VERTEX_POINT('',#7415);
#2478=VERTEX_POINT('',#7417);
#2479=VERTEX_POINT('',#7418);
#2480=VERTEX_POINT('',#7420);
#2481=VERTEX_POINT('',#7422);
#2482=VERTEX_POINT('',#7424);
#2483=VERTEX_POINT('',#7426);
#2484=VERTEX_POINT('',#7428);
#2485=VERTEX_POINT('',#7430);
#2486=VERTEX_POINT('',#7433);
#2487=VERTEX_POINT('',#7434);
#2488=VERTEX_POINT('',#7436);
#2489=VERTEX_POINT('',#7438);
#2490=VERTEX_POINT('',#7440);
#2491=VERTEX_POINT('',#7442);
#2492=VERTEX_POINT('',#7444);
#2493=VERTEX_POINT('',#7446);
#2494=VERTEX_POINT('',#7449);
#2495=VERTEX_POINT('',#7450);
#2496=VERTEX_POINT('',#7452);
#2497=VERTEX_POINT('',#7454);
#2498=VERTEX_POINT('',#7456);
#2499=VERTEX_POINT('',#7458);
#2500=VERTEX_POINT('',#7460);
#2501=VERTEX_POINT('',#7462);
#2502=VERTEX_POINT('',#7466);
#2503=VERTEX_POINT('',#7470);
#2504=VERTEX_POINT('',#7474);
#2505=VERTEX_POINT('',#7478);
#2506=VERTEX_POINT('',#7482);
#2507=VERTEX_POINT('',#7486);
#2508=VERTEX_POINT('',#7487);
#2509=VERTEX_POINT('',#7492);
#2510=VERTEX_POINT('',#7496);
#2511=VERTEX_POINT('',#7500);
#2512=VERTEX_POINT('',#7504);
#2513=VERTEX_POINT('',#7508);
#2514=VERTEX_POINT('',#7512);
#2515=VERTEX_POINT('',#7518);
#2516=VERTEX_POINT('',#7519);
#2517=VERTEX_POINT('',#7524);
#2518=VERTEX_POINT('',#7528);
#2519=VERTEX_POINT('',#7532);
#2520=VERTEX_POINT('',#7536);
#2521=VERTEX_POINT('',#7540);
#2522=VERTEX_POINT('',#7544);
#2523=VERTEX_POINT('',#7550);
#2524=VERTEX_POINT('',#7551);
#2525=VERTEX_POINT('',#7556);
#2526=VERTEX_POINT('',#7560);
#2527=VERTEX_POINT('',#7564);
#2528=VERTEX_POINT('',#7568);
#2529=VERTEX_POINT('',#7572);
#2530=VERTEX_POINT('',#7576);
#2531=VERTEX_POINT('',#7582);
#2532=VERTEX_POINT('',#7586);
#2533=VERTEX_POINT('',#7587);
#2534=VERTEX_POINT('',#7592);
#2535=VERTEX_POINT('',#7596);
#2536=VERTEX_POINT('',#7600);
#2537=VERTEX_POINT('',#7604);
#2538=VERTEX_POINT('',#7608);
#2539=VERTEX_POINT('',#7612);
#2540=VERTEX_POINT('',#7618);
#2541=VERTEX_POINT('',#7619);
#2542=VERTEX_POINT('',#7624);
#2543=VERTEX_POINT('',#7628);
#2544=VERTEX_POINT('',#7632);
#2545=VERTEX_POINT('',#7636);
#2546=VERTEX_POINT('',#7640);
#2547=VERTEX_POINT('',#7644);
#2548=VERTEX_POINT('',#7650);
#2549=VERTEX_POINT('',#7654);
#2550=VERTEX_POINT('',#7658);
#2551=VERTEX_POINT('',#7659);
#2552=VERTEX_POINT('',#7664);
#2553=VERTEX_POINT('',#7668);
#2554=VERTEX_POINT('',#7672);
#2555=VERTEX_POINT('',#7676);
#2556=VERTEX_POINT('',#7680);
#2557=VERTEX_POINT('',#7684);
#2558=VERTEX_POINT('',#7690);
#2559=VERTEX_POINT('',#7694);
#2560=VERTEX_POINT('',#7701);
#2561=VERTEX_POINT('',#7704);
#2562=VERTEX_POINT('',#7718);
#2563=VERTEX_POINT('',#7719);
#2564=VERTEX_POINT('',#7725);
#2565=VERTEX_POINT('',#7727);
#2566=VERTEX_POINT('',#7744);
#2567=VERTEX_POINT('',#7750);
#2568=VERTEX_POINT('',#7767);
#2569=VERTEX_POINT('',#7773);
#2570=VERTEX_POINT('',#7790);
#2571=VERTEX_POINT('',#7796);
#2572=VERTEX_POINT('',#7813);
#2573=VERTEX_POINT('',#7819);
#2574=VERTEX_POINT('',#7836);
#2575=VERTEX_POINT('',#7842);
#2576=VERTEX_POINT('',#7859);
#2577=VERTEX_POINT('',#7865);
#2578=VERTEX_POINT('',#7882);
#2579=VERTEX_POINT('',#7888);
#2580=VERTEX_POINT('',#7905);
#2581=VERTEX_POINT('',#7911);
#2582=VERTEX_POINT('',#7928);
#2583=VERTEX_POINT('',#7934);
#2584=VERTEX_POINT('',#7942);
#2585=VERTEX_POINT('',#7944);
#2586=VERTEX_POINT('',#7951);
#2587=VERTEX_POINT('',#7952);
#2588=VERTEX_POINT('',#7954);
#2589=VERTEX_POINT('',#7956);
#2590=VERTEX_POINT('',#7969);
#2591=VERTEX_POINT('',#7975);
#2592=VERTEX_POINT('',#7992);
#2593=VERTEX_POINT('',#7998);
#2594=VERTEX_POINT('',#8015);
#2595=VERTEX_POINT('',#8021);
#2596=VERTEX_POINT('',#8038);
#2597=VERTEX_POINT('',#8044);
#2598=VERTEX_POINT('',#8061);
#2599=VERTEX_POINT('',#8067);
#2600=VERTEX_POINT('',#8084);
#2601=VERTEX_POINT('',#8090);
#2602=VERTEX_POINT('',#8107);
#2603=VERTEX_POINT('',#8113);
#2604=VERTEX_POINT('',#8130);
#2605=VERTEX_POINT('',#8136);
#2606=VERTEX_POINT('',#8144);
#2607=VERTEX_POINT('',#8146);
#2608=VERTEX_POINT('',#8159);
#2609=VERTEX_POINT('',#8165);
#2610=VERTEX_POINT('',#8182);
#2611=VERTEX_POINT('',#8188);
#2612=VERTEX_POINT('',#8205);
#2613=VERTEX_POINT('',#8211);
#2614=VERTEX_POINT('',#8228);
#2615=VERTEX_POINT('',#8234);
#2616=VERTEX_POINT('',#8242);
#2617=VERTEX_POINT('',#8244);
#2618=VERTEX_POINT('',#8248);
#2619=VERTEX_POINT('',#8250);
#2620=VERTEX_POINT('',#8263);
#2621=VERTEX_POINT('',#8269);
#2622=VERTEX_POINT('',#8286);
#2623=VERTEX_POINT('',#8292);
#2624=VERTEX_POINT('',#8309);
#2625=VERTEX_POINT('',#8315);
#2626=VERTEX_POINT('',#8332);
#2627=VERTEX_POINT('',#8338);
#2628=VERTEX_POINT('',#8355);
#2629=VERTEX_POINT('',#8361);
#2630=VERTEX_POINT('',#8378);
#2631=VERTEX_POINT('',#8384);
#2632=VERTEX_POINT('',#8401);
#2633=VERTEX_POINT('',#8407);
#2634=VERTEX_POINT('',#8424);
#2635=VERTEX_POINT('',#8430);
#2636=VERTEX_POINT('',#8438);
#2637=VERTEX_POINT('',#8440);
#2638=VERTEX_POINT('',#8458);
#2639=VERTEX_POINT('',#8459);
#2640=VERTEX_POINT('',#8465);
#2641=VERTEX_POINT('',#8467);
#2642=VERTEX_POINT('',#8484);
#2643=VERTEX_POINT('',#8490);
#2644=VERTEX_POINT('',#8507);
#2645=VERTEX_POINT('',#8513);
#2646=VERTEX_POINT('',#8530);
#2647=VERTEX_POINT('',#8536);
#2648=VERTEX_POINT('',#8553);
#2649=VERTEX_POINT('',#8559);
#2650=VERTEX_POINT('',#8576);
#2651=VERTEX_POINT('',#8582);
#2652=VERTEX_POINT('',#8599);
#2653=VERTEX_POINT('',#8605);
#2654=VERTEX_POINT('',#8622);
#2655=VERTEX_POINT('',#8628);
#2656=VERTEX_POINT('',#8648);
#2657=VERTEX_POINT('',#8649);
#2658=VERTEX_POINT('',#8655);
#2659=VERTEX_POINT('',#8657);
#2660=VERTEX_POINT('',#8674);
#2661=VERTEX_POINT('',#8680);
#2662=VERTEX_POINT('',#8697);
#2663=VERTEX_POINT('',#8703);
#2664=VERTEX_POINT('',#8720);
#2665=VERTEX_POINT('',#8726);
#2666=VERTEX_POINT('',#8743);
#2667=VERTEX_POINT('',#8749);
#2668=VERTEX_POINT('',#8766);
#2669=VERTEX_POINT('',#8772);
#2670=VERTEX_POINT('',#8789);
#2671=VERTEX_POINT('',#8795);
#2672=VERTEX_POINT('',#8812);
#2673=VERTEX_POINT('',#8818);
#2674=VERTEX_POINT('',#8835);
#2675=VERTEX_POINT('',#8841);
#2676=VERTEX_POINT('',#8858);
#2677=VERTEX_POINT('',#8864);
#2678=VERTEX_POINT('',#8881);
#2679=VERTEX_POINT('',#8887);
#2680=VERTEX_POINT('',#8904);
#2681=VERTEX_POINT('',#8910);
#2682=VERTEX_POINT('',#8927);
#2683=VERTEX_POINT('',#8933);
#2684=VERTEX_POINT('',#8941);
#2685=VERTEX_POINT('',#8943);
#2686=VERTEX_POINT('',#8956);
#2687=VERTEX_POINT('',#8962);
#2688=VERTEX_POINT('',#8979);
#2689=VERTEX_POINT('',#8985);
#2690=VERTEX_POINT('',#9002);
#2691=VERTEX_POINT('',#9008);
#2692=VERTEX_POINT('',#9025);
#2693=VERTEX_POINT('',#9031);
#2694=VERTEX_POINT('',#9048);
#2695=VERTEX_POINT('',#9054);
#2696=VERTEX_POINT('',#9071);
#2697=VERTEX_POINT('',#9077);
#2698=VERTEX_POINT('',#9085);
#2699=VERTEX_POINT('',#9087);
#2700=VERTEX_POINT('',#9100);
#2701=VERTEX_POINT('',#9106);
#2702=VERTEX_POINT('',#9123);
#2703=VERTEX_POINT('',#9129);
#2704=VERTEX_POINT('',#9168);
#2705=VERTEX_POINT('',#9169);
#2706=VERTEX_POINT('',#9175);
#2707=VERTEX_POINT('',#9177);
#2708=VERTEX_POINT('',#9194);
#2709=VERTEX_POINT('',#9200);
#2710=VERTEX_POINT('',#9217);
#2711=VERTEX_POINT('',#9223);
#2712=VERTEX_POINT('',#9240);
#2713=VERTEX_POINT('',#9246);
#2714=VERTEX_POINT('',#9254);
#2715=VERTEX_POINT('',#9256);
#2716=VERTEX_POINT('',#9260);
#2717=VERTEX_POINT('',#9262);
#2718=VERTEX_POINT('',#9266);
#2719=VERTEX_POINT('',#9268);
#2720=VERTEX_POINT('',#9272);
#2721=VERTEX_POINT('',#9274);
#2722=VERTEX_POINT('',#9278);
#2723=VERTEX_POINT('',#9280);
#2724=VERTEX_POINT('',#9284);
#2725=VERTEX_POINT('',#9286);
#2726=VERTEX_POINT('',#9290);
#2727=VERTEX_POINT('',#9292);
#2728=VERTEX_POINT('',#9296);
#2729=VERTEX_POINT('',#9298);
#2730=VERTEX_POINT('',#9302);
#2731=VERTEX_POINT('',#9304);
#2732=VERTEX_POINT('',#9308);
#2733=VERTEX_POINT('',#9310);
#2734=VERTEX_POINT('',#9314);
#2735=VERTEX_POINT('',#9316);
#2736=VERTEX_POINT('',#9329);
#2737=VERTEX_POINT('',#9335);
#2738=VERTEX_POINT('',#9352);
#2739=VERTEX_POINT('',#9358);
#2740=VERTEX_POINT('',#9375);
#2741=VERTEX_POINT('',#9381);
#2742=VERTEX_POINT('',#9398);
#2743=VERTEX_POINT('',#9404);
#2744=VERTEX_POINT('',#9417);
#2745=VERTEX_POINT('',#9418);
#2746=VERTEX_POINT('',#9420);
#2747=VERTEX_POINT('',#9422);
#2748=VERTEX_POINT('',#9426);
#2749=VERTEX_POINT('',#9428);
#2750=VERTEX_POINT('',#9432);
#2751=VERTEX_POINT('',#9434);
#2752=VERTEX_POINT('',#9438);
#2753=VERTEX_POINT('',#9440);
#2754=VERTEX_POINT('',#9444);
#2755=VERTEX_POINT('',#9446);
#2756=VERTEX_POINT('',#9450);
#2757=VERTEX_POINT('',#9452);
#2758=VERTEX_POINT('',#9456);
#2759=VERTEX_POINT('',#9458);
#2760=VERTEX_POINT('',#9462);
#2761=VERTEX_POINT('',#9464);
#2762=VERTEX_POINT('',#9468);
#2763=VERTEX_POINT('',#9470);
#2764=VERTEX_POINT('',#9474);
#2765=VERTEX_POINT('',#9476);
#2766=VERTEX_POINT('',#9480);
#2767=VERTEX_POINT('',#9482);
#2768=VERTEX_POINT('',#9486);
#2769=VERTEX_POINT('',#9488);
#2770=VERTEX_POINT('',#9492);
#2771=VERTEX_POINT('',#9494);
#2772=VERTEX_POINT('',#9498);
#2773=VERTEX_POINT('',#9500);
#2774=VERTEX_POINT('',#9504);
#2775=VERTEX_POINT('',#9506);
#2776=VERTEX_POINT('',#9510);
#2777=VERTEX_POINT('',#9512);
#2778=VERTEX_POINT('',#9516);
#2779=VERTEX_POINT('',#9518);
#2780=VERTEX_POINT('',#9522);
#2781=VERTEX_POINT('',#9524);
#2782=VERTEX_POINT('',#9542);
#2783=VERTEX_POINT('',#9543);
#2784=VERTEX_POINT('',#9549);
#2785=VERTEX_POINT('',#9551);
#2786=VERTEX_POINT('',#9568);
#2787=VERTEX_POINT('',#9574);
#2788=VERTEX_POINT('',#9591);
#2789=VERTEX_POINT('',#9597);
#2790=VERTEX_POINT('',#9614);
#2791=VERTEX_POINT('',#9620);
#2792=VERTEX_POINT('',#9637);
#2793=VERTEX_POINT('',#9643);
#2794=VERTEX_POINT('',#9660);
#2795=VERTEX_POINT('',#9666);
#2796=VERTEX_POINT('',#9683);
#2797=VERTEX_POINT('',#9689);
#2798=VERTEX_POINT('',#9706);
#2799=VERTEX_POINT('',#9712);
#2800=VERTEX_POINT('',#9729);
#2801=VERTEX_POINT('',#9735);
#2802=VERTEX_POINT('',#9752);
#2803=VERTEX_POINT('',#9758);
#2804=VERTEX_POINT('',#9775);
#2805=VERTEX_POINT('',#9781);
#2806=VERTEX_POINT('',#9798);
#2807=VERTEX_POINT('',#9804);
#2808=VERTEX_POINT('',#9821);
#2809=VERTEX_POINT('',#9827);
#2810=VERTEX_POINT('',#9844);
#2811=VERTEX_POINT('',#9850);
#2812=VERTEX_POINT('',#9867);
#2813=VERTEX_POINT('',#9873);
#2814=VERTEX_POINT('',#9903);
#2815=VERTEX_POINT('',#9904);
#2816=VERTEX_POINT('',#9906);
#2817=VERTEX_POINT('',#9908);
#2818=VERTEX_POINT('',#9912);
#2819=VERTEX_POINT('',#9914);
#2820=VERTEX_POINT('',#9918);
#2821=VERTEX_POINT('',#9920);
#2822=VERTEX_POINT('',#9924);
#2823=VERTEX_POINT('',#9926);
#2824=VERTEX_POINT('',#9930);
#2825=VERTEX_POINT('',#9932);
#2826=VERTEX_POINT('',#9936);
#2827=VERTEX_POINT('',#9938);
#2828=VERTEX_POINT('',#9942);
#2829=VERTEX_POINT('',#9944);
#2830=VERTEX_POINT('',#9948);
#2831=VERTEX_POINT('',#9950);
#2832=VERTEX_POINT('',#9954);
#2833=VERTEX_POINT('',#9956);
#2834=VERTEX_POINT('',#9965);
#2835=VERTEX_POINT('',#9966);
#2836=VERTEX_POINT('',#9968);
#2837=VERTEX_POINT('',#9970);
#2838=VERTEX_POINT('',#9974);
#2839=VERTEX_POINT('',#9976);
#2840=VERTEX_POINT('',#9980);
#2841=VERTEX_POINT('',#9982);
#2842=VERTEX_POINT('',#9986);
#2843=VERTEX_POINT('',#9988);
#2844=VERTEX_POINT('',#9992);
#2845=VERTEX_POINT('',#9994);
#2846=VERTEX_POINT('',#9998);
#2847=VERTEX_POINT('',#10000);
#2848=VERTEX_POINT('',#10013);
#2849=VERTEX_POINT('',#10019);
#2850=VERTEX_POINT('',#10036);
#2851=VERTEX_POINT('',#10042);
#2852=VERTEX_POINT('',#10059);
#2853=VERTEX_POINT('',#10065);
#2854=VERTEX_POINT('',#10082);
#2855=VERTEX_POINT('',#10088);
#2856=VERTEX_POINT('',#10105);
#2857=VERTEX_POINT('',#10111);
#2858=VERTEX_POINT('',#10128);
#2859=VERTEX_POINT('',#10134);
#2860=VERTEX_POINT('',#10142);
#2861=VERTEX_POINT('',#10144);
#2862=VERTEX_POINT('',#10157);
#2863=VERTEX_POINT('',#10163);
#2864=VERTEX_POINT('',#10180);
#2865=VERTEX_POINT('',#10186);
#2866=VERTEX_POINT('',#10203);
#2867=VERTEX_POINT('',#10209);
#2868=VERTEX_POINT('',#10226);
#2869=VERTEX_POINT('',#10232);
#2870=VERTEX_POINT('',#10249);
#2871=VERTEX_POINT('',#10255);
#2872=VERTEX_POINT('',#10272);
#2873=VERTEX_POINT('',#10278);
#2874=VERTEX_POINT('',#10286);
#2875=VERTEX_POINT('',#10288);
#2876=VERTEX_POINT('',#10306);
#2877=VERTEX_POINT('',#10307);
#2878=VERTEX_POINT('',#10313);
#2879=VERTEX_POINT('',#10315);
#2880=VERTEX_POINT('',#10332);
#2881=VERTEX_POINT('',#10338);
#2882=VERTEX_POINT('',#10355);
#2883=VERTEX_POINT('',#10361);
#2884=VERTEX_POINT('',#10378);
#2885=VERTEX_POINT('',#10384);
#2886=VERTEX_POINT('',#10401);
#2887=VERTEX_POINT('',#10407);
#2888=VERTEX_POINT('',#10415);
#2889=VERTEX_POINT('',#10417);
#2890=VERTEX_POINT('',#10430);
#2891=VERTEX_POINT('',#10436);
#2892=VERTEX_POINT('',#10453);
#2893=VERTEX_POINT('',#10459);
#2894=VERTEX_POINT('',#10476);
#2895=VERTEX_POINT('',#10482);
#2896=VERTEX_POINT('',#10499);
#2897=VERTEX_POINT('',#10505);
#2898=VERTEX_POINT('',#10522);
#2899=VERTEX_POINT('',#10528);
#2900=VERTEX_POINT('',#10545);
#2901=VERTEX_POINT('',#10551);
#2902=VERTEX_POINT('',#10568);
#2903=VERTEX_POINT('',#10574);
#2904=VERTEX_POINT('',#10591);
#2905=VERTEX_POINT('',#10597);
#2906=VERTEX_POINT('',#10634);
#2907=VERTEX_POINT('',#10635);
#2908=VERTEX_POINT('',#10641);
#2909=VERTEX_POINT('',#10643);
#2910=VERTEX_POINT('',#10660);
#2911=VERTEX_POINT('',#10666);
#2912=VERTEX_POINT('',#10683);
#2913=VERTEX_POINT('',#10689);
#2914=VERTEX_POINT('',#10706);
#2915=VERTEX_POINT('',#10712);
#2916=VERTEX_POINT('',#10729);
#2917=VERTEX_POINT('',#10735);
#2918=VERTEX_POINT('',#10743);
#2919=VERTEX_POINT('',#10745);
#2920=VERTEX_POINT('',#10749);
#2921=VERTEX_POINT('',#10751);
#2922=VERTEX_POINT('',#10755);
#2923=VERTEX_POINT('',#10757);
#2924=VERTEX_POINT('',#10761);
#2925=VERTEX_POINT('',#10763);
#2926=VERTEX_POINT('',#10776);
#2927=VERTEX_POINT('',#10782);
#2928=VERTEX_POINT('',#10799);
#2929=VERTEX_POINT('',#10805);
#2930=VERTEX_POINT('',#10822);
#2931=VERTEX_POINT('',#10828);
#2932=VERTEX_POINT('',#10845);
#2933=VERTEX_POINT('',#10851);
#2934=VERTEX_POINT('',#10868);
#2935=VERTEX_POINT('',#10874);
#2936=VERTEX_POINT('',#10891);
#2937=VERTEX_POINT('',#10897);
#2938=VERTEX_POINT('',#10936);
#2939=VERTEX_POINT('',#10937);
#2940=VERTEX_POINT('',#10943);
#2941=VERTEX_POINT('',#10945);
#2942=VERTEX_POINT('',#10962);
#2943=VERTEX_POINT('',#10968);
#2944=VERTEX_POINT('',#10985);
#2945=VERTEX_POINT('',#10991);
#2946=VERTEX_POINT('',#10999);
#2947=VERTEX_POINT('',#11001);
#2948=VERTEX_POINT('',#11014);
#2949=VERTEX_POINT('',#11020);
#2950=VERTEX_POINT('',#11037);
#2951=VERTEX_POINT('',#11043);
#2952=VERTEX_POINT('',#11060);
#2953=VERTEX_POINT('',#11066);
#2954=VERTEX_POINT('',#11083);
#2955=VERTEX_POINT('',#11089);
#2956=VERTEX_POINT('',#11126);
#2957=VERTEX_POINT('',#11127);
#2958=VERTEX_POINT('',#11133);
#2959=VERTEX_POINT('',#11135);
#2960=VERTEX_POINT('',#11152);
#2961=VERTEX_POINT('',#11158);
#2962=VERTEX_POINT('',#11175);
#2963=VERTEX_POINT('',#11181);
#2964=VERTEX_POINT('',#11198);
#2965=VERTEX_POINT('',#11204);
#2966=VERTEX_POINT('',#11221);
#2967=VERTEX_POINT('',#11227);
#2968=VERTEX_POINT('',#11235);
#2969=VERTEX_POINT('',#11237);
#2970=VERTEX_POINT('',#11241);
#2971=VERTEX_POINT('',#11243);
#2972=VERTEX_POINT('',#11247);
#2973=VERTEX_POINT('',#11249);
#2974=VERTEX_POINT('',#11253);
#2975=VERTEX_POINT('',#11255);
#2976=VERTEX_POINT('',#11259);
#2977=VERTEX_POINT('',#11261);
#2978=VERTEX_POINT('',#11274);
#2979=VERTEX_POINT('',#11280);
#2980=VERTEX_POINT('',#11297);
#2981=VERTEX_POINT('',#11303);
#2982=VERTEX_POINT('',#11320);
#2983=VERTEX_POINT('',#11326);
#2984=VERTEX_POINT('',#11343);
#2985=VERTEX_POINT('',#11349);
#2986=VERTEX_POINT('',#11366);
#2987=VERTEX_POINT('',#11372);
#2988=VERTEX_POINT('',#11389);
#2989=VERTEX_POINT('',#11395);
#2990=VERTEX_POINT('',#11425);
#2991=VERTEX_POINT('',#11426);
#2992=VERTEX_POINT('',#11428);
#2993=VERTEX_POINT('',#11430);
#2994=VERTEX_POINT('',#11434);
#2995=VERTEX_POINT('',#11436);
#2996=VERTEX_POINT('',#11440);
#2997=VERTEX_POINT('',#11442);
#2998=VERTEX_POINT('',#11446);
#2999=VERTEX_POINT('',#11448);
#3000=VERTEX_POINT('',#11452);
#3001=VERTEX_POINT('',#11454);
#3002=VERTEX_POINT('',#11458);
#3003=VERTEX_POINT('',#11460);
#3004=VERTEX_POINT('',#11464);
#3005=VERTEX_POINT('',#11466);
#3006=VERTEX_POINT('',#11470);
#3007=VERTEX_POINT('',#11472);
#3008=VERTEX_POINT('',#11476);
#3009=VERTEX_POINT('',#11478);
#3010=VERTEX_POINT('',#11482);
#3011=VERTEX_POINT('',#11484);
#3012=VERTEX_POINT('',#11488);
#3013=VERTEX_POINT('',#11490);
#3014=VERTEX_POINT('',#11494);
#3015=VERTEX_POINT('',#11496);
#3016=VERTEX_POINT('',#11500);
#3017=VERTEX_POINT('',#11502);
#3018=VERTEX_POINT('',#11506);
#3019=VERTEX_POINT('',#11508);
#3020=VERTEX_POINT('',#11512);
#3021=VERTEX_POINT('',#11514);
#3022=VERTEX_POINT('',#11518);
#3023=VERTEX_POINT('',#11520);
#3024=VERTEX_POINT('',#11524);
#3025=VERTEX_POINT('',#11526);
#3026=VERTEX_POINT('',#11530);
#3027=VERTEX_POINT('',#11532);
#3028=EDGE_CURVE('',#2438,#2439,#2370,.T.);
#3029=EDGE_CURVE('',#2439,#2440,#1304,.T.);
#3030=EDGE_CURVE('',#2440,#2441,#2371,.T.);
#3031=EDGE_CURVE('',#2441,#2438,#1305,.T.);
#3032=EDGE_CURVE('',#2442,#2439,#1306,.T.);
#3033=EDGE_CURVE('',#2443,#2442,#1307,.T.);
#3034=EDGE_CURVE('',#2440,#2443,#1308,.T.);
#3035=EDGE_CURVE('',#2438,#2444,#1309,.T.);
#3036=EDGE_CURVE('',#2445,#2444,#2372,.T.);
#3037=EDGE_CURVE('',#2445,#2446,#1310,.T.);
#3038=EDGE_CURVE('',#2447,#2446,#2373,.T.);
#3039=EDGE_CURVE('',#2447,#2448,#1311,.T.);
#3040=EDGE_CURVE('',#2442,#2448,#2374,.T.);
#3041=EDGE_CURVE('',#2449,#2449,#2375,.T.);
#3042=EDGE_CURVE('',#2450,#2450,#2376,.T.);
#3043=EDGE_CURVE('',#2451,#2452,#2377,.T.);
#3044=EDGE_CURVE('',#2452,#2453,#1312,.T.);
#3045=EDGE_CURVE('',#2453,#2454,#2378,.T.);
#3046=EDGE_CURVE('',#2454,#2455,#1313,.T.);
#3047=EDGE_CURVE('',#2455,#2456,#2379,.T.);
#3048=EDGE_CURVE('',#2456,#2457,#1314,.T.);
#3049=EDGE_CURVE('',#2457,#2458,#2380,.T.);
#3050=EDGE_CURVE('',#2458,#2451,#1315,.T.);
#3051=EDGE_CURVE('',#2459,#2459,#2381,.T.);
#3052=EDGE_CURVE('',#2460,#2460,#2382,.T.);
#3053=EDGE_CURVE('',#2461,#2462,#2383,.T.);
#3054=EDGE_CURVE('',#2462,#2463,#1316,.T.);
#3055=EDGE_CURVE('',#2463,#2464,#2384,.T.);
#3056=EDGE_CURVE('',#2464,#2465,#1317,.T.);
#3057=EDGE_CURVE('',#2465,#2466,#2385,.T.);
#3058=EDGE_CURVE('',#2466,#2467,#1318,.T.);
#3059=EDGE_CURVE('',#2467,#2468,#2386,.T.);
#3060=EDGE_CURVE('',#2468,#2461,#1319,.T.);
#3061=EDGE_CURVE('',#2469,#2470,#2387,.T.);
#3062=EDGE_CURVE('',#2470,#2471,#1320,.T.);
#3063=EDGE_CURVE('',#2471,#2472,#2388,.T.);
#3064=EDGE_CURVE('',#2472,#2473,#1321,.T.);
#3065=EDGE_CURVE('',#2473,#2474,#2389,.T.);
#3066=EDGE_CURVE('',#2474,#2475,#1322,.T.);
#3067=EDGE_CURVE('',#2475,#2476,#2390,.T.);
#3068=EDGE_CURVE('',#2476,#2469,#1323,.T.);
#3069=EDGE_CURVE('',#2477,#2477,#2391,.T.);
#3070=EDGE_CURVE('',#2478,#2479,#2392,.T.);
#3071=EDGE_CURVE('',#2479,#2480,#1324,.T.);
#3072=EDGE_CURVE('',#2480,#2481,#2393,.T.);
#3073=EDGE_CURVE('',#2481,#2482,#1325,.T.);
#3074=EDGE_CURVE('',#2482,#2483,#2394,.T.);
#3075=EDGE_CURVE('',#2483,#2484,#1326,.T.);
#3076=EDGE_CURVE('',#2484,#2485,#2395,.T.);
#3077=EDGE_CURVE('',#2485,#2478,#1327,.T.);
#3078=EDGE_CURVE('',#2486,#2487,#2396,.T.);
#3079=EDGE_CURVE('',#2487,#2488,#1328,.T.);
#3080=EDGE_CURVE('',#2488,#2489,#2397,.T.);
#3081=EDGE_CURVE('',#2489,#2490,#1329,.T.);
#3082=EDGE_CURVE('',#2490,#2491,#2398,.T.);
#3083=EDGE_CURVE('',#2491,#2492,#1330,.T.);
#3084=EDGE_CURVE('',#2492,#2493,#2399,.T.);
#3085=EDGE_CURVE('',#2493,#2486,#1331,.T.);
#3086=EDGE_CURVE('',#2494,#2495,#2400,.T.);
#3087=EDGE_CURVE('',#2495,#2496,#1332,.T.);
#3088=EDGE_CURVE('',#2496,#2497,#2401,.T.);
#3089=EDGE_CURVE('',#2497,#2498,#1333,.T.);
#3090=EDGE_CURVE('',#2498,#2499,#2402,.T.);
#3091=EDGE_CURVE('',#2499,#2500,#1334,.T.);
#3092=EDGE_CURVE('',#2500,#2501,#2403,.T.);
#3093=EDGE_CURVE('',#2501,#2494,#1335,.T.);
#3094=EDGE_CURVE('',#2448,#2502,#1336,.T.);
#3095=EDGE_CURVE('',#2502,#2443,#2404,.T.);
#3096=EDGE_CURVE('',#2503,#2447,#1337,.T.);
#3097=EDGE_CURVE('',#2502,#2503,#1338,.T.);
#3098=EDGE_CURVE('',#2446,#2504,#1339,.T.);
#3099=EDGE_CURVE('',#2504,#2503,#2405,.T.);
#3100=EDGE_CURVE('',#2505,#2445,#1340,.T.);
#3101=EDGE_CURVE('',#2504,#2505,#1341,.T.);
#3102=EDGE_CURVE('',#2444,#2506,#1342,.T.);
#3103=EDGE_CURVE('',#2506,#2505,#2406,.T.);
#3104=EDGE_CURVE('',#2507,#2508,#1343,.T.);
#3105=EDGE_CURVE('',#2508,#2494,#1344,.T.);
#3106=EDGE_CURVE('',#2507,#2501,#1345,.T.);
#3107=EDGE_CURVE('',#2509,#2507,#2407,.T.);
#3108=EDGE_CURVE('',#2509,#2500,#1346,.T.);
#3109=EDGE_CURVE('',#2510,#2509,#1347,.T.);
#3110=EDGE_CURVE('',#2510,#2499,#1348,.T.);
#3111=EDGE_CURVE('',#2511,#2510,#2408,.T.);
#3112=EDGE_CURVE('',#2511,#2498,#1349,.T.);
#3113=EDGE_CURVE('',#2512,#2511,#1350,.T.);
#3114=EDGE_CURVE('',#2512,#2497,#1351,.T.);
#3115=EDGE_CURVE('',#2513,#2512,#2409,.T.);
#3116=EDGE_CURVE('',#2513,#2496,#1352,.T.);
#3117=EDGE_CURVE('',#2514,#2513,#1353,.T.);
#3118=EDGE_CURVE('',#2514,#2495,#1354,.T.);
#3119=EDGE_CURVE('',#2508,#2514,#2410,.T.);
#3120=EDGE_CURVE('',#2515,#2516,#1355,.T.);
#3121=EDGE_CURVE('',#2516,#2486,#1356,.T.);
#3122=EDGE_CURVE('',#2515,#2493,#1357,.T.);
#3123=EDGE_CURVE('',#2517,#2515,#2411,.T.);
#3124=EDGE_CURVE('',#2517,#2492,#1358,.T.);
#3125=EDGE_CURVE('',#2518,#2517,#1359,.T.);
#3126=EDGE_CURVE('',#2518,#2491,#1360,.T.);
#3127=EDGE_CURVE('',#2519,#2518,#2412,.T.);
#3128=EDGE_CURVE('',#2519,#2490,#1361,.T.);
#3129=EDGE_CURVE('',#2520,#2519,#1362,.T.);
#3130=EDGE_CURVE('',#2520,#2489,#1363,.T.);
#3131=EDGE_CURVE('',#2521,#2520,#2413,.T.);
#3132=EDGE_CURVE('',#2521,#2488,#1364,.T.);
#3133=EDGE_CURVE('',#2522,#2521,#1365,.T.);
#3134=EDGE_CURVE('',#2522,#2487,#1366,.T.);
#3135=EDGE_CURVE('',#2516,#2522,#2414,.T.);
#3136=EDGE_CURVE('',#2523,#2524,#1367,.T.);
#3137=EDGE_CURVE('',#2524,#2478,#1368,.T.);
#3138=EDGE_CURVE('',#2523,#2485,#1369,.T.);
#3139=EDGE_CURVE('',#2525,#2523,#2415,.T.);
#3140=EDGE_CURVE('',#2525,#2484,#1370,.T.);
#3141=EDGE_CURVE('',#2526,#2525,#1371,.T.);
#3142=EDGE_CURVE('',#2526,#2483,#1372,.T.);
#3143=EDGE_CURVE('',#2527,#2526,#2416,.T.);
#3144=EDGE_CURVE('',#2527,#2482,#1373,.T.);
#3145=EDGE_CURVE('',#2528,#2527,#1374,.T.);
#3146=EDGE_CURVE('',#2528,#2481,#1375,.T.);
#3147=EDGE_CURVE('',#2529,#2528,#2417,.T.);
#3148=EDGE_CURVE('',#2529,#2480,#1376,.T.);
#3149=EDGE_CURVE('',#2530,#2529,#1377,.T.);
#3150=EDGE_CURVE('',#2530,#2479,#1378,.T.);
#3151=EDGE_CURVE('',#2524,#2530,#2418,.T.);
#3152=EDGE_CURVE('',#2477,#2531,#1379,.T.);
#3153=EDGE_CURVE('',#2531,#2531,#2419,.T.);
#3154=EDGE_CURVE('',#2532,#2533,#1380,.T.);
#3155=EDGE_CURVE('',#2533,#2469,#1381,.T.);
#3156=EDGE_CURVE('',#2532,#2476,#1382,.T.);
#3157=EDGE_CURVE('',#2534,#2532,#2420,.T.);
#3158=EDGE_CURVE('',#2534,#2475,#1383,.T.);
#3159=EDGE_CURVE('',#2535,#2534,#1384,.T.);
#3160=EDGE_CURVE('',#2535,#2474,#1385,.T.);
#3161=EDGE_CURVE('',#2536,#2535,#2421,.T.);
#3162=EDGE_CURVE('',#2536,#2473,#1386,.T.);
#3163=EDGE_CURVE('',#2537,#2536,#1387,.T.);
#3164=EDGE_CURVE('',#2537,#2472,#1388,.T.);
#3165=EDGE_CURVE('',#2538,#2537,#2422,.T.);
#3166=EDGE_CURVE('',#2538,#2471,#1389,.T.);
#3167=EDGE_CURVE('',#2539,#2538,#1390,.T.);
#3168=EDGE_CURVE('',#2539,#2470,#1391,.T.);
#3169=EDGE_CURVE('',#2533,#2539,#2423,.T.);
#3170=EDGE_CURVE('',#2540,#2541,#1392,.T.);
#3171=EDGE_CURVE('',#2541,#2461,#1393,.T.);
#3172=EDGE_CURVE('',#2540,#2468,#1394,.T.);
#3173=EDGE_CURVE('',#2542,#2540,#2424,.T.);
#3174=EDGE_CURVE('',#2542,#2467,#1395,.T.);
#3175=EDGE_CURVE('',#2543,#2542,#1396,.T.);
#3176=EDGE_CURVE('',#2543,#2466,#1397,.T.);
#3177=EDGE_CURVE('',#2544,#2543,#2425,.T.);
#3178=EDGE_CURVE('',#2544,#2465,#1398,.T.);
#3179=EDGE_CURVE('',#2545,#2544,#1399,.T.);
#3180=EDGE_CURVE('',#2545,#2464,#1400,.T.);
#3181=EDGE_CURVE('',#2546,#2545,#2426,.T.);
#3182=EDGE_CURVE('',#2546,#2463,#1401,.T.);
#3183=EDGE_CURVE('',#2547,#2546,#1402,.T.);
#3184=EDGE_CURVE('',#2547,#2462,#1403,.T.);
#3185=EDGE_CURVE('',#2541,#2547,#2427,.T.);
#3186=EDGE_CURVE('',#2460,#2548,#1404,.T.);
#3187=EDGE_CURVE('',#2548,#2548,#2428,.T.);
#3188=EDGE_CURVE('',#2459,#2549,#1405,.T.);
#3189=EDGE_CURVE('',#2549,#2549,#2429,.T.);
#3190=EDGE_CURVE('',#2550,#2551,#1406,.T.);
#3191=EDGE_CURVE('',#2551,#2451,#1407,.T.);
#3192=EDGE_CURVE('',#2550,#2458,#1408,.T.);
#3193=EDGE_CURVE('',#2552,#2550,#2430,.T.);
#3194=EDGE_CURVE('',#2552,#2457,#1409,.T.);
#3195=EDGE_CURVE('',#2553,#2552,#1410,.T.);
#3196=EDGE_CURVE('',#2553,#2456,#1411,.T.);
#3197=EDGE_CURVE('',#2554,#2553,#2431,.T.);
#3198=EDGE_CURVE('',#2554,#2455,#1412,.T.);
#3199=EDGE_CURVE('',#2555,#2554,#1413,.T.);
#3200=EDGE_CURVE('',#2555,#2454,#1414,.T.);
#3201=EDGE_CURVE('',#2556,#2555,#2432,.T.);
#3202=EDGE_CURVE('',#2556,#2453,#1415,.T.);
#3203=EDGE_CURVE('',#2557,#2556,#1416,.T.);
#3204=EDGE_CURVE('',#2557,#2452,#1417,.T.);
#3205=EDGE_CURVE('',#2551,#2557,#2433,.T.);
#3206=EDGE_CURVE('',#2450,#2558,#1418,.T.);
#3207=EDGE_CURVE('',#2558,#2558,#2434,.T.);
#3208=EDGE_CURVE('',#2449,#2559,#1419,.T.);
#3209=EDGE_CURVE('',#2559,#2559,#2435,.T.);
#3210=EDGE_CURVE('',#2506,#2441,#1420,.T.);
#3211=EDGE_CURVE('',#2560,#2560,#2436,.T.);
#3212=EDGE_CURVE('',#2561,#2561,#2437,.T.);
#3213=EDGE_CURVE('',#2560,#2561,#1421,.T.);
#3214=EDGE_CURVE('',#2562,#2563,#13,.T.);
#3215=EDGE_CURVE('',#2563,#2564,#1422,.T.);
#3216=EDGE_CURVE('',#2565,#2564,#14,.T.);
#3217=EDGE_CURVE('',#2562,#2565,#1423,.T.);
#3218=EDGE_CURVE('',#2566,#2562,#15,.T.);
#3219=EDGE_CURVE('',#2567,#2565,#16,.T.);
#3220=EDGE_CURVE('',#2566,#2567,#1424,.T.);
#3221=EDGE_CURVE('',#2568,#2566,#17,.T.);
#3222=EDGE_CURVE('',#2569,#2567,#18,.T.);
#3223=EDGE_CURVE('',#2568,#2569,#1425,.T.);
#3224=EDGE_CURVE('',#2570,#2568,#19,.T.);
#3225=EDGE_CURVE('',#2571,#2569,#20,.T.);
#3226=EDGE_CURVE('',#2570,#2571,#1426,.T.);
#3227=EDGE_CURVE('',#2572,#2570,#21,.T.);
#3228=EDGE_CURVE('',#2573,#2571,#22,.T.);
#3229=EDGE_CURVE('',#2572,#2573,#1427,.T.);
#3230=EDGE_CURVE('',#2574,#2572,#23,.T.);
#3231=EDGE_CURVE('',#2575,#2573,#24,.T.);
#3232=EDGE_CURVE('',#2574,#2575,#1428,.T.);
#3233=EDGE_CURVE('',#2576,#2574,#25,.T.);
#3234=EDGE_CURVE('',#2577,#2575,#26,.T.);
#3235=EDGE_CURVE('',#2576,#2577,#1429,.T.);
#3236=EDGE_CURVE('',#2578,#2576,#27,.T.);
#3237=EDGE_CURVE('',#2579,#2577,#28,.T.);
#3238=EDGE_CURVE('',#2578,#2579,#1430,.T.);
#3239=EDGE_CURVE('',#2580,#2578,#29,.T.);
#3240=EDGE_CURVE('',#2581,#2579,#30,.T.);
#3241=EDGE_CURVE('',#2580,#2581,#1431,.T.);
#3242=EDGE_CURVE('',#2582,#2580,#31,.T.);
#3243=EDGE_CURVE('',#2583,#2581,#32,.T.);
#3244=EDGE_CURVE('',#2582,#2583,#1432,.T.);
#3245=EDGE_CURVE('',#2584,#2582,#1433,.T.);
#3246=EDGE_CURVE('',#2585,#2583,#1434,.T.);
#3247=EDGE_CURVE('',#2584,#2585,#1435,.T.);
#3248=EDGE_CURVE('',#2563,#2584,#1436,.T.);
#3249=EDGE_CURVE('',#2564,#2585,#1437,.T.);
#3250=EDGE_CURVE('',#2586,#2587,#1438,.T.);
#3251=EDGE_CURVE('',#2587,#2588,#1439,.T.);
#3252=EDGE_CURVE('',#2589,#2588,#1440,.T.);
#3253=EDGE_CURVE('',#2586,#2589,#1441,.T.);
#3254=EDGE_CURVE('',#2590,#2586,#33,.T.);
#3255=EDGE_CURVE('',#2591,#2589,#34,.T.);
#3256=EDGE_CURVE('',#2590,#2591,#1442,.T.);
#3257=EDGE_CURVE('',#2592,#2590,#35,.T.);
#3258=EDGE_CURVE('',#2593,#2591,#36,.T.);
#3259=EDGE_CURVE('',#2592,#2593,#1443,.T.);
#3260=EDGE_CURVE('',#2594,#2592,#37,.T.);
#3261=EDGE_CURVE('',#2595,#2593,#38,.T.);
#3262=EDGE_CURVE('',#2594,#2595,#1444,.T.);
#3263=EDGE_CURVE('',#2596,#2594,#39,.T.);
#3264=EDGE_CURVE('',#2597,#2595,#40,.T.);
#3265=EDGE_CURVE('',#2596,#2597,#1445,.T.);
#3266=EDGE_CURVE('',#2598,#2596,#41,.T.);
#3267=EDGE_CURVE('',#2599,#2597,#42,.T.);
#3268=EDGE_CURVE('',#2598,#2599,#1446,.T.);
#3269=EDGE_CURVE('',#2600,#2598,#43,.T.);
#3270=EDGE_CURVE('',#2601,#2599,#44,.T.);
#3271=EDGE_CURVE('',#2600,#2601,#1447,.T.);
#3272=EDGE_CURVE('',#2602,#2600,#45,.T.);
#3273=EDGE_CURVE('',#2603,#2601,#46,.T.);
#3274=EDGE_CURVE('',#2602,#2603,#1448,.T.);
#3275=EDGE_CURVE('',#2604,#2602,#47,.T.);
#3276=EDGE_CURVE('',#2605,#2603,#48,.T.);
#3277=EDGE_CURVE('',#2604,#2605,#1449,.T.);
#3278=EDGE_CURVE('',#2606,#2604,#1450,.T.);
#3279=EDGE_CURVE('',#2607,#2605,#1451,.T.);
#3280=EDGE_CURVE('',#2606,#2607,#1452,.T.);
#3281=EDGE_CURVE('',#2608,#2606,#49,.T.);
#3282=EDGE_CURVE('',#2609,#2607,#50,.T.);
#3283=EDGE_CURVE('',#2608,#2609,#1453,.T.);
#3284=EDGE_CURVE('',#2610,#2608,#51,.T.);
#3285=EDGE_CURVE('',#2611,#2609,#52,.T.);
#3286=EDGE_CURVE('',#2610,#2611,#1454,.T.);
#3287=EDGE_CURVE('',#2612,#2610,#53,.T.);
#3288=EDGE_CURVE('',#2613,#2611,#54,.T.);
#3289=EDGE_CURVE('',#2612,#2613,#1455,.T.);
#3290=EDGE_CURVE('',#2614,#2612,#55,.T.);
#3291=EDGE_CURVE('',#2615,#2613,#56,.T.);
#3292=EDGE_CURVE('',#2614,#2615,#1456,.T.);
#3293=EDGE_CURVE('',#2616,#2614,#1457,.T.);
#3294=EDGE_CURVE('',#2617,#2615,#1458,.T.);
#3295=EDGE_CURVE('',#2616,#2617,#1459,.T.);
#3296=EDGE_CURVE('',#2618,#2616,#1460,.T.);
#3297=EDGE_CURVE('',#2619,#2617,#1461,.T.);
#3298=EDGE_CURVE('',#2618,#2619,#1462,.T.);
#3299=EDGE_CURVE('',#2620,#2618,#57,.T.);
#3300=EDGE_CURVE('',#2621,#2619,#58,.T.);
#3301=EDGE_CURVE('',#2620,#2621,#1463,.T.);
#3302=EDGE_CURVE('',#2622,#2620,#59,.T.);
#3303=EDGE_CURVE('',#2623,#2621,#60,.T.);
#3304=EDGE_CURVE('',#2622,#2623,#1464,.T.);
#3305=EDGE_CURVE('',#2624,#2622,#61,.T.);
#3306=EDGE_CURVE('',#2625,#2623,#62,.T.);
#3307=EDGE_CURVE('',#2624,#2625,#1465,.T.);
#3308=EDGE_CURVE('',#2626,#2624,#63,.T.);
#3309=EDGE_CURVE('',#2627,#2625,#64,.T.);
#3310=EDGE_CURVE('',#2626,#2627,#1466,.T.);
#3311=EDGE_CURVE('',#2628,#2626,#65,.T.);
#3312=EDGE_CURVE('',#2629,#2627,#66,.T.);
#3313=EDGE_CURVE('',#2628,#2629,#1467,.T.);
#3314=EDGE_CURVE('',#2630,#2628,#67,.T.);
#3315=EDGE_CURVE('',#2631,#2629,#68,.T.);
#3316=EDGE_CURVE('',#2630,#2631,#1468,.T.);
#3317=EDGE_CURVE('',#2632,#2630,#69,.T.);
#3318=EDGE_CURVE('',#2633,#2631,#70,.T.);
#3319=EDGE_CURVE('',#2632,#2633,#1469,.T.);
#3320=EDGE_CURVE('',#2634,#2632,#71,.T.);
#3321=EDGE_CURVE('',#2635,#2633,#72,.T.);
#3322=EDGE_CURVE('',#2634,#2635,#1470,.T.);
#3323=EDGE_CURVE('',#2636,#2634,#1471,.T.);
#3324=EDGE_CURVE('',#2637,#2635,#1472,.T.);
#3325=EDGE_CURVE('',#2636,#2637,#1473,.T.);
#3326=EDGE_CURVE('',#2587,#2636,#1474,.T.);
#3327=EDGE_CURVE('',#2588,#2637,#1475,.T.);
#3328=EDGE_CURVE('',#2638,#2639,#73,.T.);
#3329=EDGE_CURVE('',#2639,#2640,#1476,.T.);
#3330=EDGE_CURVE('',#2641,#2640,#74,.T.);
#3331=EDGE_CURVE('',#2638,#2641,#1477,.T.);
#3332=EDGE_CURVE('',#2642,#2638,#75,.T.);
#3333=EDGE_CURVE('',#2643,#2641,#76,.T.);
#3334=EDGE_CURVE('',#2642,#2643,#1478,.T.);
#3335=EDGE_CURVE('',#2644,#2642,#77,.T.);
#3336=EDGE_CURVE('',#2645,#2643,#78,.T.);
#3337=EDGE_CURVE('',#2644,#2645,#1479,.T.);
#3338=EDGE_CURVE('',#2646,#2644,#79,.T.);
#3339=EDGE_CURVE('',#2647,#2645,#80,.T.);
#3340=EDGE_CURVE('',#2646,#2647,#1480,.T.);
#3341=EDGE_CURVE('',#2648,#2646,#81,.T.);
#3342=EDGE_CURVE('',#2649,#2647,#82,.T.);
#3343=EDGE_CURVE('',#2648,#2649,#1481,.T.);
#3344=EDGE_CURVE('',#2650,#2648,#83,.T.);
#3345=EDGE_CURVE('',#2651,#2649,#84,.T.);
#3346=EDGE_CURVE('',#2650,#2651,#1482,.T.);
#3347=EDGE_CURVE('',#2652,#2650,#85,.T.);
#3348=EDGE_CURVE('',#2653,#2651,#86,.T.);
#3349=EDGE_CURVE('',#2652,#2653,#1483,.T.);
#3350=EDGE_CURVE('',#2654,#2652,#87,.T.);
#3351=EDGE_CURVE('',#2655,#2653,#88,.T.);
#3352=EDGE_CURVE('',#2654,#2655,#1484,.T.);
#3353=EDGE_CURVE('',#2639,#2654,#1485,.T.);
#3354=EDGE_CURVE('',#2640,#2655,#1486,.T.);
#3355=EDGE_CURVE('',#2656,#2657,#89,.T.);
#3356=EDGE_CURVE('',#2657,#2658,#1487,.T.);
#3357=EDGE_CURVE('',#2659,#2658,#90,.T.);
#3358=EDGE_CURVE('',#2656,#2659,#1488,.T.);
#3359=EDGE_CURVE('',#2660,#2656,#91,.T.);
#3360=EDGE_CURVE('',#2661,#2659,#92,.T.);
#3361=EDGE_CURVE('',#2660,#2661,#1489,.T.);
#3362=EDGE_CURVE('',#2662,#2660,#93,.T.);
#3363=EDGE_CURVE('',#2663,#2661,#94,.T.);
#3364=EDGE_CURVE('',#2662,#2663,#1490,.T.);
#3365=EDGE_CURVE('',#2664,#2662,#95,.T.);
#3366=EDGE_CURVE('',#2665,#2663,#96,.T.);
#3367=EDGE_CURVE('',#2664,#2665,#1491,.T.);
#3368=EDGE_CURVE('',#2666,#2664,#97,.T.);
#3369=EDGE_CURVE('',#2667,#2665,#98,.T.);
#3370=EDGE_CURVE('',#2666,#2667,#1492,.T.);
#3371=EDGE_CURVE('',#2668,#2666,#99,.T.);
#3372=EDGE_CURVE('',#2669,#2667,#100,.T.);
#3373=EDGE_CURVE('',#2668,#2669,#1493,.T.);
#3374=EDGE_CURVE('',#2670,#2668,#101,.T.);
#3375=EDGE_CURVE('',#2671,#2669,#102,.T.);
#3376=EDGE_CURVE('',#2670,#2671,#1494,.T.);
#3377=EDGE_CURVE('',#2672,#2670,#103,.T.);
#3378=EDGE_CURVE('',#2673,#2671,#104,.T.);
#3379=EDGE_CURVE('',#2672,#2673,#1495,.T.);
#3380=EDGE_CURVE('',#2674,#2672,#105,.T.);
#3381=EDGE_CURVE('',#2675,#2673,#106,.T.);
#3382=EDGE_CURVE('',#2674,#2675,#1496,.T.);
#3383=EDGE_CURVE('',#2676,#2674,#107,.T.);
#3384=EDGE_CURVE('',#2677,#2675,#108,.T.);
#3385=EDGE_CURVE('',#2676,#2677,#1497,.T.);
#3386=EDGE_CURVE('',#2678,#2676,#109,.T.);
#3387=EDGE_CURVE('',#2679,#2677,#110,.T.);
#3388=EDGE_CURVE('',#2678,#2679,#1498,.T.);
#3389=EDGE_CURVE('',#2680,#2678,#111,.T.);
#3390=EDGE_CURVE('',#2681,#2679,#112,.T.);
#3391=EDGE_CURVE('',#2680,#2681,#1499,.T.);
#3392=EDGE_CURVE('',#2682,#2680,#113,.T.);
#3393=EDGE_CURVE('',#2683,#2681,#114,.T.);
#3394=EDGE_CURVE('',#2682,#2683,#1500,.T.);
#3395=EDGE_CURVE('',#2684,#2682,#1501,.T.);
#3396=EDGE_CURVE('',#2685,#2683,#1502,.T.);
#3397=EDGE_CURVE('',#2684,#2685,#1503,.T.);
#3398=EDGE_CURVE('',#2686,#2684,#115,.T.);
#3399=EDGE_CURVE('',#2687,#2685,#116,.T.);
#3400=EDGE_CURVE('',#2686,#2687,#1504,.T.);
#3401=EDGE_CURVE('',#2688,#2686,#117,.T.);
#3402=EDGE_CURVE('',#2689,#2687,#118,.T.);
#3403=EDGE_CURVE('',#2688,#2689,#1505,.T.);
#3404=EDGE_CURVE('',#2690,#2688,#119,.T.);
#3405=EDGE_CURVE('',#2691,#2689,#120,.T.);
#3406=EDGE_CURVE('',#2690,#2691,#1506,.T.);
#3407=EDGE_CURVE('',#2692,#2690,#121,.T.);
#3408=EDGE_CURVE('',#2693,#2691,#122,.T.);
#3409=EDGE_CURVE('',#2692,#2693,#1507,.T.);
#3410=EDGE_CURVE('',#2694,#2692,#123,.T.);
#3411=EDGE_CURVE('',#2695,#2693,#124,.T.);
#3412=EDGE_CURVE('',#2694,#2695,#1508,.T.);
#3413=EDGE_CURVE('',#2696,#2694,#125,.T.);
#3414=EDGE_CURVE('',#2697,#2695,#126,.T.);
#3415=EDGE_CURVE('',#2696,#2697,#1509,.T.);
#3416=EDGE_CURVE('',#2698,#2696,#1510,.T.);
#3417=EDGE_CURVE('',#2699,#2697,#1511,.T.);
#3418=EDGE_CURVE('',#2698,#2699,#1512,.T.);
#3419=EDGE_CURVE('',#2700,#2698,#127,.T.);
#3420=EDGE_CURVE('',#2701,#2699,#128,.T.);
#3421=EDGE_CURVE('',#2700,#2701,#1513,.T.);
#3422=EDGE_CURVE('',#2702,#2700,#129,.T.);
#3423=EDGE_CURVE('',#2703,#2701,#130,.T.);
#3424=EDGE_CURVE('',#2702,#2703,#1514,.T.);
#3425=EDGE_CURVE('',#2657,#2702,#131,.T.);
#3426=EDGE_CURVE('',#2658,#2703,#132,.T.);
#3427=EDGE_CURVE('',#2704,#2705,#133,.T.);
#3428=EDGE_CURVE('',#2705,#2706,#1515,.T.);
#3429=EDGE_CURVE('',#2707,#2706,#134,.T.);
#3430=EDGE_CURVE('',#2704,#2707,#1516,.T.);
#3431=EDGE_CURVE('',#2708,#2704,#135,.T.);
#3432=EDGE_CURVE('',#2709,#2707,#136,.T.);
#3433=EDGE_CURVE('',#2708,#2709,#1517,.T.);
#3434=EDGE_CURVE('',#2710,#2708,#137,.T.);
#3435=EDGE_CURVE('',#2711,#2709,#138,.T.);
#3436=EDGE_CURVE('',#2710,#2711,#1518,.T.);
#3437=EDGE_CURVE('',#2712,#2710,#139,.T.);
#3438=EDGE_CURVE('',#2713,#2711,#140,.T.);
#3439=EDGE_CURVE('',#2712,#2713,#1519,.T.);
#3440=EDGE_CURVE('',#2714,#2712,#1520,.T.);
#3441=EDGE_CURVE('',#2715,#2713,#1521,.T.);
#3442=EDGE_CURVE('',#2714,#2715,#1522,.T.);
#3443=EDGE_CURVE('',#2716,#2714,#1523,.T.);
#3444=EDGE_CURVE('',#2717,#2715,#1524,.T.);
#3445=EDGE_CURVE('',#2716,#2717,#1525,.T.);
#3446=EDGE_CURVE('',#2718,#2716,#1526,.T.);
#3447=EDGE_CURVE('',#2719,#2717,#1527,.T.);
#3448=EDGE_CURVE('',#2718,#2719,#1528,.T.);
#3449=EDGE_CURVE('',#2720,#2718,#1529,.T.);
#3450=EDGE_CURVE('',#2721,#2719,#1530,.T.);
#3451=EDGE_CURVE('',#2720,#2721,#1531,.T.);
#3452=EDGE_CURVE('',#2722,#2720,#1532,.T.);
#3453=EDGE_CURVE('',#2723,#2721,#1533,.T.);
#3454=EDGE_CURVE('',#2722,#2723,#1534,.T.);
#3455=EDGE_CURVE('',#2724,#2722,#1535,.T.);
#3456=EDGE_CURVE('',#2725,#2723,#1536,.T.);
#3457=EDGE_CURVE('',#2724,#2725,#1537,.T.);
#3458=EDGE_CURVE('',#2726,#2724,#1538,.T.);
#3459=EDGE_CURVE('',#2727,#2725,#1539,.T.);
#3460=EDGE_CURVE('',#2726,#2727,#1540,.T.);
#3461=EDGE_CURVE('',#2728,#2726,#1541,.T.);
#3462=EDGE_CURVE('',#2729,#2727,#1542,.T.);
#3463=EDGE_CURVE('',#2728,#2729,#1543,.T.);
#3464=EDGE_CURVE('',#2730,#2728,#1544,.T.);
#3465=EDGE_CURVE('',#2731,#2729,#1545,.T.);
#3466=EDGE_CURVE('',#2730,#2731,#1546,.T.);
#3467=EDGE_CURVE('',#2732,#2730,#1547,.T.);
#3468=EDGE_CURVE('',#2733,#2731,#1548,.T.);
#3469=EDGE_CURVE('',#2732,#2733,#1549,.T.);
#3470=EDGE_CURVE('',#2734,#2732,#1550,.T.);
#3471=EDGE_CURVE('',#2735,#2733,#1551,.T.);
#3472=EDGE_CURVE('',#2734,#2735,#1552,.T.);
#3473=EDGE_CURVE('',#2736,#2734,#141,.T.);
#3474=EDGE_CURVE('',#2737,#2735,#142,.T.);
#3475=EDGE_CURVE('',#2736,#2737,#1553,.T.);
#3476=EDGE_CURVE('',#2738,#2736,#143,.T.);
#3477=EDGE_CURVE('',#2739,#2737,#144,.T.);
#3478=EDGE_CURVE('',#2738,#2739,#1554,.T.);
#3479=EDGE_CURVE('',#2740,#2738,#145,.T.);
#3480=EDGE_CURVE('',#2741,#2739,#146,.T.);
#3481=EDGE_CURVE('',#2740,#2741,#1555,.T.);
#3482=EDGE_CURVE('',#2742,#2740,#147,.T.);
#3483=EDGE_CURVE('',#2743,#2741,#148,.T.);
#3484=EDGE_CURVE('',#2742,#2743,#1556,.T.);
#3485=EDGE_CURVE('',#2705,#2742,#1557,.T.);
#3486=EDGE_CURVE('',#2706,#2743,#1558,.T.);
#3487=EDGE_CURVE('',#2744,#2745,#1559,.T.);
#3488=EDGE_CURVE('',#2745,#2746,#1560,.T.);
#3489=EDGE_CURVE('',#2747,#2746,#1561,.T.);
#3490=EDGE_CURVE('',#2744,#2747,#1562,.T.);
#3491=EDGE_CURVE('',#2748,#2744,#1563,.T.);
#3492=EDGE_CURVE('',#2749,#2747,#1564,.T.);
#3493=EDGE_CURVE('',#2748,#2749,#1565,.T.);
#3494=EDGE_CURVE('',#2750,#2748,#1566,.T.);
#3495=EDGE_CURVE('',#2751,#2749,#1567,.T.);
#3496=EDGE_CURVE('',#2750,#2751,#1568,.T.);
#3497=EDGE_CURVE('',#2752,#2750,#1569,.T.);
#3498=EDGE_CURVE('',#2753,#2751,#1570,.T.);
#3499=EDGE_CURVE('',#2752,#2753,#1571,.T.);
#3500=EDGE_CURVE('',#2754,#2752,#1572,.T.);
#3501=EDGE_CURVE('',#2755,#2753,#1573,.T.);
#3502=EDGE_CURVE('',#2754,#2755,#1574,.T.);
#3503=EDGE_CURVE('',#2756,#2754,#1575,.T.);
#3504=EDGE_CURVE('',#2757,#2755,#1576,.T.);
#3505=EDGE_CURVE('',#2756,#2757,#1577,.T.);
#3506=EDGE_CURVE('',#2758,#2756,#1578,.T.);
#3507=EDGE_CURVE('',#2759,#2757,#1579,.T.);
#3508=EDGE_CURVE('',#2758,#2759,#1580,.T.);
#3509=EDGE_CURVE('',#2760,#2758,#1581,.T.);
#3510=EDGE_CURVE('',#2761,#2759,#1582,.T.);
#3511=EDGE_CURVE('',#2760,#2761,#1583,.T.);
#3512=EDGE_CURVE('',#2762,#2760,#1584,.T.);
#3513=EDGE_CURVE('',#2763,#2761,#1585,.T.);
#3514=EDGE_CURVE('',#2762,#2763,#1586,.T.);
#3515=EDGE_CURVE('',#2764,#2762,#1587,.T.);
#3516=EDGE_CURVE('',#2765,#2763,#1588,.T.);
#3517=EDGE_CURVE('',#2764,#2765,#1589,.T.);
#3518=EDGE_CURVE('',#2766,#2764,#1590,.T.);
#3519=EDGE_CURVE('',#2767,#2765,#1591,.T.);
#3520=EDGE_CURVE('',#2766,#2767,#1592,.T.);
#3521=EDGE_CURVE('',#2768,#2766,#1593,.T.);
#3522=EDGE_CURVE('',#2769,#2767,#1594,.T.);
#3523=EDGE_CURVE('',#2768,#2769,#1595,.T.);
#3524=EDGE_CURVE('',#2770,#2768,#1596,.T.);
#3525=EDGE_CURVE('',#2771,#2769,#1597,.T.);
#3526=EDGE_CURVE('',#2770,#2771,#1598,.T.);
#3527=EDGE_CURVE('',#2772,#2770,#1599,.T.);
#3528=EDGE_CURVE('',#2773,#2771,#1600,.T.);
#3529=EDGE_CURVE('',#2772,#2773,#1601,.T.);
#3530=EDGE_CURVE('',#2774,#2772,#1602,.T.);
#3531=EDGE_CURVE('',#2775,#2773,#1603,.T.);
#3532=EDGE_CURVE('',#2774,#2775,#1604,.T.);
#3533=EDGE_CURVE('',#2776,#2774,#1605,.T.);
#3534=EDGE_CURVE('',#2777,#2775,#1606,.T.);
#3535=EDGE_CURVE('',#2776,#2777,#1607,.T.);
#3536=EDGE_CURVE('',#2778,#2776,#1608,.T.);
#3537=EDGE_CURVE('',#2779,#2777,#1609,.T.);
#3538=EDGE_CURVE('',#2778,#2779,#1610,.T.);
#3539=EDGE_CURVE('',#2780,#2778,#1611,.T.);
#3540=EDGE_CURVE('',#2781,#2779,#1612,.T.);
#3541=EDGE_CURVE('',#2780,#2781,#1613,.T.);
#3542=EDGE_CURVE('',#2745,#2780,#1614,.T.);
#3543=EDGE_CURVE('',#2746,#2781,#1615,.T.);
#3544=EDGE_CURVE('',#2782,#2783,#149,.T.);
#3545=EDGE_CURVE('',#2783,#2784,#1616,.T.);
#3546=EDGE_CURVE('',#2785,#2784,#150,.T.);
#3547=EDGE_CURVE('',#2782,#2785,#1617,.T.);
#3548=EDGE_CURVE('',#2786,#2782,#151,.T.);
#3549=EDGE_CURVE('',#2787,#2785,#152,.T.);
#3550=EDGE_CURVE('',#2786,#2787,#1618,.T.);
#3551=EDGE_CURVE('',#2788,#2786,#153,.T.);
#3552=EDGE_CURVE('',#2789,#2787,#154,.T.);
#3553=EDGE_CURVE('',#2788,#2789,#1619,.T.);
#3554=EDGE_CURVE('',#2790,#2788,#155,.T.);
#3555=EDGE_CURVE('',#2791,#2789,#156,.T.);
#3556=EDGE_CURVE('',#2790,#2791,#1620,.T.);
#3557=EDGE_CURVE('',#2792,#2790,#157,.T.);
#3558=EDGE_CURVE('',#2793,#2791,#158,.T.);
#3559=EDGE_CURVE('',#2792,#2793,#1621,.T.);
#3560=EDGE_CURVE('',#2794,#2792,#159,.T.);
#3561=EDGE_CURVE('',#2795,#2793,#160,.T.);
#3562=EDGE_CURVE('',#2794,#2795,#1622,.T.);
#3563=EDGE_CURVE('',#2796,#2794,#161,.T.);
#3564=EDGE_CURVE('',#2797,#2795,#162,.T.);
#3565=EDGE_CURVE('',#2796,#2797,#1623,.T.);
#3566=EDGE_CURVE('',#2798,#2796,#163,.T.);
#3567=EDGE_CURVE('',#2799,#2797,#164,.T.);
#3568=EDGE_CURVE('',#2798,#2799,#1624,.T.);
#3569=EDGE_CURVE('',#2800,#2798,#165,.T.);
#3570=EDGE_CURVE('',#2801,#2799,#166,.T.);
#3571=EDGE_CURVE('',#2800,#2801,#1625,.T.);
#3572=EDGE_CURVE('',#2802,#2800,#167,.T.);
#3573=EDGE_CURVE('',#2803,#2801,#168,.T.);
#3574=EDGE_CURVE('',#2802,#2803,#1626,.T.);
#3575=EDGE_CURVE('',#2804,#2802,#169,.T.);
#3576=EDGE_CURVE('',#2805,#2803,#170,.T.);
#3577=EDGE_CURVE('',#2804,#2805,#1627,.T.);
#3578=EDGE_CURVE('',#2806,#2804,#171,.T.);
#3579=EDGE_CURVE('',#2807,#2805,#172,.T.);
#3580=EDGE_CURVE('',#2806,#2807,#1628,.T.);
#3581=EDGE_CURVE('',#2808,#2806,#173,.T.);
#3582=EDGE_CURVE('',#2809,#2807,#174,.T.);
#3583=EDGE_CURVE('',#2808,#2809,#1629,.T.);
#3584=EDGE_CURVE('',#2810,#2808,#175,.T.);
#3585=EDGE_CURVE('',#2811,#2809,#176,.T.);
#3586=EDGE_CURVE('',#2810,#2811,#1630,.T.);
#3587=EDGE_CURVE('',#2812,#2810,#177,.T.);
#3588=EDGE_CURVE('',#2813,#2811,#178,.T.);
#3589=EDGE_CURVE('',#2812,#2813,#1631,.T.);
#3590=EDGE_CURVE('',#2783,#2812,#179,.T.);
#3591=EDGE_CURVE('',#2784,#2813,#180,.T.);
#3592=EDGE_CURVE('',#2814,#2815,#1632,.T.);
#3593=EDGE_CURVE('',#2815,#2816,#1633,.T.);
#3594=EDGE_CURVE('',#2817,#2816,#1634,.T.);
#3595=EDGE_CURVE('',#2814,#2817,#1635,.T.);
#3596=EDGE_CURVE('',#2818,#2814,#1636,.T.);
#3597=EDGE_CURVE('',#2819,#2817,#1637,.T.);
#3598=EDGE_CURVE('',#2818,#2819,#1638,.T.);
#3599=EDGE_CURVE('',#2820,#2818,#1639,.T.);
#3600=EDGE_CURVE('',#2821,#2819,#1640,.T.);
#3601=EDGE_CURVE('',#2820,#2821,#1641,.T.);
#3602=EDGE_CURVE('',#2822,#2820,#1642,.T.);
#3603=EDGE_CURVE('',#2823,#2821,#1643,.T.);
#3604=EDGE_CURVE('',#2822,#2823,#1644,.T.);
#3605=EDGE_CURVE('',#2824,#2822,#1645,.T.);
#3606=EDGE_CURVE('',#2825,#2823,#1646,.T.);
#3607=EDGE_CURVE('',#2824,#2825,#1647,.T.);
#3608=EDGE_CURVE('',#2826,#2824,#1648,.T.);
#3609=EDGE_CURVE('',#2827,#2825,#1649,.T.);
#3610=EDGE_CURVE('',#2826,#2827,#1650,.T.);
#3611=EDGE_CURVE('',#2828,#2826,#1651,.T.);
#3612=EDGE_CURVE('',#2829,#2827,#1652,.T.);
#3613=EDGE_CURVE('',#2828,#2829,#1653,.T.);
#3614=EDGE_CURVE('',#2830,#2828,#1654,.T.);
#3615=EDGE_CURVE('',#2831,#2829,#1655,.T.);
#3616=EDGE_CURVE('',#2830,#2831,#1656,.T.);
#3617=EDGE_CURVE('',#2832,#2830,#1657,.T.);
#3618=EDGE_CURVE('',#2833,#2831,#1658,.T.);
#3619=EDGE_CURVE('',#2832,#2833,#1659,.T.);
#3620=EDGE_CURVE('',#2815,#2832,#1660,.T.);
#3621=EDGE_CURVE('',#2816,#2833,#1661,.T.);
#3622=EDGE_CURVE('',#2834,#2835,#1662,.T.);
#3623=EDGE_CURVE('',#2835,#2836,#1663,.T.);
#3624=EDGE_CURVE('',#2837,#2836,#1664,.T.);
#3625=EDGE_CURVE('',#2834,#2837,#1665,.T.);
#3626=EDGE_CURVE('',#2838,#2834,#1666,.T.);
#3627=EDGE_CURVE('',#2839,#2837,#1667,.T.);
#3628=EDGE_CURVE('',#2838,#2839,#1668,.T.);
#3629=EDGE_CURVE('',#2840,#2838,#1669,.T.);
#3630=EDGE_CURVE('',#2841,#2839,#1670,.T.);
#3631=EDGE_CURVE('',#2840,#2841,#1671,.T.);
#3632=EDGE_CURVE('',#2842,#2840,#1672,.T.);
#3633=EDGE_CURVE('',#2843,#2841,#1673,.T.);
#3634=EDGE_CURVE('',#2842,#2843,#1674,.T.);
#3635=EDGE_CURVE('',#2844,#2842,#1675,.T.);
#3636=EDGE_CURVE('',#2845,#2843,#1676,.T.);
#3637=EDGE_CURVE('',#2844,#2845,#1677,.T.);
#3638=EDGE_CURVE('',#2846,#2844,#1678,.T.);
#3639=EDGE_CURVE('',#2847,#2845,#1679,.T.);
#3640=EDGE_CURVE('',#2846,#2847,#1680,.T.);
#3641=EDGE_CURVE('',#2848,#2846,#181,.T.);
#3642=EDGE_CURVE('',#2849,#2847,#182,.T.);
#3643=EDGE_CURVE('',#2848,#2849,#1681,.T.);
#3644=EDGE_CURVE('',#2850,#2848,#183,.T.);
#3645=EDGE_CURVE('',#2851,#2849,#184,.T.);
#3646=EDGE_CURVE('',#2850,#2851,#1682,.T.);
#3647=EDGE_CURVE('',#2852,#2850,#185,.T.);
#3648=EDGE_CURVE('',#2853,#2851,#186,.T.);
#3649=EDGE_CURVE('',#2852,#2853,#1683,.T.);
#3650=EDGE_CURVE('',#2854,#2852,#187,.T.);
#3651=EDGE_CURVE('',#2855,#2853,#188,.T.);
#3652=EDGE_CURVE('',#2854,#2855,#1684,.T.);
#3653=EDGE_CURVE('',#2856,#2854,#189,.T.);
#3654=EDGE_CURVE('',#2857,#2855,#190,.T.);
#3655=EDGE_CURVE('',#2856,#2857,#1685,.T.);
#3656=EDGE_CURVE('',#2858,#2856,#191,.T.);
#3657=EDGE_CURVE('',#2859,#2857,#192,.T.);
#3658=EDGE_CURVE('',#2858,#2859,#1686,.T.);
#3659=EDGE_CURVE('',#2860,#2858,#1687,.T.);
#3660=EDGE_CURVE('',#2861,#2859,#1688,.T.);
#3661=EDGE_CURVE('',#2860,#2861,#1689,.T.);
#3662=EDGE_CURVE('',#2862,#2860,#193,.T.);
#3663=EDGE_CURVE('',#2863,#2861,#194,.T.);
#3664=EDGE_CURVE('',#2862,#2863,#1690,.T.);
#3665=EDGE_CURVE('',#2864,#2862,#195,.T.);
#3666=EDGE_CURVE('',#2865,#2863,#196,.T.);
#3667=EDGE_CURVE('',#2864,#2865,#1691,.T.);
#3668=EDGE_CURVE('',#2866,#2864,#197,.T.);
#3669=EDGE_CURVE('',#2867,#2865,#198,.T.);
#3670=EDGE_CURVE('',#2866,#2867,#1692,.T.);
#3671=EDGE_CURVE('',#2868,#2866,#199,.T.);
#3672=EDGE_CURVE('',#2869,#2867,#200,.T.);
#3673=EDGE_CURVE('',#2868,#2869,#1693,.T.);
#3674=EDGE_CURVE('',#2870,#2868,#201,.T.);
#3675=EDGE_CURVE('',#2871,#2869,#202,.T.);
#3676=EDGE_CURVE('',#2870,#2871,#1694,.T.);
#3677=EDGE_CURVE('',#2872,#2870,#203,.T.);
#3678=EDGE_CURVE('',#2873,#2871,#204,.T.);
#3679=EDGE_CURVE('',#2872,#2873,#1695,.T.);
#3680=EDGE_CURVE('',#2874,#2872,#1696,.T.);
#3681=EDGE_CURVE('',#2875,#2873,#1697,.T.);
#3682=EDGE_CURVE('',#2874,#2875,#1698,.T.);
#3683=EDGE_CURVE('',#2835,#2874,#1699,.T.);
#3684=EDGE_CURVE('',#2836,#2875,#1700,.T.);
#3685=EDGE_CURVE('',#2876,#2877,#205,.T.);
#3686=EDGE_CURVE('',#2877,#2878,#1701,.T.);
#3687=EDGE_CURVE('',#2879,#2878,#206,.T.);
#3688=EDGE_CURVE('',#2876,#2879,#1702,.T.);
#3689=EDGE_CURVE('',#2880,#2876,#207,.T.);
#3690=EDGE_CURVE('',#2881,#2879,#208,.T.);
#3691=EDGE_CURVE('',#2880,#2881,#1703,.T.);
#3692=EDGE_CURVE('',#2882,#2880,#209,.T.);
#3693=EDGE_CURVE('',#2883,#2881,#210,.T.);
#3694=EDGE_CURVE('',#2882,#2883,#1704,.T.);
#3695=EDGE_CURVE('',#2884,#2882,#211,.T.);
#3696=EDGE_CURVE('',#2885,#2883,#212,.T.);
#3697=EDGE_CURVE('',#2884,#2885,#1705,.T.);
#3698=EDGE_CURVE('',#2886,#2884,#213,.T.);
#3699=EDGE_CURVE('',#2887,#2885,#214,.T.);
#3700=EDGE_CURVE('',#2886,#2887,#1706,.T.);
#3701=EDGE_CURVE('',#2888,#2886,#1707,.T.);
#3702=EDGE_CURVE('',#2889,#2887,#1708,.T.);
#3703=EDGE_CURVE('',#2888,#2889,#1709,.T.);
#3704=EDGE_CURVE('',#2890,#2888,#215,.T.);
#3705=EDGE_CURVE('',#2891,#2889,#216,.T.);
#3706=EDGE_CURVE('',#2890,#2891,#1710,.T.);
#3707=EDGE_CURVE('',#2892,#2890,#217,.T.);
#3708=EDGE_CURVE('',#2893,#2891,#218,.T.);
#3709=EDGE_CURVE('',#2892,#2893,#1711,.T.);
#3710=EDGE_CURVE('',#2894,#2892,#219,.T.);
#3711=EDGE_CURVE('',#2895,#2893,#220,.T.);
#3712=EDGE_CURVE('',#2894,#2895,#1712,.T.);
#3713=EDGE_CURVE('',#2896,#2894,#221,.T.);
#3714=EDGE_CURVE('',#2897,#2895,#222,.T.);
#3715=EDGE_CURVE('',#2896,#2897,#1713,.T.);
#3716=EDGE_CURVE('',#2898,#2896,#223,.T.);
#3717=EDGE_CURVE('',#2899,#2897,#224,.T.);
#3718=EDGE_CURVE('',#2898,#2899,#1714,.T.);
#3719=EDGE_CURVE('',#2900,#2898,#225,.T.);
#3720=EDGE_CURVE('',#2901,#2899,#226,.T.);
#3721=EDGE_CURVE('',#2900,#2901,#1715,.T.);
#3722=EDGE_CURVE('',#2902,#2900,#227,.T.);
#3723=EDGE_CURVE('',#2903,#2901,#228,.T.);
#3724=EDGE_CURVE('',#2902,#2903,#1716,.T.);
#3725=EDGE_CURVE('',#2904,#2902,#229,.T.);
#3726=EDGE_CURVE('',#2905,#2903,#230,.T.);
#3727=EDGE_CURVE('',#2904,#2905,#1717,.T.);
#3728=EDGE_CURVE('',#2877,#2904,#231,.T.);
#3729=EDGE_CURVE('',#2878,#2905,#232,.T.);
#3730=EDGE_CURVE('',#2906,#2907,#233,.T.);
#3731=EDGE_CURVE('',#2907,#2908,#1718,.T.);
#3732=EDGE_CURVE('',#2909,#2908,#234,.T.);
#3733=EDGE_CURVE('',#2906,#2909,#1719,.T.);
#3734=EDGE_CURVE('',#2910,#2906,#235,.T.);
#3735=EDGE_CURVE('',#2911,#2909,#236,.T.);
#3736=EDGE_CURVE('',#2910,#2911,#1720,.T.);
#3737=EDGE_CURVE('',#2912,#2910,#237,.T.);
#3738=EDGE_CURVE('',#2913,#2911,#238,.T.);
#3739=EDGE_CURVE('',#2912,#2913,#1721,.T.);
#3740=EDGE_CURVE('',#2914,#2912,#239,.T.);
#3741=EDGE_CURVE('',#2915,#2913,#240,.T.);
#3742=EDGE_CURVE('',#2914,#2915,#1722,.T.);
#3743=EDGE_CURVE('',#2916,#2914,#241,.T.);
#3744=EDGE_CURVE('',#2917,#2915,#242,.T.);
#3745=EDGE_CURVE('',#2916,#2917,#1723,.T.);
#3746=EDGE_CURVE('',#2918,#2916,#1724,.T.);
#3747=EDGE_CURVE('',#2919,#2917,#1725,.T.);
#3748=EDGE_CURVE('',#2918,#2919,#1726,.T.);
#3749=EDGE_CURVE('',#2920,#2918,#1727,.T.);
#3750=EDGE_CURVE('',#2921,#2919,#1728,.T.);
#3751=EDGE_CURVE('',#2920,#2921,#1729,.T.);
#3752=EDGE_CURVE('',#2922,#2920,#1730,.T.);
#3753=EDGE_CURVE('',#2923,#2921,#1731,.T.);
#3754=EDGE_CURVE('',#2922,#2923,#1732,.T.);
#3755=EDGE_CURVE('',#2924,#2922,#1733,.T.);
#3756=EDGE_CURVE('',#2925,#2923,#1734,.T.);
#3757=EDGE_CURVE('',#2924,#2925,#1735,.T.);
#3758=EDGE_CURVE('',#2926,#2924,#243,.T.);
#3759=EDGE_CURVE('',#2927,#2925,#244,.T.);
#3760=EDGE_CURVE('',#2926,#2927,#1736,.T.);
#3761=EDGE_CURVE('',#2928,#2926,#245,.T.);
#3762=EDGE_CURVE('',#2929,#2927,#246,.T.);
#3763=EDGE_CURVE('',#2928,#2929,#1737,.T.);
#3764=EDGE_CURVE('',#2930,#2928,#247,.T.);
#3765=EDGE_CURVE('',#2931,#2929,#248,.T.);
#3766=EDGE_CURVE('',#2930,#2931,#1738,.T.);
#3767=EDGE_CURVE('',#2932,#2930,#249,.T.);
#3768=EDGE_CURVE('',#2933,#2931,#250,.T.);
#3769=EDGE_CURVE('',#2932,#2933,#1739,.T.);
#3770=EDGE_CURVE('',#2934,#2932,#251,.T.);
#3771=EDGE_CURVE('',#2935,#2933,#252,.T.);
#3772=EDGE_CURVE('',#2934,#2935,#1740,.T.);
#3773=EDGE_CURVE('',#2936,#2934,#253,.T.);
#3774=EDGE_CURVE('',#2937,#2935,#254,.T.);
#3775=EDGE_CURVE('',#2936,#2937,#1741,.T.);
#3776=EDGE_CURVE('',#2907,#2936,#255,.T.);
#3777=EDGE_CURVE('',#2908,#2937,#256,.T.);
#3778=EDGE_CURVE('',#2938,#2939,#257,.T.);
#3779=EDGE_CURVE('',#2939,#2940,#1742,.T.);
#3780=EDGE_CURVE('',#2941,#2940,#258,.T.);
#3781=EDGE_CURVE('',#2938,#2941,#1743,.T.);
#3782=EDGE_CURVE('',#2942,#2938,#259,.T.);
#3783=EDGE_CURVE('',#2943,#2941,#260,.T.);
#3784=EDGE_CURVE('',#2942,#2943,#1744,.T.);
#3785=EDGE_CURVE('',#2944,#2942,#261,.T.);
#3786=EDGE_CURVE('',#2945,#2943,#262,.T.);
#3787=EDGE_CURVE('',#2944,#2945,#1745,.T.);
#3788=EDGE_CURVE('',#2946,#2944,#1746,.T.);
#3789=EDGE_CURVE('',#2947,#2945,#1747,.T.);
#3790=EDGE_CURVE('',#2946,#2947,#1748,.T.);
#3791=EDGE_CURVE('',#2948,#2946,#263,.T.);
#3792=EDGE_CURVE('',#2949,#2947,#264,.T.);
#3793=EDGE_CURVE('',#2948,#2949,#1749,.T.);
#3794=EDGE_CURVE('',#2950,#2948,#265,.T.);
#3795=EDGE_CURVE('',#2951,#2949,#266,.T.);
#3796=EDGE_CURVE('',#2950,#2951,#1750,.T.);
#3797=EDGE_CURVE('',#2952,#2950,#267,.T.);
#3798=EDGE_CURVE('',#2953,#2951,#268,.T.);
#3799=EDGE_CURVE('',#2952,#2953,#1751,.T.);
#3800=EDGE_CURVE('',#2954,#2952,#269,.T.);
#3801=EDGE_CURVE('',#2955,#2953,#270,.T.);
#3802=EDGE_CURVE('',#2954,#2955,#1752,.T.);
#3803=EDGE_CURVE('',#2939,#2954,#271,.T.);
#3804=EDGE_CURVE('',#2940,#2955,#272,.T.);
#3805=EDGE_CURVE('',#2956,#2957,#273,.T.);
#3806=EDGE_CURVE('',#2957,#2958,#1753,.T.);
#3807=EDGE_CURVE('',#2959,#2958,#274,.T.);
#3808=EDGE_CURVE('',#2956,#2959,#1754,.T.);
#3809=EDGE_CURVE('',#2960,#2956,#275,.T.);
#3810=EDGE_CURVE('',#2961,#2959,#276,.T.);
#3811=EDGE_CURVE('',#2960,#2961,#1755,.T.);
#3812=EDGE_CURVE('',#2962,#2960,#277,.T.);
#3813=EDGE_CURVE('',#2963,#2961,#278,.T.);
#3814=EDGE_CURVE('',#2962,#2963,#1756,.T.);
#3815=EDGE_CURVE('',#2964,#2962,#279,.T.);
#3816=EDGE_CURVE('',#2965,#2963,#280,.T.);
#3817=EDGE_CURVE('',#2964,#2965,#1757,.T.);
#3818=EDGE_CURVE('',#2966,#2964,#281,.T.);
#3819=EDGE_CURVE('',#2967,#2965,#282,.T.);
#3820=EDGE_CURVE('',#2966,#2967,#1758,.T.);
#3821=EDGE_CURVE('',#2968,#2966,#1759,.T.);
#3822=EDGE_CURVE('',#2969,#2967,#1760,.T.);
#3823=EDGE_CURVE('',#2968,#2969,#1761,.T.);
#3824=EDGE_CURVE('',#2970,#2968,#1762,.T.);
#3825=EDGE_CURVE('',#2971,#2969,#1763,.T.);
#3826=EDGE_CURVE('',#2970,#2971,#1764,.T.);
#3827=EDGE_CURVE('',#2972,#2970,#1765,.T.);
#3828=EDGE_CURVE('',#2973,#2971,#1766,.T.);
#3829=EDGE_CURVE('',#2972,#2973,#1767,.T.);
#3830=EDGE_CURVE('',#2974,#2972,#1768,.T.);
#3831=EDGE_CURVE('',#2975,#2973,#1769,.T.);
#3832=EDGE_CURVE('',#2974,#2975,#1770,.T.);
#3833=EDGE_CURVE('',#2976,#2974,#1771,.T.);
#3834=EDGE_CURVE('',#2977,#2975,#1772,.T.);
#3835=EDGE_CURVE('',#2976,#2977,#1773,.T.);
#3836=EDGE_CURVE('',#2978,#2976,#283,.T.);
#3837=EDGE_CURVE('',#2979,#2977,#284,.T.);
#3838=EDGE_CURVE('',#2978,#2979,#1774,.T.);
#3839=EDGE_CURVE('',#2980,#2978,#285,.T.);
#3840=EDGE_CURVE('',#2981,#2979,#286,.T.);
#3841=EDGE_CURVE('',#2980,#2981,#1775,.T.);
#3842=EDGE_CURVE('',#2982,#2980,#287,.T.);
#3843=EDGE_CURVE('',#2983,#2981,#288,.T.);
#3844=EDGE_CURVE('',#2982,#2983,#1776,.T.);
#3845=EDGE_CURVE('',#2984,#2982,#289,.T.);
#3846=EDGE_CURVE('',#2985,#2983,#290,.T.);
#3847=EDGE_CURVE('',#2984,#2985,#1777,.T.);
#3848=EDGE_CURVE('',#2986,#2984,#291,.T.);
#3849=EDGE_CURVE('',#2987,#2985,#292,.T.);
#3850=EDGE_CURVE('',#2986,#2987,#1778,.T.);
#3851=EDGE_CURVE('',#2988,#2986,#293,.T.);
#3852=EDGE_CURVE('',#2989,#2987,#294,.T.);
#3853=EDGE_CURVE('',#2988,#2989,#1779,.T.);
#3854=EDGE_CURVE('',#2957,#2988,#295,.T.);
#3855=EDGE_CURVE('',#2958,#2989,#296,.T.);
#3856=EDGE_CURVE('',#2990,#2991,#1780,.T.);
#3857=EDGE_CURVE('',#2991,#2992,#1781,.T.);
#3858=EDGE_CURVE('',#2993,#2992,#1782,.T.);
#3859=EDGE_CURVE('',#2990,#2993,#1783,.T.);
#3860=EDGE_CURVE('',#2994,#2990,#1784,.T.);
#3861=EDGE_CURVE('',#2995,#2993,#1785,.T.);
#3862=EDGE_CURVE('',#2994,#2995,#1786,.T.);
#3863=EDGE_CURVE('',#2996,#2994,#1787,.T.);
#3864=EDGE_CURVE('',#2997,#2995,#1788,.T.);
#3865=EDGE_CURVE('',#2996,#2997,#1789,.T.);
#3866=EDGE_CURVE('',#2998,#2996,#1790,.T.);
#3867=EDGE_CURVE('',#2999,#2997,#1791,.T.);
#3868=EDGE_CURVE('',#2998,#2999,#1792,.T.);
#3869=EDGE_CURVE('',#3000,#2998,#1793,.T.);
#3870=EDGE_CURVE('',#3001,#2999,#1794,.T.);
#3871=EDGE_CURVE('',#3000,#3001,#1795,.T.);
#3872=EDGE_CURVE('',#3002,#3000,#1796,.T.);
#3873=EDGE_CURVE('',#3003,#3001,#1797,.T.);
#3874=EDGE_CURVE('',#3002,#3003,#1798,.T.);
#3875=EDGE_CURVE('',#3004,#3002,#1799,.T.);
#3876=EDGE_CURVE('',#3005,#3003,#1800,.T.);
#3877=EDGE_CURVE('',#3004,#3005,#1801,.T.);
#3878=EDGE_CURVE('',#3006,#3004,#1802,.T.);
#3879=EDGE_CURVE('',#3007,#3005,#1803,.T.);
#3880=EDGE_CURVE('',#3006,#3007,#1804,.T.);
#3881=EDGE_CURVE('',#3008,#3006,#1805,.T.);
#3882=EDGE_CURVE('',#3009,#3007,#1806,.T.);
#3883=EDGE_CURVE('',#3008,#3009,#1807,.T.);
#3884=EDGE_CURVE('',#3010,#3008,#1808,.T.);
#3885=EDGE_CURVE('',#3011,#3009,#1809,.T.);
#3886=EDGE_CURVE('',#3010,#3011,#1810,.T.);
#3887=EDGE_CURVE('',#3012,#3010,#1811,.T.);
#3888=EDGE_CURVE('',#3013,#3011,#1812,.T.);
#3889=EDGE_CURVE('',#3012,#3013,#1813,.T.);
#3890=EDGE_CURVE('',#3014,#3012,#1814,.T.);
#3891=EDGE_CURVE('',#3015,#3013,#1815,.T.);
#3892=EDGE_CURVE('',#3014,#3015,#1816,.T.);
#3893=EDGE_CURVE('',#3016,#3014,#1817,.T.);
#3894=EDGE_CURVE('',#3017,#3015,#1818,.T.);
#3895=EDGE_CURVE('',#3016,#3017,#1819,.T.);
#3896=EDGE_CURVE('',#3018,#3016,#1820,.T.);
#3897=EDGE_CURVE('',#3019,#3017,#1821,.T.);
#3898=EDGE_CURVE('',#3018,#3019,#1822,.T.);
#3899=EDGE_CURVE('',#3020,#3018,#1823,.T.);
#3900=EDGE_CURVE('',#3021,#3019,#1824,.T.);
#3901=EDGE_CURVE('',#3020,#3021,#1825,.T.);
#3902=EDGE_CURVE('',#3022,#3020,#1826,.T.);
#3903=EDGE_CURVE('',#3023,#3021,#1827,.T.);
#3904=EDGE_CURVE('',#3022,#3023,#1828,.T.);
#3905=EDGE_CURVE('',#3024,#3022,#1829,.T.);
#3906=EDGE_CURVE('',#3025,#3023,#1830,.T.);
#3907=EDGE_CURVE('',#3024,#3025,#1831,.T.);
#3908=EDGE_CURVE('',#3026,#3024,#1832,.T.);
#3909=EDGE_CURVE('',#3027,#3025,#1833,.T.);
#3910=EDGE_CURVE('',#3026,#3027,#1834,.T.);
#3911=EDGE_CURVE('',#2991,#3026,#1835,.T.);
#3912=EDGE_CURVE('',#2992,#3027,#1836,.T.);
#3913=ORIENTED_EDGE('',*,*,#3028,.T.);
#3914=ORIENTED_EDGE('',*,*,#3029,.T.);
#3915=ORIENTED_EDGE('',*,*,#3030,.T.);
#3916=ORIENTED_EDGE('',*,*,#3031,.T.);
#3917=ORIENTED_EDGE('',*,*,#3029,.F.);
#3918=ORIENTED_EDGE('',*,*,#3032,.F.);
#3919=ORIENTED_EDGE('',*,*,#3033,.F.);
#3920=ORIENTED_EDGE('',*,*,#3034,.F.);
#3921=ORIENTED_EDGE('',*,*,#3028,.F.);
#3922=ORIENTED_EDGE('',*,*,#3035,.T.);
#3923=ORIENTED_EDGE('',*,*,#3036,.F.);
#3924=ORIENTED_EDGE('',*,*,#3037,.T.);
#3925=ORIENTED_EDGE('',*,*,#3038,.F.);
#3926=ORIENTED_EDGE('',*,*,#3039,.T.);
#3927=ORIENTED_EDGE('',*,*,#3040,.F.);
#3928=ORIENTED_EDGE('',*,*,#3032,.T.);
#3929=ORIENTED_EDGE('',*,*,#3041,.T.);
#3930=ORIENTED_EDGE('',*,*,#3042,.T.);
#3931=ORIENTED_EDGE('',*,*,#3043,.T.);
#3932=ORIENTED_EDGE('',*,*,#3044,.T.);
#3933=ORIENTED_EDGE('',*,*,#3045,.T.);
#3934=ORIENTED_EDGE('',*,*,#3046,.T.);
#3935=ORIENTED_EDGE('',*,*,#3047,.T.);
#3936=ORIENTED_EDGE('',*,*,#3048,.T.);
#3937=ORIENTED_EDGE('',*,*,#3049,.T.);
#3938=ORIENTED_EDGE('',*,*,#3050,.T.);
#3939=ORIENTED_EDGE('',*,*,#3051,.T.);
#3940=ORIENTED_EDGE('',*,*,#3052,.T.);
#3941=ORIENTED_EDGE('',*,*,#3053,.T.);
#3942=ORIENTED_EDGE('',*,*,#3054,.T.);
#3943=ORIENTED_EDGE('',*,*,#3055,.T.);
#3944=ORIENTED_EDGE('',*,*,#3056,.T.);
#3945=ORIENTED_EDGE('',*,*,#3057,.T.);
#3946=ORIENTED_EDGE('',*,*,#3058,.T.);
#3947=ORIENTED_EDGE('',*,*,#3059,.T.);
#3948=ORIENTED_EDGE('',*,*,#3060,.T.);
#3949=ORIENTED_EDGE('',*,*,#3061,.T.);
#3950=ORIENTED_EDGE('',*,*,#3062,.T.);
#3951=ORIENTED_EDGE('',*,*,#3063,.T.);
#3952=ORIENTED_EDGE('',*,*,#3064,.T.);
#3953=ORIENTED_EDGE('',*,*,#3065,.T.);
#3954=ORIENTED_EDGE('',*,*,#3066,.T.);
#3955=ORIENTED_EDGE('',*,*,#3067,.T.);
#3956=ORIENTED_EDGE('',*,*,#3068,.T.);
#3957=ORIENTED_EDGE('',*,*,#3069,.T.);
#3958=ORIENTED_EDGE('',*,*,#3070,.T.);
#3959=ORIENTED_EDGE('',*,*,#3071,.T.);
#3960=ORIENTED_EDGE('',*,*,#3072,.T.);
#3961=ORIENTED_EDGE('',*,*,#3073,.T.);
#3962=ORIENTED_EDGE('',*,*,#3074,.T.);
#3963=ORIENTED_EDGE('',*,*,#3075,.T.);
#3964=ORIENTED_EDGE('',*,*,#3076,.T.);
#3965=ORIENTED_EDGE('',*,*,#3077,.T.);
#3966=ORIENTED_EDGE('',*,*,#3078,.T.);
#3967=ORIENTED_EDGE('',*,*,#3079,.T.);
#3968=ORIENTED_EDGE('',*,*,#3080,.T.);
#3969=ORIENTED_EDGE('',*,*,#3081,.T.);
#3970=ORIENTED_EDGE('',*,*,#3082,.T.);
#3971=ORIENTED_EDGE('',*,*,#3083,.T.);
#3972=ORIENTED_EDGE('',*,*,#3084,.T.);
#3973=ORIENTED_EDGE('',*,*,#3085,.T.);
#3974=ORIENTED_EDGE('',*,*,#3086,.T.);
#3975=ORIENTED_EDGE('',*,*,#3087,.T.);
#3976=ORIENTED_EDGE('',*,*,#3088,.T.);
#3977=ORIENTED_EDGE('',*,*,#3089,.T.);
#3978=ORIENTED_EDGE('',*,*,#3090,.T.);
#3979=ORIENTED_EDGE('',*,*,#3091,.T.);
#3980=ORIENTED_EDGE('',*,*,#3092,.T.);
#3981=ORIENTED_EDGE('',*,*,#3093,.T.);
#3982=ORIENTED_EDGE('',*,*,#3040,.T.);
#3983=ORIENTED_EDGE('',*,*,#3094,.T.);
#3984=ORIENTED_EDGE('',*,*,#3095,.T.);
#3985=ORIENTED_EDGE('',*,*,#3033,.T.);
#3986=ORIENTED_EDGE('',*,*,#3094,.F.);
#3987=ORIENTED_EDGE('',*,*,#3039,.F.);
#3988=ORIENTED_EDGE('',*,*,#3096,.F.);
#3989=ORIENTED_EDGE('',*,*,#3097,.F.);
#3990=ORIENTED_EDGE('',*,*,#3038,.T.);
#3991=ORIENTED_EDGE('',*,*,#3098,.T.);
#3992=ORIENTED_EDGE('',*,*,#3099,.T.);
#3993=ORIENTED_EDGE('',*,*,#3096,.T.);
#3994=ORIENTED_EDGE('',*,*,#3098,.F.);
#3995=ORIENTED_EDGE('',*,*,#3037,.F.);
#3996=ORIENTED_EDGE('',*,*,#3100,.F.);
#3997=ORIENTED_EDGE('',*,*,#3101,.F.);
#3998=ORIENTED_EDGE('',*,*,#3036,.T.);
#3999=ORIENTED_EDGE('',*,*,#3102,.T.);
#4000=ORIENTED_EDGE('',*,*,#3103,.T.);
#4001=ORIENTED_EDGE('',*,*,#3100,.T.);
#4002=ORIENTED_EDGE('',*,*,#3104,.T.);
#4003=ORIENTED_EDGE('',*,*,#3105,.T.);
#4004=ORIENTED_EDGE('',*,*,#3093,.F.);
#4005=ORIENTED_EDGE('',*,*,#3106,.F.);
#4006=ORIENTED_EDGE('',*,*,#3107,.T.);
#4007=ORIENTED_EDGE('',*,*,#3106,.T.);
#4008=ORIENTED_EDGE('',*,*,#3092,.F.);
#4009=ORIENTED_EDGE('',*,*,#3108,.F.);
#4010=ORIENTED_EDGE('',*,*,#3109,.T.);
#4011=ORIENTED_EDGE('',*,*,#3108,.T.);
#4012=ORIENTED_EDGE('',*,*,#3091,.F.);
#4013=ORIENTED_EDGE('',*,*,#3110,.F.);
#4014=ORIENTED_EDGE('',*,*,#3111,.T.);
#4015=ORIENTED_EDGE('',*,*,#3110,.T.);
#4016=ORIENTED_EDGE('',*,*,#3090,.F.);
#4017=ORIENTED_EDGE('',*,*,#3112,.F.);
#4018=ORIENTED_EDGE('',*,*,#3113,.T.);
#4019=ORIENTED_EDGE('',*,*,#3112,.T.);
#4020=ORIENTED_EDGE('',*,*,#3089,.F.);
#4021=ORIENTED_EDGE('',*,*,#3114,.F.);
#4022=ORIENTED_EDGE('',*,*,#3115,.T.);
#4023=ORIENTED_EDGE('',*,*,#3114,.T.);
#4024=ORIENTED_EDGE('',*,*,#3088,.F.);
#4025=ORIENTED_EDGE('',*,*,#3116,.F.);
#4026=ORIENTED_EDGE('',*,*,#3117,.T.);
#4027=ORIENTED_EDGE('',*,*,#3116,.T.);
#4028=ORIENTED_EDGE('',*,*,#3087,.F.);
#4029=ORIENTED_EDGE('',*,*,#3118,.F.);
#4030=ORIENTED_EDGE('',*,*,#3119,.T.);
#4031=ORIENTED_EDGE('',*,*,#3118,.T.);
#4032=ORIENTED_EDGE('',*,*,#3086,.F.);
#4033=ORIENTED_EDGE('',*,*,#3105,.F.);
#4034=ORIENTED_EDGE('',*,*,#3120,.T.);
#4035=ORIENTED_EDGE('',*,*,#3121,.T.);
#4036=ORIENTED_EDGE('',*,*,#3085,.F.);
#4037=ORIENTED_EDGE('',*,*,#3122,.F.);
#4038=ORIENTED_EDGE('',*,*,#3123,.T.);
#4039=ORIENTED_EDGE('',*,*,#3122,.T.);
#4040=ORIENTED_EDGE('',*,*,#3084,.F.);
#4041=ORIENTED_EDGE('',*,*,#3124,.F.);
#4042=ORIENTED_EDGE('',*,*,#3125,.T.);
#4043=ORIENTED_EDGE('',*,*,#3124,.T.);
#4044=ORIENTED_EDGE('',*,*,#3083,.F.);
#4045=ORIENTED_EDGE('',*,*,#3126,.F.);
#4046=ORIENTED_EDGE('',*,*,#3127,.T.);
#4047=ORIENTED_EDGE('',*,*,#3126,.T.);
#4048=ORIENTED_EDGE('',*,*,#3082,.F.);
#4049=ORIENTED_EDGE('',*,*,#3128,.F.);
#4050=ORIENTED_EDGE('',*,*,#3129,.T.);
#4051=ORIENTED_EDGE('',*,*,#3128,.T.);
#4052=ORIENTED_EDGE('',*,*,#3081,.F.);
#4053=ORIENTED_EDGE('',*,*,#3130,.F.);
#4054=ORIENTED_EDGE('',*,*,#3131,.T.);
#4055=ORIENTED_EDGE('',*,*,#3130,.T.);
#4056=ORIENTED_EDGE('',*,*,#3080,.F.);
#4057=ORIENTED_EDGE('',*,*,#3132,.F.);
#4058=ORIENTED_EDGE('',*,*,#3133,.T.);
#4059=ORIENTED_EDGE('',*,*,#3132,.T.);
#4060=ORIENTED_EDGE('',*,*,#3079,.F.);
#4061=ORIENTED_EDGE('',*,*,#3134,.F.);
#4062=ORIENTED_EDGE('',*,*,#3135,.T.);
#4063=ORIENTED_EDGE('',*,*,#3134,.T.);
#4064=ORIENTED_EDGE('',*,*,#3078,.F.);
#4065=ORIENTED_EDGE('',*,*,#3121,.F.);
#4066=ORIENTED_EDGE('',*,*,#3136,.T.);
#4067=ORIENTED_EDGE('',*,*,#3137,.T.);
#4068=ORIENTED_EDGE('',*,*,#3077,.F.);
#4069=ORIENTED_EDGE('',*,*,#3138,.F.);
#4070=ORIENTED_EDGE('',*,*,#3139,.T.);
#4071=ORIENTED_EDGE('',*,*,#3138,.T.);
#4072=ORIENTED_EDGE('',*,*,#3076,.F.);
#4073=ORIENTED_EDGE('',*,*,#3140,.F.);
#4074=ORIENTED_EDGE('',*,*,#3141,.T.);
#4075=ORIENTED_EDGE('',*,*,#3140,.T.);
#4076=ORIENTED_EDGE('',*,*,#3075,.F.);
#4077=ORIENTED_EDGE('',*,*,#3142,.F.);
#4078=ORIENTED_EDGE('',*,*,#3143,.T.);
#4079=ORIENTED_EDGE('',*,*,#3142,.T.);
#4080=ORIENTED_EDGE('',*,*,#3074,.F.);
#4081=ORIENTED_EDGE('',*,*,#3144,.F.);
#4082=ORIENTED_EDGE('',*,*,#3145,.T.);
#4083=ORIENTED_EDGE('',*,*,#3144,.T.);
#4084=ORIENTED_EDGE('',*,*,#3073,.F.);
#4085=ORIENTED_EDGE('',*,*,#3146,.F.);
#4086=ORIENTED_EDGE('',*,*,#3147,.T.);
#4087=ORIENTED_EDGE('',*,*,#3146,.T.);
#4088=ORIENTED_EDGE('',*,*,#3072,.F.);
#4089=ORIENTED_EDGE('',*,*,#3148,.F.);
#4090=ORIENTED_EDGE('',*,*,#3149,.T.);
#4091=ORIENTED_EDGE('',*,*,#3148,.T.);
#4092=ORIENTED_EDGE('',*,*,#3071,.F.);
#4093=ORIENTED_EDGE('',*,*,#3150,.F.);
#4094=ORIENTED_EDGE('',*,*,#3151,.T.);
#4095=ORIENTED_EDGE('',*,*,#3150,.T.);
#4096=ORIENTED_EDGE('',*,*,#3070,.F.);
#4097=ORIENTED_EDGE('',*,*,#3137,.F.);
#4098=ORIENTED_EDGE('',*,*,#3069,.F.);
#4099=ORIENTED_EDGE('',*,*,#3152,.T.);
#4100=ORIENTED_EDGE('',*,*,#3153,.F.);
#4101=ORIENTED_EDGE('',*,*,#3152,.F.);
#4102=ORIENTED_EDGE('',*,*,#3154,.T.);
#4103=ORIENTED_EDGE('',*,*,#3155,.T.);
#4104=ORIENTED_EDGE('',*,*,#3068,.F.);
#4105=ORIENTED_EDGE('',*,*,#3156,.F.);
#4106=ORIENTED_EDGE('',*,*,#3157,.T.);
#4107=ORIENTED_EDGE('',*,*,#3156,.T.);
#4108=ORIENTED_EDGE('',*,*,#3067,.F.);
#4109=ORIENTED_EDGE('',*,*,#3158,.F.);
#4110=ORIENTED_EDGE('',*,*,#3159,.T.);
#4111=ORIENTED_EDGE('',*,*,#3158,.T.);
#4112=ORIENTED_EDGE('',*,*,#3066,.F.);
#4113=ORIENTED_EDGE('',*,*,#3160,.F.);
#4114=ORIENTED_EDGE('',*,*,#3161,.T.);
#4115=ORIENTED_EDGE('',*,*,#3160,.T.);
#4116=ORIENTED_EDGE('',*,*,#3065,.F.);
#4117=ORIENTED_EDGE('',*,*,#3162,.F.);
#4118=ORIENTED_EDGE('',*,*,#3163,.T.);
#4119=ORIENTED_EDGE('',*,*,#3162,.T.);
#4120=ORIENTED_EDGE('',*,*,#3064,.F.);
#4121=ORIENTED_EDGE('',*,*,#3164,.F.);
#4122=ORIENTED_EDGE('',*,*,#3165,.T.);
#4123=ORIENTED_EDGE('',*,*,#3164,.T.);
#4124=ORIENTED_EDGE('',*,*,#3063,.F.);
#4125=ORIENTED_EDGE('',*,*,#3166,.F.);
#4126=ORIENTED_EDGE('',*,*,#3167,.T.);
#4127=ORIENTED_EDGE('',*,*,#3166,.T.);
#4128=ORIENTED_EDGE('',*,*,#3062,.F.);
#4129=ORIENTED_EDGE('',*,*,#3168,.F.);
#4130=ORIENTED_EDGE('',*,*,#3169,.T.);
#4131=ORIENTED_EDGE('',*,*,#3168,.T.);
#4132=ORIENTED_EDGE('',*,*,#3061,.F.);
#4133=ORIENTED_EDGE('',*,*,#3155,.F.);
#4134=ORIENTED_EDGE('',*,*,#3170,.T.);
#4135=ORIENTED_EDGE('',*,*,#3171,.T.);
#4136=ORIENTED_EDGE('',*,*,#3060,.F.);
#4137=ORIENTED_EDGE('',*,*,#3172,.F.);
#4138=ORIENTED_EDGE('',*,*,#3173,.T.);
#4139=ORIENTED_EDGE('',*,*,#3172,.T.);
#4140=ORIENTED_EDGE('',*,*,#3059,.F.);
#4141=ORIENTED_EDGE('',*,*,#3174,.F.);
#4142=ORIENTED_EDGE('',*,*,#3175,.T.);
#4143=ORIENTED_EDGE('',*,*,#3174,.T.);
#4144=ORIENTED_EDGE('',*,*,#3058,.F.);
#4145=ORIENTED_EDGE('',*,*,#3176,.F.);
#4146=ORIENTED_EDGE('',*,*,#3177,.T.);
#4147=ORIENTED_EDGE('',*,*,#3176,.T.);
#4148=ORIENTED_EDGE('',*,*,#3057,.F.);
#4149=ORIENTED_EDGE('',*,*,#3178,.F.);
#4150=ORIENTED_EDGE('',*,*,#3179,.T.);
#4151=ORIENTED_EDGE('',*,*,#3178,.T.);
#4152=ORIENTED_EDGE('',*,*,#3056,.F.);
#4153=ORIENTED_EDGE('',*,*,#3180,.F.);
#4154=ORIENTED_EDGE('',*,*,#3181,.T.);
#4155=ORIENTED_EDGE('',*,*,#3180,.T.);
#4156=ORIENTED_EDGE('',*,*,#3055,.F.);
#4157=ORIENTED_EDGE('',*,*,#3182,.F.);
#4158=ORIENTED_EDGE('',*,*,#3183,.T.);
#4159=ORIENTED_EDGE('',*,*,#3182,.T.);
#4160=ORIENTED_EDGE('',*,*,#3054,.F.);
#4161=ORIENTED_EDGE('',*,*,#3184,.F.);
#4162=ORIENTED_EDGE('',*,*,#3185,.T.);
#4163=ORIENTED_EDGE('',*,*,#3184,.T.);
#4164=ORIENTED_EDGE('',*,*,#3053,.F.);
#4165=ORIENTED_EDGE('',*,*,#3171,.F.);
#4166=ORIENTED_EDGE('',*,*,#3052,.F.);
#4167=ORIENTED_EDGE('',*,*,#3186,.T.);
#4168=ORIENTED_EDGE('',*,*,#3187,.T.);
#4169=ORIENTED_EDGE('',*,*,#3186,.F.);
#4170=ORIENTED_EDGE('',*,*,#3051,.F.);
#4171=ORIENTED_EDGE('',*,*,#3188,.T.);
#4172=ORIENTED_EDGE('',*,*,#3189,.T.);
#4173=ORIENTED_EDGE('',*,*,#3188,.F.);
#4174=ORIENTED_EDGE('',*,*,#3190,.T.);
#4175=ORIENTED_EDGE('',*,*,#3191,.T.);
#4176=ORIENTED_EDGE('',*,*,#3050,.F.);
#4177=ORIENTED_EDGE('',*,*,#3192,.F.);
#4178=ORIENTED_EDGE('',*,*,#3193,.T.);
#4179=ORIENTED_EDGE('',*,*,#3192,.T.);
#4180=ORIENTED_EDGE('',*,*,#3049,.F.);
#4181=ORIENTED_EDGE('',*,*,#3194,.F.);
#4182=ORIENTED_EDGE('',*,*,#3195,.T.);
#4183=ORIENTED_EDGE('',*,*,#3194,.T.);
#4184=ORIENTED_EDGE('',*,*,#3048,.F.);
#4185=ORIENTED_EDGE('',*,*,#3196,.F.);
#4186=ORIENTED_EDGE('',*,*,#3197,.T.);
#4187=ORIENTED_EDGE('',*,*,#3196,.T.);
#4188=ORIENTED_EDGE('',*,*,#3047,.F.);
#4189=ORIENTED_EDGE('',*,*,#3198,.F.);
#4190=ORIENTED_EDGE('',*,*,#3199,.T.);
#4191=ORIENTED_EDGE('',*,*,#3198,.T.);
#4192=ORIENTED_EDGE('',*,*,#3046,.F.);
#4193=ORIENTED_EDGE('',*,*,#3200,.F.);
#4194=ORIENTED_EDGE('',*,*,#3201,.T.);
#4195=ORIENTED_EDGE('',*,*,#3200,.T.);
#4196=ORIENTED_EDGE('',*,*,#3045,.F.);
#4197=ORIENTED_EDGE('',*,*,#3202,.F.);
#4198=ORIENTED_EDGE('',*,*,#3203,.T.);
#4199=ORIENTED_EDGE('',*,*,#3202,.T.);
#4200=ORIENTED_EDGE('',*,*,#3044,.F.);
#4201=ORIENTED_EDGE('',*,*,#3204,.F.);
#4202=ORIENTED_EDGE('',*,*,#3205,.T.);
#4203=ORIENTED_EDGE('',*,*,#3204,.T.);
#4204=ORIENTED_EDGE('',*,*,#3043,.F.);
#4205=ORIENTED_EDGE('',*,*,#3191,.F.);
#4206=ORIENTED_EDGE('',*,*,#3042,.F.);
#4207=ORIENTED_EDGE('',*,*,#3206,.T.);
#4208=ORIENTED_EDGE('',*,*,#3207,.T.);
#4209=ORIENTED_EDGE('',*,*,#3206,.F.);
#4210=ORIENTED_EDGE('',*,*,#3041,.F.);
#4211=ORIENTED_EDGE('',*,*,#3208,.T.);
#4212=ORIENTED_EDGE('',*,*,#3209,.T.);
#4213=ORIENTED_EDGE('',*,*,#3208,.F.);
#4214=ORIENTED_EDGE('',*,*,#3031,.F.);
#4215=ORIENTED_EDGE('',*,*,#3210,.F.);
#4216=ORIENTED_EDGE('',*,*,#3102,.F.);
#4217=ORIENTED_EDGE('',*,*,#3035,.F.);
#4218=ORIENTED_EDGE('',*,*,#3030,.F.);
#4219=ORIENTED_EDGE('',*,*,#3034,.T.);
#4220=ORIENTED_EDGE('',*,*,#3095,.F.);
#4221=ORIENTED_EDGE('',*,*,#3097,.T.);
#4222=ORIENTED_EDGE('',*,*,#3099,.F.);
#4223=ORIENTED_EDGE('',*,*,#3101,.T.);
#4224=ORIENTED_EDGE('',*,*,#3103,.F.);
#4225=ORIENTED_EDGE('',*,*,#3210,.T.);
#4226=ORIENTED_EDGE('',*,*,#3209,.F.);
#4227=ORIENTED_EDGE('',*,*,#3207,.F.);
#4228=ORIENTED_EDGE('',*,*,#3205,.F.);
#4229=ORIENTED_EDGE('',*,*,#3190,.F.);
#4230=ORIENTED_EDGE('',*,*,#3193,.F.);
#4231=ORIENTED_EDGE('',*,*,#3195,.F.);
#4232=ORIENTED_EDGE('',*,*,#3197,.F.);
#4233=ORIENTED_EDGE('',*,*,#3199,.F.);
#4234=ORIENTED_EDGE('',*,*,#3201,.F.);
#4235=ORIENTED_EDGE('',*,*,#3203,.F.);
#4236=ORIENTED_EDGE('',*,*,#3189,.F.);
#4237=ORIENTED_EDGE('',*,*,#3187,.F.);
#4238=ORIENTED_EDGE('',*,*,#3185,.F.);
#4239=ORIENTED_EDGE('',*,*,#3170,.F.);
#4240=ORIENTED_EDGE('',*,*,#3173,.F.);
#4241=ORIENTED_EDGE('',*,*,#3175,.F.);
#4242=ORIENTED_EDGE('',*,*,#3177,.F.);
#4243=ORIENTED_EDGE('',*,*,#3179,.F.);
#4244=ORIENTED_EDGE('',*,*,#3181,.F.);
#4245=ORIENTED_EDGE('',*,*,#3183,.F.);
#4246=ORIENTED_EDGE('',*,*,#3169,.F.);
#4247=ORIENTED_EDGE('',*,*,#3154,.F.);
#4248=ORIENTED_EDGE('',*,*,#3157,.F.);
#4249=ORIENTED_EDGE('',*,*,#3159,.F.);
#4250=ORIENTED_EDGE('',*,*,#3161,.F.);
#4251=ORIENTED_EDGE('',*,*,#3163,.F.);
#4252=ORIENTED_EDGE('',*,*,#3165,.F.);
#4253=ORIENTED_EDGE('',*,*,#3167,.F.);
#4254=ORIENTED_EDGE('',*,*,#3153,.T.);
#4255=ORIENTED_EDGE('',*,*,#3151,.F.);
#4256=ORIENTED_EDGE('',*,*,#3136,.F.);
#4257=ORIENTED_EDGE('',*,*,#3139,.F.);
#4258=ORIENTED_EDGE('',*,*,#3141,.F.);
#4259=ORIENTED_EDGE('',*,*,#3143,.F.);
#4260=ORIENTED_EDGE('',*,*,#3145,.F.);
#4261=ORIENTED_EDGE('',*,*,#3147,.F.);
#4262=ORIENTED_EDGE('',*,*,#3149,.F.);
#4263=ORIENTED_EDGE('',*,*,#3135,.F.);
#4264=ORIENTED_EDGE('',*,*,#3120,.F.);
#4265=ORIENTED_EDGE('',*,*,#3123,.F.);
#4266=ORIENTED_EDGE('',*,*,#3125,.F.);
#4267=ORIENTED_EDGE('',*,*,#3127,.F.);
#4268=ORIENTED_EDGE('',*,*,#3129,.F.);
#4269=ORIENTED_EDGE('',*,*,#3131,.F.);
#4270=ORIENTED_EDGE('',*,*,#3133,.F.);
#4271=ORIENTED_EDGE('',*,*,#3119,.F.);
#4272=ORIENTED_EDGE('',*,*,#3104,.F.);
#4273=ORIENTED_EDGE('',*,*,#3107,.F.);
#4274=ORIENTED_EDGE('',*,*,#3109,.F.);
#4275=ORIENTED_EDGE('',*,*,#3111,.F.);
#4276=ORIENTED_EDGE('',*,*,#3113,.F.);
#4277=ORIENTED_EDGE('',*,*,#3115,.F.);
#4278=ORIENTED_EDGE('',*,*,#3117,.F.);
#4279=ORIENTED_EDGE('',*,*,#3211,.T.);
#4280=ORIENTED_EDGE('',*,*,#3212,.T.);
#4281=ORIENTED_EDGE('',*,*,#3211,.F.);
#4282=ORIENTED_EDGE('',*,*,#3213,.T.);
#4283=ORIENTED_EDGE('',*,*,#3212,.F.);
#4284=ORIENTED_EDGE('',*,*,#3213,.F.);
#4285=ORIENTED_EDGE('',*,*,#3214,.T.);
#4286=ORIENTED_EDGE('',*,*,#3215,.T.);
#4287=ORIENTED_EDGE('',*,*,#3216,.F.);
#4288=ORIENTED_EDGE('',*,*,#3217,.F.);
#4289=ORIENTED_EDGE('',*,*,#3218,.T.);
#4290=ORIENTED_EDGE('',*,*,#3217,.T.);
#4291=ORIENTED_EDGE('',*,*,#3219,.F.);
#4292=ORIENTED_EDGE('',*,*,#3220,.F.);
#4293=ORIENTED_EDGE('',*,*,#3221,.T.);
#4294=ORIENTED_EDGE('',*,*,#3220,.T.);
#4295=ORIENTED_EDGE('',*,*,#3222,.F.);
#4296=ORIENTED_EDGE('',*,*,#3223,.F.);
#4297=ORIENTED_EDGE('',*,*,#3224,.T.);
#4298=ORIENTED_EDGE('',*,*,#3223,.T.);
#4299=ORIENTED_EDGE('',*,*,#3225,.F.);
#4300=ORIENTED_EDGE('',*,*,#3226,.F.);
#4301=ORIENTED_EDGE('',*,*,#3227,.T.);
#4302=ORIENTED_EDGE('',*,*,#3226,.T.);
#4303=ORIENTED_EDGE('',*,*,#3228,.F.);
#4304=ORIENTED_EDGE('',*,*,#3229,.F.);
#4305=ORIENTED_EDGE('',*,*,#3230,.T.);
#4306=ORIENTED_EDGE('',*,*,#3229,.T.);
#4307=ORIENTED_EDGE('',*,*,#3231,.F.);
#4308=ORIENTED_EDGE('',*,*,#3232,.F.);
#4309=ORIENTED_EDGE('',*,*,#3233,.T.);
#4310=ORIENTED_EDGE('',*,*,#3232,.T.);
#4311=ORIENTED_EDGE('',*,*,#3234,.F.);
#4312=ORIENTED_EDGE('',*,*,#3235,.F.);
#4313=ORIENTED_EDGE('',*,*,#3236,.T.);
#4314=ORIENTED_EDGE('',*,*,#3235,.T.);
#4315=ORIENTED_EDGE('',*,*,#3237,.F.);
#4316=ORIENTED_EDGE('',*,*,#3238,.F.);
#4317=ORIENTED_EDGE('',*,*,#3239,.T.);
#4318=ORIENTED_EDGE('',*,*,#3238,.T.);
#4319=ORIENTED_EDGE('',*,*,#3240,.F.);
#4320=ORIENTED_EDGE('',*,*,#3241,.F.);
#4321=ORIENTED_EDGE('',*,*,#3242,.T.);
#4322=ORIENTED_EDGE('',*,*,#3241,.T.);
#4323=ORIENTED_EDGE('',*,*,#3243,.F.);
#4324=ORIENTED_EDGE('',*,*,#3244,.F.);
#4325=ORIENTED_EDGE('',*,*,#3245,.T.);
#4326=ORIENTED_EDGE('',*,*,#3244,.T.);
#4327=ORIENTED_EDGE('',*,*,#3246,.F.);
#4328=ORIENTED_EDGE('',*,*,#3247,.F.);
#4329=ORIENTED_EDGE('',*,*,#3248,.T.);
#4330=ORIENTED_EDGE('',*,*,#3247,.T.);
#4331=ORIENTED_EDGE('',*,*,#3249,.F.);
#4332=ORIENTED_EDGE('',*,*,#3215,.F.);
#4333=ORIENTED_EDGE('',*,*,#3250,.T.);
#4334=ORIENTED_EDGE('',*,*,#3251,.T.);
#4335=ORIENTED_EDGE('',*,*,#3252,.F.);
#4336=ORIENTED_EDGE('',*,*,#3253,.F.);
#4337=ORIENTED_EDGE('',*,*,#3254,.T.);
#4338=ORIENTED_EDGE('',*,*,#3253,.T.);
#4339=ORIENTED_EDGE('',*,*,#3255,.F.);
#4340=ORIENTED_EDGE('',*,*,#3256,.F.);
#4341=ORIENTED_EDGE('',*,*,#3257,.T.);
#4342=ORIENTED_EDGE('',*,*,#3256,.T.);
#4343=ORIENTED_EDGE('',*,*,#3258,.F.);
#4344=ORIENTED_EDGE('',*,*,#3259,.F.);
#4345=ORIENTED_EDGE('',*,*,#3260,.T.);
#4346=ORIENTED_EDGE('',*,*,#3259,.T.);
#4347=ORIENTED_EDGE('',*,*,#3261,.F.);
#4348=ORIENTED_EDGE('',*,*,#3262,.F.);
#4349=ORIENTED_EDGE('',*,*,#3263,.T.);
#4350=ORIENTED_EDGE('',*,*,#3262,.T.);
#4351=ORIENTED_EDGE('',*,*,#3264,.F.);
#4352=ORIENTED_EDGE('',*,*,#3265,.F.);
#4353=ORIENTED_EDGE('',*,*,#3266,.T.);
#4354=ORIENTED_EDGE('',*,*,#3265,.T.);
#4355=ORIENTED_EDGE('',*,*,#3267,.F.);
#4356=ORIENTED_EDGE('',*,*,#3268,.F.);
#4357=ORIENTED_EDGE('',*,*,#3269,.T.);
#4358=ORIENTED_EDGE('',*,*,#3268,.T.);
#4359=ORIENTED_EDGE('',*,*,#3270,.F.);
#4360=ORIENTED_EDGE('',*,*,#3271,.F.);
#4361=ORIENTED_EDGE('',*,*,#3272,.T.);
#4362=ORIENTED_EDGE('',*,*,#3271,.T.);
#4363=ORIENTED_EDGE('',*,*,#3273,.F.);
#4364=ORIENTED_EDGE('',*,*,#3274,.F.);
#4365=ORIENTED_EDGE('',*,*,#3275,.T.);
#4366=ORIENTED_EDGE('',*,*,#3274,.T.);
#4367=ORIENTED_EDGE('',*,*,#3276,.F.);
#4368=ORIENTED_EDGE('',*,*,#3277,.F.);
#4369=ORIENTED_EDGE('',*,*,#3278,.T.);
#4370=ORIENTED_EDGE('',*,*,#3277,.T.);
#4371=ORIENTED_EDGE('',*,*,#3279,.F.);
#4372=ORIENTED_EDGE('',*,*,#3280,.F.);
#4373=ORIENTED_EDGE('',*,*,#3281,.T.);
#4374=ORIENTED_EDGE('',*,*,#3280,.T.);
#4375=ORIENTED_EDGE('',*,*,#3282,.F.);
#4376=ORIENTED_EDGE('',*,*,#3283,.F.);
#4377=ORIENTED_EDGE('',*,*,#3284,.T.);
#4378=ORIENTED_EDGE('',*,*,#3283,.T.);
#4379=ORIENTED_EDGE('',*,*,#3285,.F.);
#4380=ORIENTED_EDGE('',*,*,#3286,.F.);
#4381=ORIENTED_EDGE('',*,*,#3287,.T.);
#4382=ORIENTED_EDGE('',*,*,#3286,.T.);
#4383=ORIENTED_EDGE('',*,*,#3288,.F.);
#4384=ORIENTED_EDGE('',*,*,#3289,.F.);
#4385=ORIENTED_EDGE('',*,*,#3290,.T.);
#4386=ORIENTED_EDGE('',*,*,#3289,.T.);
#4387=ORIENTED_EDGE('',*,*,#3291,.F.);
#4388=ORIENTED_EDGE('',*,*,#3292,.F.);
#4389=ORIENTED_EDGE('',*,*,#3293,.T.);
#4390=ORIENTED_EDGE('',*,*,#3292,.T.);
#4391=ORIENTED_EDGE('',*,*,#3294,.F.);
#4392=ORIENTED_EDGE('',*,*,#3295,.F.);
#4393=ORIENTED_EDGE('',*,*,#3296,.T.);
#4394=ORIENTED_EDGE('',*,*,#3295,.T.);
#4395=ORIENTED_EDGE('',*,*,#3297,.F.);
#4396=ORIENTED_EDGE('',*,*,#3298,.F.);
#4397=ORIENTED_EDGE('',*,*,#3299,.T.);
#4398=ORIENTED_EDGE('',*,*,#3298,.T.);
#4399=ORIENTED_EDGE('',*,*,#3300,.F.);
#4400=ORIENTED_EDGE('',*,*,#3301,.F.);
#4401=ORIENTED_EDGE('',*,*,#3302,.T.);
#4402=ORIENTED_EDGE('',*,*,#3301,.T.);
#4403=ORIENTED_EDGE('',*,*,#3303,.F.);
#4404=ORIENTED_EDGE('',*,*,#3304,.F.);
#4405=ORIENTED_EDGE('',*,*,#3305,.T.);
#4406=ORIENTED_EDGE('',*,*,#3304,.T.);
#4407=ORIENTED_EDGE('',*,*,#3306,.F.);
#4408=ORIENTED_EDGE('',*,*,#3307,.F.);
#4409=ORIENTED_EDGE('',*,*,#3308,.T.);
#4410=ORIENTED_EDGE('',*,*,#3307,.T.);
#4411=ORIENTED_EDGE('',*,*,#3309,.F.);
#4412=ORIENTED_EDGE('',*,*,#3310,.F.);
#4413=ORIENTED_EDGE('',*,*,#3311,.T.);
#4414=ORIENTED_EDGE('',*,*,#3310,.T.);
#4415=ORIENTED_EDGE('',*,*,#3312,.F.);
#4416=ORIENTED_EDGE('',*,*,#3313,.F.);
#4417=ORIENTED_EDGE('',*,*,#3314,.T.);
#4418=ORIENTED_EDGE('',*,*,#3313,.T.);
#4419=ORIENTED_EDGE('',*,*,#3315,.F.);
#4420=ORIENTED_EDGE('',*,*,#3316,.F.);
#4421=ORIENTED_EDGE('',*,*,#3317,.T.);
#4422=ORIENTED_EDGE('',*,*,#3316,.T.);
#4423=ORIENTED_EDGE('',*,*,#3318,.F.);
#4424=ORIENTED_EDGE('',*,*,#3319,.F.);
#4425=ORIENTED_EDGE('',*,*,#3320,.T.);
#4426=ORIENTED_EDGE('',*,*,#3319,.T.);
#4427=ORIENTED_EDGE('',*,*,#3321,.F.);
#4428=ORIENTED_EDGE('',*,*,#3322,.F.);
#4429=ORIENTED_EDGE('',*,*,#3323,.T.);
#4430=ORIENTED_EDGE('',*,*,#3322,.T.);
#4431=ORIENTED_EDGE('',*,*,#3324,.F.);
#4432=ORIENTED_EDGE('',*,*,#3325,.F.);
#4433=ORIENTED_EDGE('',*,*,#3326,.T.);
#4434=ORIENTED_EDGE('',*,*,#3325,.T.);
#4435=ORIENTED_EDGE('',*,*,#3327,.F.);
#4436=ORIENTED_EDGE('',*,*,#3251,.F.);
#4437=ORIENTED_EDGE('',*,*,#3326,.F.);
#4438=ORIENTED_EDGE('',*,*,#3250,.F.);
#4439=ORIENTED_EDGE('',*,*,#3254,.F.);
#4440=ORIENTED_EDGE('',*,*,#3257,.F.);
#4441=ORIENTED_EDGE('',*,*,#3260,.F.);
#4442=ORIENTED_EDGE('',*,*,#3263,.F.);
#4443=ORIENTED_EDGE('',*,*,#3266,.F.);
#4444=ORIENTED_EDGE('',*,*,#3269,.F.);
#4445=ORIENTED_EDGE('',*,*,#3272,.F.);
#4446=ORIENTED_EDGE('',*,*,#3275,.F.);
#4447=ORIENTED_EDGE('',*,*,#3278,.F.);
#4448=ORIENTED_EDGE('',*,*,#3281,.F.);
#4449=ORIENTED_EDGE('',*,*,#3284,.F.);
#4450=ORIENTED_EDGE('',*,*,#3287,.F.);
#4451=ORIENTED_EDGE('',*,*,#3290,.F.);
#4452=ORIENTED_EDGE('',*,*,#3293,.F.);
#4453=ORIENTED_EDGE('',*,*,#3296,.F.);
#4454=ORIENTED_EDGE('',*,*,#3299,.F.);
#4455=ORIENTED_EDGE('',*,*,#3302,.F.);
#4456=ORIENTED_EDGE('',*,*,#3305,.F.);
#4457=ORIENTED_EDGE('',*,*,#3308,.F.);
#4458=ORIENTED_EDGE('',*,*,#3311,.F.);
#4459=ORIENTED_EDGE('',*,*,#3314,.F.);
#4460=ORIENTED_EDGE('',*,*,#3317,.F.);
#4461=ORIENTED_EDGE('',*,*,#3320,.F.);
#4462=ORIENTED_EDGE('',*,*,#3323,.F.);
#4463=ORIENTED_EDGE('',*,*,#3248,.F.);
#4464=ORIENTED_EDGE('',*,*,#3214,.F.);
#4465=ORIENTED_EDGE('',*,*,#3218,.F.);
#4466=ORIENTED_EDGE('',*,*,#3221,.F.);
#4467=ORIENTED_EDGE('',*,*,#3224,.F.);
#4468=ORIENTED_EDGE('',*,*,#3227,.F.);
#4469=ORIENTED_EDGE('',*,*,#3230,.F.);
#4470=ORIENTED_EDGE('',*,*,#3233,.F.);
#4471=ORIENTED_EDGE('',*,*,#3236,.F.);
#4472=ORIENTED_EDGE('',*,*,#3239,.F.);
#4473=ORIENTED_EDGE('',*,*,#3242,.F.);
#4474=ORIENTED_EDGE('',*,*,#3245,.F.);
#4475=ORIENTED_EDGE('',*,*,#3327,.T.);
#4476=ORIENTED_EDGE('',*,*,#3324,.T.);
#4477=ORIENTED_EDGE('',*,*,#3321,.T.);
#4478=ORIENTED_EDGE('',*,*,#3318,.T.);
#4479=ORIENTED_EDGE('',*,*,#3315,.T.);
#4480=ORIENTED_EDGE('',*,*,#3312,.T.);
#4481=ORIENTED_EDGE('',*,*,#3309,.T.);
#4482=ORIENTED_EDGE('',*,*,#3306,.T.);
#4483=ORIENTED_EDGE('',*,*,#3303,.T.);
#4484=ORIENTED_EDGE('',*,*,#3300,.T.);
#4485=ORIENTED_EDGE('',*,*,#3297,.T.);
#4486=ORIENTED_EDGE('',*,*,#3294,.T.);
#4487=ORIENTED_EDGE('',*,*,#3291,.T.);
#4488=ORIENTED_EDGE('',*,*,#3288,.T.);
#4489=ORIENTED_EDGE('',*,*,#3285,.T.);
#4490=ORIENTED_EDGE('',*,*,#3282,.T.);
#4491=ORIENTED_EDGE('',*,*,#3279,.T.);
#4492=ORIENTED_EDGE('',*,*,#3276,.T.);
#4493=ORIENTED_EDGE('',*,*,#3273,.T.);
#4494=ORIENTED_EDGE('',*,*,#3270,.T.);
#4495=ORIENTED_EDGE('',*,*,#3267,.T.);
#4496=ORIENTED_EDGE('',*,*,#3264,.T.);
#4497=ORIENTED_EDGE('',*,*,#3261,.T.);
#4498=ORIENTED_EDGE('',*,*,#3258,.T.);
#4499=ORIENTED_EDGE('',*,*,#3255,.T.);
#4500=ORIENTED_EDGE('',*,*,#3252,.T.);
#4501=ORIENTED_EDGE('',*,*,#3249,.T.);
#4502=ORIENTED_EDGE('',*,*,#3246,.T.);
#4503=ORIENTED_EDGE('',*,*,#3243,.T.);
#4504=ORIENTED_EDGE('',*,*,#3240,.T.);
#4505=ORIENTED_EDGE('',*,*,#3237,.T.);
#4506=ORIENTED_EDGE('',*,*,#3234,.T.);
#4507=ORIENTED_EDGE('',*,*,#3231,.T.);
#4508=ORIENTED_EDGE('',*,*,#3228,.T.);
#4509=ORIENTED_EDGE('',*,*,#3225,.T.);
#4510=ORIENTED_EDGE('',*,*,#3222,.T.);
#4511=ORIENTED_EDGE('',*,*,#3219,.T.);
#4512=ORIENTED_EDGE('',*,*,#3216,.T.);
#4513=ORIENTED_EDGE('',*,*,#3328,.T.);
#4514=ORIENTED_EDGE('',*,*,#3329,.T.);
#4515=ORIENTED_EDGE('',*,*,#3330,.F.);
#4516=ORIENTED_EDGE('',*,*,#3331,.F.);
#4517=ORIENTED_EDGE('',*,*,#3332,.T.);
#4518=ORIENTED_EDGE('',*,*,#3331,.T.);
#4519=ORIENTED_EDGE('',*,*,#3333,.F.);
#4520=ORIENTED_EDGE('',*,*,#3334,.F.);
#4521=ORIENTED_EDGE('',*,*,#3335,.T.);
#4522=ORIENTED_EDGE('',*,*,#3334,.T.);
#4523=ORIENTED_EDGE('',*,*,#3336,.F.);
#4524=ORIENTED_EDGE('',*,*,#3337,.F.);
#4525=ORIENTED_EDGE('',*,*,#3338,.T.);
#4526=ORIENTED_EDGE('',*,*,#3337,.T.);
#4527=ORIENTED_EDGE('',*,*,#3339,.F.);
#4528=ORIENTED_EDGE('',*,*,#3340,.F.);
#4529=ORIENTED_EDGE('',*,*,#3341,.T.);
#4530=ORIENTED_EDGE('',*,*,#3340,.T.);
#4531=ORIENTED_EDGE('',*,*,#3342,.F.);
#4532=ORIENTED_EDGE('',*,*,#3343,.F.);
#4533=ORIENTED_EDGE('',*,*,#3344,.T.);
#4534=ORIENTED_EDGE('',*,*,#3343,.T.);
#4535=ORIENTED_EDGE('',*,*,#3345,.F.);
#4536=ORIENTED_EDGE('',*,*,#3346,.F.);
#4537=ORIENTED_EDGE('',*,*,#3347,.T.);
#4538=ORIENTED_EDGE('',*,*,#3346,.T.);
#4539=ORIENTED_EDGE('',*,*,#3348,.F.);
#4540=ORIENTED_EDGE('',*,*,#3349,.F.);
#4541=ORIENTED_EDGE('',*,*,#3350,.T.);
#4542=ORIENTED_EDGE('',*,*,#3349,.T.);
#4543=ORIENTED_EDGE('',*,*,#3351,.F.);
#4544=ORIENTED_EDGE('',*,*,#3352,.F.);
#4545=ORIENTED_EDGE('',*,*,#3353,.T.);
#4546=ORIENTED_EDGE('',*,*,#3352,.T.);
#4547=ORIENTED_EDGE('',*,*,#3354,.F.);
#4548=ORIENTED_EDGE('',*,*,#3329,.F.);
#4549=ORIENTED_EDGE('',*,*,#3355,.T.);
#4550=ORIENTED_EDGE('',*,*,#3356,.T.);
#4551=ORIENTED_EDGE('',*,*,#3357,.F.);
#4552=ORIENTED_EDGE('',*,*,#3358,.F.);
#4553=ORIENTED_EDGE('',*,*,#3359,.T.);
#4554=ORIENTED_EDGE('',*,*,#3358,.T.);
#4555=ORIENTED_EDGE('',*,*,#3360,.F.);
#4556=ORIENTED_EDGE('',*,*,#3361,.F.);
#4557=ORIENTED_EDGE('',*,*,#3362,.T.);
#4558=ORIENTED_EDGE('',*,*,#3361,.T.);
#4559=ORIENTED_EDGE('',*,*,#3363,.F.);
#4560=ORIENTED_EDGE('',*,*,#3364,.F.);
#4561=ORIENTED_EDGE('',*,*,#3365,.T.);
#4562=ORIENTED_EDGE('',*,*,#3364,.T.);
#4563=ORIENTED_EDGE('',*,*,#3366,.F.);
#4564=ORIENTED_EDGE('',*,*,#3367,.F.);
#4565=ORIENTED_EDGE('',*,*,#3368,.T.);
#4566=ORIENTED_EDGE('',*,*,#3367,.T.);
#4567=ORIENTED_EDGE('',*,*,#3369,.F.);
#4568=ORIENTED_EDGE('',*,*,#3370,.F.);
#4569=ORIENTED_EDGE('',*,*,#3371,.T.);
#4570=ORIENTED_EDGE('',*,*,#3370,.T.);
#4571=ORIENTED_EDGE('',*,*,#3372,.F.);
#4572=ORIENTED_EDGE('',*,*,#3373,.F.);
#4573=ORIENTED_EDGE('',*,*,#3374,.T.);
#4574=ORIENTED_EDGE('',*,*,#3373,.T.);
#4575=ORIENTED_EDGE('',*,*,#3375,.F.);
#4576=ORIENTED_EDGE('',*,*,#3376,.F.);
#4577=ORIENTED_EDGE('',*,*,#3377,.T.);
#4578=ORIENTED_EDGE('',*,*,#3376,.T.);
#4579=ORIENTED_EDGE('',*,*,#3378,.F.);
#4580=ORIENTED_EDGE('',*,*,#3379,.F.);
#4581=ORIENTED_EDGE('',*,*,#3380,.T.);
#4582=ORIENTED_EDGE('',*,*,#3379,.T.);
#4583=ORIENTED_EDGE('',*,*,#3381,.F.);
#4584=ORIENTED_EDGE('',*,*,#3382,.F.);
#4585=ORIENTED_EDGE('',*,*,#3383,.T.);
#4586=ORIENTED_EDGE('',*,*,#3382,.T.);
#4587=ORIENTED_EDGE('',*,*,#3384,.F.);
#4588=ORIENTED_EDGE('',*,*,#3385,.F.);
#4589=ORIENTED_EDGE('',*,*,#3386,.T.);
#4590=ORIENTED_EDGE('',*,*,#3385,.T.);
#4591=ORIENTED_EDGE('',*,*,#3387,.F.);
#4592=ORIENTED_EDGE('',*,*,#3388,.F.);
#4593=ORIENTED_EDGE('',*,*,#3389,.T.);
#4594=ORIENTED_EDGE('',*,*,#3388,.T.);
#4595=ORIENTED_EDGE('',*,*,#3390,.F.);
#4596=ORIENTED_EDGE('',*,*,#3391,.F.);
#4597=ORIENTED_EDGE('',*,*,#3392,.T.);
#4598=ORIENTED_EDGE('',*,*,#3391,.T.);
#4599=ORIENTED_EDGE('',*,*,#3393,.F.);
#4600=ORIENTED_EDGE('',*,*,#3394,.F.);
#4601=ORIENTED_EDGE('',*,*,#3395,.T.);
#4602=ORIENTED_EDGE('',*,*,#3394,.T.);
#4603=ORIENTED_EDGE('',*,*,#3396,.F.);
#4604=ORIENTED_EDGE('',*,*,#3397,.F.);
#4605=ORIENTED_EDGE('',*,*,#3398,.T.);
#4606=ORIENTED_EDGE('',*,*,#3397,.T.);
#4607=ORIENTED_EDGE('',*,*,#3399,.F.);
#4608=ORIENTED_EDGE('',*,*,#3400,.F.);
#4609=ORIENTED_EDGE('',*,*,#3401,.T.);
#4610=ORIENTED_EDGE('',*,*,#3400,.T.);
#4611=ORIENTED_EDGE('',*,*,#3402,.F.);
#4612=ORIENTED_EDGE('',*,*,#3403,.F.);
#4613=ORIENTED_EDGE('',*,*,#3404,.T.);
#4614=ORIENTED_EDGE('',*,*,#3403,.T.);
#4615=ORIENTED_EDGE('',*,*,#3405,.F.);
#4616=ORIENTED_EDGE('',*,*,#3406,.F.);
#4617=ORIENTED_EDGE('',*,*,#3407,.T.);
#4618=ORIENTED_EDGE('',*,*,#3406,.T.);
#4619=ORIENTED_EDGE('',*,*,#3408,.F.);
#4620=ORIENTED_EDGE('',*,*,#3409,.F.);
#4621=ORIENTED_EDGE('',*,*,#3410,.T.);
#4622=ORIENTED_EDGE('',*,*,#3409,.T.);
#4623=ORIENTED_EDGE('',*,*,#3411,.F.);
#4624=ORIENTED_EDGE('',*,*,#3412,.F.);
#4625=ORIENTED_EDGE('',*,*,#3413,.T.);
#4626=ORIENTED_EDGE('',*,*,#3412,.T.);
#4627=ORIENTED_EDGE('',*,*,#3414,.F.);
#4628=ORIENTED_EDGE('',*,*,#3415,.F.);
#4629=ORIENTED_EDGE('',*,*,#3416,.T.);
#4630=ORIENTED_EDGE('',*,*,#3415,.T.);
#4631=ORIENTED_EDGE('',*,*,#3417,.F.);
#4632=ORIENTED_EDGE('',*,*,#3418,.F.);
#4633=ORIENTED_EDGE('',*,*,#3419,.T.);
#4634=ORIENTED_EDGE('',*,*,#3418,.T.);
#4635=ORIENTED_EDGE('',*,*,#3420,.F.);
#4636=ORIENTED_EDGE('',*,*,#3421,.F.);
#4637=ORIENTED_EDGE('',*,*,#3422,.T.);
#4638=ORIENTED_EDGE('',*,*,#3421,.T.);
#4639=ORIENTED_EDGE('',*,*,#3423,.F.);
#4640=ORIENTED_EDGE('',*,*,#3424,.F.);
#4641=ORIENTED_EDGE('',*,*,#3425,.T.);
#4642=ORIENTED_EDGE('',*,*,#3424,.T.);
#4643=ORIENTED_EDGE('',*,*,#3426,.F.);
#4644=ORIENTED_EDGE('',*,*,#3356,.F.);
#4645=ORIENTED_EDGE('',*,*,#3425,.F.);
#4646=ORIENTED_EDGE('',*,*,#3355,.F.);
#4647=ORIENTED_EDGE('',*,*,#3359,.F.);
#4648=ORIENTED_EDGE('',*,*,#3362,.F.);
#4649=ORIENTED_EDGE('',*,*,#3365,.F.);
#4650=ORIENTED_EDGE('',*,*,#3368,.F.);
#4651=ORIENTED_EDGE('',*,*,#3371,.F.);
#4652=ORIENTED_EDGE('',*,*,#3374,.F.);
#4653=ORIENTED_EDGE('',*,*,#3377,.F.);
#4654=ORIENTED_EDGE('',*,*,#3380,.F.);
#4655=ORIENTED_EDGE('',*,*,#3383,.F.);
#4656=ORIENTED_EDGE('',*,*,#3386,.F.);
#4657=ORIENTED_EDGE('',*,*,#3389,.F.);
#4658=ORIENTED_EDGE('',*,*,#3392,.F.);
#4659=ORIENTED_EDGE('',*,*,#3395,.F.);
#4660=ORIENTED_EDGE('',*,*,#3398,.F.);
#4661=ORIENTED_EDGE('',*,*,#3401,.F.);
#4662=ORIENTED_EDGE('',*,*,#3404,.F.);
#4663=ORIENTED_EDGE('',*,*,#3407,.F.);
#4664=ORIENTED_EDGE('',*,*,#3410,.F.);
#4665=ORIENTED_EDGE('',*,*,#3413,.F.);
#4666=ORIENTED_EDGE('',*,*,#3416,.F.);
#4667=ORIENTED_EDGE('',*,*,#3419,.F.);
#4668=ORIENTED_EDGE('',*,*,#3422,.F.);
#4669=ORIENTED_EDGE('',*,*,#3353,.F.);
#4670=ORIENTED_EDGE('',*,*,#3328,.F.);
#4671=ORIENTED_EDGE('',*,*,#3332,.F.);
#4672=ORIENTED_EDGE('',*,*,#3335,.F.);
#4673=ORIENTED_EDGE('',*,*,#3338,.F.);
#4674=ORIENTED_EDGE('',*,*,#3341,.F.);
#4675=ORIENTED_EDGE('',*,*,#3344,.F.);
#4676=ORIENTED_EDGE('',*,*,#3347,.F.);
#4677=ORIENTED_EDGE('',*,*,#3350,.F.);
#4678=ORIENTED_EDGE('',*,*,#3426,.T.);
#4679=ORIENTED_EDGE('',*,*,#3423,.T.);
#4680=ORIENTED_EDGE('',*,*,#3420,.T.);
#4681=ORIENTED_EDGE('',*,*,#3417,.T.);
#4682=ORIENTED_EDGE('',*,*,#3414,.T.);
#4683=ORIENTED_EDGE('',*,*,#3411,.T.);
#4684=ORIENTED_EDGE('',*,*,#3408,.T.);
#4685=ORIENTED_EDGE('',*,*,#3405,.T.);
#4686=ORIENTED_EDGE('',*,*,#3402,.T.);
#4687=ORIENTED_EDGE('',*,*,#3399,.T.);
#4688=ORIENTED_EDGE('',*,*,#3396,.T.);
#4689=ORIENTED_EDGE('',*,*,#3393,.T.);
#4690=ORIENTED_EDGE('',*,*,#3390,.T.);
#4691=ORIENTED_EDGE('',*,*,#3387,.T.);
#4692=ORIENTED_EDGE('',*,*,#3384,.T.);
#4693=ORIENTED_EDGE('',*,*,#3381,.T.);
#4694=ORIENTED_EDGE('',*,*,#3378,.T.);
#4695=ORIENTED_EDGE('',*,*,#3375,.T.);
#4696=ORIENTED_EDGE('',*,*,#3372,.T.);
#4697=ORIENTED_EDGE('',*,*,#3369,.T.);
#4698=ORIENTED_EDGE('',*,*,#3366,.T.);
#4699=ORIENTED_EDGE('',*,*,#3363,.T.);
#4700=ORIENTED_EDGE('',*,*,#3360,.T.);
#4701=ORIENTED_EDGE('',*,*,#3357,.T.);
#4702=ORIENTED_EDGE('',*,*,#3354,.T.);
#4703=ORIENTED_EDGE('',*,*,#3351,.T.);
#4704=ORIENTED_EDGE('',*,*,#3348,.T.);
#4705=ORIENTED_EDGE('',*,*,#3345,.T.);
#4706=ORIENTED_EDGE('',*,*,#3342,.T.);
#4707=ORIENTED_EDGE('',*,*,#3339,.T.);
#4708=ORIENTED_EDGE('',*,*,#3336,.T.);
#4709=ORIENTED_EDGE('',*,*,#3333,.T.);
#4710=ORIENTED_EDGE('',*,*,#3330,.T.);
#4711=ORIENTED_EDGE('',*,*,#3427,.T.);
#4712=ORIENTED_EDGE('',*,*,#3428,.T.);
#4713=ORIENTED_EDGE('',*,*,#3429,.F.);
#4714=ORIENTED_EDGE('',*,*,#3430,.F.);
#4715=ORIENTED_EDGE('',*,*,#3431,.T.);
#4716=ORIENTED_EDGE('',*,*,#3430,.T.);
#4717=ORIENTED_EDGE('',*,*,#3432,.F.);
#4718=ORIENTED_EDGE('',*,*,#3433,.F.);
#4719=ORIENTED_EDGE('',*,*,#3434,.T.);
#4720=ORIENTED_EDGE('',*,*,#3433,.T.);
#4721=ORIENTED_EDGE('',*,*,#3435,.F.);
#4722=ORIENTED_EDGE('',*,*,#3436,.F.);
#4723=ORIENTED_EDGE('',*,*,#3437,.T.);
#4724=ORIENTED_EDGE('',*,*,#3436,.T.);
#4725=ORIENTED_EDGE('',*,*,#3438,.F.);
#4726=ORIENTED_EDGE('',*,*,#3439,.F.);
#4727=ORIENTED_EDGE('',*,*,#3440,.T.);
#4728=ORIENTED_EDGE('',*,*,#3439,.T.);
#4729=ORIENTED_EDGE('',*,*,#3441,.F.);
#4730=ORIENTED_EDGE('',*,*,#3442,.F.);
#4731=ORIENTED_EDGE('',*,*,#3443,.T.);
#4732=ORIENTED_EDGE('',*,*,#3442,.T.);
#4733=ORIENTED_EDGE('',*,*,#3444,.F.);
#4734=ORIENTED_EDGE('',*,*,#3445,.F.);
#4735=ORIENTED_EDGE('',*,*,#3446,.T.);
#4736=ORIENTED_EDGE('',*,*,#3445,.T.);
#4737=ORIENTED_EDGE('',*,*,#3447,.F.);
#4738=ORIENTED_EDGE('',*,*,#3448,.F.);
#4739=ORIENTED_EDGE('',*,*,#3449,.T.);
#4740=ORIENTED_EDGE('',*,*,#3448,.T.);
#4741=ORIENTED_EDGE('',*,*,#3450,.F.);
#4742=ORIENTED_EDGE('',*,*,#3451,.F.);
#4743=ORIENTED_EDGE('',*,*,#3452,.T.);
#4744=ORIENTED_EDGE('',*,*,#3451,.T.);
#4745=ORIENTED_EDGE('',*,*,#3453,.F.);
#4746=ORIENTED_EDGE('',*,*,#3454,.F.);
#4747=ORIENTED_EDGE('',*,*,#3455,.T.);
#4748=ORIENTED_EDGE('',*,*,#3454,.T.);
#4749=ORIENTED_EDGE('',*,*,#3456,.F.);
#4750=ORIENTED_EDGE('',*,*,#3457,.F.);
#4751=ORIENTED_EDGE('',*,*,#3458,.T.);
#4752=ORIENTED_EDGE('',*,*,#3457,.T.);
#4753=ORIENTED_EDGE('',*,*,#3459,.F.);
#4754=ORIENTED_EDGE('',*,*,#3460,.F.);
#4755=ORIENTED_EDGE('',*,*,#3461,.T.);
#4756=ORIENTED_EDGE('',*,*,#3460,.T.);
#4757=ORIENTED_EDGE('',*,*,#3462,.F.);
#4758=ORIENTED_EDGE('',*,*,#3463,.F.);
#4759=ORIENTED_EDGE('',*,*,#3464,.T.);
#4760=ORIENTED_EDGE('',*,*,#3463,.T.);
#4761=ORIENTED_EDGE('',*,*,#3465,.F.);
#4762=ORIENTED_EDGE('',*,*,#3466,.F.);
#4763=ORIENTED_EDGE('',*,*,#3467,.T.);
#4764=ORIENTED_EDGE('',*,*,#3466,.T.);
#4765=ORIENTED_EDGE('',*,*,#3468,.F.);
#4766=ORIENTED_EDGE('',*,*,#3469,.F.);
#4767=ORIENTED_EDGE('',*,*,#3470,.T.);
#4768=ORIENTED_EDGE('',*,*,#3469,.T.);
#4769=ORIENTED_EDGE('',*,*,#3471,.F.);
#4770=ORIENTED_EDGE('',*,*,#3472,.F.);
#4771=ORIENTED_EDGE('',*,*,#3473,.T.);
#4772=ORIENTED_EDGE('',*,*,#3472,.T.);
#4773=ORIENTED_EDGE('',*,*,#3474,.F.);
#4774=ORIENTED_EDGE('',*,*,#3475,.F.);
#4775=ORIENTED_EDGE('',*,*,#3476,.T.);
#4776=ORIENTED_EDGE('',*,*,#3475,.T.);
#4777=ORIENTED_EDGE('',*,*,#3477,.F.);
#4778=ORIENTED_EDGE('',*,*,#3478,.F.);
#4779=ORIENTED_EDGE('',*,*,#3479,.T.);
#4780=ORIENTED_EDGE('',*,*,#3478,.T.);
#4781=ORIENTED_EDGE('',*,*,#3480,.F.);
#4782=ORIENTED_EDGE('',*,*,#3481,.F.);
#4783=ORIENTED_EDGE('',*,*,#3482,.T.);
#4784=ORIENTED_EDGE('',*,*,#3481,.T.);
#4785=ORIENTED_EDGE('',*,*,#3483,.F.);
#4786=ORIENTED_EDGE('',*,*,#3484,.F.);
#4787=ORIENTED_EDGE('',*,*,#3485,.T.);
#4788=ORIENTED_EDGE('',*,*,#3484,.T.);
#4789=ORIENTED_EDGE('',*,*,#3486,.F.);
#4790=ORIENTED_EDGE('',*,*,#3428,.F.);
#4791=ORIENTED_EDGE('',*,*,#3485,.F.);
#4792=ORIENTED_EDGE('',*,*,#3427,.F.);
#4793=ORIENTED_EDGE('',*,*,#3431,.F.);
#4794=ORIENTED_EDGE('',*,*,#3434,.F.);
#4795=ORIENTED_EDGE('',*,*,#3437,.F.);
#4796=ORIENTED_EDGE('',*,*,#3440,.F.);
#4797=ORIENTED_EDGE('',*,*,#3443,.F.);
#4798=ORIENTED_EDGE('',*,*,#3446,.F.);
#4799=ORIENTED_EDGE('',*,*,#3449,.F.);
#4800=ORIENTED_EDGE('',*,*,#3452,.F.);
#4801=ORIENTED_EDGE('',*,*,#3455,.F.);
#4802=ORIENTED_EDGE('',*,*,#3458,.F.);
#4803=ORIENTED_EDGE('',*,*,#3461,.F.);
#4804=ORIENTED_EDGE('',*,*,#3464,.F.);
#4805=ORIENTED_EDGE('',*,*,#3467,.F.);
#4806=ORIENTED_EDGE('',*,*,#3470,.F.);
#4807=ORIENTED_EDGE('',*,*,#3473,.F.);
#4808=ORIENTED_EDGE('',*,*,#3476,.F.);
#4809=ORIENTED_EDGE('',*,*,#3479,.F.);
#4810=ORIENTED_EDGE('',*,*,#3482,.F.);
#4811=ORIENTED_EDGE('',*,*,#3486,.T.);
#4812=ORIENTED_EDGE('',*,*,#3483,.T.);
#4813=ORIENTED_EDGE('',*,*,#3480,.T.);
#4814=ORIENTED_EDGE('',*,*,#3477,.T.);
#4815=ORIENTED_EDGE('',*,*,#3474,.T.);
#4816=ORIENTED_EDGE('',*,*,#3471,.T.);
#4817=ORIENTED_EDGE('',*,*,#3468,.T.);
#4818=ORIENTED_EDGE('',*,*,#3465,.T.);
#4819=ORIENTED_EDGE('',*,*,#3462,.T.);
#4820=ORIENTED_EDGE('',*,*,#3459,.T.);
#4821=ORIENTED_EDGE('',*,*,#3456,.T.);
#4822=ORIENTED_EDGE('',*,*,#3453,.T.);
#4823=ORIENTED_EDGE('',*,*,#3450,.T.);
#4824=ORIENTED_EDGE('',*,*,#3447,.T.);
#4825=ORIENTED_EDGE('',*,*,#3444,.T.);
#4826=ORIENTED_EDGE('',*,*,#3441,.T.);
#4827=ORIENTED_EDGE('',*,*,#3438,.T.);
#4828=ORIENTED_EDGE('',*,*,#3435,.T.);
#4829=ORIENTED_EDGE('',*,*,#3432,.T.);
#4830=ORIENTED_EDGE('',*,*,#3429,.T.);
#4831=ORIENTED_EDGE('',*,*,#3487,.T.);
#4832=ORIENTED_EDGE('',*,*,#3488,.T.);
#4833=ORIENTED_EDGE('',*,*,#3489,.F.);
#4834=ORIENTED_EDGE('',*,*,#3490,.F.);
#4835=ORIENTED_EDGE('',*,*,#3491,.T.);
#4836=ORIENTED_EDGE('',*,*,#3490,.T.);
#4837=ORIENTED_EDGE('',*,*,#3492,.F.);
#4838=ORIENTED_EDGE('',*,*,#3493,.F.);
#4839=ORIENTED_EDGE('',*,*,#3494,.T.);
#4840=ORIENTED_EDGE('',*,*,#3493,.T.);
#4841=ORIENTED_EDGE('',*,*,#3495,.F.);
#4842=ORIENTED_EDGE('',*,*,#3496,.F.);
#4843=ORIENTED_EDGE('',*,*,#3497,.T.);
#4844=ORIENTED_EDGE('',*,*,#3496,.T.);
#4845=ORIENTED_EDGE('',*,*,#3498,.F.);
#4846=ORIENTED_EDGE('',*,*,#3499,.F.);
#4847=ORIENTED_EDGE('',*,*,#3500,.T.);
#4848=ORIENTED_EDGE('',*,*,#3499,.T.);
#4849=ORIENTED_EDGE('',*,*,#3501,.F.);
#4850=ORIENTED_EDGE('',*,*,#3502,.F.);
#4851=ORIENTED_EDGE('',*,*,#3503,.T.);
#4852=ORIENTED_EDGE('',*,*,#3502,.T.);
#4853=ORIENTED_EDGE('',*,*,#3504,.F.);
#4854=ORIENTED_EDGE('',*,*,#3505,.F.);
#4855=ORIENTED_EDGE('',*,*,#3506,.T.);
#4856=ORIENTED_EDGE('',*,*,#3505,.T.);
#4857=ORIENTED_EDGE('',*,*,#3507,.F.);
#4858=ORIENTED_EDGE('',*,*,#3508,.F.);
#4859=ORIENTED_EDGE('',*,*,#3509,.T.);
#4860=ORIENTED_EDGE('',*,*,#3508,.T.);
#4861=ORIENTED_EDGE('',*,*,#3510,.F.);
#4862=ORIENTED_EDGE('',*,*,#3511,.F.);
#4863=ORIENTED_EDGE('',*,*,#3512,.T.);
#4864=ORIENTED_EDGE('',*,*,#3511,.T.);
#4865=ORIENTED_EDGE('',*,*,#3513,.F.);
#4866=ORIENTED_EDGE('',*,*,#3514,.F.);
#4867=ORIENTED_EDGE('',*,*,#3515,.T.);
#4868=ORIENTED_EDGE('',*,*,#3514,.T.);
#4869=ORIENTED_EDGE('',*,*,#3516,.F.);
#4870=ORIENTED_EDGE('',*,*,#3517,.F.);
#4871=ORIENTED_EDGE('',*,*,#3518,.T.);
#4872=ORIENTED_EDGE('',*,*,#3517,.T.);
#4873=ORIENTED_EDGE('',*,*,#3519,.F.);
#4874=ORIENTED_EDGE('',*,*,#3520,.F.);
#4875=ORIENTED_EDGE('',*,*,#3521,.T.);
#4876=ORIENTED_EDGE('',*,*,#3520,.T.);
#4877=ORIENTED_EDGE('',*,*,#3522,.F.);
#4878=ORIENTED_EDGE('',*,*,#3523,.F.);
#4879=ORIENTED_EDGE('',*,*,#3524,.T.);
#4880=ORIENTED_EDGE('',*,*,#3523,.T.);
#4881=ORIENTED_EDGE('',*,*,#3525,.F.);
#4882=ORIENTED_EDGE('',*,*,#3526,.F.);
#4883=ORIENTED_EDGE('',*,*,#3527,.T.);
#4884=ORIENTED_EDGE('',*,*,#3526,.T.);
#4885=ORIENTED_EDGE('',*,*,#3528,.F.);
#4886=ORIENTED_EDGE('',*,*,#3529,.F.);
#4887=ORIENTED_EDGE('',*,*,#3530,.T.);
#4888=ORIENTED_EDGE('',*,*,#3529,.T.);
#4889=ORIENTED_EDGE('',*,*,#3531,.F.);
#4890=ORIENTED_EDGE('',*,*,#3532,.F.);
#4891=ORIENTED_EDGE('',*,*,#3533,.T.);
#4892=ORIENTED_EDGE('',*,*,#3532,.T.);
#4893=ORIENTED_EDGE('',*,*,#3534,.F.);
#4894=ORIENTED_EDGE('',*,*,#3535,.F.);
#4895=ORIENTED_EDGE('',*,*,#3536,.T.);
#4896=ORIENTED_EDGE('',*,*,#3535,.T.);
#4897=ORIENTED_EDGE('',*,*,#3537,.F.);
#4898=ORIENTED_EDGE('',*,*,#3538,.F.);
#4899=ORIENTED_EDGE('',*,*,#3539,.T.);
#4900=ORIENTED_EDGE('',*,*,#3538,.T.);
#4901=ORIENTED_EDGE('',*,*,#3540,.F.);
#4902=ORIENTED_EDGE('',*,*,#3541,.F.);
#4903=ORIENTED_EDGE('',*,*,#3542,.T.);
#4904=ORIENTED_EDGE('',*,*,#3541,.T.);
#4905=ORIENTED_EDGE('',*,*,#3543,.F.);
#4906=ORIENTED_EDGE('',*,*,#3488,.F.);
#4907=ORIENTED_EDGE('',*,*,#3542,.F.);
#4908=ORIENTED_EDGE('',*,*,#3487,.F.);
#4909=ORIENTED_EDGE('',*,*,#3491,.F.);
#4910=ORIENTED_EDGE('',*,*,#3494,.F.);
#4911=ORIENTED_EDGE('',*,*,#3497,.F.);
#4912=ORIENTED_EDGE('',*,*,#3500,.F.);
#4913=ORIENTED_EDGE('',*,*,#3503,.F.);
#4914=ORIENTED_EDGE('',*,*,#3506,.F.);
#4915=ORIENTED_EDGE('',*,*,#3509,.F.);
#4916=ORIENTED_EDGE('',*,*,#3512,.F.);
#4917=ORIENTED_EDGE('',*,*,#3515,.F.);
#4918=ORIENTED_EDGE('',*,*,#3518,.F.);
#4919=ORIENTED_EDGE('',*,*,#3521,.F.);
#4920=ORIENTED_EDGE('',*,*,#3524,.F.);
#4921=ORIENTED_EDGE('',*,*,#3527,.F.);
#4922=ORIENTED_EDGE('',*,*,#3530,.F.);
#4923=ORIENTED_EDGE('',*,*,#3533,.F.);
#4924=ORIENTED_EDGE('',*,*,#3536,.F.);
#4925=ORIENTED_EDGE('',*,*,#3539,.F.);
#4926=ORIENTED_EDGE('',*,*,#3543,.T.);
#4927=ORIENTED_EDGE('',*,*,#3540,.T.);
#4928=ORIENTED_EDGE('',*,*,#3537,.T.);
#4929=ORIENTED_EDGE('',*,*,#3534,.T.);
#4930=ORIENTED_EDGE('',*,*,#3531,.T.);
#4931=ORIENTED_EDGE('',*,*,#3528,.T.);
#4932=ORIENTED_EDGE('',*,*,#3525,.T.);
#4933=ORIENTED_EDGE('',*,*,#3522,.T.);
#4934=ORIENTED_EDGE('',*,*,#3519,.T.);
#4935=ORIENTED_EDGE('',*,*,#3516,.T.);
#4936=ORIENTED_EDGE('',*,*,#3513,.T.);
#4937=ORIENTED_EDGE('',*,*,#3510,.T.);
#4938=ORIENTED_EDGE('',*,*,#3507,.T.);
#4939=ORIENTED_EDGE('',*,*,#3504,.T.);
#4940=ORIENTED_EDGE('',*,*,#3501,.T.);
#4941=ORIENTED_EDGE('',*,*,#3498,.T.);
#4942=ORIENTED_EDGE('',*,*,#3495,.T.);
#4943=ORIENTED_EDGE('',*,*,#3492,.T.);
#4944=ORIENTED_EDGE('',*,*,#3489,.T.);
#4945=ORIENTED_EDGE('',*,*,#3544,.T.);
#4946=ORIENTED_EDGE('',*,*,#3545,.T.);
#4947=ORIENTED_EDGE('',*,*,#3546,.F.);
#4948=ORIENTED_EDGE('',*,*,#3547,.F.);
#4949=ORIENTED_EDGE('',*,*,#3548,.T.);
#4950=ORIENTED_EDGE('',*,*,#3547,.T.);
#4951=ORIENTED_EDGE('',*,*,#3549,.F.);
#4952=ORIENTED_EDGE('',*,*,#3550,.F.);
#4953=ORIENTED_EDGE('',*,*,#3551,.T.);
#4954=ORIENTED_EDGE('',*,*,#3550,.T.);
#4955=ORIENTED_EDGE('',*,*,#3552,.F.);
#4956=ORIENTED_EDGE('',*,*,#3553,.F.);
#4957=ORIENTED_EDGE('',*,*,#3554,.T.);
#4958=ORIENTED_EDGE('',*,*,#3553,.T.);
#4959=ORIENTED_EDGE('',*,*,#3555,.F.);
#4960=ORIENTED_EDGE('',*,*,#3556,.F.);
#4961=ORIENTED_EDGE('',*,*,#3557,.T.);
#4962=ORIENTED_EDGE('',*,*,#3556,.T.);
#4963=ORIENTED_EDGE('',*,*,#3558,.F.);
#4964=ORIENTED_EDGE('',*,*,#3559,.F.);
#4965=ORIENTED_EDGE('',*,*,#3560,.T.);
#4966=ORIENTED_EDGE('',*,*,#3559,.T.);
#4967=ORIENTED_EDGE('',*,*,#3561,.F.);
#4968=ORIENTED_EDGE('',*,*,#3562,.F.);
#4969=ORIENTED_EDGE('',*,*,#3563,.T.);
#4970=ORIENTED_EDGE('',*,*,#3562,.T.);
#4971=ORIENTED_EDGE('',*,*,#3564,.F.);
#4972=ORIENTED_EDGE('',*,*,#3565,.F.);
#4973=ORIENTED_EDGE('',*,*,#3566,.T.);
#4974=ORIENTED_EDGE('',*,*,#3565,.T.);
#4975=ORIENTED_EDGE('',*,*,#3567,.F.);
#4976=ORIENTED_EDGE('',*,*,#3568,.F.);
#4977=ORIENTED_EDGE('',*,*,#3569,.T.);
#4978=ORIENTED_EDGE('',*,*,#3568,.T.);
#4979=ORIENTED_EDGE('',*,*,#3570,.F.);
#4980=ORIENTED_EDGE('',*,*,#3571,.F.);
#4981=ORIENTED_EDGE('',*,*,#3572,.T.);
#4982=ORIENTED_EDGE('',*,*,#3571,.T.);
#4983=ORIENTED_EDGE('',*,*,#3573,.F.);
#4984=ORIENTED_EDGE('',*,*,#3574,.F.);
#4985=ORIENTED_EDGE('',*,*,#3575,.T.);
#4986=ORIENTED_EDGE('',*,*,#3574,.T.);
#4987=ORIENTED_EDGE('',*,*,#3576,.F.);
#4988=ORIENTED_EDGE('',*,*,#3577,.F.);
#4989=ORIENTED_EDGE('',*,*,#3578,.T.);
#4990=ORIENTED_EDGE('',*,*,#3577,.T.);
#4991=ORIENTED_EDGE('',*,*,#3579,.F.);
#4992=ORIENTED_EDGE('',*,*,#3580,.F.);
#4993=ORIENTED_EDGE('',*,*,#3581,.T.);
#4994=ORIENTED_EDGE('',*,*,#3580,.T.);
#4995=ORIENTED_EDGE('',*,*,#3582,.F.);
#4996=ORIENTED_EDGE('',*,*,#3583,.F.);
#4997=ORIENTED_EDGE('',*,*,#3584,.T.);
#4998=ORIENTED_EDGE('',*,*,#3583,.T.);
#4999=ORIENTED_EDGE('',*,*,#3585,.F.);
#5000=ORIENTED_EDGE('',*,*,#3586,.F.);
#5001=ORIENTED_EDGE('',*,*,#3587,.T.);
#5002=ORIENTED_EDGE('',*,*,#3586,.T.);
#5003=ORIENTED_EDGE('',*,*,#3588,.F.);
#5004=ORIENTED_EDGE('',*,*,#3589,.F.);
#5005=ORIENTED_EDGE('',*,*,#3590,.T.);
#5006=ORIENTED_EDGE('',*,*,#3589,.T.);
#5007=ORIENTED_EDGE('',*,*,#3591,.F.);
#5008=ORIENTED_EDGE('',*,*,#3545,.F.);
#5009=ORIENTED_EDGE('',*,*,#3590,.F.);
#5010=ORIENTED_EDGE('',*,*,#3544,.F.);
#5011=ORIENTED_EDGE('',*,*,#3548,.F.);
#5012=ORIENTED_EDGE('',*,*,#3551,.F.);
#5013=ORIENTED_EDGE('',*,*,#3554,.F.);
#5014=ORIENTED_EDGE('',*,*,#3557,.F.);
#5015=ORIENTED_EDGE('',*,*,#3560,.F.);
#5016=ORIENTED_EDGE('',*,*,#3563,.F.);
#5017=ORIENTED_EDGE('',*,*,#3566,.F.);
#5018=ORIENTED_EDGE('',*,*,#3569,.F.);
#5019=ORIENTED_EDGE('',*,*,#3572,.F.);
#5020=ORIENTED_EDGE('',*,*,#3575,.F.);
#5021=ORIENTED_EDGE('',*,*,#3578,.F.);
#5022=ORIENTED_EDGE('',*,*,#3581,.F.);
#5023=ORIENTED_EDGE('',*,*,#3584,.F.);
#5024=ORIENTED_EDGE('',*,*,#3587,.F.);
#5025=ORIENTED_EDGE('',*,*,#3591,.T.);
#5026=ORIENTED_EDGE('',*,*,#3588,.T.);
#5027=ORIENTED_EDGE('',*,*,#3585,.T.);
#5028=ORIENTED_EDGE('',*,*,#3582,.T.);
#5029=ORIENTED_EDGE('',*,*,#3579,.T.);
#5030=ORIENTED_EDGE('',*,*,#3576,.T.);
#5031=ORIENTED_EDGE('',*,*,#3573,.T.);
#5032=ORIENTED_EDGE('',*,*,#3570,.T.);
#5033=ORIENTED_EDGE('',*,*,#3567,.T.);
#5034=ORIENTED_EDGE('',*,*,#3564,.T.);
#5035=ORIENTED_EDGE('',*,*,#3561,.T.);
#5036=ORIENTED_EDGE('',*,*,#3558,.T.);
#5037=ORIENTED_EDGE('',*,*,#3555,.T.);
#5038=ORIENTED_EDGE('',*,*,#3552,.T.);
#5039=ORIENTED_EDGE('',*,*,#3549,.T.);
#5040=ORIENTED_EDGE('',*,*,#3546,.T.);
#5041=ORIENTED_EDGE('',*,*,#3592,.T.);
#5042=ORIENTED_EDGE('',*,*,#3593,.T.);
#5043=ORIENTED_EDGE('',*,*,#3594,.F.);
#5044=ORIENTED_EDGE('',*,*,#3595,.F.);
#5045=ORIENTED_EDGE('',*,*,#3596,.T.);
#5046=ORIENTED_EDGE('',*,*,#3595,.T.);
#5047=ORIENTED_EDGE('',*,*,#3597,.F.);
#5048=ORIENTED_EDGE('',*,*,#3598,.F.);
#5049=ORIENTED_EDGE('',*,*,#3599,.T.);
#5050=ORIENTED_EDGE('',*,*,#3598,.T.);
#5051=ORIENTED_EDGE('',*,*,#3600,.F.);
#5052=ORIENTED_EDGE('',*,*,#3601,.F.);
#5053=ORIENTED_EDGE('',*,*,#3602,.T.);
#5054=ORIENTED_EDGE('',*,*,#3601,.T.);
#5055=ORIENTED_EDGE('',*,*,#3603,.F.);
#5056=ORIENTED_EDGE('',*,*,#3604,.F.);
#5057=ORIENTED_EDGE('',*,*,#3605,.T.);
#5058=ORIENTED_EDGE('',*,*,#3604,.T.);
#5059=ORIENTED_EDGE('',*,*,#3606,.F.);
#5060=ORIENTED_EDGE('',*,*,#3607,.F.);
#5061=ORIENTED_EDGE('',*,*,#3608,.T.);
#5062=ORIENTED_EDGE('',*,*,#3607,.T.);
#5063=ORIENTED_EDGE('',*,*,#3609,.F.);
#5064=ORIENTED_EDGE('',*,*,#3610,.F.);
#5065=ORIENTED_EDGE('',*,*,#3611,.T.);
#5066=ORIENTED_EDGE('',*,*,#3610,.T.);
#5067=ORIENTED_EDGE('',*,*,#3612,.F.);
#5068=ORIENTED_EDGE('',*,*,#3613,.F.);
#5069=ORIENTED_EDGE('',*,*,#3614,.T.);
#5070=ORIENTED_EDGE('',*,*,#3613,.T.);
#5071=ORIENTED_EDGE('',*,*,#3615,.F.);
#5072=ORIENTED_EDGE('',*,*,#3616,.F.);
#5073=ORIENTED_EDGE('',*,*,#3617,.T.);
#5074=ORIENTED_EDGE('',*,*,#3616,.T.);
#5075=ORIENTED_EDGE('',*,*,#3618,.F.);
#5076=ORIENTED_EDGE('',*,*,#3619,.F.);
#5077=ORIENTED_EDGE('',*,*,#3620,.T.);
#5078=ORIENTED_EDGE('',*,*,#3619,.T.);
#5079=ORIENTED_EDGE('',*,*,#3621,.F.);
#5080=ORIENTED_EDGE('',*,*,#3593,.F.);
#5081=ORIENTED_EDGE('',*,*,#3620,.F.);
#5082=ORIENTED_EDGE('',*,*,#3592,.F.);
#5083=ORIENTED_EDGE('',*,*,#3596,.F.);
#5084=ORIENTED_EDGE('',*,*,#3599,.F.);
#5085=ORIENTED_EDGE('',*,*,#3602,.F.);
#5086=ORIENTED_EDGE('',*,*,#3605,.F.);
#5087=ORIENTED_EDGE('',*,*,#3608,.F.);
#5088=ORIENTED_EDGE('',*,*,#3611,.F.);
#5089=ORIENTED_EDGE('',*,*,#3614,.F.);
#5090=ORIENTED_EDGE('',*,*,#3617,.F.);
#5091=ORIENTED_EDGE('',*,*,#3621,.T.);
#5092=ORIENTED_EDGE('',*,*,#3618,.T.);
#5093=ORIENTED_EDGE('',*,*,#3615,.T.);
#5094=ORIENTED_EDGE('',*,*,#3612,.T.);
#5095=ORIENTED_EDGE('',*,*,#3609,.T.);
#5096=ORIENTED_EDGE('',*,*,#3606,.T.);
#5097=ORIENTED_EDGE('',*,*,#3603,.T.);
#5098=ORIENTED_EDGE('',*,*,#3600,.T.);
#5099=ORIENTED_EDGE('',*,*,#3597,.T.);
#5100=ORIENTED_EDGE('',*,*,#3594,.T.);
#5101=ORIENTED_EDGE('',*,*,#3622,.T.);
#5102=ORIENTED_EDGE('',*,*,#3623,.T.);
#5103=ORIENTED_EDGE('',*,*,#3624,.F.);
#5104=ORIENTED_EDGE('',*,*,#3625,.F.);
#5105=ORIENTED_EDGE('',*,*,#3626,.T.);
#5106=ORIENTED_EDGE('',*,*,#3625,.T.);
#5107=ORIENTED_EDGE('',*,*,#3627,.F.);
#5108=ORIENTED_EDGE('',*,*,#3628,.F.);
#5109=ORIENTED_EDGE('',*,*,#3629,.T.);
#5110=ORIENTED_EDGE('',*,*,#3628,.T.);
#5111=ORIENTED_EDGE('',*,*,#3630,.F.);
#5112=ORIENTED_EDGE('',*,*,#3631,.F.);
#5113=ORIENTED_EDGE('',*,*,#3632,.T.);
#5114=ORIENTED_EDGE('',*,*,#3631,.T.);
#5115=ORIENTED_EDGE('',*,*,#3633,.F.);
#5116=ORIENTED_EDGE('',*,*,#3634,.F.);
#5117=ORIENTED_EDGE('',*,*,#3635,.T.);
#5118=ORIENTED_EDGE('',*,*,#3634,.T.);
#5119=ORIENTED_EDGE('',*,*,#3636,.F.);
#5120=ORIENTED_EDGE('',*,*,#3637,.F.);
#5121=ORIENTED_EDGE('',*,*,#3638,.T.);
#5122=ORIENTED_EDGE('',*,*,#3637,.T.);
#5123=ORIENTED_EDGE('',*,*,#3639,.F.);
#5124=ORIENTED_EDGE('',*,*,#3640,.F.);
#5125=ORIENTED_EDGE('',*,*,#3641,.T.);
#5126=ORIENTED_EDGE('',*,*,#3640,.T.);
#5127=ORIENTED_EDGE('',*,*,#3642,.F.);
#5128=ORIENTED_EDGE('',*,*,#3643,.F.);
#5129=ORIENTED_EDGE('',*,*,#3644,.T.);
#5130=ORIENTED_EDGE('',*,*,#3643,.T.);
#5131=ORIENTED_EDGE('',*,*,#3645,.F.);
#5132=ORIENTED_EDGE('',*,*,#3646,.F.);
#5133=ORIENTED_EDGE('',*,*,#3647,.T.);
#5134=ORIENTED_EDGE('',*,*,#3646,.T.);
#5135=ORIENTED_EDGE('',*,*,#3648,.F.);
#5136=ORIENTED_EDGE('',*,*,#3649,.F.);
#5137=ORIENTED_EDGE('',*,*,#3650,.T.);
#5138=ORIENTED_EDGE('',*,*,#3649,.T.);
#5139=ORIENTED_EDGE('',*,*,#3651,.F.);
#5140=ORIENTED_EDGE('',*,*,#3652,.F.);
#5141=ORIENTED_EDGE('',*,*,#3653,.T.);
#5142=ORIENTED_EDGE('',*,*,#3652,.T.);
#5143=ORIENTED_EDGE('',*,*,#3654,.F.);
#5144=ORIENTED_EDGE('',*,*,#3655,.F.);
#5145=ORIENTED_EDGE('',*,*,#3656,.T.);
#5146=ORIENTED_EDGE('',*,*,#3655,.T.);
#5147=ORIENTED_EDGE('',*,*,#3657,.F.);
#5148=ORIENTED_EDGE('',*,*,#3658,.F.);
#5149=ORIENTED_EDGE('',*,*,#3659,.T.);
#5150=ORIENTED_EDGE('',*,*,#3658,.T.);
#5151=ORIENTED_EDGE('',*,*,#3660,.F.);
#5152=ORIENTED_EDGE('',*,*,#3661,.F.);
#5153=ORIENTED_EDGE('',*,*,#3662,.T.);
#5154=ORIENTED_EDGE('',*,*,#3661,.T.);
#5155=ORIENTED_EDGE('',*,*,#3663,.F.);
#5156=ORIENTED_EDGE('',*,*,#3664,.F.);
#5157=ORIENTED_EDGE('',*,*,#3665,.T.);
#5158=ORIENTED_EDGE('',*,*,#3664,.T.);
#5159=ORIENTED_EDGE('',*,*,#3666,.F.);
#5160=ORIENTED_EDGE('',*,*,#3667,.F.);
#5161=ORIENTED_EDGE('',*,*,#3668,.T.);
#5162=ORIENTED_EDGE('',*,*,#3667,.T.);
#5163=ORIENTED_EDGE('',*,*,#3669,.F.);
#5164=ORIENTED_EDGE('',*,*,#3670,.F.);
#5165=ORIENTED_EDGE('',*,*,#3671,.T.);
#5166=ORIENTED_EDGE('',*,*,#3670,.T.);
#5167=ORIENTED_EDGE('',*,*,#3672,.F.);
#5168=ORIENTED_EDGE('',*,*,#3673,.F.);
#5169=ORIENTED_EDGE('',*,*,#3674,.T.);
#5170=ORIENTED_EDGE('',*,*,#3673,.T.);
#5171=ORIENTED_EDGE('',*,*,#3675,.F.);
#5172=ORIENTED_EDGE('',*,*,#3676,.F.);
#5173=ORIENTED_EDGE('',*,*,#3677,.T.);
#5174=ORIENTED_EDGE('',*,*,#3676,.T.);
#5175=ORIENTED_EDGE('',*,*,#3678,.F.);
#5176=ORIENTED_EDGE('',*,*,#3679,.F.);
#5177=ORIENTED_EDGE('',*,*,#3680,.T.);
#5178=ORIENTED_EDGE('',*,*,#3679,.T.);
#5179=ORIENTED_EDGE('',*,*,#3681,.F.);
#5180=ORIENTED_EDGE('',*,*,#3682,.F.);
#5181=ORIENTED_EDGE('',*,*,#3683,.T.);
#5182=ORIENTED_EDGE('',*,*,#3682,.T.);
#5183=ORIENTED_EDGE('',*,*,#3684,.F.);
#5184=ORIENTED_EDGE('',*,*,#3623,.F.);
#5185=ORIENTED_EDGE('',*,*,#3683,.F.);
#5186=ORIENTED_EDGE('',*,*,#3622,.F.);
#5187=ORIENTED_EDGE('',*,*,#3626,.F.);
#5188=ORIENTED_EDGE('',*,*,#3629,.F.);
#5189=ORIENTED_EDGE('',*,*,#3632,.F.);
#5190=ORIENTED_EDGE('',*,*,#3635,.F.);
#5191=ORIENTED_EDGE('',*,*,#3638,.F.);
#5192=ORIENTED_EDGE('',*,*,#3641,.F.);
#5193=ORIENTED_EDGE('',*,*,#3644,.F.);
#5194=ORIENTED_EDGE('',*,*,#3647,.F.);
#5195=ORIENTED_EDGE('',*,*,#3650,.F.);
#5196=ORIENTED_EDGE('',*,*,#3653,.F.);
#5197=ORIENTED_EDGE('',*,*,#3656,.F.);
#5198=ORIENTED_EDGE('',*,*,#3659,.F.);
#5199=ORIENTED_EDGE('',*,*,#3662,.F.);
#5200=ORIENTED_EDGE('',*,*,#3665,.F.);
#5201=ORIENTED_EDGE('',*,*,#3668,.F.);
#5202=ORIENTED_EDGE('',*,*,#3671,.F.);
#5203=ORIENTED_EDGE('',*,*,#3674,.F.);
#5204=ORIENTED_EDGE('',*,*,#3677,.F.);
#5205=ORIENTED_EDGE('',*,*,#3680,.F.);
#5206=ORIENTED_EDGE('',*,*,#3684,.T.);
#5207=ORIENTED_EDGE('',*,*,#3681,.T.);
#5208=ORIENTED_EDGE('',*,*,#3678,.T.);
#5209=ORIENTED_EDGE('',*,*,#3675,.T.);
#5210=ORIENTED_EDGE('',*,*,#3672,.T.);
#5211=ORIENTED_EDGE('',*,*,#3669,.T.);
#5212=ORIENTED_EDGE('',*,*,#3666,.T.);
#5213=ORIENTED_EDGE('',*,*,#3663,.T.);
#5214=ORIENTED_EDGE('',*,*,#3660,.T.);
#5215=ORIENTED_EDGE('',*,*,#3657,.T.);
#5216=ORIENTED_EDGE('',*,*,#3654,.T.);
#5217=ORIENTED_EDGE('',*,*,#3651,.T.);
#5218=ORIENTED_EDGE('',*,*,#3648,.T.);
#5219=ORIENTED_EDGE('',*,*,#3645,.T.);
#5220=ORIENTED_EDGE('',*,*,#3642,.T.);
#5221=ORIENTED_EDGE('',*,*,#3639,.T.);
#5222=ORIENTED_EDGE('',*,*,#3636,.T.);
#5223=ORIENTED_EDGE('',*,*,#3633,.T.);
#5224=ORIENTED_EDGE('',*,*,#3630,.T.);
#5225=ORIENTED_EDGE('',*,*,#3627,.T.);
#5226=ORIENTED_EDGE('',*,*,#3624,.T.);
#5227=ORIENTED_EDGE('',*,*,#3685,.T.);
#5228=ORIENTED_EDGE('',*,*,#3686,.T.);
#5229=ORIENTED_EDGE('',*,*,#3687,.F.);
#5230=ORIENTED_EDGE('',*,*,#3688,.F.);
#5231=ORIENTED_EDGE('',*,*,#3689,.T.);
#5232=ORIENTED_EDGE('',*,*,#3688,.T.);
#5233=ORIENTED_EDGE('',*,*,#3690,.F.);
#5234=ORIENTED_EDGE('',*,*,#3691,.F.);
#5235=ORIENTED_EDGE('',*,*,#3692,.T.);
#5236=ORIENTED_EDGE('',*,*,#3691,.T.);
#5237=ORIENTED_EDGE('',*,*,#3693,.F.);
#5238=ORIENTED_EDGE('',*,*,#3694,.F.);
#5239=ORIENTED_EDGE('',*,*,#3695,.T.);
#5240=ORIENTED_EDGE('',*,*,#3694,.T.);
#5241=ORIENTED_EDGE('',*,*,#3696,.F.);
#5242=ORIENTED_EDGE('',*,*,#3697,.F.);
#5243=ORIENTED_EDGE('',*,*,#3698,.T.);
#5244=ORIENTED_EDGE('',*,*,#3697,.T.);
#5245=ORIENTED_EDGE('',*,*,#3699,.F.);
#5246=ORIENTED_EDGE('',*,*,#3700,.F.);
#5247=ORIENTED_EDGE('',*,*,#3701,.T.);
#5248=ORIENTED_EDGE('',*,*,#3700,.T.);
#5249=ORIENTED_EDGE('',*,*,#3702,.F.);
#5250=ORIENTED_EDGE('',*,*,#3703,.F.);
#5251=ORIENTED_EDGE('',*,*,#3704,.T.);
#5252=ORIENTED_EDGE('',*,*,#3703,.T.);
#5253=ORIENTED_EDGE('',*,*,#3705,.F.);
#5254=ORIENTED_EDGE('',*,*,#3706,.F.);
#5255=ORIENTED_EDGE('',*,*,#3707,.T.);
#5256=ORIENTED_EDGE('',*,*,#3706,.T.);
#5257=ORIENTED_EDGE('',*,*,#3708,.F.);
#5258=ORIENTED_EDGE('',*,*,#3709,.F.);
#5259=ORIENTED_EDGE('',*,*,#3710,.T.);
#5260=ORIENTED_EDGE('',*,*,#3709,.T.);
#5261=ORIENTED_EDGE('',*,*,#3711,.F.);
#5262=ORIENTED_EDGE('',*,*,#3712,.F.);
#5263=ORIENTED_EDGE('',*,*,#3713,.T.);
#5264=ORIENTED_EDGE('',*,*,#3712,.T.);
#5265=ORIENTED_EDGE('',*,*,#3714,.F.);
#5266=ORIENTED_EDGE('',*,*,#3715,.F.);
#5267=ORIENTED_EDGE('',*,*,#3716,.T.);
#5268=ORIENTED_EDGE('',*,*,#3715,.T.);
#5269=ORIENTED_EDGE('',*,*,#3717,.F.);
#5270=ORIENTED_EDGE('',*,*,#3718,.F.);
#5271=ORIENTED_EDGE('',*,*,#3719,.T.);
#5272=ORIENTED_EDGE('',*,*,#3718,.T.);
#5273=ORIENTED_EDGE('',*,*,#3720,.F.);
#5274=ORIENTED_EDGE('',*,*,#3721,.F.);
#5275=ORIENTED_EDGE('',*,*,#3722,.T.);
#5276=ORIENTED_EDGE('',*,*,#3721,.T.);
#5277=ORIENTED_EDGE('',*,*,#3723,.F.);
#5278=ORIENTED_EDGE('',*,*,#3724,.F.);
#5279=ORIENTED_EDGE('',*,*,#3725,.T.);
#5280=ORIENTED_EDGE('',*,*,#3724,.T.);
#5281=ORIENTED_EDGE('',*,*,#3726,.F.);
#5282=ORIENTED_EDGE('',*,*,#3727,.F.);
#5283=ORIENTED_EDGE('',*,*,#3728,.T.);
#5284=ORIENTED_EDGE('',*,*,#3727,.T.);
#5285=ORIENTED_EDGE('',*,*,#3729,.F.);
#5286=ORIENTED_EDGE('',*,*,#3686,.F.);
#5287=ORIENTED_EDGE('',*,*,#3730,.T.);
#5288=ORIENTED_EDGE('',*,*,#3731,.T.);
#5289=ORIENTED_EDGE('',*,*,#3732,.F.);
#5290=ORIENTED_EDGE('',*,*,#3733,.F.);
#5291=ORIENTED_EDGE('',*,*,#3734,.T.);
#5292=ORIENTED_EDGE('',*,*,#3733,.T.);
#5293=ORIENTED_EDGE('',*,*,#3735,.F.);
#5294=ORIENTED_EDGE('',*,*,#3736,.F.);
#5295=ORIENTED_EDGE('',*,*,#3737,.T.);
#5296=ORIENTED_EDGE('',*,*,#3736,.T.);
#5297=ORIENTED_EDGE('',*,*,#3738,.F.);
#5298=ORIENTED_EDGE('',*,*,#3739,.F.);
#5299=ORIENTED_EDGE('',*,*,#3740,.T.);
#5300=ORIENTED_EDGE('',*,*,#3739,.T.);
#5301=ORIENTED_EDGE('',*,*,#3741,.F.);
#5302=ORIENTED_EDGE('',*,*,#3742,.F.);
#5303=ORIENTED_EDGE('',*,*,#3743,.T.);
#5304=ORIENTED_EDGE('',*,*,#3742,.T.);
#5305=ORIENTED_EDGE('',*,*,#3744,.F.);
#5306=ORIENTED_EDGE('',*,*,#3745,.F.);
#5307=ORIENTED_EDGE('',*,*,#3746,.T.);
#5308=ORIENTED_EDGE('',*,*,#3745,.T.);
#5309=ORIENTED_EDGE('',*,*,#3747,.F.);
#5310=ORIENTED_EDGE('',*,*,#3748,.F.);
#5311=ORIENTED_EDGE('',*,*,#3749,.T.);
#5312=ORIENTED_EDGE('',*,*,#3748,.T.);
#5313=ORIENTED_EDGE('',*,*,#3750,.F.);
#5314=ORIENTED_EDGE('',*,*,#3751,.F.);
#5315=ORIENTED_EDGE('',*,*,#3752,.T.);
#5316=ORIENTED_EDGE('',*,*,#3751,.T.);
#5317=ORIENTED_EDGE('',*,*,#3753,.F.);
#5318=ORIENTED_EDGE('',*,*,#3754,.F.);
#5319=ORIENTED_EDGE('',*,*,#3755,.T.);
#5320=ORIENTED_EDGE('',*,*,#3754,.T.);
#5321=ORIENTED_EDGE('',*,*,#3756,.F.);
#5322=ORIENTED_EDGE('',*,*,#3757,.F.);
#5323=ORIENTED_EDGE('',*,*,#3758,.T.);
#5324=ORIENTED_EDGE('',*,*,#3757,.T.);
#5325=ORIENTED_EDGE('',*,*,#3759,.F.);
#5326=ORIENTED_EDGE('',*,*,#3760,.F.);
#5327=ORIENTED_EDGE('',*,*,#3761,.T.);
#5328=ORIENTED_EDGE('',*,*,#3760,.T.);
#5329=ORIENTED_EDGE('',*,*,#3762,.F.);
#5330=ORIENTED_EDGE('',*,*,#3763,.F.);
#5331=ORIENTED_EDGE('',*,*,#3764,.T.);
#5332=ORIENTED_EDGE('',*,*,#3763,.T.);
#5333=ORIENTED_EDGE('',*,*,#3765,.F.);
#5334=ORIENTED_EDGE('',*,*,#3766,.F.);
#5335=ORIENTED_EDGE('',*,*,#3767,.T.);
#5336=ORIENTED_EDGE('',*,*,#3766,.T.);
#5337=ORIENTED_EDGE('',*,*,#3768,.F.);
#5338=ORIENTED_EDGE('',*,*,#3769,.F.);
#5339=ORIENTED_EDGE('',*,*,#3770,.T.);
#5340=ORIENTED_EDGE('',*,*,#3769,.T.);
#5341=ORIENTED_EDGE('',*,*,#3771,.F.);
#5342=ORIENTED_EDGE('',*,*,#3772,.F.);
#5343=ORIENTED_EDGE('',*,*,#3773,.T.);
#5344=ORIENTED_EDGE('',*,*,#3772,.T.);
#5345=ORIENTED_EDGE('',*,*,#3774,.F.);
#5346=ORIENTED_EDGE('',*,*,#3775,.F.);
#5347=ORIENTED_EDGE('',*,*,#3776,.T.);
#5348=ORIENTED_EDGE('',*,*,#3775,.T.);
#5349=ORIENTED_EDGE('',*,*,#3777,.F.);
#5350=ORIENTED_EDGE('',*,*,#3731,.F.);
#5351=ORIENTED_EDGE('',*,*,#3776,.F.);
#5352=ORIENTED_EDGE('',*,*,#3730,.F.);
#5353=ORIENTED_EDGE('',*,*,#3734,.F.);
#5354=ORIENTED_EDGE('',*,*,#3737,.F.);
#5355=ORIENTED_EDGE('',*,*,#3740,.F.);
#5356=ORIENTED_EDGE('',*,*,#3743,.F.);
#5357=ORIENTED_EDGE('',*,*,#3746,.F.);
#5358=ORIENTED_EDGE('',*,*,#3749,.F.);
#5359=ORIENTED_EDGE('',*,*,#3752,.F.);
#5360=ORIENTED_EDGE('',*,*,#3755,.F.);
#5361=ORIENTED_EDGE('',*,*,#3758,.F.);
#5362=ORIENTED_EDGE('',*,*,#3761,.F.);
#5363=ORIENTED_EDGE('',*,*,#3764,.F.);
#5364=ORIENTED_EDGE('',*,*,#3767,.F.);
#5365=ORIENTED_EDGE('',*,*,#3770,.F.);
#5366=ORIENTED_EDGE('',*,*,#3773,.F.);
#5367=ORIENTED_EDGE('',*,*,#3728,.F.);
#5368=ORIENTED_EDGE('',*,*,#3685,.F.);
#5369=ORIENTED_EDGE('',*,*,#3689,.F.);
#5370=ORIENTED_EDGE('',*,*,#3692,.F.);
#5371=ORIENTED_EDGE('',*,*,#3695,.F.);
#5372=ORIENTED_EDGE('',*,*,#3698,.F.);
#5373=ORIENTED_EDGE('',*,*,#3701,.F.);
#5374=ORIENTED_EDGE('',*,*,#3704,.F.);
#5375=ORIENTED_EDGE('',*,*,#3707,.F.);
#5376=ORIENTED_EDGE('',*,*,#3710,.F.);
#5377=ORIENTED_EDGE('',*,*,#3713,.F.);
#5378=ORIENTED_EDGE('',*,*,#3716,.F.);
#5379=ORIENTED_EDGE('',*,*,#3719,.F.);
#5380=ORIENTED_EDGE('',*,*,#3722,.F.);
#5381=ORIENTED_EDGE('',*,*,#3725,.F.);
#5382=ORIENTED_EDGE('',*,*,#3777,.T.);
#5383=ORIENTED_EDGE('',*,*,#3774,.T.);
#5384=ORIENTED_EDGE('',*,*,#3771,.T.);
#5385=ORIENTED_EDGE('',*,*,#3768,.T.);
#5386=ORIENTED_EDGE('',*,*,#3765,.T.);
#5387=ORIENTED_EDGE('',*,*,#3762,.T.);
#5388=ORIENTED_EDGE('',*,*,#3759,.T.);
#5389=ORIENTED_EDGE('',*,*,#3756,.T.);
#5390=ORIENTED_EDGE('',*,*,#3753,.T.);
#5391=ORIENTED_EDGE('',*,*,#3750,.T.);
#5392=ORIENTED_EDGE('',*,*,#3747,.T.);
#5393=ORIENTED_EDGE('',*,*,#3744,.T.);
#5394=ORIENTED_EDGE('',*,*,#3741,.T.);
#5395=ORIENTED_EDGE('',*,*,#3738,.T.);
#5396=ORIENTED_EDGE('',*,*,#3735,.T.);
#5397=ORIENTED_EDGE('',*,*,#3732,.T.);
#5398=ORIENTED_EDGE('',*,*,#3729,.T.);
#5399=ORIENTED_EDGE('',*,*,#3726,.T.);
#5400=ORIENTED_EDGE('',*,*,#3723,.T.);
#5401=ORIENTED_EDGE('',*,*,#3720,.T.);
#5402=ORIENTED_EDGE('',*,*,#3717,.T.);
#5403=ORIENTED_EDGE('',*,*,#3714,.T.);
#5404=ORIENTED_EDGE('',*,*,#3711,.T.);
#5405=ORIENTED_EDGE('',*,*,#3708,.T.);
#5406=ORIENTED_EDGE('',*,*,#3705,.T.);
#5407=ORIENTED_EDGE('',*,*,#3702,.T.);
#5408=ORIENTED_EDGE('',*,*,#3699,.T.);
#5409=ORIENTED_EDGE('',*,*,#3696,.T.);
#5410=ORIENTED_EDGE('',*,*,#3693,.T.);
#5411=ORIENTED_EDGE('',*,*,#3690,.T.);
#5412=ORIENTED_EDGE('',*,*,#3687,.T.);
#5413=ORIENTED_EDGE('',*,*,#3778,.T.);
#5414=ORIENTED_EDGE('',*,*,#3779,.T.);
#5415=ORIENTED_EDGE('',*,*,#3780,.F.);
#5416=ORIENTED_EDGE('',*,*,#3781,.F.);
#5417=ORIENTED_EDGE('',*,*,#3782,.T.);
#5418=ORIENTED_EDGE('',*,*,#3781,.T.);
#5419=ORIENTED_EDGE('',*,*,#3783,.F.);
#5420=ORIENTED_EDGE('',*,*,#3784,.F.);
#5421=ORIENTED_EDGE('',*,*,#3785,.T.);
#5422=ORIENTED_EDGE('',*,*,#3784,.T.);
#5423=ORIENTED_EDGE('',*,*,#3786,.F.);
#5424=ORIENTED_EDGE('',*,*,#3787,.F.);
#5425=ORIENTED_EDGE('',*,*,#3788,.T.);
#5426=ORIENTED_EDGE('',*,*,#3787,.T.);
#5427=ORIENTED_EDGE('',*,*,#3789,.F.);
#5428=ORIENTED_EDGE('',*,*,#3790,.F.);
#5429=ORIENTED_EDGE('',*,*,#3791,.T.);
#5430=ORIENTED_EDGE('',*,*,#3790,.T.);
#5431=ORIENTED_EDGE('',*,*,#3792,.F.);
#5432=ORIENTED_EDGE('',*,*,#3793,.F.);
#5433=ORIENTED_EDGE('',*,*,#3794,.T.);
#5434=ORIENTED_EDGE('',*,*,#3793,.T.);
#5435=ORIENTED_EDGE('',*,*,#3795,.F.);
#5436=ORIENTED_EDGE('',*,*,#3796,.F.);
#5437=ORIENTED_EDGE('',*,*,#3797,.T.);
#5438=ORIENTED_EDGE('',*,*,#3796,.T.);
#5439=ORIENTED_EDGE('',*,*,#3798,.F.);
#5440=ORIENTED_EDGE('',*,*,#3799,.F.);
#5441=ORIENTED_EDGE('',*,*,#3800,.T.);
#5442=ORIENTED_EDGE('',*,*,#3799,.T.);
#5443=ORIENTED_EDGE('',*,*,#3801,.F.);
#5444=ORIENTED_EDGE('',*,*,#3802,.F.);
#5445=ORIENTED_EDGE('',*,*,#3803,.T.);
#5446=ORIENTED_EDGE('',*,*,#3802,.T.);
#5447=ORIENTED_EDGE('',*,*,#3804,.F.);
#5448=ORIENTED_EDGE('',*,*,#3779,.F.);
#5449=ORIENTED_EDGE('',*,*,#3805,.T.);
#5450=ORIENTED_EDGE('',*,*,#3806,.T.);
#5451=ORIENTED_EDGE('',*,*,#3807,.F.);
#5452=ORIENTED_EDGE('',*,*,#3808,.F.);
#5453=ORIENTED_EDGE('',*,*,#3809,.T.);
#5454=ORIENTED_EDGE('',*,*,#3808,.T.);
#5455=ORIENTED_EDGE('',*,*,#3810,.F.);
#5456=ORIENTED_EDGE('',*,*,#3811,.F.);
#5457=ORIENTED_EDGE('',*,*,#3812,.T.);
#5458=ORIENTED_EDGE('',*,*,#3811,.T.);
#5459=ORIENTED_EDGE('',*,*,#3813,.F.);
#5460=ORIENTED_EDGE('',*,*,#3814,.F.);
#5461=ORIENTED_EDGE('',*,*,#3815,.T.);
#5462=ORIENTED_EDGE('',*,*,#3814,.T.);
#5463=ORIENTED_EDGE('',*,*,#3816,.F.);
#5464=ORIENTED_EDGE('',*,*,#3817,.F.);
#5465=ORIENTED_EDGE('',*,*,#3818,.T.);
#5466=ORIENTED_EDGE('',*,*,#3817,.T.);
#5467=ORIENTED_EDGE('',*,*,#3819,.F.);
#5468=ORIENTED_EDGE('',*,*,#3820,.F.);
#5469=ORIENTED_EDGE('',*,*,#3821,.T.);
#5470=ORIENTED_EDGE('',*,*,#3820,.T.);
#5471=ORIENTED_EDGE('',*,*,#3822,.F.);
#5472=ORIENTED_EDGE('',*,*,#3823,.F.);
#5473=ORIENTED_EDGE('',*,*,#3824,.T.);
#5474=ORIENTED_EDGE('',*,*,#3823,.T.);
#5475=ORIENTED_EDGE('',*,*,#3825,.F.);
#5476=ORIENTED_EDGE('',*,*,#3826,.F.);
#5477=ORIENTED_EDGE('',*,*,#3827,.T.);
#5478=ORIENTED_EDGE('',*,*,#3826,.T.);
#5479=ORIENTED_EDGE('',*,*,#3828,.F.);
#5480=ORIENTED_EDGE('',*,*,#3829,.F.);
#5481=ORIENTED_EDGE('',*,*,#3830,.T.);
#5482=ORIENTED_EDGE('',*,*,#3829,.T.);
#5483=ORIENTED_EDGE('',*,*,#3831,.F.);
#5484=ORIENTED_EDGE('',*,*,#3832,.F.);
#5485=ORIENTED_EDGE('',*,*,#3833,.T.);
#5486=ORIENTED_EDGE('',*,*,#3832,.T.);
#5487=ORIENTED_EDGE('',*,*,#3834,.F.);
#5488=ORIENTED_EDGE('',*,*,#3835,.F.);
#5489=ORIENTED_EDGE('',*,*,#3836,.T.);
#5490=ORIENTED_EDGE('',*,*,#3835,.T.);
#5491=ORIENTED_EDGE('',*,*,#3837,.F.);
#5492=ORIENTED_EDGE('',*,*,#3838,.F.);
#5493=ORIENTED_EDGE('',*,*,#3839,.T.);
#5494=ORIENTED_EDGE('',*,*,#3838,.T.);
#5495=ORIENTED_EDGE('',*,*,#3840,.F.);
#5496=ORIENTED_EDGE('',*,*,#3841,.F.);
#5497=ORIENTED_EDGE('',*,*,#3842,.T.);
#5498=ORIENTED_EDGE('',*,*,#3841,.T.);
#5499=ORIENTED_EDGE('',*,*,#3843,.F.);
#5500=ORIENTED_EDGE('',*,*,#3844,.F.);
#5501=ORIENTED_EDGE('',*,*,#3845,.T.);
#5502=ORIENTED_EDGE('',*,*,#3844,.T.);
#5503=ORIENTED_EDGE('',*,*,#3846,.F.);
#5504=ORIENTED_EDGE('',*,*,#3847,.F.);
#5505=ORIENTED_EDGE('',*,*,#3848,.T.);
#5506=ORIENTED_EDGE('',*,*,#3847,.T.);
#5507=ORIENTED_EDGE('',*,*,#3849,.F.);
#5508=ORIENTED_EDGE('',*,*,#3850,.F.);
#5509=ORIENTED_EDGE('',*,*,#3851,.T.);
#5510=ORIENTED_EDGE('',*,*,#3850,.T.);
#5511=ORIENTED_EDGE('',*,*,#3852,.F.);
#5512=ORIENTED_EDGE('',*,*,#3853,.F.);
#5513=ORIENTED_EDGE('',*,*,#3854,.T.);
#5514=ORIENTED_EDGE('',*,*,#3853,.T.);
#5515=ORIENTED_EDGE('',*,*,#3855,.F.);
#5516=ORIENTED_EDGE('',*,*,#3806,.F.);
#5517=ORIENTED_EDGE('',*,*,#3854,.F.);
#5518=ORIENTED_EDGE('',*,*,#3805,.F.);
#5519=ORIENTED_EDGE('',*,*,#3809,.F.);
#5520=ORIENTED_EDGE('',*,*,#3812,.F.);
#5521=ORIENTED_EDGE('',*,*,#3815,.F.);
#5522=ORIENTED_EDGE('',*,*,#3818,.F.);
#5523=ORIENTED_EDGE('',*,*,#3821,.F.);
#5524=ORIENTED_EDGE('',*,*,#3824,.F.);
#5525=ORIENTED_EDGE('',*,*,#3827,.F.);
#5526=ORIENTED_EDGE('',*,*,#3830,.F.);
#5527=ORIENTED_EDGE('',*,*,#3833,.F.);
#5528=ORIENTED_EDGE('',*,*,#3836,.F.);
#5529=ORIENTED_EDGE('',*,*,#3839,.F.);
#5530=ORIENTED_EDGE('',*,*,#3842,.F.);
#5531=ORIENTED_EDGE('',*,*,#3845,.F.);
#5532=ORIENTED_EDGE('',*,*,#3848,.F.);
#5533=ORIENTED_EDGE('',*,*,#3851,.F.);
#5534=ORIENTED_EDGE('',*,*,#3803,.F.);
#5535=ORIENTED_EDGE('',*,*,#3778,.F.);
#5536=ORIENTED_EDGE('',*,*,#3782,.F.);
#5537=ORIENTED_EDGE('',*,*,#3785,.F.);
#5538=ORIENTED_EDGE('',*,*,#3788,.F.);
#5539=ORIENTED_EDGE('',*,*,#3791,.F.);
#5540=ORIENTED_EDGE('',*,*,#3794,.F.);
#5541=ORIENTED_EDGE('',*,*,#3797,.F.);
#5542=ORIENTED_EDGE('',*,*,#3800,.F.);
#5543=ORIENTED_EDGE('',*,*,#3855,.T.);
#5544=ORIENTED_EDGE('',*,*,#3852,.T.);
#5545=ORIENTED_EDGE('',*,*,#3849,.T.);
#5546=ORIENTED_EDGE('',*,*,#3846,.T.);
#5547=ORIENTED_EDGE('',*,*,#3843,.T.);
#5548=ORIENTED_EDGE('',*,*,#3840,.T.);
#5549=ORIENTED_EDGE('',*,*,#3837,.T.);
#5550=ORIENTED_EDGE('',*,*,#3834,.T.);
#5551=ORIENTED_EDGE('',*,*,#3831,.T.);
#5552=ORIENTED_EDGE('',*,*,#3828,.T.);
#5553=ORIENTED_EDGE('',*,*,#3825,.T.);
#5554=ORIENTED_EDGE('',*,*,#3822,.T.);
#5555=ORIENTED_EDGE('',*,*,#3819,.T.);
#5556=ORIENTED_EDGE('',*,*,#3816,.T.);
#5557=ORIENTED_EDGE('',*,*,#3813,.T.);
#5558=ORIENTED_EDGE('',*,*,#3810,.T.);
#5559=ORIENTED_EDGE('',*,*,#3807,.T.);
#5560=ORIENTED_EDGE('',*,*,#3804,.T.);
#5561=ORIENTED_EDGE('',*,*,#3801,.T.);
#5562=ORIENTED_EDGE('',*,*,#3798,.T.);
#5563=ORIENTED_EDGE('',*,*,#3795,.T.);
#5564=ORIENTED_EDGE('',*,*,#3792,.T.);
#5565=ORIENTED_EDGE('',*,*,#3789,.T.);
#5566=ORIENTED_EDGE('',*,*,#3786,.T.);
#5567=ORIENTED_EDGE('',*,*,#3783,.T.);
#5568=ORIENTED_EDGE('',*,*,#3780,.T.);
#5569=ORIENTED_EDGE('',*,*,#3856,.T.);
#5570=ORIENTED_EDGE('',*,*,#3857,.T.);
#5571=ORIENTED_EDGE('',*,*,#3858,.F.);
#5572=ORIENTED_EDGE('',*,*,#3859,.F.);
#5573=ORIENTED_EDGE('',*,*,#3860,.T.);
#5574=ORIENTED_EDGE('',*,*,#3859,.T.);
#5575=ORIENTED_EDGE('',*,*,#3861,.F.);
#5576=ORIENTED_EDGE('',*,*,#3862,.F.);
#5577=ORIENTED_EDGE('',*,*,#3863,.T.);
#5578=ORIENTED_EDGE('',*,*,#3862,.T.);
#5579=ORIENTED_EDGE('',*,*,#3864,.F.);
#5580=ORIENTED_EDGE('',*,*,#3865,.F.);
#5581=ORIENTED_EDGE('',*,*,#3866,.T.);
#5582=ORIENTED_EDGE('',*,*,#3865,.T.);
#5583=ORIENTED_EDGE('',*,*,#3867,.F.);
#5584=ORIENTED_EDGE('',*,*,#3868,.F.);
#5585=ORIENTED_EDGE('',*,*,#3869,.T.);
#5586=ORIENTED_EDGE('',*,*,#3868,.T.);
#5587=ORIENTED_EDGE('',*,*,#3870,.F.);
#5588=ORIENTED_EDGE('',*,*,#3871,.F.);
#5589=ORIENTED_EDGE('',*,*,#3872,.T.);
#5590=ORIENTED_EDGE('',*,*,#3871,.T.);
#5591=ORIENTED_EDGE('',*,*,#3873,.F.);
#5592=ORIENTED_EDGE('',*,*,#3874,.F.);
#5593=ORIENTED_EDGE('',*,*,#3875,.T.);
#5594=ORIENTED_EDGE('',*,*,#3874,.T.);
#5595=ORIENTED_EDGE('',*,*,#3876,.F.);
#5596=ORIENTED_EDGE('',*,*,#3877,.F.);
#5597=ORIENTED_EDGE('',*,*,#3878,.T.);
#5598=ORIENTED_EDGE('',*,*,#3877,.T.);
#5599=ORIENTED_EDGE('',*,*,#3879,.F.);
#5600=ORIENTED_EDGE('',*,*,#3880,.F.);
#5601=ORIENTED_EDGE('',*,*,#3881,.T.);
#5602=ORIENTED_EDGE('',*,*,#3880,.T.);
#5603=ORIENTED_EDGE('',*,*,#3882,.F.);
#5604=ORIENTED_EDGE('',*,*,#3883,.F.);
#5605=ORIENTED_EDGE('',*,*,#3884,.T.);
#5606=ORIENTED_EDGE('',*,*,#3883,.T.);
#5607=ORIENTED_EDGE('',*,*,#3885,.F.);
#5608=ORIENTED_EDGE('',*,*,#3886,.F.);
#5609=ORIENTED_EDGE('',*,*,#3887,.T.);
#5610=ORIENTED_EDGE('',*,*,#3886,.T.);
#5611=ORIENTED_EDGE('',*,*,#3888,.F.);
#5612=ORIENTED_EDGE('',*,*,#3889,.F.);
#5613=ORIENTED_EDGE('',*,*,#3890,.T.);
#5614=ORIENTED_EDGE('',*,*,#3889,.T.);
#5615=ORIENTED_EDGE('',*,*,#3891,.F.);
#5616=ORIENTED_EDGE('',*,*,#3892,.F.);
#5617=ORIENTED_EDGE('',*,*,#3893,.T.);
#5618=ORIENTED_EDGE('',*,*,#3892,.T.);
#5619=ORIENTED_EDGE('',*,*,#3894,.F.);
#5620=ORIENTED_EDGE('',*,*,#3895,.F.);
#5621=ORIENTED_EDGE('',*,*,#3896,.T.);
#5622=ORIENTED_EDGE('',*,*,#3895,.T.);
#5623=ORIENTED_EDGE('',*,*,#3897,.F.);
#5624=ORIENTED_EDGE('',*,*,#3898,.F.);
#5625=ORIENTED_EDGE('',*,*,#3899,.T.);
#5626=ORIENTED_EDGE('',*,*,#3898,.T.);
#5627=ORIENTED_EDGE('',*,*,#3900,.F.);
#5628=ORIENTED_EDGE('',*,*,#3901,.F.);
#5629=ORIENTED_EDGE('',*,*,#3902,.T.);
#5630=ORIENTED_EDGE('',*,*,#3901,.T.);
#5631=ORIENTED_EDGE('',*,*,#3903,.F.);
#5632=ORIENTED_EDGE('',*,*,#3904,.F.);
#5633=ORIENTED_EDGE('',*,*,#3905,.T.);
#5634=ORIENTED_EDGE('',*,*,#3904,.T.);
#5635=ORIENTED_EDGE('',*,*,#3906,.F.);
#5636=ORIENTED_EDGE('',*,*,#3907,.F.);
#5637=ORIENTED_EDGE('',*,*,#3908,.T.);
#5638=ORIENTED_EDGE('',*,*,#3907,.T.);
#5639=ORIENTED_EDGE('',*,*,#3909,.F.);
#5640=ORIENTED_EDGE('',*,*,#3910,.F.);
#5641=ORIENTED_EDGE('',*,*,#3911,.T.);
#5642=ORIENTED_EDGE('',*,*,#3910,.T.);
#5643=ORIENTED_EDGE('',*,*,#3912,.F.);
#5644=ORIENTED_EDGE('',*,*,#3857,.F.);
#5645=ORIENTED_EDGE('',*,*,#3911,.F.);
#5646=ORIENTED_EDGE('',*,*,#3856,.F.);
#5647=ORIENTED_EDGE('',*,*,#3860,.F.);
#5648=ORIENTED_EDGE('',*,*,#3863,.F.);
#5649=ORIENTED_EDGE('',*,*,#3866,.F.);
#5650=ORIENTED_EDGE('',*,*,#3869,.F.);
#5651=ORIENTED_EDGE('',*,*,#3872,.F.);
#5652=ORIENTED_EDGE('',*,*,#3875,.F.);
#5653=ORIENTED_EDGE('',*,*,#3878,.F.);
#5654=ORIENTED_EDGE('',*,*,#3881,.F.);
#5655=ORIENTED_EDGE('',*,*,#3884,.F.);
#5656=ORIENTED_EDGE('',*,*,#3887,.F.);
#5657=ORIENTED_EDGE('',*,*,#3890,.F.);
#5658=ORIENTED_EDGE('',*,*,#3893,.F.);
#5659=ORIENTED_EDGE('',*,*,#3896,.F.);
#5660=ORIENTED_EDGE('',*,*,#3899,.F.);
#5661=ORIENTED_EDGE('',*,*,#3902,.F.);
#5662=ORIENTED_EDGE('',*,*,#3905,.F.);
#5663=ORIENTED_EDGE('',*,*,#3908,.F.);
#5664=ORIENTED_EDGE('',*,*,#3912,.T.);
#5665=ORIENTED_EDGE('',*,*,#3909,.T.);
#5666=ORIENTED_EDGE('',*,*,#3906,.T.);
#5667=ORIENTED_EDGE('',*,*,#3903,.T.);
#5668=ORIENTED_EDGE('',*,*,#3900,.T.);
#5669=ORIENTED_EDGE('',*,*,#3897,.T.);
#5670=ORIENTED_EDGE('',*,*,#3894,.T.);
#5671=ORIENTED_EDGE('',*,*,#3891,.T.);
#5672=ORIENTED_EDGE('',*,*,#3888,.T.);
#5673=ORIENTED_EDGE('',*,*,#3885,.T.);
#5674=ORIENTED_EDGE('',*,*,#3882,.T.);
#5675=ORIENTED_EDGE('',*,*,#3879,.T.);
#5676=ORIENTED_EDGE('',*,*,#3876,.T.);
#5677=ORIENTED_EDGE('',*,*,#3873,.T.);
#5678=ORIENTED_EDGE('',*,*,#3870,.T.);
#5679=ORIENTED_EDGE('',*,*,#3867,.T.);
#5680=ORIENTED_EDGE('',*,*,#3864,.T.);
#5681=ORIENTED_EDGE('',*,*,#3861,.T.);
#5682=ORIENTED_EDGE('',*,*,#3858,.T.);
#5683=CYLINDRICAL_SURFACE('',#6061,5.);
#5684=CYLINDRICAL_SURFACE('',#6098,5.);
#5685=CYLINDRICAL_SURFACE('',#6101,5.);
#5686=CYLINDRICAL_SURFACE('',#6104,5.);
#5687=CYLINDRICAL_SURFACE('',#6107,0.5);
#5688=CYLINDRICAL_SURFACE('',#6110,0.500000000000003);
#5689=CYLINDRICAL_SURFACE('',#6113,0.499999999999998);
#5690=CYLINDRICAL_SURFACE('',#6116,0.499999999999998);
#5691=CYLINDRICAL_SURFACE('',#6119,0.5);
#5692=CYLINDRICAL_SURFACE('',#6122,0.499999999999998);
#5693=CYLINDRICAL_SURFACE('',#6125,0.499999999999998);
#5694=CYLINDRICAL_SURFACE('',#6128,0.5);
#5695=CYLINDRICAL_SURFACE('',#6131,0.499999999999998);
#5696=CYLINDRICAL_SURFACE('',#6134,0.500000000000003);
#5697=CYLINDRICAL_SURFACE('',#6137,0.500000000000003);
#5698=CYLINDRICAL_SURFACE('',#6140,0.499999999999998);
#5699=CYLINDRICAL_SURFACE('',#6142,1.6);
#5700=CYLINDRICAL_SURFACE('',#6145,0.499999999999998);
#5701=CYLINDRICAL_SURFACE('',#6148,0.500000000000003);
#5702=CYLINDRICAL_SURFACE('',#6151,0.499999999999998);
#5703=CYLINDRICAL_SURFACE('',#6154,0.499999999999998);
#5704=CYLINDRICAL_SURFACE('',#6157,0.499999999999998);
#5705=CYLINDRICAL_SURFACE('',#6160,0.499999999999998);
#5706=CYLINDRICAL_SURFACE('',#6163,0.500000000000003);
#5707=CYLINDRICAL_SURFACE('',#6166,0.5);
#5708=CYLINDRICAL_SURFACE('',#6168,1.7);
#5709=CYLINDRICAL_SURFACE('',#6170,1.7);
#5710=CYLINDRICAL_SURFACE('',#6173,0.499999999999998);
#5711=CYLINDRICAL_SURFACE('',#6176,0.499999999999998);
#5712=CYLINDRICAL_SURFACE('',#6179,0.499999999999998);
#5713=CYLINDRICAL_SURFACE('',#6182,0.5);
#5714=CYLINDRICAL_SURFACE('',#6184,1.7);
#5715=CYLINDRICAL_SURFACE('',#6186,1.7);
#5716=CYLINDRICAL_SURFACE('',#6194,1.6);
#5717=ADVANCED_FACE('',(#636),#5683,.T.);
#5718=ADVANCED_FACE('',(#637),#493,.T.);
#5719=ADVANCED_FACE('',(#638,#463,#464,#465,#466,#467,#468,#469,#470,#471,
#472,#473),#494,.T.);
#5720=ADVANCED_FACE('',(#639),#5684,.T.);
#5721=ADVANCED_FACE('',(#640),#495,.T.);
#5722=ADVANCED_FACE('',(#641),#5685,.T.);
#5723=ADVANCED_FACE('',(#642),#496,.T.);
#5724=ADVANCED_FACE('',(#643),#5686,.T.);
#5725=ADVANCED_FACE('',(#644),#497,.T.);
#5726=ADVANCED_FACE('',(#645),#5687,.F.);
#5727=ADVANCED_FACE('',(#646),#498,.T.);
#5728=ADVANCED_FACE('',(#647),#5688,.F.);
#5729=ADVANCED_FACE('',(#648),#499,.T.);
#5730=ADVANCED_FACE('',(#649),#5689,.F.);
#5731=ADVANCED_FACE('',(#650),#500,.T.);
#5732=ADVANCED_FACE('',(#651),#5690,.F.);
#5733=ADVANCED_FACE('',(#652),#501,.T.);
#5734=ADVANCED_FACE('',(#653),#5691,.F.);
#5735=ADVANCED_FACE('',(#654),#502,.T.);
#5736=ADVANCED_FACE('',(#655),#5692,.F.);
#5737=ADVANCED_FACE('',(#656),#503,.T.);
#5738=ADVANCED_FACE('',(#657),#5693,.F.);
#5739=ADVANCED_FACE('',(#658),#504,.T.);
#5740=ADVANCED_FACE('',(#659),#5694,.F.);
#5741=ADVANCED_FACE('',(#660),#505,.T.);
#5742=ADVANCED_FACE('',(#661),#5695,.F.);
#5743=ADVANCED_FACE('',(#662),#506,.T.);
#5744=ADVANCED_FACE('',(#663),#5696,.F.);
#5745=ADVANCED_FACE('',(#664),#507,.T.);
#5746=ADVANCED_FACE('',(#665),#5697,.F.);
#5747=ADVANCED_FACE('',(#666),#508,.T.);
#5748=ADVANCED_FACE('',(#667),#5698,.F.);
#5749=ADVANCED_FACE('',(#668),#5699,.F.);
#5750=ADVANCED_FACE('',(#669),#509,.T.);
#5751=ADVANCED_FACE('',(#670),#5700,.F.);
#5752=ADVANCED_FACE('',(#671),#510,.T.);
#5753=ADVANCED_FACE('',(#672),#5701,.F.);
#5754=ADVANCED_FACE('',(#673),#511,.T.);
#5755=ADVANCED_FACE('',(#674),#5702,.F.);
#5756=ADVANCED_FACE('',(#675),#512,.T.);
#5757=ADVANCED_FACE('',(#676),#5703,.F.);
#5758=ADVANCED_FACE('',(#677),#513,.T.);
#5759=ADVANCED_FACE('',(#678),#5704,.F.);
#5760=ADVANCED_FACE('',(#679),#514,.T.);
#5761=ADVANCED_FACE('',(#680),#5705,.F.);
#5762=ADVANCED_FACE('',(#681),#515,.T.);
#5763=ADVANCED_FACE('',(#682),#5706,.F.);
#5764=ADVANCED_FACE('',(#683),#516,.T.);
#5765=ADVANCED_FACE('',(#684),#5707,.F.);
#5766=ADVANCED_FACE('',(#685),#5708,.F.);
#5767=ADVANCED_FACE('',(#686),#5709,.F.);
#5768=ADVANCED_FACE('',(#687),#517,.T.);
#5769=ADVANCED_FACE('',(#688),#5710,.F.);
#5770=ADVANCED_FACE('',(#689),#518,.T.);
#5771=ADVANCED_FACE('',(#690),#5711,.F.);
#5772=ADVANCED_FACE('',(#691),#519,.T.);
#5773=ADVANCED_FACE('',(#692),#5712,.F.);
#5774=ADVANCED_FACE('',(#693),#520,.T.);
#5775=ADVANCED_FACE('',(#694),#5713,.F.);
#5776=ADVANCED_FACE('',(#695),#5714,.F.);
#5777=ADVANCED_FACE('',(#696),#5715,.F.);
#5778=ADVANCED_FACE('',(#697),#521,.T.);
#5779=ADVANCED_FACE('',(#698,#474,#475,#476,#477,#478,#479,#480,#481,#482,
#483,#484),#522,.F.);
#5780=ADVANCED_FACE('',(#699),#523,.F.);
#5781=ADVANCED_FACE('',(#700),#524,.T.);
#5782=ADVANCED_FACE('',(#701),#5716,.T.);
#5783=ADVANCED_FACE('',(#702),#297,.T.);
#5784=ADVANCED_FACE('',(#703),#298,.T.);
#5785=ADVANCED_FACE('',(#704),#299,.T.);
#5786=ADVANCED_FACE('',(#705),#300,.T.);
#5787=ADVANCED_FACE('',(#706),#301,.T.);
#5788=ADVANCED_FACE('',(#707),#302,.T.);
#5789=ADVANCED_FACE('',(#708),#303,.T.);
#5790=ADVANCED_FACE('',(#709),#304,.T.);
#5791=ADVANCED_FACE('',(#710),#305,.T.);
#5792=ADVANCED_FACE('',(#711),#306,.T.);
#5793=ADVANCED_FACE('',(#712),#525,.T.);
#5794=ADVANCED_FACE('',(#713),#526,.T.);
#5795=ADVANCED_FACE('',(#714),#527,.T.);
#5796=ADVANCED_FACE('',(#715),#307,.T.);
#5797=ADVANCED_FACE('',(#716),#308,.T.);
#5798=ADVANCED_FACE('',(#717),#309,.T.);
#5799=ADVANCED_FACE('',(#718),#310,.T.);
#5800=ADVANCED_FACE('',(#719),#311,.T.);
#5801=ADVANCED_FACE('',(#720),#312,.T.);
#5802=ADVANCED_FACE('',(#721),#313,.T.);
#5803=ADVANCED_FACE('',(#722),#314,.T.);
#5804=ADVANCED_FACE('',(#723),#528,.T.);
#5805=ADVANCED_FACE('',(#724),#315,.T.);
#5806=ADVANCED_FACE('',(#725),#316,.T.);
#5807=ADVANCED_FACE('',(#726),#317,.T.);
#5808=ADVANCED_FACE('',(#727),#318,.T.);
#5809=ADVANCED_FACE('',(#728),#529,.T.);
#5810=ADVANCED_FACE('',(#729),#530,.T.);
#5811=ADVANCED_FACE('',(#730),#319,.T.);
#5812=ADVANCED_FACE('',(#731),#320,.T.);
#5813=ADVANCED_FACE('',(#732),#321,.T.);
#5814=ADVANCED_FACE('',(#733),#322,.T.);
#5815=ADVANCED_FACE('',(#734),#323,.T.);
#5816=ADVANCED_FACE('',(#735),#324,.T.);
#5817=ADVANCED_FACE('',(#736),#325,.T.);
#5818=ADVANCED_FACE('',(#737),#326,.T.);
#5819=ADVANCED_FACE('',(#738),#531,.T.);
#5820=ADVANCED_FACE('',(#739),#532,.T.);
#5821=ADVANCED_FACE('',(#740,#485),#533,.T.);
#5822=ADVANCED_FACE('',(#741,#486),#534,.F.);
#5823=ADVANCED_FACE('',(#742),#327,.T.);
#5824=ADVANCED_FACE('',(#743),#328,.T.);
#5825=ADVANCED_FACE('',(#744),#329,.T.);
#5826=ADVANCED_FACE('',(#745),#330,.T.);
#5827=ADVANCED_FACE('',(#746),#331,.T.);
#5828=ADVANCED_FACE('',(#747),#332,.T.);
#5829=ADVANCED_FACE('',(#748),#333,.T.);
#5830=ADVANCED_FACE('',(#749),#334,.T.);
#5831=ADVANCED_FACE('',(#750),#535,.T.);
#5832=ADVANCED_FACE('',(#751),#335,.T.);
#5833=ADVANCED_FACE('',(#752),#336,.T.);
#5834=ADVANCED_FACE('',(#753),#337,.T.);
#5835=ADVANCED_FACE('',(#754),#338,.T.);
#5836=ADVANCED_FACE('',(#755),#339,.T.);
#5837=ADVANCED_FACE('',(#756),#340,.T.);
#5838=ADVANCED_FACE('',(#757),#341,.T.);
#5839=ADVANCED_FACE('',(#758),#342,.T.);
#5840=ADVANCED_FACE('',(#759),#343,.T.);
#5841=ADVANCED_FACE('',(#760),#344,.T.);
#5842=ADVANCED_FACE('',(#761),#345,.T.);
#5843=ADVANCED_FACE('',(#762),#346,.T.);
#5844=ADVANCED_FACE('',(#763),#347,.T.);
#5845=ADVANCED_FACE('',(#764),#536,.T.);
#5846=ADVANCED_FACE('',(#765),#348,.T.);
#5847=ADVANCED_FACE('',(#766),#349,.T.);
#5848=ADVANCED_FACE('',(#767),#350,.T.);
#5849=ADVANCED_FACE('',(#768),#351,.T.);
#5850=ADVANCED_FACE('',(#769),#352,.T.);
#5851=ADVANCED_FACE('',(#770),#353,.T.);
#5852=ADVANCED_FACE('',(#771),#537,.T.);
#5853=ADVANCED_FACE('',(#772),#354,.T.);
#5854=ADVANCED_FACE('',(#773),#355,.T.);
#5855=ADVANCED_FACE('',(#774),#356,.T.);
#5856=ADVANCED_FACE('',(#775,#487),#538,.T.);
#5857=ADVANCED_FACE('',(#776,#488),#539,.F.);
#5858=ADVANCED_FACE('',(#777),#357,.T.);
#5859=ADVANCED_FACE('',(#778),#358,.T.);
#5860=ADVANCED_FACE('',(#779),#359,.T.);
#5861=ADVANCED_FACE('',(#780),#360,.T.);
#5862=ADVANCED_FACE('',(#781),#540,.T.);
#5863=ADVANCED_FACE('',(#782),#541,.T.);
#5864=ADVANCED_FACE('',(#783),#542,.T.);
#5865=ADVANCED_FACE('',(#784),#543,.T.);
#5866=ADVANCED_FACE('',(#785),#544,.T.);
#5867=ADVANCED_FACE('',(#786),#545,.T.);
#5868=ADVANCED_FACE('',(#787),#546,.T.);
#5869=ADVANCED_FACE('',(#788),#547,.T.);
#5870=ADVANCED_FACE('',(#789),#548,.T.);
#5871=ADVANCED_FACE('',(#790),#549,.T.);
#5872=ADVANCED_FACE('',(#791),#550,.T.);
#5873=ADVANCED_FACE('',(#792),#361,.T.);
#5874=ADVANCED_FACE('',(#793),#362,.T.);
#5875=ADVANCED_FACE('',(#794),#363,.T.);
#5876=ADVANCED_FACE('',(#795),#364,.T.);
#5877=ADVANCED_FACE('',(#796),#551,.T.);
#5878=ADVANCED_FACE('',(#797),#552,.T.);
#5879=ADVANCED_FACE('',(#798),#553,.F.);
#5880=ADVANCED_FACE('',(#799),#554,.T.);
#5881=ADVANCED_FACE('',(#800),#555,.T.);
#5882=ADVANCED_FACE('',(#801),#556,.T.);
#5883=ADVANCED_FACE('',(#802),#557,.T.);
#5884=ADVANCED_FACE('',(#803),#558,.T.);
#5885=ADVANCED_FACE('',(#804),#559,.T.);
#5886=ADVANCED_FACE('',(#805),#560,.T.);
#5887=ADVANCED_FACE('',(#806),#561,.T.);
#5888=ADVANCED_FACE('',(#807),#562,.T.);
#5889=ADVANCED_FACE('',(#808),#563,.T.);
#5890=ADVANCED_FACE('',(#809),#564,.T.);
#5891=ADVANCED_FACE('',(#810),#565,.T.);
#5892=ADVANCED_FACE('',(#811),#566,.T.);
#5893=ADVANCED_FACE('',(#812),#567,.T.);
#5894=ADVANCED_FACE('',(#813),#568,.T.);
#5895=ADVANCED_FACE('',(#814),#569,.T.);
#5896=ADVANCED_FACE('',(#815),#570,.T.);
#5897=ADVANCED_FACE('',(#816),#571,.T.);
#5898=ADVANCED_FACE('',(#817),#572,.T.);
#5899=ADVANCED_FACE('',(#818),#573,.T.);
#5900=ADVANCED_FACE('',(#819),#574,.T.);
#5901=ADVANCED_FACE('',(#820),#365,.T.);
#5902=ADVANCED_FACE('',(#821),#366,.T.);
#5903=ADVANCED_FACE('',(#822),#367,.T.);
#5904=ADVANCED_FACE('',(#823),#368,.T.);
#5905=ADVANCED_FACE('',(#824),#369,.T.);
#5906=ADVANCED_FACE('',(#825),#370,.T.);
#5907=ADVANCED_FACE('',(#826),#371,.T.);
#5908=ADVANCED_FACE('',(#827),#372,.T.);
#5909=ADVANCED_FACE('',(#828),#373,.T.);
#5910=ADVANCED_FACE('',(#829),#374,.T.);
#5911=ADVANCED_FACE('',(#830),#375,.T.);
#5912=ADVANCED_FACE('',(#831),#376,.T.);
#5913=ADVANCED_FACE('',(#832),#377,.T.);
#5914=ADVANCED_FACE('',(#833),#378,.T.);
#5915=ADVANCED_FACE('',(#834),#379,.T.);
#5916=ADVANCED_FACE('',(#835),#380,.T.);
#5917=ADVANCED_FACE('',(#836),#575,.T.);
#5918=ADVANCED_FACE('',(#837),#576,.F.);
#5919=ADVANCED_FACE('',(#838),#577,.T.);
#5920=ADVANCED_FACE('',(#839),#578,.T.);
#5921=ADVANCED_FACE('',(#840),#579,.T.);
#5922=ADVANCED_FACE('',(#841),#580,.T.);
#5923=ADVANCED_FACE('',(#842),#581,.T.);
#5924=ADVANCED_FACE('',(#843),#582,.T.);
#5925=ADVANCED_FACE('',(#844),#583,.T.);
#5926=ADVANCED_FACE('',(#845),#584,.T.);
#5927=ADVANCED_FACE('',(#846),#585,.T.);
#5928=ADVANCED_FACE('',(#847),#586,.T.);
#5929=ADVANCED_FACE('',(#848),#587,.T.);
#5930=ADVANCED_FACE('',(#849),#588,.T.);
#5931=ADVANCED_FACE('',(#850),#589,.T.);
#5932=ADVANCED_FACE('',(#851),#590,.T.);
#5933=ADVANCED_FACE('',(#852),#591,.T.);
#5934=ADVANCED_FACE('',(#853),#592,.T.);
#5935=ADVANCED_FACE('',(#854),#593,.T.);
#5936=ADVANCED_FACE('',(#855),#594,.T.);
#5937=ADVANCED_FACE('',(#856),#381,.T.);
#5938=ADVANCED_FACE('',(#857),#382,.T.);
#5939=ADVANCED_FACE('',(#858),#383,.T.);
#5940=ADVANCED_FACE('',(#859),#384,.T.);
#5941=ADVANCED_FACE('',(#860),#385,.T.);
#5942=ADVANCED_FACE('',(#861),#386,.T.);
#5943=ADVANCED_FACE('',(#862),#595,.T.);
#5944=ADVANCED_FACE('',(#863),#387,.T.);
#5945=ADVANCED_FACE('',(#864),#388,.T.);
#5946=ADVANCED_FACE('',(#865),#389,.T.);
#5947=ADVANCED_FACE('',(#866),#390,.T.);
#5948=ADVANCED_FACE('',(#867),#391,.T.);
#5949=ADVANCED_FACE('',(#868),#392,.T.);
#5950=ADVANCED_FACE('',(#869),#596,.T.);
#5951=ADVANCED_FACE('',(#870),#597,.T.);
#5952=ADVANCED_FACE('',(#871),#598,.T.);
#5953=ADVANCED_FACE('',(#872),#599,.F.);
#5954=ADVANCED_FACE('',(#873),#393,.T.);
#5955=ADVANCED_FACE('',(#874),#394,.T.);
#5956=ADVANCED_FACE('',(#875),#395,.T.);
#5957=ADVANCED_FACE('',(#876),#396,.T.);
#5958=ADVANCED_FACE('',(#877),#397,.T.);
#5959=ADVANCED_FACE('',(#878),#600,.T.);
#5960=ADVANCED_FACE('',(#879),#398,.T.);
#5961=ADVANCED_FACE('',(#880),#399,.T.);
#5962=ADVANCED_FACE('',(#881),#400,.T.);
#5963=ADVANCED_FACE('',(#882),#401,.T.);
#5964=ADVANCED_FACE('',(#883),#402,.T.);
#5965=ADVANCED_FACE('',(#884),#403,.T.);
#5966=ADVANCED_FACE('',(#885),#404,.T.);
#5967=ADVANCED_FACE('',(#886),#405,.T.);
#5968=ADVANCED_FACE('',(#887),#406,.T.);
#5969=ADVANCED_FACE('',(#888),#407,.T.);
#5970=ADVANCED_FACE('',(#889),#408,.T.);
#5971=ADVANCED_FACE('',(#890),#409,.T.);
#5972=ADVANCED_FACE('',(#891),#410,.T.);
#5973=ADVANCED_FACE('',(#892),#411,.T.);
#5974=ADVANCED_FACE('',(#893),#601,.T.);
#5975=ADVANCED_FACE('',(#894),#602,.T.);
#5976=ADVANCED_FACE('',(#895),#603,.T.);
#5977=ADVANCED_FACE('',(#896),#604,.T.);
#5978=ADVANCED_FACE('',(#897),#412,.T.);
#5979=ADVANCED_FACE('',(#898),#413,.T.);
#5980=ADVANCED_FACE('',(#899),#414,.T.);
#5981=ADVANCED_FACE('',(#900),#415,.T.);
#5982=ADVANCED_FACE('',(#901),#416,.T.);
#5983=ADVANCED_FACE('',(#902),#417,.T.);
#5984=ADVANCED_FACE('',(#903),#418,.T.);
#5985=ADVANCED_FACE('',(#904,#489),#605,.T.);
#5986=ADVANCED_FACE('',(#905,#490),#606,.F.);
#5987=ADVANCED_FACE('',(#906),#419,.T.);
#5988=ADVANCED_FACE('',(#907),#420,.T.);
#5989=ADVANCED_FACE('',(#908),#421,.T.);
#5990=ADVANCED_FACE('',(#909),#607,.T.);
#5991=ADVANCED_FACE('',(#910),#422,.T.);
#5992=ADVANCED_FACE('',(#911),#423,.T.);
#5993=ADVANCED_FACE('',(#912),#424,.T.);
#5994=ADVANCED_FACE('',(#913),#425,.T.);
#5995=ADVANCED_FACE('',(#914),#426,.T.);
#5996=ADVANCED_FACE('',(#915),#427,.T.);
#5997=ADVANCED_FACE('',(#916),#428,.T.);
#5998=ADVANCED_FACE('',(#917),#429,.T.);
#5999=ADVANCED_FACE('',(#918),#430,.T.);
#6000=ADVANCED_FACE('',(#919),#431,.T.);
#6001=ADVANCED_FACE('',(#920),#608,.T.);
#6002=ADVANCED_FACE('',(#921),#609,.T.);
#6003=ADVANCED_FACE('',(#922),#610,.T.);
#6004=ADVANCED_FACE('',(#923),#611,.T.);
#6005=ADVANCED_FACE('',(#924),#612,.T.);
#6006=ADVANCED_FACE('',(#925),#432,.T.);
#6007=ADVANCED_FACE('',(#926),#433,.T.);
#6008=ADVANCED_FACE('',(#927),#434,.T.);
#6009=ADVANCED_FACE('',(#928),#435,.T.);
#6010=ADVANCED_FACE('',(#929),#436,.T.);
#6011=ADVANCED_FACE('',(#930),#437,.T.);
#6012=ADVANCED_FACE('',(#931),#438,.T.);
#6013=ADVANCED_FACE('',(#932,#491),#613,.T.);
#6014=ADVANCED_FACE('',(#933,#492),#614,.F.);
#6015=ADVANCED_FACE('',(#934),#615,.T.);
#6016=ADVANCED_FACE('',(#935),#616,.T.);
#6017=ADVANCED_FACE('',(#936),#617,.T.);
#6018=ADVANCED_FACE('',(#937),#618,.T.);
#6019=ADVANCED_FACE('',(#938),#619,.T.);
#6020=ADVANCED_FACE('',(#939),#620,.T.);
#6021=ADVANCED_FACE('',(#940),#621,.T.);
#6022=ADVANCED_FACE('',(#941),#622,.T.);
#6023=ADVANCED_FACE('',(#942),#623,.T.);
#6024=ADVANCED_FACE('',(#943),#624,.T.);
#6025=ADVANCED_FACE('',(#944),#625,.T.);
#6026=ADVANCED_FACE('',(#945),#626,.T.);
#6027=ADVANCED_FACE('',(#946),#627,.T.);
#6028=ADVANCED_FACE('',(#947),#628,.T.);
#6029=ADVANCED_FACE('',(#948),#629,.T.);
#6030=ADVANCED_FACE('',(#949),#630,.T.);
#6031=ADVANCED_FACE('',(#950),#631,.T.);
#6032=ADVANCED_FACE('',(#951),#632,.T.);
#6033=ADVANCED_FACE('',(#952),#633,.T.);
#6034=ADVANCED_FACE('',(#953),#634,.T.);
#6035=ADVANCED_FACE('',(#954),#635,.T.);
#6036=CLOSED_SHELL('',(#5717,#5718,#5719,#5720,#5721,#5722,#5723,#5724,
#5725,#5726,#5727,#5728,#5729,#5730,#5731,#5732,#5733,#5734,#5735,#5736,
#5737,#5738,#5739,#5740,#5741,#5742,#5743,#5744,#5745,#5746,#5747,#5748,
#5749,#5750,#5751,#5752,#5753,#5754,#5755,#5756,#5757,#5758,#5759,#5760,
#5761,#5762,#5763,#5764,#5765,#5766,#5767,#5768,#5769,#5770,#5771,#5772,
#5773,#5774,#5775,#5776,#5777,#5778,#5779));
#6037=CLOSED_SHELL('',(#5780,#5781,#5782));
#6038=CLOSED_SHELL('',(#5783,#5784,#5785,#5786,#5787,#5788,#5789,#5790,
#5791,#5792,#5793,#5794,#5795,#5796,#5797,#5798,#5799,#5800,#5801,#5802,
#5803,#5804,#5805,#5806,#5807,#5808,#5809,#5810,#5811,#5812,#5813,#5814,
#5815,#5816,#5817,#5818,#5819,#5820,#5821,#5822));
#6039=CLOSED_SHELL('',(#5823,#5824,#5825,#5826,#5827,#5828,#5829,#5830,
#5831,#5832,#5833,#5834,#5835,#5836,#5837,#5838,#5839,#5840,#5841,#5842,
#5843,#5844,#5845,#5846,#5847,#5848,#5849,#5850,#5851,#5852,#5853,#5854,
#5855,#5856,#5857));
#6040=CLOSED_SHELL('',(#5858,#5859,#5860,#5861,#5862,#5863,#5864,#5865,
#5866,#5867,#5868,#5869,#5870,#5871,#5872,#5873,#5874,#5875,#5876,#5877,
#5878,#5879));
#6041=CLOSED_SHELL('',(#5880,#5881,#5882,#5883,#5884,#5885,#5886,#5887,
#5888,#5889,#5890,#5891,#5892,#5893,#5894,#5895,#5896,#5897,#5898,#5899,
#5900));
#6042=CLOSED_SHELL('',(#5901,#5902,#5903,#5904,#5905,#5906,#5907,#5908,
#5909,#5910,#5911,#5912,#5913,#5914,#5915,#5916,#5917,#5918));
#6043=CLOSED_SHELL('',(#5919,#5920,#5921,#5922,#5923,#5924,#5925,#5926,
#5927,#5928,#5929,#5930));
#6044=CLOSED_SHELL('',(#5931,#5932,#5933,#5934,#5935,#5936,#5937,#5938,
#5939,#5940,#5941,#5942,#5943,#5944,#5945,#5946,#5947,#5948,#5949,#5950,
#5951,#5952,#5953));
#6045=CLOSED_SHELL('',(#5954,#5955,#5956,#5957,#5958,#5959,#5960,#5961,
#5962,#5963,#5964,#5965,#5966,#5967,#5968,#5969,#5970,#5971,#5972,#5973,
#5974,#5975,#5976,#5977,#5978,#5979,#5980,#5981,#5982,#5983,#5984,#5985,
#5986));
#6046=CLOSED_SHELL('',(#5987,#5988,#5989,#5990,#5991,#5992,#5993,#5994,
#5995,#5996,#5997,#5998,#5999,#6000,#6001,#6002,#6003,#6004,#6005,#6006,
#6007,#6008,#6009,#6010,#6011,#6012,#6013,#6014));
#6047=CLOSED_SHELL('',(#6015,#6016,#6017,#6018,#6019,#6020,#6021,#6022,
#6023,#6024,#6025,#6026,#6027,#6028,#6029,#6030,#6031,#6032,#6033,#6034,
#6035));
#6048=DERIVED_UNIT_ELEMENT(#6050,1.);
#6049=DERIVED_UNIT_ELEMENT(#11545,-3.);
#6050=(
MASS_UNIT()
NAMED_UNIT(*)
SI_UNIT(.KILO.,.GRAM.)
);
#6051=DERIVED_UNIT((#6048,#6049));
#6052=MEASURE_REPRESENTATION_ITEM('density measure',
POSITIVE_RATIO_MEASURE(7850.),#6051);
#6053=PROPERTY_DEFINITION_REPRESENTATION(#6058,#6055);
#6054=PROPERTY_DEFINITION_REPRESENTATION(#6059,#6056);
#6055=REPRESENTATION('material name',(#6057),#11542);
#6056=REPRESENTATION('density',(#6052),#11542);
#6057=DESCRIPTIVE_REPRESENTATION_ITEM('Steel','Steel');
#6058=PROPERTY_DEFINITION('material property','material name',#11552);
#6059=PROPERTY_DEFINITION('material property','density of part',#11552);
#6060=AXIS2_PLACEMENT_3D('',#7331,#6306,#6307);
#6061=AXIS2_PLACEMENT_3D('',#7332,#6308,#6309);
#6062=AXIS2_PLACEMENT_3D('',#7335,#6310,#6311);
#6063=AXIS2_PLACEMENT_3D('',#7339,#6313,#6314);
#6064=AXIS2_PLACEMENT_3D('',#7341,#6316,#6317);
#6065=AXIS2_PLACEMENT_3D('',#7347,#6321,#6322);
#6066=AXIS2_PLACEMENT_3D('',#7351,#6324,#6325);
#6067=AXIS2_PLACEMENT_3D('',#7355,#6327,#6328);
#6068=AXIS2_PLACEMENT_3D('',#7358,#6330,#6331);
#6069=AXIS2_PLACEMENT_3D('',#7360,#6332,#6333);
#6070=AXIS2_PLACEMENT_3D('',#7362,#6334,#6335);
#6071=AXIS2_PLACEMENT_3D('',#7365,#6336,#6337);
#6072=AXIS2_PLACEMENT_3D('',#7369,#6339,#6340);
#6073=AXIS2_PLACEMENT_3D('',#7373,#6342,#6343);
#6074=AXIS2_PLACEMENT_3D('',#7377,#6345,#6346);
#6075=AXIS2_PLACEMENT_3D('',#7380,#6348,#6349);
#6076=AXIS2_PLACEMENT_3D('',#7382,#6350,#6351);
#6077=AXIS2_PLACEMENT_3D('',#7385,#6352,#6353);
#6078=AXIS2_PLACEMENT_3D('',#7389,#6355,#6356);
#6079=AXIS2_PLACEMENT_3D('',#7393,#6358,#6359);
#6080=AXIS2_PLACEMENT_3D('',#7397,#6361,#6362);
#6081=AXIS2_PLACEMENT_3D('',#7401,#6364,#6365);
#6082=AXIS2_PLACEMENT_3D('',#7405,#6367,#6368);
#6083=AXIS2_PLACEMENT_3D('',#7409,#6370,#6371);
#6084=AXIS2_PLACEMENT_3D('',#7413,#6373,#6374);
#6085=AXIS2_PLACEMENT_3D('',#7416,#6376,#6377);
#6086=AXIS2_PLACEMENT_3D('',#7419,#6378,#6379);
#6087=AXIS2_PLACEMENT_3D('',#7423,#6381,#6382);
#6088=AXIS2_PLACEMENT_3D('',#7427,#6384,#6385);
#6089=AXIS2_PLACEMENT_3D('',#7431,#6387,#6388);
#6090=AXIS2_PLACEMENT_3D('',#7435,#6390,#6391);
#6091=AXIS2_PLACEMENT_3D('',#7439,#6393,#6394);
#6092=AXIS2_PLACEMENT_3D('',#7443,#6396,#6397);
#6093=AXIS2_PLACEMENT_3D('',#7447,#6399,#6400);
#6094=AXIS2_PLACEMENT_3D('',#7451,#6402,#6403);
#6095=AXIS2_PLACEMENT_3D('',#7455,#6405,#6406);
#6096=AXIS2_PLACEMENT_3D('',#7459,#6408,#6409);
#6097=AXIS2_PLACEMENT_3D('',#7463,#6411,#6412);
#6098=AXIS2_PLACEMENT_3D('',#7465,#6414,#6415);
#6099=AXIS2_PLACEMENT_3D('',#7468,#6417,#6418);
#6100=AXIS2_PLACEMENT_3D('',#7469,#6419,#6420);
#6101=AXIS2_PLACEMENT_3D('',#7473,#6423,#6424);
#6102=AXIS2_PLACEMENT_3D('',#7476,#6426,#6427);
#6103=AXIS2_PLACEMENT_3D('',#7477,#6428,#6429);
#6104=AXIS2_PLACEMENT_3D('',#7481,#6432,#6433);
#6105=AXIS2_PLACEMENT_3D('',#7484,#6435,#6436);
#6106=AXIS2_PLACEMENT_3D('',#7485,#6437,#6438);
#6107=AXIS2_PLACEMENT_3D('',#7491,#6442,#6443);
#6108=AXIS2_PLACEMENT_3D('',#7493,#6444,#6445);
#6109=AXIS2_PLACEMENT_3D('',#7495,#6447,#6448);
#6110=AXIS2_PLACEMENT_3D('',#7499,#6451,#6452);
#6111=AXIS2_PLACEMENT_3D('',#7501,#6453,#6454);
#6112=AXIS2_PLACEMENT_3D('',#7503,#6456,#6457);
#6113=AXIS2_PLACEMENT_3D('',#7507,#6460,#6461);
#6114=AXIS2_PLACEMENT_3D('',#7509,#6462,#6463);
#6115=AXIS2_PLACEMENT_3D('',#7511,#6465,#6466);
#6116=AXIS2_PLACEMENT_3D('',#7515,#6469,#6470);
#6117=AXIS2_PLACEMENT_3D('',#7516,#6471,#6472);
#6118=AXIS2_PLACEMENT_3D('',#7517,#6473,#6474);
#6119=AXIS2_PLACEMENT_3D('',#7523,#6478,#6479);
#6120=AXIS2_PLACEMENT_3D('',#7525,#6480,#6481);
#6121=AXIS2_PLACEMENT_3D('',#7527,#6483,#6484);
#6122=AXIS2_PLACEMENT_3D('',#7531,#6487,#6488);
#6123=AXIS2_PLACEMENT_3D('',#7533,#6489,#6490);
#6124=AXIS2_PLACEMENT_3D('',#7535,#6492,#6493);
#6125=AXIS2_PLACEMENT_3D('',#7539,#6496,#6497);
#6126=AXIS2_PLACEMENT_3D('',#7541,#6498,#6499);
#6127=AXIS2_PLACEMENT_3D('',#7543,#6501,#6502);
#6128=AXIS2_PLACEMENT_3D('',#7547,#6505,#6506);
#6129=AXIS2_PLACEMENT_3D('',#7548,#6507,#6508);
#6130=AXIS2_PLACEMENT_3D('',#7549,#6509,#6510);
#6131=AXIS2_PLACEMENT_3D('',#7555,#6514,#6515);
#6132=AXIS2_PLACEMENT_3D('',#7557,#6516,#6517);
#6133=AXIS2_PLACEMENT_3D('',#7559,#6519,#6520);
#6134=AXIS2_PLACEMENT_3D('',#7563,#6523,#6524);
#6135=AXIS2_PLACEMENT_3D('',#7565,#6525,#6526);
#6136=AXIS2_PLACEMENT_3D('',#7567,#6528,#6529);
#6137=AXIS2_PLACEMENT_3D('',#7571,#6532,#6533);
#6138=AXIS2_PLACEMENT_3D('',#7573,#6534,#6535);
#6139=AXIS2_PLACEMENT_3D('',#7575,#6537,#6538);
#6140=AXIS2_PLACEMENT_3D('',#7579,#6541,#6542);
#6141=AXIS2_PLACEMENT_3D('',#7580,#6543,#6544);
#6142=AXIS2_PLACEMENT_3D('',#7581,#6545,#6546);
#6143=AXIS2_PLACEMENT_3D('',#7584,#6548,#6549);
#6144=AXIS2_PLACEMENT_3D('',#7585,#6550,#6551);
#6145=AXIS2_PLACEMENT_3D('',#7591,#6555,#6556);
#6146=AXIS2_PLACEMENT_3D('',#7593,#6557,#6558);
#6147=AXIS2_PLACEMENT_3D('',#7595,#6560,#6561);
#6148=AXIS2_PLACEMENT_3D('',#7599,#6564,#6565);
#6149=AXIS2_PLACEMENT_3D('',#7601,#6566,#6567);
#6150=AXIS2_PLACEMENT_3D('',#7603,#6569,#6570);
#6151=AXIS2_PLACEMENT_3D('',#7607,#6573,#6574);
#6152=AXIS2_PLACEMENT_3D('',#7609,#6575,#6576);
#6153=AXIS2_PLACEMENT_3D('',#7611,#6578,#6579);
#6154=AXIS2_PLACEMENT_3D('',#7615,#6582,#6583);
#6155=AXIS2_PLACEMENT_3D('',#7616,#6584,#6585);
#6156=AXIS2_PLACEMENT_3D('',#7617,#6586,#6587);
#6157=AXIS2_PLACEMENT_3D('',#7623,#6591,#6592);
#6158=AXIS2_PLACEMENT_3D('',#7625,#6593,#6594);
#6159=AXIS2_PLACEMENT_3D('',#7627,#6596,#6597);
#6160=AXIS2_PLACEMENT_3D('',#7631,#6600,#6601);
#6161=AXIS2_PLACEMENT_3D('',#7633,#6602,#6603);
#6162=AXIS2_PLACEMENT_3D('',#7635,#6605,#6606);
#6163=AXIS2_PLACEMENT_3D('',#7639,#6609,#6610);
#6164=AXIS2_PLACEMENT_3D('',#7641,#6611,#6612);
#6165=AXIS2_PLACEMENT_3D('',#7643,#6614,#6615);
#6166=AXIS2_PLACEMENT_3D('',#7647,#6618,#6619);
#6167=AXIS2_PLACEMENT_3D('',#7648,#6620,#6621);
#6168=AXIS2_PLACEMENT_3D('',#7649,#6622,#6623);
#6169=AXIS2_PLACEMENT_3D('',#7652,#6625,#6626);
#6170=AXIS2_PLACEMENT_3D('',#7653,#6627,#6628);
#6171=AXIS2_PLACEMENT_3D('',#7656,#6630,#6631);
#6172=AXIS2_PLACEMENT_3D('',#7657,#6632,#6633);
#6173=AXIS2_PLACEMENT_3D('',#7663,#6637,#6638);
#6174=AXIS2_PLACEMENT_3D('',#7665,#6639,#6640);
#6175=AXIS2_PLACEMENT_3D('',#7667,#6642,#6643);
#6176=AXIS2_PLACEMENT_3D('',#7671,#6646,#6647);
#6177=AXIS2_PLACEMENT_3D('',#7673,#6648,#6649);
#6178=AXIS2_PLACEMENT_3D('',#7675,#6651,#6652);
#6179=AXIS2_PLACEMENT_3D('',#7679,#6655,#6656);
#6180=AXIS2_PLACEMENT_3D('',#7681,#6657,#6658);
#6181=AXIS2_PLACEMENT_3D('',#7683,#6660,#6661);
#6182=AXIS2_PLACEMENT_3D('',#7687,#6664,#6665);
#6183=AXIS2_PLACEMENT_3D('',#7688,#6666,#6667);
#6184=AXIS2_PLACEMENT_3D('',#7689,#6668,#6669);
#6185=AXIS2_PLACEMENT_3D('',#7692,#6671,#6672);
#6186=AXIS2_PLACEMENT_3D('',#7693,#6673,#6674);
#6187=AXIS2_PLACEMENT_3D('',#7696,#6676,#6677);
#6188=AXIS2_PLACEMENT_3D('',#7697,#6678,#6679);
#6189=AXIS2_PLACEMENT_3D('',#7699,#6681,#6682);
#6190=AXIS2_PLACEMENT_3D('',#7700,#6683,#6684);
#6191=AXIS2_PLACEMENT_3D('',#7702,#6685,#6686);
#6192=AXIS2_PLACEMENT_3D('',#7703,#6687,#6688);
#6193=AXIS2_PLACEMENT_3D('',#7705,#6689,#6690);
#6194=AXIS2_PLACEMENT_3D('',#7706,#6691,#6692);
#6195=AXIS2_PLACEMENT_3D('',#7941,#6705,#6706);
#6196=AXIS2_PLACEMENT_3D('',#7947,#6710,#6711);
#6197=AXIS2_PLACEMENT_3D('',#7950,#6714,#6715);
#6198=AXIS2_PLACEMENT_3D('',#8143,#6728,#6729);
#6199=AXIS2_PLACEMENT_3D('',#8241,#6737,#6738);
#6200=AXIS2_PLACEMENT_3D('',#8247,#6742,#6743);
#6201=AXIS2_PLACEMENT_3D('',#8437,#6755,#6756);
#6202=AXIS2_PLACEMENT_3D('',#8443,#6760,#6761);
#6203=AXIS2_PLACEMENT_3D('',#8446,#6764,#6765);
#6204=AXIS2_PLACEMENT_3D('',#8447,#6766,#6767);
#6205=AXIS2_PLACEMENT_3D('',#8635,#6777,#6778);
#6206=AXIS2_PLACEMENT_3D('',#8940,#6795,#6796);
#6207=AXIS2_PLACEMENT_3D('',#9084,#6806,#6807);
#6208=AXIS2_PLACEMENT_3D('',#9156,#6813,#6814);
#6209=AXIS2_PLACEMENT_3D('',#9157,#6815,#6816);
#6210=AXIS2_PLACEMENT_3D('',#9253,#6822,#6823);
#6211=AXIS2_PLACEMENT_3D('',#9259,#6827,#6828);
#6212=AXIS2_PLACEMENT_3D('',#9265,#6832,#6833);
#6213=AXIS2_PLACEMENT_3D('',#9271,#6837,#6838);
#6214=AXIS2_PLACEMENT_3D('',#9277,#6842,#6843);
#6215=AXIS2_PLACEMENT_3D('',#9283,#6847,#6848);
#6216=AXIS2_PLACEMENT_3D('',#9289,#6852,#6853);
#6217=AXIS2_PLACEMENT_3D('',#9295,#6857,#6858);
#6218=AXIS2_PLACEMENT_3D('',#9301,#6862,#6863);
#6219=AXIS2_PLACEMENT_3D('',#9307,#6867,#6868);
#6220=AXIS2_PLACEMENT_3D('',#9313,#6872,#6873);
#6221=AXIS2_PLACEMENT_3D('',#9411,#6881,#6882);
#6222=AXIS2_PLACEMENT_3D('',#9414,#6885,#6886);
#6223=AXIS2_PLACEMENT_3D('',#9415,#6887,#6888);
#6224=AXIS2_PLACEMENT_3D('',#9416,#6889,#6890);
#6225=AXIS2_PLACEMENT_3D('',#9425,#6895,#6896);
#6226=AXIS2_PLACEMENT_3D('',#9431,#6900,#6901);
#6227=AXIS2_PLACEMENT_3D('',#9437,#6905,#6906);
#6228=AXIS2_PLACEMENT_3D('',#9443,#6910,#6911);
#6229=AXIS2_PLACEMENT_3D('',#9449,#6915,#6916);
#6230=AXIS2_PLACEMENT_3D('',#9455,#6920,#6921);
#6231=AXIS2_PLACEMENT_3D('',#9461,#6925,#6926);
#6232=AXIS2_PLACEMENT_3D('',#9467,#6930,#6931);
#6233=AXIS2_PLACEMENT_3D('',#9473,#6935,#6936);
#6234=AXIS2_PLACEMENT_3D('',#9479,#6940,#6941);
#6235=AXIS2_PLACEMENT_3D('',#9485,#6945,#6946);
#6236=AXIS2_PLACEMENT_3D('',#9491,#6950,#6951);
#6237=AXIS2_PLACEMENT_3D('',#9497,#6955,#6956);
#6238=AXIS2_PLACEMENT_3D('',#9503,#6960,#6961);
#6239=AXIS2_PLACEMENT_3D('',#9509,#6965,#6966);
#6240=AXIS2_PLACEMENT_3D('',#9515,#6970,#6971);
#6241=AXIS2_PLACEMENT_3D('',#9521,#6975,#6976);
#6242=AXIS2_PLACEMENT_3D('',#9527,#6980,#6981);
#6243=AXIS2_PLACEMENT_3D('',#9530,#6984,#6985);
#6244=AXIS2_PLACEMENT_3D('',#9531,#6986,#6987);
#6245=AXIS2_PLACEMENT_3D('',#9900,#7004,#7005);
#6246=AXIS2_PLACEMENT_3D('',#9901,#7006,#7007);
#6247=AXIS2_PLACEMENT_3D('',#9902,#7008,#7009);
#6248=AXIS2_PLACEMENT_3D('',#9911,#7014,#7015);
#6249=AXIS2_PLACEMENT_3D('',#9917,#7019,#7020);
#6250=AXIS2_PLACEMENT_3D('',#9923,#7024,#7025);
#6251=AXIS2_PLACEMENT_3D('',#9929,#7029,#7030);
#6252=AXIS2_PLACEMENT_3D('',#9935,#7034,#7035);
#6253=AXIS2_PLACEMENT_3D('',#9941,#7039,#7040);
#6254=AXIS2_PLACEMENT_3D('',#9947,#7044,#7045);
#6255=AXIS2_PLACEMENT_3D('',#9953,#7049,#7050);
#6256=AXIS2_PLACEMENT_3D('',#9959,#7054,#7055);
#6257=AXIS2_PLACEMENT_3D('',#9962,#7058,#7059);
#6258=AXIS2_PLACEMENT_3D('',#9963,#7060,#7061);
#6259=AXIS2_PLACEMENT_3D('',#9964,#7062,#7063);
#6260=AXIS2_PLACEMENT_3D('',#9973,#7068,#7069);
#6261=AXIS2_PLACEMENT_3D('',#9979,#7073,#7074);
#6262=AXIS2_PLACEMENT_3D('',#9985,#7078,#7079);
#6263=AXIS2_PLACEMENT_3D('',#9991,#7083,#7084);
#6264=AXIS2_PLACEMENT_3D('',#9997,#7088,#7089);
#6265=AXIS2_PLACEMENT_3D('',#10141,#7099,#7100);
#6266=AXIS2_PLACEMENT_3D('',#10285,#7110,#7111);
#6267=AXIS2_PLACEMENT_3D('',#10291,#7115,#7116);
#6268=AXIS2_PLACEMENT_3D('',#10294,#7119,#7120);
#6269=AXIS2_PLACEMENT_3D('',#10295,#7121,#7122);
#6270=AXIS2_PLACEMENT_3D('',#10414,#7129,#7130);
#6271=AXIS2_PLACEMENT_3D('',#10742,#7148,#7149);
#6272=AXIS2_PLACEMENT_3D('',#10748,#7153,#7154);
#6273=AXIS2_PLACEMENT_3D('',#10754,#7158,#7159);
#6274=AXIS2_PLACEMENT_3D('',#10760,#7163,#7164);
#6275=AXIS2_PLACEMENT_3D('',#10924,#7174,#7175);
#6276=AXIS2_PLACEMENT_3D('',#10925,#7176,#7177);
#6277=AXIS2_PLACEMENT_3D('',#10998,#7182,#7183);
#6278=AXIS2_PLACEMENT_3D('',#11234,#7197,#7198);
#6279=AXIS2_PLACEMENT_3D('',#11240,#7202,#7203);
#6280=AXIS2_PLACEMENT_3D('',#11246,#7207,#7208);
#6281=AXIS2_PLACEMENT_3D('',#11252,#7212,#7213);
#6282=AXIS2_PLACEMENT_3D('',#11258,#7217,#7218);
#6283=AXIS2_PLACEMENT_3D('',#11422,#7228,#7229);
#6284=AXIS2_PLACEMENT_3D('',#11423,#7230,#7231);
#6285=AXIS2_PLACEMENT_3D('',#11424,#7232,#7233);
#6286=AXIS2_PLACEMENT_3D('',#11433,#7238,#7239);
#6287=AXIS2_PLACEMENT_3D('',#11439,#7243,#7244);
#6288=AXIS2_PLACEMENT_3D('',#11445,#7248,#7249);
#6289=AXIS2_PLACEMENT_3D('',#11451,#7253,#7254);
#6290=AXIS2_PLACEMENT_3D('',#11457,#7258,#7259);
#6291=AXIS2_PLACEMENT_3D('',#11463,#7263,#7264);
#6292=AXIS2_PLACEMENT_3D('',#11469,#7268,#7269);
#6293=AXIS2_PLACEMENT_3D('',#11475,#7273,#7274);
#6294=AXIS2_PLACEMENT_3D('',#11481,#7278,#7279);
#6295=AXIS2_PLACEMENT_3D('',#11487,#7283,#7284);
#6296=AXIS2_PLACEMENT_3D('',#11493,#7288,#7289);
#6297=AXIS2_PLACEMENT_3D('',#11499,#7293,#7294);
#6298=AXIS2_PLACEMENT_3D('',#11505,#7298,#7299);
#6299=AXIS2_PLACEMENT_3D('',#11511,#7303,#7304);
#6300=AXIS2_PLACEMENT_3D('',#11517,#7308,#7309);
#6301=AXIS2_PLACEMENT_3D('',#11523,#7313,#7314);
#6302=AXIS2_PLACEMENT_3D('',#11529,#7318,#7319);
#6303=AXIS2_PLACEMENT_3D('',#11535,#7323,#7324);
#6304=AXIS2_PLACEMENT_3D('',#11538,#7327,#7328);
#6305=AXIS2_PLACEMENT_3D('',#11539,#7329,#7330);
#6306=DIRECTION('axis',(0.,0.,1.));
#6307=DIRECTION('refdir',(1.,0.,0.));
#6308=DIRECTION('center_axis',(0.,0.,1.));
#6309=DIRECTION('ref_axis',(-0.707106781186547,0.707106781186547,0.));
#6310=DIRECTION('center_axis',(0.,0.,-1.));
#6311=DIRECTION('ref_axis',(-0.707106781186547,0.707106781186547,0.));
#6312=DIRECTION('',(0.,0.,-1.));
#6313=DIRECTION('center_axis',(0.,0.,1.));
#6314=DIRECTION('ref_axis',(-0.707106781186547,0.707106781186547,0.));
#6315=DIRECTION('',(0.,0.,1.));
#6316=DIRECTION('center_axis',(0.,1.,0.));
#6317=DIRECTION('ref_axis',(-1.,0.,0.));
#6318=DIRECTION('',(-1.,0.,0.));
#6319=DIRECTION('',(0.,0.,1.));
#6320=DIRECTION('',(1.,0.,0.));
#6321=DIRECTION('center_axis',(0.,0.,1.));
#6322=DIRECTION('ref_axis',(1.,0.,0.));
#6323=DIRECTION('',(0.,-1.,0.));
#6324=DIRECTION('center_axis',(0.,0.,-1.));
#6325=DIRECTION('ref_axis',(-0.707106781186547,-0.707106781186547,0.));
#6326=DIRECTION('',(1.,0.,0.));
#6327=DIRECTION('center_axis',(0.,0.,-1.));
#6328=DIRECTION('ref_axis',(0.707106781186547,-0.707106781186547,0.));
#6329=DIRECTION('',(0.,1.,0.));
#6330=DIRECTION('center_axis',(0.,0.,-1.));
#6331=DIRECTION('ref_axis',(0.707106781186547,0.707106781186547,0.));
#6332=DIRECTION('center_axis',(0.,0.,-1.));
#6333=DIRECTION('ref_axis',(1.,0.,0.));
#6334=DIRECTION('center_axis',(0.,0.,-1.));
#6335=DIRECTION('ref_axis',(1.,0.,0.));
#6336=DIRECTION('center_axis',(0.,0.,-1.));
#6337=DIRECTION('ref_axis',(0.,1.,0.));
#6338=DIRECTION('',(1.,0.,0.));
#6339=DIRECTION('center_axis',(0.,0.,-1.));
#6340=DIRECTION('ref_axis',(1.,0.,0.));
#6341=DIRECTION('',(0.,-1.,0.));
#6342=DIRECTION('center_axis',(0.,0.,-1.));
#6343=DIRECTION('ref_axis',(0.,-1.,0.));
#6344=DIRECTION('',(-1.,0.,0.));
#6345=DIRECTION('center_axis',(0.,0.,-1.));
#6346=DIRECTION('ref_axis',(-1.,0.,0.));
#6347=DIRECTION('',(0.,1.,0.));
#6348=DIRECTION('center_axis',(0.,0.,-1.));
#6349=DIRECTION('ref_axis',(1.,0.,0.));
#6350=DIRECTION('center_axis',(0.,0.,-1.));
#6351=DIRECTION('ref_axis',(1.,0.,0.));
#6352=DIRECTION('center_axis',(0.,0.,-1.));
#6353=DIRECTION('ref_axis',(0.,1.,0.));
#6354=DIRECTION('',(1.,0.,0.));
#6355=DIRECTION('center_axis',(0.,0.,-1.));
#6356=DIRECTION('ref_axis',(1.,0.,0.));
#6357=DIRECTION('',(0.,-1.,0.));
#6358=DIRECTION('center_axis',(0.,0.,-1.));
#6359=DIRECTION('ref_axis',(0.,-1.,0.));
#6360=DIRECTION('',(-1.,0.,0.));
#6361=DIRECTION('center_axis',(0.,0.,-1.));
#6362=DIRECTION('ref_axis',(-1.,0.,0.));
#6363=DIRECTION('',(0.,1.,0.));
#6364=DIRECTION('center_axis',(0.,0.,-1.));
#6365=DIRECTION('ref_axis',(0.,1.,0.));
#6366=DIRECTION('',(1.,0.,0.));
#6367=DIRECTION('center_axis',(0.,0.,-1.));
#6368=DIRECTION('ref_axis',(1.,0.,0.));
#6369=DIRECTION('',(0.,-1.,0.));
#6370=DIRECTION('center_axis',(0.,0.,-1.));
#6371=DIRECTION('ref_axis',(0.,-1.,0.));
#6372=DIRECTION('',(-1.,0.,0.));
#6373=DIRECTION('center_axis',(0.,0.,-1.));
#6374=DIRECTION('ref_axis',(-1.,0.,0.));
#6375=DIRECTION('',(0.,1.,0.));
#6376=DIRECTION('center_axis',(0.,0.,-1.));
#6377=DIRECTION('ref_axis',(1.,0.,0.));
#6378=DIRECTION('center_axis',(0.,0.,-1.));
#6379=DIRECTION('ref_axis',(0.,1.,0.));
#6380=DIRECTION('',(1.,0.,0.));
#6381=DIRECTION('center_axis',(0.,0.,-1.));
#6382=DIRECTION('ref_axis',(1.,0.,0.));
#6383=DIRECTION('',(0.,-1.,0.));
#6384=DIRECTION('center_axis',(0.,0.,-1.));
#6385=DIRECTION('ref_axis',(0.,-1.,0.));
#6386=DIRECTION('',(-1.,0.,0.));
#6387=DIRECTION('center_axis',(0.,0.,-1.));
#6388=DIRECTION('ref_axis',(-1.,0.,0.));
#6389=DIRECTION('',(0.,1.,0.));
#6390=DIRECTION('center_axis',(0.,0.,-1.));
#6391=DIRECTION('ref_axis',(0.,1.,0.));
#6392=DIRECTION('',(1.,0.,0.));
#6393=DIRECTION('center_axis',(0.,0.,-1.));
#6394=DIRECTION('ref_axis',(1.,0.,0.));
#6395=DIRECTION('',(0.,-1.,0.));
#6396=DIRECTION('center_axis',(0.,0.,-1.));
#6397=DIRECTION('ref_axis',(0.,-1.,0.));
#6398=DIRECTION('',(-1.,0.,0.));
#6399=DIRECTION('center_axis',(0.,0.,-1.));
#6400=DIRECTION('ref_axis',(-1.,0.,0.));
#6401=DIRECTION('',(0.,1.,0.));
#6402=DIRECTION('center_axis',(0.,0.,-1.));
#6403=DIRECTION('ref_axis',(0.,1.,0.));
#6404=DIRECTION('',(1.,0.,0.));
#6405=DIRECTION('center_axis',(0.,0.,-1.));
#6406=DIRECTION('ref_axis',(1.,0.,0.));
#6407=DIRECTION('',(0.,-1.,0.));
#6408=DIRECTION('center_axis',(0.,0.,-1.));
#6409=DIRECTION('ref_axis',(0.,-1.,0.));
#6410=DIRECTION('',(-1.,0.,0.));
#6411=DIRECTION('center_axis',(0.,0.,-1.));
#6412=DIRECTION('ref_axis',(-1.,0.,0.));
#6413=DIRECTION('',(0.,1.,0.));
#6414=DIRECTION('center_axis',(0.,0.,1.));
#6415=DIRECTION('ref_axis',(0.707106781186547,0.707106781186547,0.));
#6416=DIRECTION('',(0.,0.,-1.));
#6417=DIRECTION('center_axis',(0.,0.,1.));
#6418=DIRECTION('ref_axis',(0.707106781186547,0.707106781186547,0.));
#6419=DIRECTION('center_axis',(1.,0.,0.));
#6420=DIRECTION('ref_axis',(0.,1.,0.));
#6421=DIRECTION('',(0.,0.,1.));
#6422=DIRECTION('',(0.,-1.,0.));
#6423=DIRECTION('center_axis',(0.,0.,1.));
#6424=DIRECTION('ref_axis',(0.707106781186547,-0.707106781186547,0.));
#6425=DIRECTION('',(0.,0.,-1.));
#6426=DIRECTION('center_axis',(0.,0.,1.));
#6427=DIRECTION('ref_axis',(0.707106781186547,-0.707106781186547,0.));
#6428=DIRECTION('center_axis',(0.,-1.,0.));
#6429=DIRECTION('ref_axis',(1.,0.,0.));
#6430=DIRECTION('',(0.,0.,1.));
#6431=DIRECTION('',(-1.,0.,0.));
#6432=DIRECTION('center_axis',(0.,0.,1.));
#6433=DIRECTION('ref_axis',(-0.707106781186547,-0.707106781186547,0.));
#6434=DIRECTION('',(0.,0.,-1.));
#6435=DIRECTION('center_axis',(0.,0.,1.));
#6436=DIRECTION('ref_axis',(-0.707106781186547,-0.707106781186547,0.));
#6437=DIRECTION('center_axis',(1.,0.,0.));
#6438=DIRECTION('ref_axis',(0.,1.,0.));
#6439=DIRECTION('',(0.,1.,0.));
#6440=DIRECTION('',(0.,0.,1.));
#6441=DIRECTION('',(0.,0.,1.));
#6442=DIRECTION('center_axis',(0.,0.,1.));
#6443=DIRECTION('ref_axis',(-1.,0.,0.));
#6444=DIRECTION('center_axis',(0.,0.,-1.));
#6445=DIRECTION('ref_axis',(-1.,0.,0.));
#6446=DIRECTION('',(0.,0.,1.));
#6447=DIRECTION('center_axis',(0.,1.,0.));
#6448=DIRECTION('ref_axis',(-1.,0.,0.));
#6449=DIRECTION('',(-1.,0.,0.));
#6450=DIRECTION('',(0.,0.,1.));
#6451=DIRECTION('center_axis',(0.,0.,1.));
#6452=DIRECTION('ref_axis',(0.,-1.,0.));
#6453=DIRECTION('center_axis',(0.,0.,-1.));
#6454=DIRECTION('ref_axis',(0.,-1.,0.));
#6455=DIRECTION('',(0.,0.,1.));
#6456=DIRECTION('center_axis',(-1.,0.,0.));
#6457=DIRECTION('ref_axis',(0.,-1.,0.));
#6458=DIRECTION('',(0.,-1.,0.));
#6459=DIRECTION('',(0.,0.,1.));
#6460=DIRECTION('center_axis',(0.,0.,1.));
#6461=DIRECTION('ref_axis',(1.,0.,0.));
#6462=DIRECTION('center_axis',(0.,0.,-1.));
#6463=DIRECTION('ref_axis',(1.,0.,0.));
#6464=DIRECTION('',(0.,0.,1.));
#6465=DIRECTION('center_axis',(0.,-1.,0.));
#6466=DIRECTION('ref_axis',(1.,0.,0.));
#6467=DIRECTION('',(1.,0.,0.));
#6468=DIRECTION('',(0.,0.,1.));
#6469=DIRECTION('center_axis',(0.,0.,1.));
#6470=DIRECTION('ref_axis',(0.,1.,0.));
#6471=DIRECTION('center_axis',(0.,0.,-1.));
#6472=DIRECTION('ref_axis',(0.,1.,0.));
#6473=DIRECTION('center_axis',(1.,0.,0.));
#6474=DIRECTION('ref_axis',(0.,1.,0.));
#6475=DIRECTION('',(0.,1.,0.));
#6476=DIRECTION('',(0.,0.,1.));
#6477=DIRECTION('',(0.,0.,1.));
#6478=DIRECTION('center_axis',(0.,0.,1.));
#6479=DIRECTION('ref_axis',(-1.,0.,0.));
#6480=DIRECTION('center_axis',(0.,0.,-1.));
#6481=DIRECTION('ref_axis',(-1.,0.,0.));
#6482=DIRECTION('',(0.,0.,1.));
#6483=DIRECTION('center_axis',(0.,1.,0.));
#6484=DIRECTION('ref_axis',(-1.,0.,0.));
#6485=DIRECTION('',(-1.,0.,0.));
#6486=DIRECTION('',(0.,0.,1.));
#6487=DIRECTION('center_axis',(0.,0.,1.));
#6488=DIRECTION('ref_axis',(0.,-1.,0.));
#6489=DIRECTION('center_axis',(0.,0.,-1.));
#6490=DIRECTION('ref_axis',(0.,-1.,0.));
#6491=DIRECTION('',(0.,0.,1.));
#6492=DIRECTION('center_axis',(-1.,0.,0.));
#6493=DIRECTION('ref_axis',(0.,-1.,0.));
#6494=DIRECTION('',(0.,-1.,0.));
#6495=DIRECTION('',(0.,0.,1.));
#6496=DIRECTION('center_axis',(0.,0.,1.));
#6497=DIRECTION('ref_axis',(1.,0.,0.));
#6498=DIRECTION('center_axis',(0.,0.,-1.));
#6499=DIRECTION('ref_axis',(1.,0.,0.));
#6500=DIRECTION('',(0.,0.,1.));
#6501=DIRECTION('center_axis',(0.,-1.,0.));
#6502=DIRECTION('ref_axis',(1.,0.,0.));
#6503=DIRECTION('',(1.,0.,0.));
#6504=DIRECTION('',(0.,0.,1.));
#6505=DIRECTION('center_axis',(0.,0.,1.));
#6506=DIRECTION('ref_axis',(0.,1.,0.));
#6507=DIRECTION('center_axis',(0.,0.,-1.));
#6508=DIRECTION('ref_axis',(0.,1.,0.));
#6509=DIRECTION('center_axis',(1.,0.,0.));
#6510=DIRECTION('ref_axis',(0.,1.,0.));
#6511=DIRECTION('',(0.,1.,0.));
#6512=DIRECTION('',(0.,0.,1.));
#6513=DIRECTION('',(0.,0.,1.));
#6514=DIRECTION('center_axis',(0.,0.,1.));
#6515=DIRECTION('ref_axis',(-1.,0.,0.));
#6516=DIRECTION('center_axis',(0.,0.,-1.));
#6517=DIRECTION('ref_axis',(-1.,0.,0.));
#6518=DIRECTION('',(0.,0.,1.));
#6519=DIRECTION('center_axis',(0.,1.,0.));
#6520=DIRECTION('ref_axis',(-1.,0.,0.));
#6521=DIRECTION('',(-1.,0.,0.));
#6522=DIRECTION('',(0.,0.,1.));
#6523=DIRECTION('center_axis',(0.,0.,1.));
#6524=DIRECTION('ref_axis',(0.,-1.,0.));
#6525=DIRECTION('center_axis',(0.,0.,-1.));
#6526=DIRECTION('ref_axis',(0.,-1.,0.));
#6527=DIRECTION('',(0.,0.,1.));
#6528=DIRECTION('center_axis',(-1.,0.,0.));
#6529=DIRECTION('ref_axis',(0.,-1.,0.));
#6530=DIRECTION('',(0.,-1.,0.));
#6531=DIRECTION('',(0.,0.,1.));
#6532=DIRECTION('center_axis',(0.,0.,1.));
#6533=DIRECTION('ref_axis',(1.,0.,0.));
#6534=DIRECTION('center_axis',(0.,0.,-1.));
#6535=DIRECTION('ref_axis',(1.,0.,0.));
#6536=DIRECTION('',(0.,0.,1.));
#6537=DIRECTION('center_axis',(0.,-1.,0.));
#6538=DIRECTION('ref_axis',(1.,0.,0.));
#6539=DIRECTION('',(1.,0.,0.));
#6540=DIRECTION('',(0.,0.,1.));
#6541=DIRECTION('center_axis',(0.,0.,1.));
#6542=DIRECTION('ref_axis',(0.,1.,0.));
#6543=DIRECTION('center_axis',(0.,0.,-1.));
#6544=DIRECTION('ref_axis',(0.,1.,0.));
#6545=DIRECTION('center_axis',(0.,0.,1.));
#6546=DIRECTION('ref_axis',(1.,0.,0.));
#6547=DIRECTION('',(0.,0.,-1.));
#6548=DIRECTION('center_axis',(0.,0.,1.));
#6549=DIRECTION('ref_axis',(1.,0.,0.));
#6550=DIRECTION('center_axis',(1.,0.,0.));
#6551=DIRECTION('ref_axis',(0.,1.,0.));
#6552=DIRECTION('',(0.,1.,0.));
#6553=DIRECTION('',(0.,0.,1.));
#6554=DIRECTION('',(0.,0.,1.));
#6555=DIRECTION('center_axis',(0.,0.,1.));
#6556=DIRECTION('ref_axis',(-1.,0.,0.));
#6557=DIRECTION('center_axis',(0.,0.,-1.));
#6558=DIRECTION('ref_axis',(-1.,0.,0.));
#6559=DIRECTION('',(0.,0.,1.));
#6560=DIRECTION('center_axis',(0.,1.,0.));
#6561=DIRECTION('ref_axis',(-1.,0.,0.));
#6562=DIRECTION('',(-1.,0.,0.));
#6563=DIRECTION('',(0.,0.,1.));
#6564=DIRECTION('center_axis',(0.,0.,1.));
#6565=DIRECTION('ref_axis',(0.,-1.,0.));
#6566=DIRECTION('center_axis',(0.,0.,-1.));
#6567=DIRECTION('ref_axis',(0.,-1.,0.));
#6568=DIRECTION('',(0.,0.,1.));
#6569=DIRECTION('center_axis',(-1.,0.,0.));
#6570=DIRECTION('ref_axis',(0.,-1.,0.));
#6571=DIRECTION('',(0.,-1.,0.));
#6572=DIRECTION('',(0.,0.,1.));
#6573=DIRECTION('center_axis',(0.,0.,1.));
#6574=DIRECTION('ref_axis',(1.,0.,0.));
#6575=DIRECTION('center_axis',(0.,0.,-1.));
#6576=DIRECTION('ref_axis',(1.,0.,0.));
#6577=DIRECTION('',(0.,0.,1.));
#6578=DIRECTION('center_axis',(0.,-1.,0.));
#6579=DIRECTION('ref_axis',(1.,0.,0.));
#6580=DIRECTION('',(1.,0.,0.));
#6581=DIRECTION('',(0.,0.,1.));
#6582=DIRECTION('center_axis',(0.,0.,1.));
#6583=DIRECTION('ref_axis',(0.,1.,0.));
#6584=DIRECTION('center_axis',(0.,0.,-1.));
#6585=DIRECTION('ref_axis',(0.,1.,0.));
#6586=DIRECTION('center_axis',(1.,0.,0.));
#6587=DIRECTION('ref_axis',(0.,1.,0.));
#6588=DIRECTION('',(0.,1.,0.));
#6589=DIRECTION('',(0.,0.,1.));
#6590=DIRECTION('',(0.,0.,1.));
#6591=DIRECTION('center_axis',(0.,0.,1.));
#6592=DIRECTION('ref_axis',(-1.,0.,0.));
#6593=DIRECTION('center_axis',(0.,0.,-1.));
#6594=DIRECTION('ref_axis',(-1.,0.,0.));
#6595=DIRECTION('',(0.,0.,1.));
#6596=DIRECTION('center_axis',(0.,1.,0.));
#6597=DIRECTION('ref_axis',(-1.,0.,0.));
#6598=DIRECTION('',(-1.,0.,0.));
#6599=DIRECTION('',(0.,0.,1.));
#6600=DIRECTION('center_axis',(0.,0.,1.));
#6601=DIRECTION('ref_axis',(0.,-1.,0.));
#6602=DIRECTION('center_axis',(0.,0.,-1.));
#6603=DIRECTION('ref_axis',(0.,-1.,0.));
#6604=DIRECTION('',(0.,0.,1.));
#6605=DIRECTION('center_axis',(-1.,0.,0.));
#6606=DIRECTION('ref_axis',(0.,-1.,0.));
#6607=DIRECTION('',(0.,-1.,0.));
#6608=DIRECTION('',(0.,0.,1.));
#6609=DIRECTION('center_axis',(0.,0.,1.));
#6610=DIRECTION('ref_axis',(1.,0.,0.));
#6611=DIRECTION('center_axis',(0.,0.,-1.));
#6612=DIRECTION('ref_axis',(1.,0.,0.));
#6613=DIRECTION('',(0.,0.,1.));
#6614=DIRECTION('center_axis',(0.,-1.,0.));
#6615=DIRECTION('ref_axis',(1.,0.,0.));
#6616=DIRECTION('',(1.,0.,0.));
#6617=DIRECTION('',(0.,0.,1.));
#6618=DIRECTION('center_axis',(0.,0.,1.));
#6619=DIRECTION('ref_axis',(0.,1.,0.));
#6620=DIRECTION('center_axis',(0.,0.,-1.));
#6621=DIRECTION('ref_axis',(0.,1.,0.));
#6622=DIRECTION('center_axis',(0.,0.,1.));
#6623=DIRECTION('ref_axis',(1.,0.,0.));
#6624=DIRECTION('',(0.,0.,-1.));
#6625=DIRECTION('center_axis',(0.,0.,-1.));
#6626=DIRECTION('ref_axis',(1.,0.,0.));
#6627=DIRECTION('center_axis',(0.,0.,1.));
#6628=DIRECTION('ref_axis',(1.,0.,0.));
#6629=DIRECTION('',(0.,0.,-1.));
#6630=DIRECTION('center_axis',(0.,0.,-1.));
#6631=DIRECTION('ref_axis',(1.,0.,0.));
#6632=DIRECTION('center_axis',(1.,0.,0.));
#6633=DIRECTION('ref_axis',(0.,1.,0.));
#6634=DIRECTION('',(0.,1.,0.));
#6635=DIRECTION('',(0.,0.,1.));
#6636=DIRECTION('',(0.,0.,1.));
#6637=DIRECTION('center_axis',(0.,0.,1.));
#6638=DIRECTION('ref_axis',(-1.,0.,0.));
#6639=DIRECTION('center_axis',(0.,0.,-1.));
#6640=DIRECTION('ref_axis',(-1.,0.,0.));
#6641=DIRECTION('',(0.,0.,1.));
#6642=DIRECTION('center_axis',(0.,1.,0.));
#6643=DIRECTION('ref_axis',(-1.,0.,0.));
#6644=DIRECTION('',(-1.,0.,0.));
#6645=DIRECTION('',(0.,0.,1.));
#6646=DIRECTION('center_axis',(0.,0.,1.));
#6647=DIRECTION('ref_axis',(0.,-1.,0.));
#6648=DIRECTION('center_axis',(0.,0.,-1.));
#6649=DIRECTION('ref_axis',(0.,-1.,0.));
#6650=DIRECTION('',(0.,0.,1.));
#6651=DIRECTION('center_axis',(-1.,0.,0.));
#6652=DIRECTION('ref_axis',(0.,-1.,0.));
#6653=DIRECTION('',(0.,-1.,0.));
#6654=DIRECTION('',(0.,0.,1.));
#6655=DIRECTION('center_axis',(0.,0.,1.));
#6656=DIRECTION('ref_axis',(1.,0.,0.));
#6657=DIRECTION('center_axis',(0.,0.,-1.));
#6658=DIRECTION('ref_axis',(1.,0.,0.));
#6659=DIRECTION('',(0.,0.,1.));
#6660=DIRECTION('center_axis',(0.,-1.,0.));
#6661=DIRECTION('ref_axis',(1.,0.,0.));
#6662=DIRECTION('',(1.,0.,0.));
#6663=DIRECTION('',(0.,0.,1.));
#6664=DIRECTION('center_axis',(0.,0.,1.));
#6665=DIRECTION('ref_axis',(0.,1.,0.));
#6666=DIRECTION('center_axis',(0.,0.,-1.));
#6667=DIRECTION('ref_axis',(0.,1.,0.));
#6668=DIRECTION('center_axis',(0.,0.,1.));
#6669=DIRECTION('ref_axis',(1.,0.,0.));
#6670=DIRECTION('',(0.,0.,-1.));
#6671=DIRECTION('center_axis',(0.,0.,-1.));
#6672=DIRECTION('ref_axis',(1.,0.,0.));
#6673=DIRECTION('center_axis',(0.,0.,1.));
#6674=DIRECTION('ref_axis',(1.,0.,0.));
#6675=DIRECTION('',(0.,0.,-1.));
#6676=DIRECTION('center_axis',(0.,0.,-1.));
#6677=DIRECTION('ref_axis',(1.,0.,0.));
#6678=DIRECTION('center_axis',(-1.,0.,0.));
#6679=DIRECTION('ref_axis',(0.,-1.,0.));
#6680=DIRECTION('',(0.,1.,0.));
#6681=DIRECTION('center_axis',(0.,0.,1.));
#6682=DIRECTION('ref_axis',(1.,0.,0.));
#6683=DIRECTION('center_axis',(0.,0.,1.));
#6684=DIRECTION('ref_axis',(1.,0.,0.));
#6685=DIRECTION('center_axis',(0.,0.,-1.));
#6686=DIRECTION('ref_axis',(1.,0.,0.));
#6687=DIRECTION('center_axis',(0.,0.,1.));
#6688=DIRECTION('ref_axis',(1.,0.,0.));
#6689=DIRECTION('center_axis',(0.,0.,1.));
#6690=DIRECTION('ref_axis',(1.,0.,0.));
#6691=DIRECTION('center_axis',(0.,0.,-1.));
#6692=DIRECTION('ref_axis',(1.,0.,0.));
#6693=DIRECTION('',(0.,0.,1.));
#6694=DIRECTION('',(0.,0.,1.));
#6695=DIRECTION('',(0.,0.,1.));
#6696=DIRECTION('',(0.,0.,1.));
#6697=DIRECTION('',(0.,0.,1.));
#6698=DIRECTION('',(0.,0.,1.));
#6699=DIRECTION('',(0.,0.,1.));
#6700=DIRECTION('',(0.,0.,1.));
#6701=DIRECTION('',(0.,0.,1.));
#6702=DIRECTION('',(0.,0.,1.));
#6703=DIRECTION('',(0.,0.,1.));
#6704=DIRECTION('',(0.,0.,1.));
#6705=DIRECTION('center_axis',(0.,-1.,0.));
#6706=DIRECTION('ref_axis',(1.,0.,0.));
#6707=DIRECTION('',(1.,0.,0.));
#6708=DIRECTION('',(1.,0.,0.));
#6709=DIRECTION('',(0.,0.,1.));
#6710=DIRECTION('center_axis',(1.,0.,0.));
#6711=DIRECTION('ref_axis',(0.,1.,0.));
#6712=DIRECTION('',(0.,1.,0.));
#6713=DIRECTION('',(0.,1.,0.));
#6714=DIRECTION('center_axis',(-1.,0.,0.));
#6715=DIRECTION('ref_axis',(0.,-1.,0.));
#6716=DIRECTION('',(0.,-1.,0.));
#6717=DIRECTION('',(0.,0.,1.));
#6718=DIRECTION('',(0.,-1.,0.));
#6719=DIRECTION('',(0.,0.,1.));
#6720=DIRECTION('',(0.,0.,1.));
#6721=DIRECTION('',(0.,0.,1.));
#6722=DIRECTION('',(0.,0.,1.));
#6723=DIRECTION('',(0.,0.,1.));
#6724=DIRECTION('',(0.,0.,1.));
#6725=DIRECTION('',(0.,0.,1.));
#6726=DIRECTION('',(0.,0.,1.));
#6727=DIRECTION('',(0.,0.,1.));
#6728=DIRECTION('center_axis',(1.,0.,0.));
#6729=DIRECTION('ref_axis',(0.,1.,0.));
#6730=DIRECTION('',(0.,1.,0.));
#6731=DIRECTION('',(0.,1.,0.));
#6732=DIRECTION('',(0.,0.,1.));
#6733=DIRECTION('',(0.,0.,1.));
#6734=DIRECTION('',(0.,0.,1.));
#6735=DIRECTION('',(0.,0.,1.));
#6736=DIRECTION('',(0.,0.,1.));
#6737=DIRECTION('center_axis',(1.,0.,0.));
#6738=DIRECTION('ref_axis',(0.,1.,0.));
#6739=DIRECTION('',(0.,1.,0.));
#6740=DIRECTION('',(0.,1.,0.));
#6741=DIRECTION('',(0.,0.,1.));
#6742=DIRECTION('center_axis',(0.,1.,0.));
#6743=DIRECTION('ref_axis',(-1.,0.,0.));
#6744=DIRECTION('',(-1.,0.,0.));
#6745=DIRECTION('',(-1.,0.,0.));
#6746=DIRECTION('',(0.,0.,1.));
#6747=DIRECTION('',(0.,0.,1.));
#6748=DIRECTION('',(0.,0.,1.));
#6749=DIRECTION('',(0.,0.,1.));
#6750=DIRECTION('',(0.,0.,1.));
#6751=DIRECTION('',(0.,0.,1.));
#6752=DIRECTION('',(0.,0.,1.));
#6753=DIRECTION('',(0.,0.,1.));
#6754=DIRECTION('',(0.,0.,1.));
#6755=DIRECTION('center_axis',(0.999561300664795,-0.0296176672495289,0.));
#6756=DIRECTION('ref_axis',(0.0296176672495289,0.999561300664795,0.));
#6757=DIRECTION('',(0.0296176672495289,0.999561300664795,0.));
#6758=DIRECTION('',(0.0296176672495289,0.999561300664795,0.));
#6759=DIRECTION('',(0.,0.,1.));
#6760=DIRECTION('center_axis',(0.,-1.,0.));
#6761=DIRECTION('ref_axis',(1.,0.,0.));
#6762=DIRECTION('',(1.,0.,0.));
#6763=DIRECTION('',(1.,0.,0.));
#6764=DIRECTION('center_axis',(0.,0.,-1.));
#6765=DIRECTION('ref_axis',(-1.,0.,0.));
#6766=DIRECTION('center_axis',(0.,0.,-1.));
#6767=DIRECTION('ref_axis',(-1.,0.,0.));
#6768=DIRECTION('',(0.,0.,1.));
#6769=DIRECTION('',(0.,0.,1.));
#6770=DIRECTION('',(0.,0.,1.));
#6771=DIRECTION('',(0.,0.,1.));
#6772=DIRECTION('',(0.,0.,1.));
#6773=DIRECTION('',(0.,0.,1.));
#6774=DIRECTION('',(0.,0.,1.));
#6775=DIRECTION('',(0.,0.,1.));
#6776=DIRECTION('',(0.,0.,1.));
#6777=DIRECTION('center_axis',(0.,1.,0.));
#6778=DIRECTION('ref_axis',(-1.,0.,0.));
#6779=DIRECTION('',(-1.,0.,0.));
#6780=DIRECTION('',(-1.,0.,0.));
#6781=DIRECTION('',(0.,0.,1.));
#6782=DIRECTION('',(0.,0.,1.));
#6783=DIRECTION('',(0.,0.,1.));
#6784=DIRECTION('',(0.,0.,1.));
#6785=DIRECTION('',(0.,0.,1.));
#6786=DIRECTION('',(0.,0.,1.));
#6787=DIRECTION('',(0.,0.,1.));
#6788=DIRECTION('',(0.,0.,1.));
#6789=DIRECTION('',(0.,0.,1.));
#6790=DIRECTION('',(0.,0.,1.));
#6791=DIRECTION('',(0.,0.,1.));
#6792=DIRECTION('',(0.,0.,1.));
#6793=DIRECTION('',(0.,0.,1.));
#6794=DIRECTION('',(0.,0.,1.));
#6795=DIRECTION('center_axis',(-1.,0.,0.));
#6796=DIRECTION('ref_axis',(0.,-1.,0.));
#6797=DIRECTION('',(0.,-1.,0.));
#6798=DIRECTION('',(0.,-1.,0.));
#6799=DIRECTION('',(0.,0.,1.));
#6800=DIRECTION('',(0.,0.,1.));
#6801=DIRECTION('',(0.,0.,1.));
#6802=DIRECTION('',(0.,0.,1.));
#6803=DIRECTION('',(0.,0.,1.));
#6804=DIRECTION('',(0.,0.,1.));
#6805=DIRECTION('',(0.,0.,1.));
#6806=DIRECTION('center_axis',(0.,-1.,0.));
#6807=DIRECTION('ref_axis',(1.,0.,0.));
#6808=DIRECTION('',(1.,0.,0.));
#6809=DIRECTION('',(1.,0.,0.));
#6810=DIRECTION('',(0.,0.,1.));
#6811=DIRECTION('',(0.,0.,1.));
#6812=DIRECTION('',(0.,0.,1.));
#6813=DIRECTION('center_axis',(0.,0.,-1.));
#6814=DIRECTION('ref_axis',(-1.,0.,0.));
#6815=DIRECTION('center_axis',(0.,0.,-1.));
#6816=DIRECTION('ref_axis',(-1.,0.,0.));
#6817=DIRECTION('',(0.,0.,1.));
#6818=DIRECTION('',(0.,0.,1.));
#6819=DIRECTION('',(0.,0.,1.));
#6820=DIRECTION('',(0.,0.,1.));
#6821=DIRECTION('',(0.,0.,1.));
#6822=DIRECTION('center_axis',(-1.,0.,0.));
#6823=DIRECTION('ref_axis',(0.,-1.,0.));
#6824=DIRECTION('',(0.,-1.,0.));
#6825=DIRECTION('',(0.,-1.,0.));
#6826=DIRECTION('',(0.,0.,1.));
#6827=DIRECTION('center_axis',(0.,-1.,0.));
#6828=DIRECTION('ref_axis',(1.,0.,0.));
#6829=DIRECTION('',(1.,0.,0.));
#6830=DIRECTION('',(1.,0.,0.));
#6831=DIRECTION('',(0.,0.,1.));
#6832=DIRECTION('center_axis',(-1.,0.,0.));
#6833=DIRECTION('ref_axis',(0.,-1.,0.));
#6834=DIRECTION('',(0.,-1.,0.));
#6835=DIRECTION('',(0.,-1.,0.));
#6836=DIRECTION('',(0.,0.,1.));
#6837=DIRECTION('center_axis',(0.,1.,0.));
#6838=DIRECTION('ref_axis',(-1.,0.,0.));
#6839=DIRECTION('',(-1.,0.,0.));
#6840=DIRECTION('',(-1.,0.,0.));
#6841=DIRECTION('',(0.,0.,1.));
#6842=DIRECTION('center_axis',(-1.,0.,0.));
#6843=DIRECTION('ref_axis',(0.,-1.,0.));
#6844=DIRECTION('',(0.,-1.,0.));
#6845=DIRECTION('',(0.,-1.,0.));
#6846=DIRECTION('',(0.,0.,1.));
#6847=DIRECTION('center_axis',(0.25038296206655,0.968146875379341,0.));
#6848=DIRECTION('ref_axis',(-0.968146875379341,0.25038296206655,0.));
#6849=DIRECTION('',(-0.968146875379341,0.25038296206655,0.));
#6850=DIRECTION('',(-0.968146875379341,0.25038296206655,0.));
#6851=DIRECTION('',(0.,0.,1.));
#6852=DIRECTION('center_axis',(1.,0.,0.));
#6853=DIRECTION('ref_axis',(0.,1.,0.));
#6854=DIRECTION('',(0.,1.,0.));
#6855=DIRECTION('',(0.,1.,0.));
#6856=DIRECTION('',(0.,0.,1.));
#6857=DIRECTION('center_axis',(0.,1.,0.));
#6858=DIRECTION('ref_axis',(-1.,0.,0.));
#6859=DIRECTION('',(-1.,0.,0.));
#6860=DIRECTION('',(-1.,0.,0.));
#6861=DIRECTION('',(0.,0.,1.));
#6862=DIRECTION('center_axis',(1.,0.,0.));
#6863=DIRECTION('ref_axis',(0.,1.,0.));
#6864=DIRECTION('',(0.,1.,0.));
#6865=DIRECTION('',(0.,1.,0.));
#6866=DIRECTION('',(0.,0.,1.));
#6867=DIRECTION('center_axis',(0.,-1.,0.));
#6868=DIRECTION('ref_axis',(1.,0.,0.));
#6869=DIRECTION('',(1.,0.,0.));
#6870=DIRECTION('',(1.,0.,0.));
#6871=DIRECTION('',(0.,0.,1.));
#6872=DIRECTION('center_axis',(1.,0.,0.));
#6873=DIRECTION('ref_axis',(0.,1.,0.));
#6874=DIRECTION('',(0.,1.,0.));
#6875=DIRECTION('',(0.,1.,0.));
#6876=DIRECTION('',(0.,0.,1.));
#6877=DIRECTION('',(0.,0.,1.));
#6878=DIRECTION('',(0.,0.,1.));
#6879=DIRECTION('',(0.,0.,1.));
#6880=DIRECTION('',(0.,0.,1.));
#6881=DIRECTION('center_axis',(-1.,0.,0.));
#6882=DIRECTION('ref_axis',(0.,-1.,0.));
#6883=DIRECTION('',(0.,-1.,0.));
#6884=DIRECTION('',(0.,-1.,0.));
#6885=DIRECTION('center_axis',(0.,0.,-1.));
#6886=DIRECTION('ref_axis',(-1.,0.,0.));
#6887=DIRECTION('center_axis',(0.,0.,-1.));
#6888=DIRECTION('ref_axis',(-1.,0.,0.));
#6889=DIRECTION('center_axis',(0.,1.,0.));
#6890=DIRECTION('ref_axis',(-1.,0.,0.));
#6891=DIRECTION('',(-1.,0.,0.));
#6892=DIRECTION('',(0.,0.,1.));
#6893=DIRECTION('',(-1.,0.,0.));
#6894=DIRECTION('',(0.,0.,1.));
#6895=DIRECTION('center_axis',(0.936016052621905,0.351957311664507,0.));
#6896=DIRECTION('ref_axis',(-0.351957311664507,0.936016052621905,0.));
#6897=DIRECTION('',(-0.351957311664507,0.936016052621905,0.));
#6898=DIRECTION('',(-0.351957311664507,0.936016052621905,0.));
#6899=DIRECTION('',(0.,0.,1.));
#6900=DIRECTION('center_axis',(0.949254077193987,0.314510249325189,0.));
#6901=DIRECTION('ref_axis',(-0.314510249325189,0.949254077193987,0.));
#6902=DIRECTION('',(-0.314510249325189,0.949254077193987,0.));
#6903=DIRECTION('',(-0.314510249325189,0.949254077193987,0.));
#6904=DIRECTION('',(0.,0.,1.));
#6905=DIRECTION('center_axis',(-0.945795548381336,0.324762652812862,0.));
#6906=DIRECTION('ref_axis',(-0.324762652812862,-0.945795548381336,0.));
#6907=DIRECTION('',(-0.324762652812862,-0.945795548381336,0.));
#6908=DIRECTION('',(-0.324762652812862,-0.945795548381336,0.));
#6909=DIRECTION('',(0.,0.,1.));
#6910=DIRECTION('center_axis',(-0.941568678680923,0.336821055349959,0.));
#6911=DIRECTION('ref_axis',(-0.336821055349959,-0.941568678680923,0.));
#6912=DIRECTION('',(-0.336821055349959,-0.941568678680923,0.));
#6913=DIRECTION('',(-0.336821055349959,-0.941568678680923,0.));
#6914=DIRECTION('',(0.,0.,1.));
#6915=DIRECTION('center_axis',(0.,1.,0.));
#6916=DIRECTION('ref_axis',(-1.,0.,0.));
#6917=DIRECTION('',(-1.,0.,0.));
#6918=DIRECTION('',(-1.,0.,0.));
#6919=DIRECTION('',(0.,0.,1.));
#6920=DIRECTION('center_axis',(0.9988032679883,0.0489084027125435,0.));
#6921=DIRECTION('ref_axis',(-0.0489084027125435,0.9988032679883,0.));
#6922=DIRECTION('',(-0.0489084027125434,0.9988032679883,0.));
#6923=DIRECTION('',(-0.0489084027125434,0.9988032679883,0.));
#6924=DIRECTION('',(0.,0.,1.));
#6925=DIRECTION('center_axis',(0.,-1.,0.));
#6926=DIRECTION('ref_axis',(1.,0.,0.));
#6927=DIRECTION('',(1.,0.,0.));
#6928=DIRECTION('',(1.,0.,0.));
#6929=DIRECTION('',(0.,0.,1.));
#6930=DIRECTION('center_axis',(-0.999587999049663,-0.028702476476635,0.));
#6931=DIRECTION('ref_axis',(0.028702476476635,-0.999587999049663,0.));
#6932=DIRECTION('',(0.028702476476635,-0.999587999049663,0.));
#6933=DIRECTION('',(0.028702476476635,-0.999587999049663,0.));
#6934=DIRECTION('',(0.,0.,1.));
#6935=DIRECTION('center_axis',(-0.999925209056372,-0.0122301387388255,0.));
#6936=DIRECTION('ref_axis',(0.0122301387388255,-0.999925209056372,0.));
#6937=DIRECTION('',(0.0122301387388255,-0.999925209056372,0.));
#6938=DIRECTION('',(0.0122301387388255,-0.999925209056372,0.));
#6939=DIRECTION('',(0.,0.,1.));
#6940=DIRECTION('center_axis',(0.957302170699828,-0.28908917996597,0.));
#6941=DIRECTION('ref_axis',(0.28908917996597,0.957302170699828,0.));
#6942=DIRECTION('',(0.28908917996597,0.957302170699828,0.));
#6943=DIRECTION('',(0.28908917996597,0.957302170699828,0.));
#6944=DIRECTION('',(0.,0.,1.));
#6945=DIRECTION('center_axis',(0.938471403412317,-0.345356952988231,0.));
#6946=DIRECTION('ref_axis',(0.345356952988231,0.938471403412317,0.));
#6947=DIRECTION('',(0.345356952988231,0.938471403412317,0.));
#6948=DIRECTION('',(0.345356952988231,0.938471403412317,0.));
#6949=DIRECTION('',(0.,0.,1.));
#6950=DIRECTION('center_axis',(0.,-1.,0.));
#6951=DIRECTION('ref_axis',(1.,0.,0.));
#6952=DIRECTION('',(1.,0.,0.));
#6953=DIRECTION('',(1.,0.,0.));
#6954=DIRECTION('',(0.,0.,1.));
#6955=DIRECTION('center_axis',(-0.9375093803272,-0.347960000285248,0.));
#6956=DIRECTION('ref_axis',(0.347960000285248,-0.9375093803272,0.));
#6957=DIRECTION('',(0.347960000285248,-0.9375093803272,0.));
#6958=DIRECTION('',(0.347960000285248,-0.9375093803272,0.));
#6959=DIRECTION('',(0.,0.,1.));
#6960=DIRECTION('center_axis',(-0.948160082196522,-0.317793106484525,0.));
#6961=DIRECTION('ref_axis',(0.317793106484525,-0.948160082196522,0.));
#6962=DIRECTION('',(0.317793106484525,-0.948160082196522,0.));
#6963=DIRECTION('',(0.317793106484525,-0.948160082196522,0.));
#6964=DIRECTION('',(0.,0.,1.));
#6965=DIRECTION('center_axis',(0.999383035511675,-0.0351219067174776,0.));
#6966=DIRECTION('ref_axis',(0.0351219067174776,0.999383035511675,0.));
#6967=DIRECTION('',(0.0351219067174776,0.999383035511675,0.));
#6968=DIRECTION('',(0.0351219067174776,0.999383035511675,0.));
#6969=DIRECTION('',(0.,0.,1.));
#6970=DIRECTION('center_axis',(0.999491546431109,-0.0318849276735976,0.));
#6971=DIRECTION('ref_axis',(0.0318849276735976,0.999491546431109,0.));
#6972=DIRECTION('',(0.0318849276735976,0.999491546431109,0.));
#6973=DIRECTION('',(0.0318849276735976,0.999491546431109,0.));
#6974=DIRECTION('',(0.,0.,1.));
#6975=DIRECTION('center_axis',(0.,-1.,0.));
#6976=DIRECTION('ref_axis',(1.,0.,0.));
#6977=DIRECTION('',(1.,0.,0.));
#6978=DIRECTION('',(1.,0.,0.));
#6979=DIRECTION('',(0.,0.,1.));
#6980=DIRECTION('center_axis',(-0.998840319460541,0.0481457809155047,0.));
#6981=DIRECTION('ref_axis',(-0.0481457809155047,-0.998840319460541,0.));
#6982=DIRECTION('',(-0.0481457809155047,-0.998840319460541,0.));
#6983=DIRECTION('',(-0.0481457809155047,-0.998840319460541,0.));
#6984=DIRECTION('center_axis',(0.,0.,-1.));
#6985=DIRECTION('ref_axis',(-1.,0.,0.));
#6986=DIRECTION('center_axis',(0.,0.,1.));
#6987=DIRECTION('ref_axis',(1.,0.,0.));
#6988=DIRECTION('',(0.,0.,1.));
#6989=DIRECTION('',(0.,0.,1.));
#6990=DIRECTION('',(0.,0.,1.));
#6991=DIRECTION('',(0.,0.,1.));
#6992=DIRECTION('',(0.,0.,1.));
#6993=DIRECTION('',(0.,0.,1.));
#6994=DIRECTION('',(0.,0.,1.));
#6995=DIRECTION('',(0.,0.,1.));
#6996=DIRECTION('',(0.,0.,1.));
#6997=DIRECTION('',(0.,0.,1.));
#6998=DIRECTION('',(0.,0.,1.));
#6999=DIRECTION('',(0.,0.,1.));
#7000=DIRECTION('',(0.,0.,1.));
#7001=DIRECTION('',(0.,0.,1.));
#7002=DIRECTION('',(0.,0.,1.));
#7003=DIRECTION('',(0.,0.,1.));
#7004=DIRECTION('center_axis',(0.,0.,-1.));
#7005=DIRECTION('ref_axis',(-1.,0.,0.));
#7006=DIRECTION('center_axis',(0.,0.,-1.));
#7007=DIRECTION('ref_axis',(-1.,0.,0.));
#7008=DIRECTION('center_axis',(0.,1.,0.));
#7009=DIRECTION('ref_axis',(-1.,0.,0.));
#7010=DIRECTION('',(-1.,0.,0.));
#7011=DIRECTION('',(0.,0.,1.));
#7012=DIRECTION('',(-1.,0.,0.));
#7013=DIRECTION('',(0.,0.,1.));
#7014=DIRECTION('center_axis',(1.,0.,0.));
#7015=DIRECTION('ref_axis',(0.,1.,0.));
#7016=DIRECTION('',(0.,1.,0.));
#7017=DIRECTION('',(0.,1.,0.));
#7018=DIRECTION('',(0.,0.,1.));
#7019=DIRECTION('center_axis',(0.,-1.,0.));
#7020=DIRECTION('ref_axis',(1.,0.,0.));
#7021=DIRECTION('',(1.,0.,0.));
#7022=DIRECTION('',(1.,0.,0.));
#7023=DIRECTION('',(0.,0.,1.));
#7024=DIRECTION('center_axis',(-1.,0.,0.));
#7025=DIRECTION('ref_axis',(0.,-1.,0.));
#7026=DIRECTION('',(0.,-1.,0.));
#7027=DIRECTION('',(0.,-1.,0.));
#7028=DIRECTION('',(0.,0.,1.));
#7029=DIRECTION('center_axis',(0.,1.,0.));
#7030=DIRECTION('ref_axis',(-1.,0.,0.));
#7031=DIRECTION('',(-1.,0.,0.));
#7032=DIRECTION('',(-1.,0.,0.));
#7033=DIRECTION('',(0.,0.,1.));
#7034=DIRECTION('center_axis',(-1.,0.,0.));
#7035=DIRECTION('ref_axis',(0.,-1.,0.));
#7036=DIRECTION('',(0.,-1.,0.));
#7037=DIRECTION('',(0.,-1.,0.));
#7038=DIRECTION('',(0.,0.,1.));
#7039=DIRECTION('center_axis',(0.,1.,0.));
#7040=DIRECTION('ref_axis',(-1.,0.,0.));
#7041=DIRECTION('',(-1.,0.,0.));
#7042=DIRECTION('',(-1.,0.,0.));
#7043=DIRECTION('',(0.,0.,1.));
#7044=DIRECTION('center_axis',(1.,0.,0.));
#7045=DIRECTION('ref_axis',(0.,1.,0.));
#7046=DIRECTION('',(0.,1.,0.));
#7047=DIRECTION('',(0.,1.,0.));
#7048=DIRECTION('',(0.,0.,1.));
#7049=DIRECTION('center_axis',(0.,-1.,0.));
#7050=DIRECTION('ref_axis',(1.,0.,0.));
#7051=DIRECTION('',(1.,0.,0.));
#7052=DIRECTION('',(1.,0.,0.));
#7053=DIRECTION('',(0.,0.,1.));
#7054=DIRECTION('center_axis',(1.,0.,0.));
#7055=DIRECTION('ref_axis',(0.,1.,0.));
#7056=DIRECTION('',(0.,1.,0.));
#7057=DIRECTION('',(0.,1.,0.));
#7058=DIRECTION('center_axis',(0.,0.,-1.));
#7059=DIRECTION('ref_axis',(-1.,0.,0.));
#7060=DIRECTION('center_axis',(0.,0.,1.));
#7061=DIRECTION('ref_axis',(1.,0.,0.));
#7062=DIRECTION('center_axis',(0.9420641124912,0.335432866541381,0.));
#7063=DIRECTION('ref_axis',(-0.335432866541381,0.9420641124912,0.));
#7064=DIRECTION('',(-0.335432866541381,0.9420641124912,0.));
#7065=DIRECTION('',(0.,0.,1.));
#7066=DIRECTION('',(-0.335432866541381,0.9420641124912,0.));
#7067=DIRECTION('',(0.,0.,1.));
#7068=DIRECTION('center_axis',(0.940136560143784,0.340797958152646,0.));
#7069=DIRECTION('ref_axis',(-0.340797958152646,0.940136560143784,0.));
#7070=DIRECTION('',(-0.340797958152646,0.940136560143784,0.));
#7071=DIRECTION('',(-0.340797958152646,0.940136560143784,0.));
#7072=DIRECTION('',(0.,0.,1.));
#7073=DIRECTION('center_axis',(-0.950495122974076,0.310739474805658,0.));
#7074=DIRECTION('ref_axis',(-0.310739474805658,-0.950495122974076,0.));
#7075=DIRECTION('',(-0.310739474805658,-0.950495122974076,0.));
#7076=DIRECTION('',(-0.310739474805658,-0.950495122974076,0.));
#7077=DIRECTION('',(0.,0.,1.));
#7078=DIRECTION('center_axis',(-0.933996744897052,0.35728151438566,0.));
#7079=DIRECTION('ref_axis',(-0.35728151438566,-0.933996744897052,0.));
#7080=DIRECTION('',(-0.35728151438566,-0.933996744897052,0.));
#7081=DIRECTION('',(-0.35728151438566,-0.933996744897052,0.));
#7082=DIRECTION('',(0.,0.,1.));
#7083=DIRECTION('center_axis',(0.,1.,0.));
#7084=DIRECTION('ref_axis',(-1.,0.,0.));
#7085=DIRECTION('',(-1.,0.,0.));
#7086=DIRECTION('',(-1.,0.,0.));
#7087=DIRECTION('',(0.,0.,1.));
#7088=DIRECTION('center_axis',(0.928668167208506,-0.370911627228905,0.));
#7089=DIRECTION('ref_axis',(0.370911627228905,0.928668167208506,0.));
#7090=DIRECTION('',(0.370911627228905,0.928668167208506,0.));
#7091=DIRECTION('',(0.370911627228905,0.928668167208506,0.));
#7092=DIRECTION('',(0.,0.,1.));
#7093=DIRECTION('',(0.,0.,1.));
#7094=DIRECTION('',(0.,0.,1.));
#7095=DIRECTION('',(0.,0.,1.));
#7096=DIRECTION('',(0.,0.,1.));
#7097=DIRECTION('',(0.,0.,1.));
#7098=DIRECTION('',(0.,0.,1.));
#7099=DIRECTION('center_axis',(1.,0.,0.));
#7100=DIRECTION('ref_axis',(0.,1.,0.));
#7101=DIRECTION('',(0.,1.,0.));
#7102=DIRECTION('',(0.,1.,0.));
#7103=DIRECTION('',(0.,0.,1.));
#7104=DIRECTION('',(0.,0.,1.));
#7105=DIRECTION('',(0.,0.,1.));
#7106=DIRECTION('',(0.,0.,1.));
#7107=DIRECTION('',(0.,0.,1.));
#7108=DIRECTION('',(0.,0.,1.));
#7109=DIRECTION('',(0.,0.,1.));
#7110=DIRECTION('center_axis',(-0.934520686094731,-0.355908818745804,0.));
#7111=DIRECTION('ref_axis',(0.355908818745804,-0.934520686094731,0.));
#7112=DIRECTION('',(0.355908818745804,-0.934520686094731,0.));
#7113=DIRECTION('',(0.355908818745804,-0.934520686094731,0.));
#7114=DIRECTION('',(0.,0.,1.));
#7115=DIRECTION('center_axis',(0.,1.,0.));
#7116=DIRECTION('ref_axis',(-1.,0.,0.));
#7117=DIRECTION('',(-1.,0.,0.));
#7118=DIRECTION('',(-1.,0.,0.));
#7119=DIRECTION('center_axis',(0.,0.,-1.));
#7120=DIRECTION('ref_axis',(-1.,0.,0.));
#7121=DIRECTION('center_axis',(0.,0.,-1.));
#7122=DIRECTION('ref_axis',(-1.,0.,0.));
#7123=DIRECTION('',(0.,0.,1.));
#7124=DIRECTION('',(0.,0.,1.));
#7125=DIRECTION('',(0.,0.,1.));
#7126=DIRECTION('',(0.,0.,1.));
#7127=DIRECTION('',(0.,0.,1.));
#7128=DIRECTION('',(0.,0.,1.));
#7129=DIRECTION('center_axis',(-1.,0.,0.));
#7130=DIRECTION('ref_axis',(0.,-1.,0.));
#7131=DIRECTION('',(0.,-1.,0.));
#7132=DIRECTION('',(0.,-1.,0.));
#7133=DIRECTION('',(0.,0.,1.));
#7134=DIRECTION('',(0.,0.,1.));
#7135=DIRECTION('',(0.,0.,1.));
#7136=DIRECTION('',(0.,0.,1.));
#7137=DIRECTION('',(0.,0.,1.));
#7138=DIRECTION('',(0.,0.,1.));
#7139=DIRECTION('',(0.,0.,1.));
#7140=DIRECTION('',(0.,0.,1.));
#7141=DIRECTION('',(0.,0.,1.));
#7142=DIRECTION('',(0.,0.,1.));
#7143=DIRECTION('',(0.,0.,1.));
#7144=DIRECTION('',(0.,0.,1.));
#7145=DIRECTION('',(0.,0.,1.));
#7146=DIRECTION('',(0.,0.,1.));
#7147=DIRECTION('',(0.,0.,1.));
#7148=DIRECTION('center_axis',(-0.999076345011987,-0.0429704181674956,0.));
#7149=DIRECTION('ref_axis',(0.0429704181674956,-0.999076345011987,0.));
#7150=DIRECTION('',(0.0429704181674956,-0.999076345011987,0.));
#7151=DIRECTION('',(0.0429704181674956,-0.999076345011987,0.));
#7152=DIRECTION('',(0.,0.,1.));
#7153=DIRECTION('center_axis',(-1.,0.,0.));
#7154=DIRECTION('ref_axis',(0.,-1.,0.));
#7155=DIRECTION('',(0.,-1.,0.));
#7156=DIRECTION('',(0.,-1.,0.));
#7157=DIRECTION('',(0.,0.,1.));
#7158=DIRECTION('center_axis',(0.,1.,0.));
#7159=DIRECTION('ref_axis',(-1.,0.,0.));
#7160=DIRECTION('',(-1.,0.,0.));
#7161=DIRECTION('',(-1.,0.,0.));
#7162=DIRECTION('',(0.,0.,1.));
#7163=DIRECTION('center_axis',(1.,0.,0.));
#7164=DIRECTION('ref_axis',(0.,1.,0.));
#7165=DIRECTION('',(0.,1.,0.));
#7166=DIRECTION('',(0.,1.,0.));
#7167=DIRECTION('',(0.,0.,1.));
#7168=DIRECTION('',(0.,0.,1.));
#7169=DIRECTION('',(0.,0.,1.));
#7170=DIRECTION('',(0.,0.,1.));
#7171=DIRECTION('',(0.,0.,1.));
#7172=DIRECTION('',(0.,0.,1.));
#7173=DIRECTION('',(0.,0.,1.));
#7174=DIRECTION('center_axis',(0.,0.,-1.));
#7175=DIRECTION('ref_axis',(-1.,0.,0.));
#7176=DIRECTION('center_axis',(0.,0.,-1.));
#7177=DIRECTION('ref_axis',(-1.,0.,0.));
#7178=DIRECTION('',(0.,0.,1.));
#7179=DIRECTION('',(0.,0.,1.));
#7180=DIRECTION('',(0.,0.,1.));
#7181=DIRECTION('',(0.,0.,1.));
#7182=DIRECTION('center_axis',(1.,0.,0.));
#7183=DIRECTION('ref_axis',(0.,1.,0.));
#7184=DIRECTION('',(0.,1.,0.));
#7185=DIRECTION('',(0.,1.,0.));
#7186=DIRECTION('',(0.,0.,1.));
#7187=DIRECTION('',(0.,0.,1.));
#7188=DIRECTION('',(0.,0.,1.));
#7189=DIRECTION('',(0.,0.,1.));
#7190=DIRECTION('',(0.,0.,1.));
#7191=DIRECTION('',(0.,0.,1.));
#7192=DIRECTION('',(0.,0.,1.));
#7193=DIRECTION('',(0.,0.,1.));
#7194=DIRECTION('',(0.,0.,1.));
#7195=DIRECTION('',(0.,0.,1.));
#7196=DIRECTION('',(0.,0.,1.));
#7197=DIRECTION('center_axis',(0.999501739625117,-0.0315637844113237,0.));
#7198=DIRECTION('ref_axis',(0.0315637844113237,0.999501739625117,0.));
#7199=DIRECTION('',(0.0315637844113237,0.999501739625117,0.));
#7200=DIRECTION('',(0.0315637844113237,0.999501739625117,0.));
#7201=DIRECTION('',(0.,0.,1.));
#7202=DIRECTION('center_axis',(0.,-1.,0.));
#7203=DIRECTION('ref_axis',(1.,0.,0.));
#7204=DIRECTION('',(1.,0.,0.));
#7205=DIRECTION('',(1.,0.,0.));
#7206=DIRECTION('',(0.,0.,1.));
#7207=DIRECTION('center_axis',(-1.,0.,0.));
#7208=DIRECTION('ref_axis',(0.,-1.,0.));
#7209=DIRECTION('',(0.,-1.,0.));
#7210=DIRECTION('',(0.,-1.,0.));
#7211=DIRECTION('',(0.,0.,1.));
#7212=DIRECTION('center_axis',(0.,1.,0.));
#7213=DIRECTION('ref_axis',(-1.,0.,0.));
#7214=DIRECTION('',(-1.,0.,0.));
#7215=DIRECTION('',(-1.,0.,0.));
#7216=DIRECTION('',(0.,0.,1.));
#7217=DIRECTION('center_axis',(1.,0.,0.));
#7218=DIRECTION('ref_axis',(0.,1.,0.));
#7219=DIRECTION('',(0.,1.,0.));
#7220=DIRECTION('',(0.,1.,0.));
#7221=DIRECTION('',(0.,0.,1.));
#7222=DIRECTION('',(0.,0.,1.));
#7223=DIRECTION('',(0.,0.,1.));
#7224=DIRECTION('',(0.,0.,1.));
#7225=DIRECTION('',(0.,0.,1.));
#7226=DIRECTION('',(0.,0.,1.));
#7227=DIRECTION('',(0.,0.,1.));
#7228=DIRECTION('center_axis',(0.,0.,-1.));
#7229=DIRECTION('ref_axis',(-1.,0.,0.));
#7230=DIRECTION('center_axis',(0.,0.,-1.));
#7231=DIRECTION('ref_axis',(-1.,0.,0.));
#7232=DIRECTION('center_axis',(0.,1.,0.));
#7233=DIRECTION('ref_axis',(-1.,0.,0.));
#7234=DIRECTION('',(-1.,0.,0.));
#7235=DIRECTION('',(0.,0.,1.));
#7236=DIRECTION('',(-1.,0.,0.));
#7237=DIRECTION('',(0.,0.,1.));
#7238=DIRECTION('center_axis',(0.936016052621905,0.351957311664507,0.));
#7239=DIRECTION('ref_axis',(-0.351957311664507,0.936016052621905,0.));
#7240=DIRECTION('',(-0.351957311664507,0.936016052621905,0.));
#7241=DIRECTION('',(-0.351957311664507,0.936016052621905,0.));
#7242=DIRECTION('',(0.,0.,1.));
#7243=DIRECTION('center_axis',(0.949253578447954,0.314511754635268,0.));
#7244=DIRECTION('ref_axis',(-0.314511754635268,0.949253578447954,0.));
#7245=DIRECTION('',(-0.314511754635268,0.949253578447953,0.));
#7246=DIRECTION('',(-0.314511754635268,0.949253578447953,0.));
#7247=DIRECTION('',(0.,0.,1.));
#7248=DIRECTION('center_axis',(-0.945795974428452,0.324761412047267,0.));
#7249=DIRECTION('ref_axis',(-0.324761412047267,-0.945795974428452,0.));
#7250=DIRECTION('',(-0.324761412047267,-0.945795974428452,0.));
#7251=DIRECTION('',(-0.324761412047267,-0.945795974428452,0.));
#7252=DIRECTION('',(0.,0.,1.));
#7253=DIRECTION('center_axis',(-0.941568590027552,0.336821303176518,0.));
#7254=DIRECTION('ref_axis',(-0.336821303176518,-0.941568590027552,0.));
#7255=DIRECTION('',(-0.336821303176518,-0.941568590027552,0.));
#7256=DIRECTION('',(-0.336821303176518,-0.941568590027552,0.));
#7257=DIRECTION('',(0.,0.,1.));
#7258=DIRECTION('center_axis',(0.,1.,0.));
#7259=DIRECTION('ref_axis',(-1.,0.,0.));
#7260=DIRECTION('',(-1.,0.,0.));
#7261=DIRECTION('',(-1.,0.,0.));
#7262=DIRECTION('',(0.,0.,1.));
#7263=DIRECTION('center_axis',(0.998803262989835,0.048908504790665,0.));
#7264=DIRECTION('ref_axis',(-0.048908504790665,0.998803262989835,0.));
#7265=DIRECTION('',(-0.048908504790665,0.998803262989835,0.));
#7266=DIRECTION('',(-0.048908504790665,0.998803262989835,0.));
#7267=DIRECTION('',(0.,0.,1.));
#7268=DIRECTION('center_axis',(0.,-1.,0.));
#7269=DIRECTION('ref_axis',(1.,0.,0.));
#7270=DIRECTION('',(1.,0.,0.));
#7271=DIRECTION('',(1.,0.,0.));
#7272=DIRECTION('',(0.,0.,1.));
#7273=DIRECTION('center_axis',(-0.999588004279455,-0.0287022943441071,0.));
#7274=DIRECTION('ref_axis',(0.0287022943441071,-0.999588004279455,0.));
#7275=DIRECTION('',(0.0287022943441071,-0.999588004279455,0.));
#7276=DIRECTION('',(0.0287022943441071,-0.999588004279455,0.));
#7277=DIRECTION('',(0.,0.,1.));
#7278=DIRECTION('center_axis',(-0.999925192668569,-0.0122314785175299,0.));
#7279=DIRECTION('ref_axis',(0.0122314785175299,-0.999925192668569,0.));
#7280=DIRECTION('',(0.0122314785175299,-0.999925192668569,0.));
#7281=DIRECTION('',(0.0122314785175299,-0.999925192668569,0.));
#7282=DIRECTION('',(0.,0.,1.));
#7283=DIRECTION('center_axis',(0.957302936991352,-0.289086642423568,0.));
#7284=DIRECTION('ref_axis',(0.289086642423568,0.957302936991352,0.));
#7285=DIRECTION('',(0.289086642423568,0.957302936991352,0.));
#7286=DIRECTION('',(0.289086642423568,0.957302936991352,0.));
#7287=DIRECTION('',(0.,0.,1.));
#7288=DIRECTION('center_axis',(0.938471255315355,-0.345357355425974,0.));
#7289=DIRECTION('ref_axis',(0.345357355425974,0.938471255315355,0.));
#7290=DIRECTION('',(0.345357355425974,0.938471255315355,0.));
#7291=DIRECTION('',(0.345357355425974,0.938471255315355,0.));
#7292=DIRECTION('',(0.,0.,1.));
#7293=DIRECTION('center_axis',(0.,-1.,0.));
#7294=DIRECTION('ref_axis',(1.,0.,0.));
#7295=DIRECTION('',(1.,0.,0.));
#7296=DIRECTION('',(1.,0.,0.));
#7297=DIRECTION('',(0.,0.,1.));
#7298=DIRECTION('center_axis',(-0.93750932305512,-0.347960154593498,0.));
#7299=DIRECTION('ref_axis',(0.347960154593498,-0.93750932305512,0.));
#7300=DIRECTION('',(0.347960154593498,-0.93750932305512,0.));
#7301=DIRECTION('',(0.347960154593498,-0.93750932305512,0.));
#7302=DIRECTION('',(0.,0.,1.));
#7303=DIRECTION('center_axis',(-0.948160999371133,-0.317790370010694,0.));
#7304=DIRECTION('ref_axis',(0.317790370010694,-0.948160999371133,0.));
#7305=DIRECTION('',(0.317790370010694,-0.948160999371133,0.));
#7306=DIRECTION('',(0.317790370010694,-0.948160999371133,0.));
#7307=DIRECTION('',(0.,0.,1.));
#7308=DIRECTION('center_axis',(0.999383035511675,-0.0351219067174776,0.));
#7309=DIRECTION('ref_axis',(0.0351219067174776,0.999383035511675,0.));
#7310=DIRECTION('',(0.0351219067174776,0.999383035511675,0.));
#7311=DIRECTION('',(0.0351219067174776,0.999383035511675,0.));
#7312=DIRECTION('',(0.,0.,1.));
#7313=DIRECTION('center_axis',(0.999491523595749,-0.0318856434818049,0.));
#7314=DIRECTION('ref_axis',(0.0318856434818049,0.999491523595749,0.));
#7315=DIRECTION('',(0.0318856434818049,0.999491523595749,0.));
#7316=DIRECTION('',(0.0318856434818049,0.999491523595749,0.));
#7317=DIRECTION('',(0.,0.,1.));
#7318=DIRECTION('center_axis',(0.,-1.,0.));
#7319=DIRECTION('ref_axis',(1.,0.,0.));
#7320=DIRECTION('',(1.,0.,0.));
#7321=DIRECTION('',(1.,0.,0.));
#7322=DIRECTION('',(0.,0.,1.));
#7323=DIRECTION('center_axis',(-0.998840301566347,0.0481461521499775,0.));
#7324=DIRECTION('ref_axis',(-0.0481461521499775,-0.998840301566347,0.));
#7325=DIRECTION('',(-0.0481461521499774,-0.998840301566347,0.));
#7326=DIRECTION('',(-0.0481461521499774,-0.998840301566347,0.));
#7327=DIRECTION('center_axis',(0.,0.,-1.));
#7328=DIRECTION('ref_axis',(-1.,0.,0.));
#7329=DIRECTION('center_axis',(0.,0.,1.));
#7330=DIRECTION('ref_axis',(1.,0.,0.));
#7331=CARTESIAN_POINT('',(0.,0.,0.));
#7332=CARTESIAN_POINT('Origin',(-26.375,5.085,0.));
#7333=CARTESIAN_POINT('',(-31.375,5.085,1.5));
#7334=CARTESIAN_POINT('',(-26.375,10.085,1.5));
#7335=CARTESIAN_POINT('Origin',(-26.375,5.085,1.5));
#7336=CARTESIAN_POINT('',(-26.375,10.085,0.));
#7337=CARTESIAN_POINT('',(-26.375,10.085,0.));
#7338=CARTESIAN_POINT('',(-31.375,5.085,0.));
#7339=CARTESIAN_POINT('Origin',(-26.375,5.085,0.));
#7340=CARTESIAN_POINT('',(-31.375,5.085,0.));
#7341=CARTESIAN_POINT('Origin',(84.625,10.085,0.));
#7342=CARTESIAN_POINT('',(79.625,10.085,1.5));
#7343=CARTESIAN_POINT('',(-31.375,10.085,1.5));
#7344=CARTESIAN_POINT('',(79.625,10.085,0.));
#7345=CARTESIAN_POINT('',(79.625,10.085,0.));
#7346=CARTESIAN_POINT('',(-31.375,10.085,0.));
#7347=CARTESIAN_POINT('Origin',(26.625,-18.915,1.5));
#7348=CARTESIAN_POINT('',(-31.375,-42.915,1.5));
#7349=CARTESIAN_POINT('',(-31.375,-47.915,1.5));
#7350=CARTESIAN_POINT('',(-26.375,-47.915,1.5));
#7351=CARTESIAN_POINT('Origin',(-26.375,-42.915,1.5));
#7352=CARTESIAN_POINT('',(79.625,-47.915,1.5));
#7353=CARTESIAN_POINT('',(84.625,-47.915,1.5));
#7354=CARTESIAN_POINT('',(84.625,-42.915,1.5));
#7355=CARTESIAN_POINT('Origin',(79.625,-42.915,1.5));
#7356=CARTESIAN_POINT('',(84.625,5.085,1.5));
#7357=CARTESIAN_POINT('',(84.625,10.085,1.5));
#7358=CARTESIAN_POINT('Origin',(79.625,5.085,1.5));
#7359=CARTESIAN_POINT('',(-28.075,5.085,1.5));
#7360=CARTESIAN_POINT('Origin',(-26.375,5.085,1.5));
#7361=CARTESIAN_POINT('',(-28.075,-42.915,1.5));
#7362=CARTESIAN_POINT('Origin',(-26.375,-42.915,1.5));
#7363=CARTESIAN_POINT('',(40.625,-3.025,1.5));
#7364=CARTESIAN_POINT('',(41.125,-2.525,1.5));
#7365=CARTESIAN_POINT('Origin',(41.125,-3.025,1.5));
#7366=CARTESIAN_POINT('',(54.125,-2.525,1.5));
#7367=CARTESIAN_POINT('',(41.125,-2.525,1.5));
#7368=CARTESIAN_POINT('',(54.625,-3.025,1.5));
#7369=CARTESIAN_POINT('Origin',(54.125,-3.025,1.5));
#7370=CARTESIAN_POINT('',(54.625,-16.025,1.5));
#7371=CARTESIAN_POINT('',(54.625,-3.025,1.5));
#7372=CARTESIAN_POINT('',(54.125,-16.525,1.5));
#7373=CARTESIAN_POINT('Origin',(54.125,-16.025,1.5));
#7374=CARTESIAN_POINT('',(41.125,-16.525,1.5));
#7375=CARTESIAN_POINT('',(41.125,-16.525,1.5));
#7376=CARTESIAN_POINT('',(40.625,-16.025,1.5));
#7377=CARTESIAN_POINT('Origin',(41.125,-16.025,1.5));
#7378=CARTESIAN_POINT('',(40.625,-3.025,1.5));
#7379=CARTESIAN_POINT('',(77.925,-42.915,1.5));
#7380=CARTESIAN_POINT('Origin',(79.625,-42.915,1.5));
#7381=CARTESIAN_POINT('',(77.925,5.085,1.5));
#7382=CARTESIAN_POINT('Origin',(79.625,5.085,1.5));
#7383=CARTESIAN_POINT('',(21.575,-3.025,1.5));
#7384=CARTESIAN_POINT('',(22.075,-2.525,1.5));
#7385=CARTESIAN_POINT('Origin',(22.075,-3.025,1.5));
#7386=CARTESIAN_POINT('',(35.075,-2.525,1.5));
#7387=CARTESIAN_POINT('',(22.075,-2.525,1.5));
#7388=CARTESIAN_POINT('',(35.575,-3.025,1.5));
#7389=CARTESIAN_POINT('Origin',(35.075,-3.025,1.5));
#7390=CARTESIAN_POINT('',(35.575,-16.025,1.5));
#7391=CARTESIAN_POINT('',(35.575,-3.025,1.5));
#7392=CARTESIAN_POINT('',(35.075,-16.525,1.5));
#7393=CARTESIAN_POINT('Origin',(35.075,-16.025,1.5));
#7394=CARTESIAN_POINT('',(22.075,-16.525,1.5));
#7395=CARTESIAN_POINT('',(22.075,-16.525,1.5));
#7396=CARTESIAN_POINT('',(21.575,-16.025,1.5));
#7397=CARTESIAN_POINT('Origin',(22.075,-16.025,1.5));
#7398=CARTESIAN_POINT('',(21.575,-3.025,1.5));
#7399=CARTESIAN_POINT('',(40.625,-22.075,1.5));
#7400=CARTESIAN_POINT('',(41.125,-21.575,1.5));
#7401=CARTESIAN_POINT('Origin',(41.125,-22.075,1.5));
#7402=CARTESIAN_POINT('',(54.125,-21.575,1.5));
#7403=CARTESIAN_POINT('',(41.125,-21.575,1.5));
#7404=CARTESIAN_POINT('',(54.625,-22.075,1.5));
#7405=CARTESIAN_POINT('Origin',(54.125,-22.075,1.5));
#7406=CARTESIAN_POINT('',(54.625,-35.075,1.5));
#7407=CARTESIAN_POINT('',(54.625,-22.075,1.5));
#7408=CARTESIAN_POINT('',(54.125,-35.575,1.5));
#7409=CARTESIAN_POINT('Origin',(54.125,-35.075,1.5));
#7410=CARTESIAN_POINT('',(41.125,-35.575,1.5));
#7411=CARTESIAN_POINT('',(41.125,-35.575,1.5));
#7412=CARTESIAN_POINT('',(40.625,-35.075,1.5));
#7413=CARTESIAN_POINT('Origin',(41.125,-35.075,1.5));
#7414=CARTESIAN_POINT('',(40.625,-22.075,1.5));
#7415=CARTESIAN_POINT('',(64.625,-6.91499999999935,1.5));
#7416=CARTESIAN_POINT('Origin',(66.225,-6.91499999999935,1.5));
#7417=CARTESIAN_POINT('',(21.575,-22.075,1.5));
#7418=CARTESIAN_POINT('',(22.075,-21.575,1.5));
#7419=CARTESIAN_POINT('Origin',(22.075,-22.075,1.5));
#7420=CARTESIAN_POINT('',(35.075,-21.575,1.5));
#7421=CARTESIAN_POINT('',(22.075,-21.575,1.5));
#7422=CARTESIAN_POINT('',(35.575,-22.075,1.5));
#7423=CARTESIAN_POINT('Origin',(35.075,-22.075,1.5));
#7424=CARTESIAN_POINT('',(35.575,-35.075,1.5));
#7425=CARTESIAN_POINT('',(35.575,-22.075,1.5));
#7426=CARTESIAN_POINT('',(35.075,-35.575,1.5));
#7427=CARTESIAN_POINT('Origin',(35.075,-35.075,1.5));
#7428=CARTESIAN_POINT('',(22.075,-35.575,1.5));
#7429=CARTESIAN_POINT('',(22.075,-35.575,1.5));
#7430=CARTESIAN_POINT('',(21.575,-35.075,1.5));
#7431=CARTESIAN_POINT('Origin',(22.075,-35.075,1.5));
#7432=CARTESIAN_POINT('',(21.575,-22.075,1.5));
#7433=CARTESIAN_POINT('',(2.525,-3.025,1.5));
#7434=CARTESIAN_POINT('',(3.025,-2.525,1.5));
#7435=CARTESIAN_POINT('Origin',(3.025,-3.025,1.5));
#7436=CARTESIAN_POINT('',(16.025,-2.525,1.5));
#7437=CARTESIAN_POINT('',(3.025,-2.525,1.5));
#7438=CARTESIAN_POINT('',(16.525,-3.025,1.5));
#7439=CARTESIAN_POINT('Origin',(16.025,-3.025,1.5));
#7440=CARTESIAN_POINT('',(16.525,-16.025,1.5));
#7441=CARTESIAN_POINT('',(16.525,-3.025,1.5));
#7442=CARTESIAN_POINT('',(16.025,-16.525,1.5));
#7443=CARTESIAN_POINT('Origin',(16.025,-16.025,1.5));
#7444=CARTESIAN_POINT('',(3.025,-16.525,1.5));
#7445=CARTESIAN_POINT('',(3.025,-16.525,1.5));
#7446=CARTESIAN_POINT('',(2.525,-16.025,1.5));
#7447=CARTESIAN_POINT('Origin',(3.025,-16.025,1.5));
#7448=CARTESIAN_POINT('',(2.525,-3.025,1.5));
#7449=CARTESIAN_POINT('',(2.525,-22.075,1.5));
#7450=CARTESIAN_POINT('',(3.025,-21.575,1.5));
#7451=CARTESIAN_POINT('Origin',(3.025,-22.075,1.5));
#7452=CARTESIAN_POINT('',(16.025,-21.575,1.5));
#7453=CARTESIAN_POINT('',(3.025,-21.575,1.5));
#7454=CARTESIAN_POINT('',(16.525,-22.075,1.5));
#7455=CARTESIAN_POINT('Origin',(16.025,-22.075,1.5));
#7456=CARTESIAN_POINT('',(16.525,-35.075,1.5));
#7457=CARTESIAN_POINT('',(16.525,-22.075,1.5));
#7458=CARTESIAN_POINT('',(16.025,-35.575,1.5));
#7459=CARTESIAN_POINT('Origin',(16.025,-35.075,1.5));
#7460=CARTESIAN_POINT('',(3.025,-35.575,1.5));
#7461=CARTESIAN_POINT('',(3.025,-35.575,1.5));
#7462=CARTESIAN_POINT('',(2.525,-35.075,1.5));
#7463=CARTESIAN_POINT('Origin',(3.025,-35.075,1.5));
#7464=CARTESIAN_POINT('',(2.525,-22.075,1.5));
#7465=CARTESIAN_POINT('Origin',(79.625,5.085,0.));
#7466=CARTESIAN_POINT('',(84.625,5.085,0.));
#7467=CARTESIAN_POINT('',(84.625,5.085,0.));
#7468=CARTESIAN_POINT('Origin',(79.625,5.085,0.));
#7469=CARTESIAN_POINT('Origin',(84.625,-47.915,0.));
#7470=CARTESIAN_POINT('',(84.625,-42.915,0.));
#7471=CARTESIAN_POINT('',(84.625,-42.915,0.));
#7472=CARTESIAN_POINT('',(84.625,10.085,0.));
#7473=CARTESIAN_POINT('Origin',(79.625,-42.915,0.));
#7474=CARTESIAN_POINT('',(79.625,-47.915,0.));
#7475=CARTESIAN_POINT('',(79.625,-47.915,0.));
#7476=CARTESIAN_POINT('Origin',(79.625,-42.915,0.));
#7477=CARTESIAN_POINT('Origin',(-31.375,-47.915,0.));
#7478=CARTESIAN_POINT('',(-26.375,-47.915,0.));
#7479=CARTESIAN_POINT('',(-26.375,-47.915,0.));
#7480=CARTESIAN_POINT('',(84.625,-47.915,0.));
#7481=CARTESIAN_POINT('Origin',(-26.375,-42.915,0.));
#7482=CARTESIAN_POINT('',(-31.375,-42.915,0.));
#7483=CARTESIAN_POINT('',(-31.375,-42.915,0.));
#7484=CARTESIAN_POINT('Origin',(-26.375,-42.915,0.));
#7485=CARTESIAN_POINT('Origin',(2.525,-35.075,0.));
#7486=CARTESIAN_POINT('',(2.525,-35.075,0.));
#7487=CARTESIAN_POINT('',(2.525,-22.075,0.));
#7488=CARTESIAN_POINT('',(2.525,-22.075,0.));
#7489=CARTESIAN_POINT('',(2.525,-22.075,0.));
#7490=CARTESIAN_POINT('',(2.525,-35.075,0.));
#7491=CARTESIAN_POINT('Origin',(3.025,-35.075,0.));
#7492=CARTESIAN_POINT('',(3.025,-35.575,0.));
#7493=CARTESIAN_POINT('Origin',(3.025,-35.075,0.));
#7494=CARTESIAN_POINT('',(3.025,-35.575,0.));
#7495=CARTESIAN_POINT('Origin',(16.025,-35.575,0.));
#7496=CARTESIAN_POINT('',(16.025,-35.575,0.));
#7497=CARTESIAN_POINT('',(3.025,-35.575,0.));
#7498=CARTESIAN_POINT('',(16.025,-35.575,0.));
#7499=CARTESIAN_POINT('Origin',(16.025,-35.075,0.));
#7500=CARTESIAN_POINT('',(16.525,-35.075,0.));
#7501=CARTESIAN_POINT('Origin',(16.025,-35.075,0.));
#7502=CARTESIAN_POINT('',(16.525,-35.075,0.));
#7503=CARTESIAN_POINT('Origin',(16.525,-22.075,0.));
#7504=CARTESIAN_POINT('',(16.525,-22.075,0.));
#7505=CARTESIAN_POINT('',(16.525,-22.075,0.));
#7506=CARTESIAN_POINT('',(16.525,-22.075,0.));
#7507=CARTESIAN_POINT('Origin',(16.025,-22.075,0.));
#7508=CARTESIAN_POINT('',(16.025,-21.575,0.));
#7509=CARTESIAN_POINT('Origin',(16.025,-22.075,0.));
#7510=CARTESIAN_POINT('',(16.025,-21.575,0.));
#7511=CARTESIAN_POINT('Origin',(3.025,-21.575,0.));
#7512=CARTESIAN_POINT('',(3.025,-21.575,0.));
#7513=CARTESIAN_POINT('',(3.025,-21.575,0.));
#7514=CARTESIAN_POINT('',(3.025,-21.575,0.));
#7515=CARTESIAN_POINT('Origin',(3.025,-22.075,0.));
#7516=CARTESIAN_POINT('Origin',(3.025,-22.075,0.));
#7517=CARTESIAN_POINT('Origin',(2.525,-16.025,0.));
#7518=CARTESIAN_POINT('',(2.525,-16.025,0.));
#7519=CARTESIAN_POINT('',(2.525,-3.025,0.));
#7520=CARTESIAN_POINT('',(2.525,-3.025,0.));
#7521=CARTESIAN_POINT('',(2.525,-3.025,0.));
#7522=CARTESIAN_POINT('',(2.525,-16.025,0.));
#7523=CARTESIAN_POINT('Origin',(3.025,-16.025,0.));
#7524=CARTESIAN_POINT('',(3.025,-16.525,0.));
#7525=CARTESIAN_POINT('Origin',(3.025,-16.025,0.));
#7526=CARTESIAN_POINT('',(3.025,-16.525,0.));
#7527=CARTESIAN_POINT('Origin',(16.025,-16.525,0.));
#7528=CARTESIAN_POINT('',(16.025,-16.525,0.));
#7529=CARTESIAN_POINT('',(3.025,-16.525,0.));
#7530=CARTESIAN_POINT('',(16.025,-16.525,0.));
#7531=CARTESIAN_POINT('Origin',(16.025,-16.025,0.));
#7532=CARTESIAN_POINT('',(16.525,-16.025,0.));
#7533=CARTESIAN_POINT('Origin',(16.025,-16.025,0.));
#7534=CARTESIAN_POINT('',(16.525,-16.025,0.));
#7535=CARTESIAN_POINT('Origin',(16.525,-3.025,0.));
#7536=CARTESIAN_POINT('',(16.525,-3.025,0.));
#7537=CARTESIAN_POINT('',(16.525,-3.025,0.));
#7538=CARTESIAN_POINT('',(16.525,-3.025,0.));
#7539=CARTESIAN_POINT('Origin',(16.025,-3.025,0.));
#7540=CARTESIAN_POINT('',(16.025,-2.525,0.));
#7541=CARTESIAN_POINT('Origin',(16.025,-3.025,0.));
#7542=CARTESIAN_POINT('',(16.025,-2.525,0.));
#7543=CARTESIAN_POINT('Origin',(3.025,-2.525,0.));
#7544=CARTESIAN_POINT('',(3.025,-2.525,0.));
#7545=CARTESIAN_POINT('',(3.025,-2.525,0.));
#7546=CARTESIAN_POINT('',(3.025,-2.525,0.));
#7547=CARTESIAN_POINT('Origin',(3.025,-3.025,0.));
#7548=CARTESIAN_POINT('Origin',(3.025,-3.025,0.));
#7549=CARTESIAN_POINT('Origin',(21.575,-35.075,0.));
#7550=CARTESIAN_POINT('',(21.575,-35.075,0.));
#7551=CARTESIAN_POINT('',(21.575,-22.075,0.));
#7552=CARTESIAN_POINT('',(21.575,-22.075,0.));
#7553=CARTESIAN_POINT('',(21.575,-22.075,0.));
#7554=CARTESIAN_POINT('',(21.575,-35.075,0.));
#7555=CARTESIAN_POINT('Origin',(22.075,-35.075,0.));
#7556=CARTESIAN_POINT('',(22.075,-35.575,0.));
#7557=CARTESIAN_POINT('Origin',(22.075,-35.075,0.));
#7558=CARTESIAN_POINT('',(22.075,-35.575,0.));
#7559=CARTESIAN_POINT('Origin',(35.075,-35.575,0.));
#7560=CARTESIAN_POINT('',(35.075,-35.575,0.));
#7561=CARTESIAN_POINT('',(22.075,-35.575,0.));
#7562=CARTESIAN_POINT('',(35.075,-35.575,0.));
#7563=CARTESIAN_POINT('Origin',(35.075,-35.075,0.));
#7564=CARTESIAN_POINT('',(35.575,-35.075,0.));
#7565=CARTESIAN_POINT('Origin',(35.075,-35.075,0.));
#7566=CARTESIAN_POINT('',(35.575,-35.075,0.));
#7567=CARTESIAN_POINT('Origin',(35.575,-22.075,0.));
#7568=CARTESIAN_POINT('',(35.575,-22.075,0.));
#7569=CARTESIAN_POINT('',(35.575,-22.075,0.));
#7570=CARTESIAN_POINT('',(35.575,-22.075,0.));
#7571=CARTESIAN_POINT('Origin',(35.075,-22.075,0.));
#7572=CARTESIAN_POINT('',(35.075,-21.575,0.));
#7573=CARTESIAN_POINT('Origin',(35.075,-22.075,0.));
#7574=CARTESIAN_POINT('',(35.075,-21.575,0.));
#7575=CARTESIAN_POINT('Origin',(22.075,-21.575,0.));
#7576=CARTESIAN_POINT('',(22.075,-21.575,0.));
#7577=CARTESIAN_POINT('',(22.075,-21.575,0.));
#7578=CARTESIAN_POINT('',(22.075,-21.575,0.));
#7579=CARTESIAN_POINT('Origin',(22.075,-22.075,0.));
#7580=CARTESIAN_POINT('Origin',(22.075,-22.075,0.));
#7581=CARTESIAN_POINT('Origin',(66.225,-6.91499999999935,0.));
#7582=CARTESIAN_POINT('',(64.625,-6.91499999999935,0.));
#7583=CARTESIAN_POINT('',(64.625,-6.91499999999935,0.));
#7584=CARTESIAN_POINT('Origin',(66.225,-6.91499999999935,0.));
#7585=CARTESIAN_POINT('Origin',(40.625,-35.075,0.));
#7586=CARTESIAN_POINT('',(40.625,-35.075,0.));
#7587=CARTESIAN_POINT('',(40.625,-22.075,0.));
#7588=CARTESIAN_POINT('',(40.625,-22.075,0.));
#7589=CARTESIAN_POINT('',(40.625,-22.075,0.));
#7590=CARTESIAN_POINT('',(40.625,-35.075,0.));
#7591=CARTESIAN_POINT('Origin',(41.125,-35.075,0.));
#7592=CARTESIAN_POINT('',(41.125,-35.575,0.));
#7593=CARTESIAN_POINT('Origin',(41.125,-35.075,0.));
#7594=CARTESIAN_POINT('',(41.125,-35.575,0.));
#7595=CARTESIAN_POINT('Origin',(54.125,-35.575,0.));
#7596=CARTESIAN_POINT('',(54.125,-35.575,0.));
#7597=CARTESIAN_POINT('',(41.125,-35.575,0.));
#7598=CARTESIAN_POINT('',(54.125,-35.575,0.));
#7599=CARTESIAN_POINT('Origin',(54.125,-35.075,0.));
#7600=CARTESIAN_POINT('',(54.625,-35.075,0.));
#7601=CARTESIAN_POINT('Origin',(54.125,-35.075,0.));
#7602=CARTESIAN_POINT('',(54.625,-35.075,0.));
#7603=CARTESIAN_POINT('Origin',(54.625,-22.075,0.));
#7604=CARTESIAN_POINT('',(54.625,-22.075,0.));
#7605=CARTESIAN_POINT('',(54.625,-22.075,0.));
#7606=CARTESIAN_POINT('',(54.625,-22.075,0.));
#7607=CARTESIAN_POINT('Origin',(54.125,-22.075,0.));
#7608=CARTESIAN_POINT('',(54.125,-21.575,0.));
#7609=CARTESIAN_POINT('Origin',(54.125,-22.075,0.));
#7610=CARTESIAN_POINT('',(54.125,-21.575,0.));
#7611=CARTESIAN_POINT('Origin',(41.125,-21.575,0.));
#7612=CARTESIAN_POINT('',(41.125,-21.575,0.));
#7613=CARTESIAN_POINT('',(41.125,-21.575,0.));
#7614=CARTESIAN_POINT('',(41.125,-21.575,0.));
#7615=CARTESIAN_POINT('Origin',(41.125,-22.075,0.));
#7616=CARTESIAN_POINT('Origin',(41.125,-22.075,0.));
#7617=CARTESIAN_POINT('Origin',(21.575,-16.025,0.));
#7618=CARTESIAN_POINT('',(21.575,-16.025,0.));
#7619=CARTESIAN_POINT('',(21.575,-3.025,0.));
#7620=CARTESIAN_POINT('',(21.575,-3.025,0.));
#7621=CARTESIAN_POINT('',(21.575,-3.025,0.));
#7622=CARTESIAN_POINT('',(21.575,-16.025,0.));
#7623=CARTESIAN_POINT('Origin',(22.075,-16.025,0.));
#7624=CARTESIAN_POINT('',(22.075,-16.525,0.));
#7625=CARTESIAN_POINT('Origin',(22.075,-16.025,0.));
#7626=CARTESIAN_POINT('',(22.075,-16.525,0.));
#7627=CARTESIAN_POINT('Origin',(35.075,-16.525,0.));
#7628=CARTESIAN_POINT('',(35.075,-16.525,0.));
#7629=CARTESIAN_POINT('',(22.075,-16.525,0.));
#7630=CARTESIAN_POINT('',(35.075,-16.525,0.));
#7631=CARTESIAN_POINT('Origin',(35.075,-16.025,0.));
#7632=CARTESIAN_POINT('',(35.575,-16.025,0.));
#7633=CARTESIAN_POINT('Origin',(35.075,-16.025,0.));
#7634=CARTESIAN_POINT('',(35.575,-16.025,0.));
#7635=CARTESIAN_POINT('Origin',(35.575,-3.025,0.));
#7636=CARTESIAN_POINT('',(35.575,-3.025,0.));
#7637=CARTESIAN_POINT('',(35.575,-3.025,0.));
#7638=CARTESIAN_POINT('',(35.575,-3.025,0.));
#7639=CARTESIAN_POINT('Origin',(35.075,-3.025,0.));
#7640=CARTESIAN_POINT('',(35.075,-2.525,0.));
#7641=CARTESIAN_POINT('Origin',(35.075,-3.025,0.));
#7642=CARTESIAN_POINT('',(35.075,-2.525,0.));
#7643=CARTESIAN_POINT('Origin',(22.075,-2.525,0.));
#7644=CARTESIAN_POINT('',(22.075,-2.525,0.));
#7645=CARTESIAN_POINT('',(22.075,-2.525,0.));
#7646=CARTESIAN_POINT('',(22.075,-2.525,0.));
#7647=CARTESIAN_POINT('Origin',(22.075,-3.025,0.));
#7648=CARTESIAN_POINT('Origin',(22.075,-3.025,0.));
#7649=CARTESIAN_POINT('Origin',(79.625,5.085,0.));
#7650=CARTESIAN_POINT('',(77.925,5.085,0.));
#7651=CARTESIAN_POINT('',(77.925,5.085,0.));
#7652=CARTESIAN_POINT('Origin',(79.625,5.085,0.));
#7653=CARTESIAN_POINT('Origin',(79.625,-42.915,0.));
#7654=CARTESIAN_POINT('',(77.925,-42.915,0.));
#7655=CARTESIAN_POINT('',(77.925,-42.915,0.));
#7656=CARTESIAN_POINT('Origin',(79.625,-42.915,0.));
#7657=CARTESIAN_POINT('Origin',(40.625,-16.025,0.));
#7658=CARTESIAN_POINT('',(40.625,-16.025,0.));
#7659=CARTESIAN_POINT('',(40.625,-3.025,0.));
#7660=CARTESIAN_POINT('',(40.625,-3.025,0.));
#7661=CARTESIAN_POINT('',(40.625,-3.025,0.));
#7662=CARTESIAN_POINT('',(40.625,-16.025,0.));
#7663=CARTESIAN_POINT('Origin',(41.125,-16.025,0.));
#7664=CARTESIAN_POINT('',(41.125,-16.525,0.));
#7665=CARTESIAN_POINT('Origin',(41.125,-16.025,0.));
#7666=CARTESIAN_POINT('',(41.125,-16.525,0.));
#7667=CARTESIAN_POINT('Origin',(54.125,-16.525,0.));
#7668=CARTESIAN_POINT('',(54.125,-16.525,0.));
#7669=CARTESIAN_POINT('',(41.125,-16.525,0.));
#7670=CARTESIAN_POINT('',(54.125,-16.525,0.));
#7671=CARTESIAN_POINT('Origin',(54.125,-16.025,0.));
#7672=CARTESIAN_POINT('',(54.625,-16.025,0.));
#7673=CARTESIAN_POINT('Origin',(54.125,-16.025,0.));
#7674=CARTESIAN_POINT('',(54.625,-16.025,0.));
#7675=CARTESIAN_POINT('Origin',(54.625,-3.025,0.));
#7676=CARTESIAN_POINT('',(54.625,-3.025,0.));
#7677=CARTESIAN_POINT('',(54.625,-3.025,0.));
#7678=CARTESIAN_POINT('',(54.625,-3.025,0.));
#7679=CARTESIAN_POINT('Origin',(54.125,-3.025,0.));
#7680=CARTESIAN_POINT('',(54.125,-2.525,0.));
#7681=CARTESIAN_POINT('Origin',(54.125,-3.025,0.));
#7682=CARTESIAN_POINT('',(54.125,-2.525,0.));
#7683=CARTESIAN_POINT('Origin',(41.125,-2.525,0.));
#7684=CARTESIAN_POINT('',(41.125,-2.525,0.));
#7685=CARTESIAN_POINT('',(41.125,-2.525,0.));
#7686=CARTESIAN_POINT('',(41.125,-2.525,0.));
#7687=CARTESIAN_POINT('Origin',(41.125,-3.025,0.));
#7688=CARTESIAN_POINT('Origin',(41.125,-3.025,0.));
#7689=CARTESIAN_POINT('Origin',(-26.375,-42.915,0.));
#7690=CARTESIAN_POINT('',(-28.075,-42.915,0.));
#7691=CARTESIAN_POINT('',(-28.075,-42.915,0.));
#7692=CARTESIAN_POINT('Origin',(-26.375,-42.915,0.));
#7693=CARTESIAN_POINT('Origin',(-26.375,5.085,0.));
#7694=CARTESIAN_POINT('',(-28.075,5.085,0.));
#7695=CARTESIAN_POINT('',(-28.075,5.085,0.));
#7696=CARTESIAN_POINT('Origin',(-26.375,5.085,0.));
#7697=CARTESIAN_POINT('Origin',(-31.375,10.085,0.));
#7698=CARTESIAN_POINT('',(-31.375,-47.915,0.));
#7699=CARTESIAN_POINT('Origin',(26.625,-18.915,0.));
#7700=CARTESIAN_POINT('Origin',(66.225,-6.91499999999935,-1.5));
#7701=CARTESIAN_POINT('',(64.625,-6.91499999999935,-1.5));
#7702=CARTESIAN_POINT('Origin',(66.225,-6.91499999999935,-1.5));
#7703=CARTESIAN_POINT('Origin',(66.225,-6.91499999999935,0.));
#7704=CARTESIAN_POINT('',(64.625,-6.91499999999935,0.));
#7705=CARTESIAN_POINT('Origin',(66.225,-6.91499999999935,0.));
#7706=CARTESIAN_POINT('Origin',(66.225,-6.91499999999935,0.));
#7707=CARTESIAN_POINT('',(64.625,-6.91499999999935,0.));
#7708=CARTESIAN_POINT('Ctrl Pts',(-2.30030602775514,-43.8749049603939,0.));
#7709=CARTESIAN_POINT('Ctrl Pts',(-2.30030602775514,-43.8749049603939,0.2));
#7710=CARTESIAN_POINT('Ctrl Pts',(-2.32107829101779,-43.8635526953092,0.));
#7711=CARTESIAN_POINT('Ctrl Pts',(-2.32107829101779,-43.8635526953092,0.2));
#7712=CARTESIAN_POINT('Ctrl Pts',(-2.36614484845113,-43.8389233374018,0.));
#7713=CARTESIAN_POINT('Ctrl Pts',(-2.36614484845113,-43.8389233374018,0.2));
#7714=CARTESIAN_POINT('Ctrl Pts',(-2.40464644234703,-43.8048842942205,0.));
#7715=CARTESIAN_POINT('Ctrl Pts',(-2.40464644234703,-43.8048842942205,0.2));
#7716=CARTESIAN_POINT('Ctrl Pts',(-2.42540172301233,-43.7865346670151,0.));
#7717=CARTESIAN_POINT('Ctrl Pts',(-2.42540172301233,-43.7865346670151,0.2));
#7718=CARTESIAN_POINT('',(-2.30030602775514,-43.8749049603939,0.));
#7719=CARTESIAN_POINT('',(-2.42540172301233,-43.7865346670151,0.));
#7720=CARTESIAN_POINT('Ctrl Pts',(-2.30030602775514,-43.8749049603939,0.));
#7721=CARTESIAN_POINT('Ctrl Pts',(-2.32107829101779,-43.8635526953092,0.));
#7722=CARTESIAN_POINT('Ctrl Pts',(-2.36614484845113,-43.8389233374018,0.));
#7723=CARTESIAN_POINT('Ctrl Pts',(-2.40464644234703,-43.8048842942205,0.));
#7724=CARTESIAN_POINT('Ctrl Pts',(-2.42540172301233,-43.7865346670151,0.));
#7725=CARTESIAN_POINT('',(-2.42540172301233,-43.7865346670151,0.2));
#7726=CARTESIAN_POINT('',(-2.42540172301233,-43.7865346670151,0.));
#7727=CARTESIAN_POINT('',(-2.30030602775514,-43.8749049603939,0.2));
#7728=CARTESIAN_POINT('Ctrl Pts',(-2.30030602775514,-43.8749049603939,0.2));
#7729=CARTESIAN_POINT('Ctrl Pts',(-2.32107829101779,-43.8635526953092,0.2));
#7730=CARTESIAN_POINT('Ctrl Pts',(-2.36614484845113,-43.8389233374018,0.2));
#7731=CARTESIAN_POINT('Ctrl Pts',(-2.40464644234703,-43.8048842942205,0.2));
#7732=CARTESIAN_POINT('Ctrl Pts',(-2.42540172301233,-43.7865346670151,0.2));
#7733=CARTESIAN_POINT('',(-2.30030602775514,-43.8749049603939,0.));
#7734=CARTESIAN_POINT('Ctrl Pts',(-2.19510330818594,-43.9028315246105,0.));
#7735=CARTESIAN_POINT('Ctrl Pts',(-2.19510330818594,-43.9028315246105,0.2));
#7736=CARTESIAN_POINT('Ctrl Pts',(-2.21172311042261,-43.9012963512734,0.));
#7737=CARTESIAN_POINT('Ctrl Pts',(-2.21172311042261,-43.9012963512734,0.2));
#7738=CARTESIAN_POINT('Ctrl Pts',(-2.24830178078631,-43.8979175746399,0.));
#7739=CARTESIAN_POINT('Ctrl Pts',(-2.24830178078631,-43.8979175746399,0.2));
#7740=CARTESIAN_POINT('Ctrl Pts',(-2.2819475011018,-43.8830288678942,0.));
#7741=CARTESIAN_POINT('Ctrl Pts',(-2.2819475011018,-43.8830288678942,0.2));
#7742=CARTESIAN_POINT('Ctrl Pts',(-2.30030602775514,-43.8749049603939,0.));
#7743=CARTESIAN_POINT('Ctrl Pts',(-2.30030602775514,-43.8749049603939,0.2));
#7744=CARTESIAN_POINT('',(-2.19510330818594,-43.9028315246105,0.));
#7745=CARTESIAN_POINT('Ctrl Pts',(-2.19510330818594,-43.9028315246105,0.));
#7746=CARTESIAN_POINT('Ctrl Pts',(-2.21172311042261,-43.9012963512734,0.));
#7747=CARTESIAN_POINT('Ctrl Pts',(-2.24830178078631,-43.8979175746399,0.));
#7748=CARTESIAN_POINT('Ctrl Pts',(-2.2819475011018,-43.8830288678942,0.));
#7749=CARTESIAN_POINT('Ctrl Pts',(-2.30030602775514,-43.8749049603939,0.));
#7750=CARTESIAN_POINT('',(-2.19510330818594,-43.9028315246105,0.2));
#7751=CARTESIAN_POINT('Ctrl Pts',(-2.19510330818594,-43.9028315246105,0.2));
#7752=CARTESIAN_POINT('Ctrl Pts',(-2.21172311042261,-43.9012963512734,0.2));
#7753=CARTESIAN_POINT('Ctrl Pts',(-2.24830178078631,-43.8979175746399,0.2));
#7754=CARTESIAN_POINT('Ctrl Pts',(-2.2819475011018,-43.8830288678942,0.2));
#7755=CARTESIAN_POINT('Ctrl Pts',(-2.30030602775514,-43.8749049603939,0.2));
#7756=CARTESIAN_POINT('',(-2.19510330818594,-43.9028315246105,0.));
#7757=CARTESIAN_POINT('Ctrl Pts',(-2.13542467914522,-43.8936501741409,0.));
#7758=CARTESIAN_POINT('Ctrl Pts',(-2.13542467914522,-43.8936501741409,0.2));
#7759=CARTESIAN_POINT('Ctrl Pts',(-2.14441763478549,-43.8963239937956,0.));
#7760=CARTESIAN_POINT('Ctrl Pts',(-2.14441763478549,-43.8963239937956,0.2));
#7761=CARTESIAN_POINT('Ctrl Pts',(-2.16387264524686,-43.9021084312412,0.));
#7762=CARTESIAN_POINT('Ctrl Pts',(-2.16387264524686,-43.9021084312412,0.2));
#7763=CARTESIAN_POINT('Ctrl Pts',(-2.18418188575754,-43.9025786574794,0.));
#7764=CARTESIAN_POINT('Ctrl Pts',(-2.18418188575754,-43.9025786574794,0.2));
#7765=CARTESIAN_POINT('Ctrl Pts',(-2.19510330818594,-43.9028315246105,0.));
#7766=CARTESIAN_POINT('Ctrl Pts',(-2.19510330818594,-43.9028315246105,0.2));
#7767=CARTESIAN_POINT('',(-2.13542467914522,-43.8936501741409,0.));
#7768=CARTESIAN_POINT('Ctrl Pts',(-2.13542467914522,-43.8936501741409,0.));
#7769=CARTESIAN_POINT('Ctrl Pts',(-2.14441763478549,-43.8963239937956,0.));
#7770=CARTESIAN_POINT('Ctrl Pts',(-2.16387264524686,-43.9021084312412,0.));
#7771=CARTESIAN_POINT('Ctrl Pts',(-2.18418188575754,-43.9025786574794,0.));
#7772=CARTESIAN_POINT('Ctrl Pts',(-2.19510330818594,-43.9028315246105,0.));
#7773=CARTESIAN_POINT('',(-2.13542467914522,-43.8936501741409,0.2));
#7774=CARTESIAN_POINT('Ctrl Pts',(-2.13542467914522,-43.8936501741409,0.2));
#7775=CARTESIAN_POINT('Ctrl Pts',(-2.14441763478549,-43.8963239937956,0.2));
#7776=CARTESIAN_POINT('Ctrl Pts',(-2.16387264524686,-43.9021084312412,0.2));
#7777=CARTESIAN_POINT('Ctrl Pts',(-2.18418188575754,-43.9025786574794,0.2));
#7778=CARTESIAN_POINT('Ctrl Pts',(-2.19510330818594,-43.9028315246105,0.2));
#7779=CARTESIAN_POINT('',(-2.13542467914522,-43.8936501741409,0.));
#7780=CARTESIAN_POINT('Ctrl Pts',(-2.09563887678087,-43.8687841594219,0.));
#7781=CARTESIAN_POINT('Ctrl Pts',(-2.09563887678087,-43.8687841594219,0.2));
#7782=CARTESIAN_POINT('Ctrl Pts',(-2.10129381108006,-43.8738041074795,0.));
#7783=CARTESIAN_POINT('Ctrl Pts',(-2.10129381108006,-43.8738041074795,0.2));
#7784=CARTESIAN_POINT('Ctrl Pts',(-2.11314508518018,-43.8843246152786,0.));
#7785=CARTESIAN_POINT('Ctrl Pts',(-2.11314508518018,-43.8843246152786,0.2));
#7786=CARTESIAN_POINT('Ctrl Pts',(-2.12777536131346,-43.8904484028784,0.));
#7787=CARTESIAN_POINT('Ctrl Pts',(-2.12777536131346,-43.8904484028784,0.2));
#7788=CARTESIAN_POINT('Ctrl Pts',(-2.13542467914522,-43.8936501741409,0.));
#7789=CARTESIAN_POINT('Ctrl Pts',(-2.13542467914522,-43.8936501741409,0.2));
#7790=CARTESIAN_POINT('',(-2.09563887678087,-43.8687841594219,0.));
#7791=CARTESIAN_POINT('Ctrl Pts',(-2.09563887678087,-43.8687841594219,0.));
#7792=CARTESIAN_POINT('Ctrl Pts',(-2.10129381108006,-43.8738041074795,0.));
#7793=CARTESIAN_POINT('Ctrl Pts',(-2.11314508518018,-43.8843246152786,0.));
#7794=CARTESIAN_POINT('Ctrl Pts',(-2.12777536131346,-43.8904484028784,0.));
#7795=CARTESIAN_POINT('Ctrl Pts',(-2.13542467914522,-43.8936501741409,0.));
#7796=CARTESIAN_POINT('',(-2.09563887678087,-43.8687841594219,0.2));
#7797=CARTESIAN_POINT('Ctrl Pts',(-2.09563887678087,-43.8687841594219,0.2));
#7798=CARTESIAN_POINT('Ctrl Pts',(-2.10129381108006,-43.8738041074795,0.2));
#7799=CARTESIAN_POINT('Ctrl Pts',(-2.11314508518018,-43.8843246152786,0.2));
#7800=CARTESIAN_POINT('Ctrl Pts',(-2.12777536131346,-43.8904484028784,0.2));
#7801=CARTESIAN_POINT('Ctrl Pts',(-2.13542467914522,-43.8936501741409,0.2));
#7802=CARTESIAN_POINT('',(-2.09563887678087,-43.8687841594219,0.));
#7803=CARTESIAN_POINT('Ctrl Pts',(-2.0734506752342,-43.8328239321709,0.));
#7804=CARTESIAN_POINT('Ctrl Pts',(-2.0734506752342,-43.8328239321709,0.2));
#7805=CARTESIAN_POINT('Ctrl Pts',(-2.07611179165921,-43.8394065721348,0.));
#7806=CARTESIAN_POINT('Ctrl Pts',(-2.07611179165921,-43.8394065721348,0.2));
#7807=CARTESIAN_POINT('Ctrl Pts',(-2.08146610454223,-43.8526512064664,0.));
#7808=CARTESIAN_POINT('Ctrl Pts',(-2.08146610454223,-43.8526512064664,0.2));
#7809=CARTESIAN_POINT('Ctrl Pts',(-2.09089578691595,-43.8633850713419,0.));
#7810=CARTESIAN_POINT('Ctrl Pts',(-2.09089578691595,-43.8633850713419,0.2));
#7811=CARTESIAN_POINT('Ctrl Pts',(-2.09563887678087,-43.8687841594219,0.));
#7812=CARTESIAN_POINT('Ctrl Pts',(-2.09563887678087,-43.8687841594219,0.2));
#7813=CARTESIAN_POINT('',(-2.0734506752342,-43.8328239321709,0.));
#7814=CARTESIAN_POINT('Ctrl Pts',(-2.0734506752342,-43.8328239321709,0.));
#7815=CARTESIAN_POINT('Ctrl Pts',(-2.07611179165921,-43.8394065721348,0.));
#7816=CARTESIAN_POINT('Ctrl Pts',(-2.08146610454223,-43.8526512064664,0.));
#7817=CARTESIAN_POINT('Ctrl Pts',(-2.09089578691595,-43.8633850713419,0.));
#7818=CARTESIAN_POINT('Ctrl Pts',(-2.09563887678087,-43.8687841594219,0.));
#7819=CARTESIAN_POINT('',(-2.0734506752342,-43.8328239321709,0.2));
#7820=CARTESIAN_POINT('Ctrl Pts',(-2.0734506752342,-43.8328239321709,0.2));
#7821=CARTESIAN_POINT('Ctrl Pts',(-2.07611179165921,-43.8394065721348,0.2));
#7822=CARTESIAN_POINT('Ctrl Pts',(-2.08146610454223,-43.8526512064664,0.2));
#7823=CARTESIAN_POINT('Ctrl Pts',(-2.09089578691595,-43.8633850713419,0.2));
#7824=CARTESIAN_POINT('Ctrl Pts',(-2.09563887678087,-43.8687841594219,0.2));
#7825=CARTESIAN_POINT('',(-2.0734506752342,-43.8328239321709,0.));
#7826=CARTESIAN_POINT('Ctrl Pts',(-2.06656469963491,-43.7903602421284,0.));
#7827=CARTESIAN_POINT('Ctrl Pts',(-2.06656469963491,-43.7903602421284,0.2));
#7828=CARTESIAN_POINT('Ctrl Pts',(-2.06684107564337,-43.7976454079885,0.));
#7829=CARTESIAN_POINT('Ctrl Pts',(-2.06684107564337,-43.7976454079885,0.2));
#7830=CARTESIAN_POINT('Ctrl Pts',(-2.06738885642406,-43.8120846998235,0.));
#7831=CARTESIAN_POINT('Ctrl Pts',(-2.06738885642406,-43.8120846998235,0.2));
#7832=CARTESIAN_POINT('Ctrl Pts',(-2.07144233103476,-43.8259528068057,0.));
#7833=CARTESIAN_POINT('Ctrl Pts',(-2.07144233103476,-43.8259528068057,0.2));
#7834=CARTESIAN_POINT('Ctrl Pts',(-2.0734506752342,-43.8328239321709,0.));
#7835=CARTESIAN_POINT('Ctrl Pts',(-2.0734506752342,-43.8328239321709,0.2));
#7836=CARTESIAN_POINT('',(-2.06656469963491,-43.7903602421284,0.));
#7837=CARTESIAN_POINT('Ctrl Pts',(-2.06656469963491,-43.7903602421284,0.));
#7838=CARTESIAN_POINT('Ctrl Pts',(-2.06684107564337,-43.7976454079885,0.));
#7839=CARTESIAN_POINT('Ctrl Pts',(-2.06738885642406,-43.8120846998235,0.));
#7840=CARTESIAN_POINT('Ctrl Pts',(-2.07144233103476,-43.8259528068057,0.));
#7841=CARTESIAN_POINT('Ctrl Pts',(-2.0734506752342,-43.8328239321709,0.));
#7842=CARTESIAN_POINT('',(-2.06656469963491,-43.7903602421284,0.2));
#7843=CARTESIAN_POINT('Ctrl Pts',(-2.06656469963491,-43.7903602421284,0.2));
#7844=CARTESIAN_POINT('Ctrl Pts',(-2.06684107564337,-43.7976454079885,0.2));
#7845=CARTESIAN_POINT('Ctrl Pts',(-2.06738885642406,-43.8120846998235,0.2));
#7846=CARTESIAN_POINT('Ctrl Pts',(-2.07144233103476,-43.8259528068057,0.2));
#7847=CARTESIAN_POINT('Ctrl Pts',(-2.0734506752342,-43.8328239321709,0.2));
#7848=CARTESIAN_POINT('',(-2.06656469963491,-43.7903602421284,0.));
#7849=CARTESIAN_POINT('Ctrl Pts',(-2.07765876315534,-43.7325944006443,0.));
#7850=CARTESIAN_POINT('Ctrl Pts',(-2.07765876315534,-43.7325944006443,0.2));
#7851=CARTESIAN_POINT('Ctrl Pts',(-2.07442414048069,-43.7415897484794,0.));
#7852=CARTESIAN_POINT('Ctrl Pts',(-2.07442414048069,-43.7415897484794,0.2));
#7853=CARTESIAN_POINT('Ctrl Pts',(-2.06771247688427,-43.7602545989658,0.));
#7854=CARTESIAN_POINT('Ctrl Pts',(-2.06771247688427,-43.7602545989658,0.2));
#7855=CARTESIAN_POINT('Ctrl Pts',(-2.06695639501267,-43.7800862614603,0.));
#7856=CARTESIAN_POINT('Ctrl Pts',(-2.06695639501267,-43.7800862614603,0.2));
#7857=CARTESIAN_POINT('Ctrl Pts',(-2.06656469963491,-43.7903602421284,0.));
#7858=CARTESIAN_POINT('Ctrl Pts',(-2.06656469963491,-43.7903602421284,0.2));
#7859=CARTESIAN_POINT('',(-2.07765876315534,-43.7325944006443,0.));
#7860=CARTESIAN_POINT('Ctrl Pts',(-2.07765876315534,-43.7325944006443,0.));
#7861=CARTESIAN_POINT('Ctrl Pts',(-2.07442414048069,-43.7415897484794,0.));
#7862=CARTESIAN_POINT('Ctrl Pts',(-2.06771247688427,-43.7602545989658,0.));
#7863=CARTESIAN_POINT('Ctrl Pts',(-2.06695639501267,-43.7800862614603,0.));
#7864=CARTESIAN_POINT('Ctrl Pts',(-2.06656469963491,-43.7903602421284,0.));
#7865=CARTESIAN_POINT('',(-2.07765876315534,-43.7325944006443,0.2));
#7866=CARTESIAN_POINT('Ctrl Pts',(-2.07765876315534,-43.7325944006443,0.2));
#7867=CARTESIAN_POINT('Ctrl Pts',(-2.07442414048069,-43.7415897484794,0.2));
#7868=CARTESIAN_POINT('Ctrl Pts',(-2.06771247688427,-43.7602545989658,0.2));
#7869=CARTESIAN_POINT('Ctrl Pts',(-2.06695639501267,-43.7800862614603,0.2));
#7870=CARTESIAN_POINT('Ctrl Pts',(-2.06656469963491,-43.7903602421284,0.2));
#7871=CARTESIAN_POINT('',(-2.07765876315534,-43.7325944006443,0.));
#7872=CARTESIAN_POINT('Ctrl Pts',(-2.11170620284975,-43.6886005103588,0.));
#7873=CARTESIAN_POINT('Ctrl Pts',(-2.11170620284975,-43.6886005103588,0.2));
#7874=CARTESIAN_POINT('Ctrl Pts',(-2.10457480526095,-43.6949657311793,0.));
#7875=CARTESIAN_POINT('Ctrl Pts',(-2.10457480526095,-43.6949657311793,0.2));
#7876=CARTESIAN_POINT('Ctrl Pts',(-2.09050012625731,-43.7075282673051,0.));
#7877=CARTESIAN_POINT('Ctrl Pts',(-2.09050012625731,-43.7075282673051,0.2));
#7878=CARTESIAN_POINT('Ctrl Pts',(-2.08190090635058,-43.7243138056536,0.));
#7879=CARTESIAN_POINT('Ctrl Pts',(-2.08190090635058,-43.7243138056536,0.2));
#7880=CARTESIAN_POINT('Ctrl Pts',(-2.07765876315534,-43.7325944006443,0.));
#7881=CARTESIAN_POINT('Ctrl Pts',(-2.07765876315534,-43.7325944006443,0.2));
#7882=CARTESIAN_POINT('',(-2.11170620284975,-43.6886005103588,0.));
#7883=CARTESIAN_POINT('Ctrl Pts',(-2.11170620284975,-43.6886005103588,0.));
#7884=CARTESIAN_POINT('Ctrl Pts',(-2.10457480526095,-43.6949657311793,0.));
#7885=CARTESIAN_POINT('Ctrl Pts',(-2.09050012625731,-43.7075282673051,0.));
#7886=CARTESIAN_POINT('Ctrl Pts',(-2.08190090635058,-43.7243138056536,0.));
#7887=CARTESIAN_POINT('Ctrl Pts',(-2.07765876315534,-43.7325944006443,0.));
#7888=CARTESIAN_POINT('',(-2.11170620284975,-43.6886005103588,0.2));
#7889=CARTESIAN_POINT('Ctrl Pts',(-2.11170620284975,-43.6886005103588,0.2));
#7890=CARTESIAN_POINT('Ctrl Pts',(-2.10457480526095,-43.6949657311793,0.2));
#7891=CARTESIAN_POINT('Ctrl Pts',(-2.09050012625731,-43.7075282673051,0.2));
#7892=CARTESIAN_POINT('Ctrl Pts',(-2.08190090635058,-43.7243138056536,0.2));
#7893=CARTESIAN_POINT('Ctrl Pts',(-2.07765876315534,-43.7325944006443,0.2));
#7894=CARTESIAN_POINT('',(-2.11170620284975,-43.6886005103588,0.));
#7895=CARTESIAN_POINT('Ctrl Pts',(-2.17061973176897,-43.6602914333344,0.));
#7896=CARTESIAN_POINT('Ctrl Pts',(-2.17061973176897,-43.6602914333344,0.2));
#7897=CARTESIAN_POINT('Ctrl Pts',(-2.159443764082,-43.6637487476844,0.));
#7898=CARTESIAN_POINT('Ctrl Pts',(-2.159443764082,-43.6637487476844,0.2));
#7899=CARTESIAN_POINT('Ctrl Pts',(-2.13838026851349,-43.6702647942167,0.));
#7900=CARTESIAN_POINT('Ctrl Pts',(-2.13838026851349,-43.6702647942167,0.2));
#7901=CARTESIAN_POINT('Ctrl Pts',(-2.1202274256904,-43.6827430334687,0.));
#7902=CARTESIAN_POINT('Ctrl Pts',(-2.1202274256904,-43.6827430334687,0.2));
#7903=CARTESIAN_POINT('Ctrl Pts',(-2.11170620284975,-43.6886005103588,0.));
#7904=CARTESIAN_POINT('Ctrl Pts',(-2.11170620284975,-43.6886005103588,0.2));
#7905=CARTESIAN_POINT('',(-2.17061973176897,-43.6602914333344,0.));
#7906=CARTESIAN_POINT('Ctrl Pts',(-2.17061973176897,-43.6602914333344,0.));
#7907=CARTESIAN_POINT('Ctrl Pts',(-2.159443764082,-43.6637487476844,0.));
#7908=CARTESIAN_POINT('Ctrl Pts',(-2.13838026851349,-43.6702647942167,0.));
#7909=CARTESIAN_POINT('Ctrl Pts',(-2.1202274256904,-43.6827430334687,0.));
#7910=CARTESIAN_POINT('Ctrl Pts',(-2.11170620284975,-43.6886005103588,0.));
#7911=CARTESIAN_POINT('',(-2.17061973176897,-43.6602914333344,0.2));
#7912=CARTESIAN_POINT('Ctrl Pts',(-2.17061973176897,-43.6602914333344,0.2));
#7913=CARTESIAN_POINT('Ctrl Pts',(-2.159443764082,-43.6637487476844,0.2));
#7914=CARTESIAN_POINT('Ctrl Pts',(-2.13838026851349,-43.6702647942167,0.2));
#7915=CARTESIAN_POINT('Ctrl Pts',(-2.1202274256904,-43.6827430334687,0.2));
#7916=CARTESIAN_POINT('Ctrl Pts',(-2.11170620284975,-43.6886005103588,0.2));
#7917=CARTESIAN_POINT('',(-2.17061973176897,-43.6602914333344,0.));
#7918=CARTESIAN_POINT('Ctrl Pts',(-2.25631213746965,-43.6503449082375,0.));
#7919=CARTESIAN_POINT('Ctrl Pts',(-2.25631213746965,-43.6503449082375,0.2));
#7920=CARTESIAN_POINT('Ctrl Pts',(-2.24081607039172,-43.6506253985919,0.));
#7921=CARTESIAN_POINT('Ctrl Pts',(-2.24081607039172,-43.6506253985919,0.2));
#7922=CARTESIAN_POINT('Ctrl Pts',(-2.21191413539861,-43.6511485451392,0.));
#7923=CARTESIAN_POINT('Ctrl Pts',(-2.21191413539861,-43.6511485451392,0.2));
#7924=CARTESIAN_POINT('Ctrl Pts',(-2.18370448877928,-43.6573943707813,0.));
#7925=CARTESIAN_POINT('Ctrl Pts',(-2.18370448877928,-43.6573943707813,0.2));
#7926=CARTESIAN_POINT('Ctrl Pts',(-2.17061973176897,-43.6602914333344,0.));
#7927=CARTESIAN_POINT('Ctrl Pts',(-2.17061973176897,-43.6602914333344,0.2));
#7928=CARTESIAN_POINT('',(-2.25631213746965,-43.6503449082375,0.));
#7929=CARTESIAN_POINT('Ctrl Pts',(-2.25631213746965,-43.6503449082375,0.));
#7930=CARTESIAN_POINT('Ctrl Pts',(-2.24081607039172,-43.6506253985919,0.));
#7931=CARTESIAN_POINT('Ctrl Pts',(-2.21191413539861,-43.6511485451392,0.));
#7932=CARTESIAN_POINT('Ctrl Pts',(-2.18370448877928,-43.6573943707813,0.));
#7933=CARTESIAN_POINT('Ctrl Pts',(-2.17061973176897,-43.6602914333344,0.));
#7934=CARTESIAN_POINT('',(-2.25631213746965,-43.6503449082375,0.2));
#7935=CARTESIAN_POINT('Ctrl Pts',(-2.25631213746965,-43.6503449082375,0.2));
#7936=CARTESIAN_POINT('Ctrl Pts',(-2.24081607039172,-43.6506253985919,0.2));
#7937=CARTESIAN_POINT('Ctrl Pts',(-2.21191413539861,-43.6511485451392,0.2));
#7938=CARTESIAN_POINT('Ctrl Pts',(-2.18370448877928,-43.6573943707813,0.2));
#7939=CARTESIAN_POINT('Ctrl Pts',(-2.17061973176897,-43.6602914333344,0.2));
#7940=CARTESIAN_POINT('',(-2.25631213746965,-43.6503449082375,0.));
#7941=CARTESIAN_POINT('Origin',(-2.42540172301233,-43.6503449082375,0.));
#7942=CARTESIAN_POINT('',(-2.42540172301233,-43.6503449082375,0.));
#7943=CARTESIAN_POINT('',(-2.42540172301233,-43.6503449082375,0.));
#7944=CARTESIAN_POINT('',(-2.42540172301233,-43.6503449082375,0.2));
#7945=CARTESIAN_POINT('',(-2.42540172301233,-43.6503449082375,0.2));
#7946=CARTESIAN_POINT('',(-2.42540172301233,-43.6503449082375,0.));
#7947=CARTESIAN_POINT('Origin',(-2.42540172301233,-43.7865346670151,0.));
#7948=CARTESIAN_POINT('',(-2.42540172301233,-43.7865346670151,0.));
#7949=CARTESIAN_POINT('',(-2.42540172301233,-43.7865346670151,0.2));
#7950=CARTESIAN_POINT('Origin',(-2.55929610691965,-43.470543846488,0.));
#7951=CARTESIAN_POINT('',(-2.55929610691965,-43.470543846488,0.));
#7952=CARTESIAN_POINT('',(-2.55929610691965,-44.0000006556511,0.));
#7953=CARTESIAN_POINT('',(-2.55929610691965,-43.470543846488,0.));
#7954=CARTESIAN_POINT('',(-2.55929610691965,-44.0000006556511,0.2));
#7955=CARTESIAN_POINT('',(-2.55929610691965,-44.0000006556511,0.));
#7956=CARTESIAN_POINT('',(-2.55929610691965,-43.470543846488,0.2));
#7957=CARTESIAN_POINT('',(-2.55929610691965,-43.470543846488,0.2));
#7958=CARTESIAN_POINT('',(-2.55929610691965,-43.470543846488,0.));
#7959=CARTESIAN_POINT('Ctrl Pts',(-2.53863818012178,-43.3588376641273,0.));
#7960=CARTESIAN_POINT('Ctrl Pts',(-2.53863818012178,-43.3588376641273,0.2));
#7961=CARTESIAN_POINT('Ctrl Pts',(-2.54465836315744,-43.3758893145816,0.));
#7962=CARTESIAN_POINT('Ctrl Pts',(-2.54465836315744,-43.3758893145816,0.2));
#7963=CARTESIAN_POINT('Ctrl Pts',(-2.55740927660609,-43.4120051797989,0.));
#7964=CARTESIAN_POINT('Ctrl Pts',(-2.55740927660609,-43.4120051797989,0.2));
#7965=CARTESIAN_POINT('Ctrl Pts',(-2.55864422424148,-43.4503192706248,0.));
#7966=CARTESIAN_POINT('Ctrl Pts',(-2.55864422424148,-43.4503192706248,0.2));
#7967=CARTESIAN_POINT('Ctrl Pts',(-2.55929610691965,-43.470543846488,0.));
#7968=CARTESIAN_POINT('Ctrl Pts',(-2.55929610691965,-43.470543846488,0.2));
#7969=CARTESIAN_POINT('',(-2.53863818012178,-43.3588376641273,0.));
#7970=CARTESIAN_POINT('Ctrl Pts',(-2.53863818012178,-43.3588376641273,0.));
#7971=CARTESIAN_POINT('Ctrl Pts',(-2.54465836315744,-43.3758893145816,0.));
#7972=CARTESIAN_POINT('Ctrl Pts',(-2.55740927660609,-43.4120051797989,0.));
#7973=CARTESIAN_POINT('Ctrl Pts',(-2.55864422424148,-43.4503192706248,0.));
#7974=CARTESIAN_POINT('Ctrl Pts',(-2.55929610691965,-43.470543846488,0.));
#7975=CARTESIAN_POINT('',(-2.53863818012178,-43.3588376641273,0.2));
#7976=CARTESIAN_POINT('Ctrl Pts',(-2.53863818012178,-43.3588376641273,0.2));
#7977=CARTESIAN_POINT('Ctrl Pts',(-2.54465836315744,-43.3758893145816,0.2));
#7978=CARTESIAN_POINT('Ctrl Pts',(-2.55740927660609,-43.4120051797989,0.2));
#7979=CARTESIAN_POINT('Ctrl Pts',(-2.55864422424148,-43.4503192706248,0.2));
#7980=CARTESIAN_POINT('Ctrl Pts',(-2.55929610691965,-43.470543846488,0.2));
#7981=CARTESIAN_POINT('',(-2.53863818012178,-43.3588376641273,0.));
#7982=CARTESIAN_POINT('Ctrl Pts',(-2.4793419893831,-43.280031234026,0.));
#7983=CARTESIAN_POINT('Ctrl Pts',(-2.4793419893831,-43.280031234026,0.2));
#7984=CARTESIAN_POINT('Ctrl Pts',(-2.49150619751218,-43.2912358790129,0.));
#7985=CARTESIAN_POINT('Ctrl Pts',(-2.49150619751218,-43.2912358790129,0.2));
#7986=CARTESIAN_POINT('Ctrl Pts',(-2.51608370257601,-43.3138746086352,0.));
#7987=CARTESIAN_POINT('Ctrl Pts',(-2.51608370257601,-43.3138746086352,0.2));
#7988=CARTESIAN_POINT('Ctrl Pts',(-2.53106939513046,-43.3437490548309,0.));
#7989=CARTESIAN_POINT('Ctrl Pts',(-2.53106939513046,-43.3437490548309,0.2));
#7990=CARTESIAN_POINT('Ctrl Pts',(-2.53863818012178,-43.3588376641273,0.));
#7991=CARTESIAN_POINT('Ctrl Pts',(-2.53863818012178,-43.3588376641273,0.2));
#7992=CARTESIAN_POINT('',(-2.4793419893831,-43.280031234026,0.));
#7993=CARTESIAN_POINT('Ctrl Pts',(-2.4793419893831,-43.280031234026,0.));
#7994=CARTESIAN_POINT('Ctrl Pts',(-2.49150619751218,-43.2912358790129,0.));
#7995=CARTESIAN_POINT('Ctrl Pts',(-2.51608370257601,-43.3138746086352,0.));
#7996=CARTESIAN_POINT('Ctrl Pts',(-2.53106939513046,-43.3437490548309,0.));
#7997=CARTESIAN_POINT('Ctrl Pts',(-2.53863818012178,-43.3588376641273,0.));
#7998=CARTESIAN_POINT('',(-2.4793419893831,-43.280031234026,0.2));
#7999=CARTESIAN_POINT('Ctrl Pts',(-2.4793419893831,-43.280031234026,0.2));
#8000=CARTESIAN_POINT('Ctrl Pts',(-2.49150619751218,-43.2912358790129,0.2));
#8001=CARTESIAN_POINT('Ctrl Pts',(-2.51608370257601,-43.3138746086352,0.2));
#8002=CARTESIAN_POINT('Ctrl Pts',(-2.53106939513046,-43.3437490548309,0.2));
#8003=CARTESIAN_POINT('Ctrl Pts',(-2.53863818012178,-43.3588376641273,0.2));
#8004=CARTESIAN_POINT('',(-2.4793419893831,-43.280031234026,0.));
#8005=CARTESIAN_POINT('Ctrl Pts',(-2.38485074602067,-43.2333595305681,0.));
#8006=CARTESIAN_POINT('Ctrl Pts',(-2.38485074602067,-43.2333595305681,0.2));
#8007=CARTESIAN_POINT('Ctrl Pts',(-2.40247703454671,-43.2389111247457,0.));
#8008=CARTESIAN_POINT('Ctrl Pts',(-2.40247703454671,-43.2389111247457,0.2));
#8009=CARTESIAN_POINT('Ctrl Pts',(-2.43640497206377,-43.2495971032543,0.));
#8010=CARTESIAN_POINT('Ctrl Pts',(-2.43640497206377,-43.2495971032543,0.2));
#8011=CARTESIAN_POINT('Ctrl Pts',(-2.4654070909752,-43.2701540570138,0.));
#8012=CARTESIAN_POINT('Ctrl Pts',(-2.4654070909752,-43.2701540570138,0.2));
#8013=CARTESIAN_POINT('Ctrl Pts',(-2.4793419893831,-43.280031234026,0.));
#8014=CARTESIAN_POINT('Ctrl Pts',(-2.4793419893831,-43.280031234026,0.2));
#8015=CARTESIAN_POINT('',(-2.38485074602067,-43.2333595305681,0.));
#8016=CARTESIAN_POINT('Ctrl Pts',(-2.38485074602067,-43.2333595305681,0.));
#8017=CARTESIAN_POINT('Ctrl Pts',(-2.40247703454671,-43.2389111247457,0.));
#8018=CARTESIAN_POINT('Ctrl Pts',(-2.43640497206377,-43.2495971032543,0.));
#8019=CARTESIAN_POINT('Ctrl Pts',(-2.4654070909752,-43.2701540570138,0.));
#8020=CARTESIAN_POINT('Ctrl Pts',(-2.4793419893831,-43.280031234026,0.));
#8021=CARTESIAN_POINT('',(-2.38485074602067,-43.2333595305681,0.2));
#8022=CARTESIAN_POINT('Ctrl Pts',(-2.38485074602067,-43.2333595305681,0.2));
#8023=CARTESIAN_POINT('Ctrl Pts',(-2.40247703454671,-43.2389111247457,0.2));
#8024=CARTESIAN_POINT('Ctrl Pts',(-2.43640497206377,-43.2495971032543,0.2));
#8025=CARTESIAN_POINT('Ctrl Pts',(-2.4654070909752,-43.2701540570138,0.2));
#8026=CARTESIAN_POINT('Ctrl Pts',(-2.4793419893831,-43.280031234026,0.2));
#8027=CARTESIAN_POINT('',(-2.38485074602067,-43.2333595305681,0.));
#8028=CARTESIAN_POINT('Ctrl Pts',(-2.25937253795564,-43.2180573046207,0.));
#8029=CARTESIAN_POINT('Ctrl Pts',(-2.25937253795564,-43.2180573046207,0.2));
#8030=CARTESIAN_POINT('Ctrl Pts',(-2.28152891442648,-43.218567527773,0.));
#8031=CARTESIAN_POINT('Ctrl Pts',(-2.28152891442648,-43.218567527773,0.2));
#8032=CARTESIAN_POINT('Ctrl Pts',(-2.32387114039428,-43.2195425962386,0.));
#8033=CARTESIAN_POINT('Ctrl Pts',(-2.32387114039428,-43.2195425962386,0.2));
#8034=CARTESIAN_POINT('Ctrl Pts',(-2.365164786835,-43.2288990293483,0.));
#8035=CARTESIAN_POINT('Ctrl Pts',(-2.365164786835,-43.2288990293483,0.2));
#8036=CARTESIAN_POINT('Ctrl Pts',(-2.38485074602067,-43.2333595305681,0.));
#8037=CARTESIAN_POINT('Ctrl Pts',(-2.38485074602067,-43.2333595305681,0.2));
#8038=CARTESIAN_POINT('',(-2.25937253795564,-43.2180573046207,0.));
#8039=CARTESIAN_POINT('Ctrl Pts',(-2.25937253795564,-43.2180573046207,0.));
#8040=CARTESIAN_POINT('Ctrl Pts',(-2.28152891442648,-43.218567527773,0.));
#8041=CARTESIAN_POINT('Ctrl Pts',(-2.32387114039428,-43.2195425962386,0.));
#8042=CARTESIAN_POINT('Ctrl Pts',(-2.365164786835,-43.2288990293483,0.));
#8043=CARTESIAN_POINT('Ctrl Pts',(-2.38485074602067,-43.2333595305681,0.));
#8044=CARTESIAN_POINT('',(-2.25937253795564,-43.2180573046207,0.2));
#8045=CARTESIAN_POINT('Ctrl Pts',(-2.25937253795564,-43.2180573046207,0.2));
#8046=CARTESIAN_POINT('Ctrl Pts',(-2.28152891442648,-43.218567527773,0.2));
#8047=CARTESIAN_POINT('Ctrl Pts',(-2.32387114039428,-43.2195425962386,0.2));
#8048=CARTESIAN_POINT('Ctrl Pts',(-2.365164786835,-43.2288990293483,0.2));
#8049=CARTESIAN_POINT('Ctrl Pts',(-2.38485074602067,-43.2333595305681,0.2));
#8050=CARTESIAN_POINT('',(-2.25937253795564,-43.2180573046207,0.));
#8051=CARTESIAN_POINT('Ctrl Pts',(-2.18362665735185,-43.2222653925419,0.));
#8052=CARTESIAN_POINT('Ctrl Pts',(-2.18362665735185,-43.2222653925419,0.2));
#8053=CARTESIAN_POINT('Ctrl Pts',(-2.19617748564153,-43.2210380378244,0.));
#8054=CARTESIAN_POINT('Ctrl Pts',(-2.19617748564153,-43.2210380378244,0.2));
#8055=CARTESIAN_POINT('Ctrl Pts',(-2.22136708586929,-43.2185747283153,0.));
#8056=CARTESIAN_POINT('Ctrl Pts',(-2.22136708586929,-43.2185747283153,0.2));
#8057=CARTESIAN_POINT('Ctrl Pts',(-2.24667460215187,-43.2182301801556,0.));
#8058=CARTESIAN_POINT('Ctrl Pts',(-2.24667460215187,-43.2182301801556,0.2));
#8059=CARTESIAN_POINT('Ctrl Pts',(-2.25937253795564,-43.2180573046207,0.));
#8060=CARTESIAN_POINT('Ctrl Pts',(-2.25937253795564,-43.2180573046207,0.2));
#8061=CARTESIAN_POINT('',(-2.18362665735185,-43.2222653925419,0.));
#8062=CARTESIAN_POINT('Ctrl Pts',(-2.18362665735185,-43.2222653925419,0.));
#8063=CARTESIAN_POINT('Ctrl Pts',(-2.19617748564153,-43.2210380378244,0.));
#8064=CARTESIAN_POINT('Ctrl Pts',(-2.22136708586929,-43.2185747283153,0.));
#8065=CARTESIAN_POINT('Ctrl Pts',(-2.24667460215187,-43.2182301801556,0.));
#8066=CARTESIAN_POINT('Ctrl Pts',(-2.25937253795564,-43.2180573046207,0.));
#8067=CARTESIAN_POINT('',(-2.18362665735185,-43.2222653925419,0.2));
#8068=CARTESIAN_POINT('Ctrl Pts',(-2.18362665735185,-43.2222653925419,0.2));
#8069=CARTESIAN_POINT('Ctrl Pts',(-2.19617748564153,-43.2210380378244,0.2));
#8070=CARTESIAN_POINT('Ctrl Pts',(-2.22136708586929,-43.2185747283153,0.2));
#8071=CARTESIAN_POINT('Ctrl Pts',(-2.24667460215187,-43.2182301801556,0.2));
#8072=CARTESIAN_POINT('Ctrl Pts',(-2.25937253795564,-43.2180573046207,0.2));
#8073=CARTESIAN_POINT('',(-2.18362665735185,-43.2222653925419,0.));
#8074=CARTESIAN_POINT('Ctrl Pts',(-2.11170620284975,-43.2333595305681,0.));
#8075=CARTESIAN_POINT('Ctrl Pts',(-2.11170620284975,-43.2333595305681,0.2));
#8076=CARTESIAN_POINT('Ctrl Pts',(-2.12341878714158,-43.231163684974,0.));
#8077=CARTESIAN_POINT('Ctrl Pts',(-2.12341878714158,-43.231163684974,0.2));
#8078=CARTESIAN_POINT('Ctrl Pts',(-2.14727257320508,-43.2266916376679,0.));
#8079=CARTESIAN_POINT('Ctrl Pts',(-2.14727257320508,-43.2266916376679,0.2));
#8080=CARTESIAN_POINT('Ctrl Pts',(-2.17136433147272,-43.2237583763821,0.));
#8081=CARTESIAN_POINT('Ctrl Pts',(-2.17136433147272,-43.2237583763821,0.2));
#8082=CARTESIAN_POINT('Ctrl Pts',(-2.18362665735185,-43.2222653925419,0.));
#8083=CARTESIAN_POINT('Ctrl Pts',(-2.18362665735185,-43.2222653925419,0.2));
#8084=CARTESIAN_POINT('',(-2.11170620284975,-43.2333595305681,0.));
#8085=CARTESIAN_POINT('Ctrl Pts',(-2.11170620284975,-43.2333595305681,0.));
#8086=CARTESIAN_POINT('Ctrl Pts',(-2.12341878714158,-43.231163684974,0.));
#8087=CARTESIAN_POINT('Ctrl Pts',(-2.14727257320508,-43.2266916376679,0.));
#8088=CARTESIAN_POINT('Ctrl Pts',(-2.17136433147272,-43.2237583763821,0.));
#8089=CARTESIAN_POINT('Ctrl Pts',(-2.18362665735185,-43.2222653925419,0.));
#8090=CARTESIAN_POINT('',(-2.11170620284975,-43.2333595305681,0.2));
#8091=CARTESIAN_POINT('Ctrl Pts',(-2.11170620284975,-43.2333595305681,0.2));
#8092=CARTESIAN_POINT('Ctrl Pts',(-2.12341878714158,-43.231163684974,0.2));
#8093=CARTESIAN_POINT('Ctrl Pts',(-2.14727257320508,-43.2266916376679,0.2));
#8094=CARTESIAN_POINT('Ctrl Pts',(-2.17136433147272,-43.2237583763821,0.2));
#8095=CARTESIAN_POINT('Ctrl Pts',(-2.18362665735185,-43.2222653925419,0.2));
#8096=CARTESIAN_POINT('',(-2.11170620284975,-43.2333595305681,0.));
#8097=CARTESIAN_POINT('Ctrl Pts',(-2.04628921113908,-43.2490442693233,0.));
#8098=CARTESIAN_POINT('Ctrl Pts',(-2.04628921113908,-43.2490442693233,0.2));
#8099=CARTESIAN_POINT('Ctrl Pts',(-2.05688032462795,-43.2461674117965,0.));
#8100=CARTESIAN_POINT('Ctrl Pts',(-2.05688032462795,-43.2461674117965,0.2));
#8101=CARTESIAN_POINT('Ctrl Pts',(-2.0785293062429,-43.240286912473,0.));
#8102=CARTESIAN_POINT('Ctrl Pts',(-2.0785293062429,-43.240286912473,0.2));
#8103=CARTESIAN_POINT('Ctrl Pts',(-2.10048941644518,-43.2357016110855,0.));
#8104=CARTESIAN_POINT('Ctrl Pts',(-2.10048941644518,-43.2357016110855,0.2));
#8105=CARTESIAN_POINT('Ctrl Pts',(-2.11170620284975,-43.2333595305681,0.));
#8106=CARTESIAN_POINT('Ctrl Pts',(-2.11170620284975,-43.2333595305681,0.2));
#8107=CARTESIAN_POINT('',(-2.04628921113908,-43.2490442693233,0.));
#8108=CARTESIAN_POINT('Ctrl Pts',(-2.04628921113908,-43.2490442693233,0.));
#8109=CARTESIAN_POINT('Ctrl Pts',(-2.05688032462795,-43.2461674117965,0.));
#8110=CARTESIAN_POINT('Ctrl Pts',(-2.0785293062429,-43.240286912473,0.));
#8111=CARTESIAN_POINT('Ctrl Pts',(-2.10048941644518,-43.2357016110855,0.));
#8112=CARTESIAN_POINT('Ctrl Pts',(-2.11170620284975,-43.2333595305681,0.));
#8113=CARTESIAN_POINT('',(-2.04628921113908,-43.2490442693233,0.2));
#8114=CARTESIAN_POINT('Ctrl Pts',(-2.04628921113908,-43.2490442693233,0.2));
#8115=CARTESIAN_POINT('Ctrl Pts',(-2.05688032462795,-43.2461674117965,0.2));
#8116=CARTESIAN_POINT('Ctrl Pts',(-2.0785293062429,-43.240286912473,0.2));
#8117=CARTESIAN_POINT('Ctrl Pts',(-2.10048941644518,-43.2357016110855,0.2));
#8118=CARTESIAN_POINT('Ctrl Pts',(-2.11170620284975,-43.2333595305681,0.2));
#8119=CARTESIAN_POINT('',(-2.04628921113908,-43.2490442693233,0.));
#8120=CARTESIAN_POINT('Ctrl Pts',(-1.99005356989801,-43.2670243829489,0.));
#8121=CARTESIAN_POINT('Ctrl Pts',(-1.99005356989801,-43.2670243829489,0.2));
#8122=CARTESIAN_POINT('Ctrl Pts',(-1.99892346076862,-43.2639192898061,0.));
#8123=CARTESIAN_POINT('Ctrl Pts',(-1.99892346076862,-43.2639192898061,0.2));
#8124=CARTESIAN_POINT('Ctrl Pts',(-2.01750471147072,-43.2574145294905,0.));
#8125=CARTESIAN_POINT('Ctrl Pts',(-2.01750471147072,-43.2574145294905,0.2));
#8126=CARTESIAN_POINT('Ctrl Pts',(-2.03640901173093,-43.2519173378325,0.));
#8127=CARTESIAN_POINT('Ctrl Pts',(-2.03640901173093,-43.2519173378325,0.2));
#8128=CARTESIAN_POINT('Ctrl Pts',(-2.04628921113908,-43.2490442693233,0.));
#8129=CARTESIAN_POINT('Ctrl Pts',(-2.04628921113908,-43.2490442693233,0.2));
#8130=CARTESIAN_POINT('',(-1.99005356989801,-43.2670243829489,0.));
#8131=CARTESIAN_POINT('Ctrl Pts',(-1.99005356989801,-43.2670243829489,0.));
#8132=CARTESIAN_POINT('Ctrl Pts',(-1.99892346076862,-43.2639192898061,0.));
#8133=CARTESIAN_POINT('Ctrl Pts',(-2.01750471147072,-43.2574145294905,0.));
#8134=CARTESIAN_POINT('Ctrl Pts',(-2.03640901173093,-43.2519173378325,0.));
#8135=CARTESIAN_POINT('Ctrl Pts',(-2.04628921113908,-43.2490442693233,0.));
#8136=CARTESIAN_POINT('',(-1.99005356989801,-43.2670243829489,0.2));
#8137=CARTESIAN_POINT('Ctrl Pts',(-1.99005356989801,-43.2670243829489,0.2));
#8138=CARTESIAN_POINT('Ctrl Pts',(-1.99892346076862,-43.2639192898061,0.2));
#8139=CARTESIAN_POINT('Ctrl Pts',(-2.01750471147072,-43.2574145294905,0.2));
#8140=CARTESIAN_POINT('Ctrl Pts',(-2.03640901173093,-43.2519173378325,0.2));
#8141=CARTESIAN_POINT('Ctrl Pts',(-2.04628921113908,-43.2490442693233,0.2));
#8142=CARTESIAN_POINT('',(-1.99005356989801,-43.2670243829489,0.));
#8143=CARTESIAN_POINT('Origin',(-1.99005356989801,-43.3871467411518,0.));
#8144=CARTESIAN_POINT('',(-1.99005356989801,-43.3871467411518,0.));
#8145=CARTESIAN_POINT('',(-1.99005356989801,-43.3871467411518,0.));
#8146=CARTESIAN_POINT('',(-1.99005356989801,-43.3871467411518,0.2));
#8147=CARTESIAN_POINT('',(-1.99005356989801,-43.3871467411518,0.2));
#8148=CARTESIAN_POINT('',(-1.99005356989801,-43.3871467411518,0.));
#8149=CARTESIAN_POINT('Ctrl Pts',(-2.12050496600568,-43.3458308130503,0.));
#8150=CARTESIAN_POINT('Ctrl Pts',(-2.12050496600568,-43.3458308130503,0.2));
#8151=CARTESIAN_POINT('Ctrl Pts',(-2.09899046704795,-43.3513060178299,0.));
#8152=CARTESIAN_POINT('Ctrl Pts',(-2.09899046704795,-43.3513060178299,0.2));
#8153=CARTESIAN_POINT('Ctrl Pts',(-2.05471634027843,-43.3625732990703,0.));
#8154=CARTESIAN_POINT('Ctrl Pts',(-2.05471634027843,-43.3625732990703,0.2));
#8155=CARTESIAN_POINT('Ctrl Pts',(-2.01200818957178,-43.3788034460563,0.));
#8156=CARTESIAN_POINT('Ctrl Pts',(-2.01200818957178,-43.3788034460563,0.2));
#8157=CARTESIAN_POINT('Ctrl Pts',(-1.99005356989801,-43.3871467411518,0.));
#8158=CARTESIAN_POINT('Ctrl Pts',(-1.99005356989801,-43.3871467411518,0.2));
#8159=CARTESIAN_POINT('',(-2.12050496600568,-43.3458308130503,0.));
#8160=CARTESIAN_POINT('Ctrl Pts',(-2.12050496600568,-43.3458308130503,0.));
#8161=CARTESIAN_POINT('Ctrl Pts',(-2.09899046704795,-43.3513060178299,0.));
#8162=CARTESIAN_POINT('Ctrl Pts',(-2.05471634027843,-43.3625732990703,0.));
#8163=CARTESIAN_POINT('Ctrl Pts',(-2.01200818957178,-43.3788034460563,0.));
#8164=CARTESIAN_POINT('Ctrl Pts',(-1.99005356989801,-43.3871467411518,0.));
#8165=CARTESIAN_POINT('',(-2.12050496600568,-43.3458308130503,0.2));
#8166=CARTESIAN_POINT('Ctrl Pts',(-2.12050496600568,-43.3458308130503,0.2));
#8167=CARTESIAN_POINT('Ctrl Pts',(-2.09899046704795,-43.3513060178299,0.2));
#8168=CARTESIAN_POINT('Ctrl Pts',(-2.05471634027843,-43.3625732990703,0.2));
#8169=CARTESIAN_POINT('Ctrl Pts',(-2.01200818957178,-43.3788034460563,0.2));
#8170=CARTESIAN_POINT('Ctrl Pts',(-1.99005356989801,-43.3871467411518,0.2));
#8171=CARTESIAN_POINT('',(-2.12050496600568,-43.3458308130503,0.));
#8172=CARTESIAN_POINT('Ctrl Pts',(-2.24866098724306,-43.3312936872244,0.));
#8173=CARTESIAN_POINT('Ctrl Pts',(-2.24866098724306,-43.3312936872244,0.2));
#8174=CARTESIAN_POINT('Ctrl Pts',(-2.22707324881287,-43.3318969636282,0.));
#8175=CARTESIAN_POINT('Ctrl Pts',(-2.22707324881287,-43.3318969636282,0.2));
#8176=CARTESIAN_POINT('Ctrl Pts',(-2.18394142414483,-43.333102296561,0.));
#8177=CARTESIAN_POINT('Ctrl Pts',(-2.18394142414483,-43.333102296561,0.2));
#8178=CARTESIAN_POINT('Ctrl Pts',(-2.1416361801723,-43.3415908378712,0.));
#8179=CARTESIAN_POINT('Ctrl Pts',(-2.1416361801723,-43.3415908378712,0.2));
#8180=CARTESIAN_POINT('Ctrl Pts',(-2.12050496600568,-43.3458308130503,0.));
#8181=CARTESIAN_POINT('Ctrl Pts',(-2.12050496600568,-43.3458308130503,0.2));
#8182=CARTESIAN_POINT('',(-2.24866098724306,-43.3312936872244,0.));
#8183=CARTESIAN_POINT('Ctrl Pts',(-2.24866098724306,-43.3312936872244,0.));
#8184=CARTESIAN_POINT('Ctrl Pts',(-2.22707324881287,-43.3318969636282,0.));
#8185=CARTESIAN_POINT('Ctrl Pts',(-2.18394142414483,-43.333102296561,0.));
#8186=CARTESIAN_POINT('Ctrl Pts',(-2.1416361801723,-43.3415908378712,0.));
#8187=CARTESIAN_POINT('Ctrl Pts',(-2.12050496600568,-43.3458308130503,0.));
#8188=CARTESIAN_POINT('',(-2.24866098724306,-43.3312936872244,0.2));
#8189=CARTESIAN_POINT('Ctrl Pts',(-2.24866098724306,-43.3312936872244,0.2));
#8190=CARTESIAN_POINT('Ctrl Pts',(-2.22707324881287,-43.3318969636282,0.2));
#8191=CARTESIAN_POINT('Ctrl Pts',(-2.18394142414483,-43.333102296561,0.2));
#8192=CARTESIAN_POINT('Ctrl Pts',(-2.1416361801723,-43.3415908378712,0.2));
#8193=CARTESIAN_POINT('Ctrl Pts',(-2.12050496600568,-43.3458308130503,0.2));
#8194=CARTESIAN_POINT('',(-2.24866098724306,-43.3312936872244,0.));
#8195=CARTESIAN_POINT('Ctrl Pts',(-2.38179034553468,-43.3722271025181,0.));
#8196=CARTESIAN_POINT('Ctrl Pts',(-2.38179034553468,-43.3722271025181,0.2));
#8197=CARTESIAN_POINT('Ctrl Pts',(-2.36397939716855,-43.3603256071395,0.));
#8198=CARTESIAN_POINT('Ctrl Pts',(-2.36397939716855,-43.3603256071395,0.2));
#8199=CARTESIAN_POINT('Ctrl Pts',(-2.32393910008357,-43.3335701867702,0.));
#8200=CARTESIAN_POINT('Ctrl Pts',(-2.32393910008357,-43.3335701867702,0.2));
#8201=CARTESIAN_POINT('Ctrl Pts',(-2.27553416758039,-43.3321063641171,0.));
#8202=CARTESIAN_POINT('Ctrl Pts',(-2.27553416758039,-43.3321063641171,0.2));
#8203=CARTESIAN_POINT('Ctrl Pts',(-2.24866098724306,-43.3312936872244,0.));
#8204=CARTESIAN_POINT('Ctrl Pts',(-2.24866098724306,-43.3312936872244,0.2));
#8205=CARTESIAN_POINT('',(-2.38179034553468,-43.3722271025181,0.));
#8206=CARTESIAN_POINT('Ctrl Pts',(-2.38179034553468,-43.3722271025181,0.));
#8207=CARTESIAN_POINT('Ctrl Pts',(-2.36397939716855,-43.3603256071395,0.));
#8208=CARTESIAN_POINT('Ctrl Pts',(-2.32393910008357,-43.3335701867702,0.));
#8209=CARTESIAN_POINT('Ctrl Pts',(-2.27553416758039,-43.3321063641171,0.));
#8210=CARTESIAN_POINT('Ctrl Pts',(-2.24866098724306,-43.3312936872244,0.));
#8211=CARTESIAN_POINT('',(-2.38179034553468,-43.3722271025181,0.2));
#8212=CARTESIAN_POINT('Ctrl Pts',(-2.38179034553468,-43.3722271025181,0.2));
#8213=CARTESIAN_POINT('Ctrl Pts',(-2.36397939716855,-43.3603256071395,0.2));
#8214=CARTESIAN_POINT('Ctrl Pts',(-2.32393910008357,-43.3335701867702,0.2));
#8215=CARTESIAN_POINT('Ctrl Pts',(-2.27553416758039,-43.3321063641171,0.2));
#8216=CARTESIAN_POINT('Ctrl Pts',(-2.24866098724306,-43.3312936872244,0.2));
#8217=CARTESIAN_POINT('',(-2.38179034553468,-43.3722271025181,0.));
#8218=CARTESIAN_POINT('Ctrl Pts',(-2.42540172301233,-43.4812553972006,0.));
#8219=CARTESIAN_POINT('Ctrl Pts',(-2.42540172301233,-43.4812553972006,0.2));
#8220=CARTESIAN_POINT('Ctrl Pts',(-2.42386664311548,-43.4599615385846,0.));
#8221=CARTESIAN_POINT('Ctrl Pts',(-2.42386664311548,-43.4599615385846,0.2));
#8222=CARTESIAN_POINT('Ctrl Pts',(-2.42090519731046,-43.4188818472928,0.));
#8223=CARTESIAN_POINT('Ctrl Pts',(-2.42090519731046,-43.4188818472928,0.2));
#8224=CARTESIAN_POINT('Ctrl Pts',(-2.39450558828503,-43.387393372575,0.));
#8225=CARTESIAN_POINT('Ctrl Pts',(-2.39450558828503,-43.387393372575,0.2));
#8226=CARTESIAN_POINT('Ctrl Pts',(-2.38179034553468,-43.3722271025181,0.));
#8227=CARTESIAN_POINT('Ctrl Pts',(-2.38179034553468,-43.3722271025181,0.2));
#8228=CARTESIAN_POINT('',(-2.42540172301233,-43.4812553972006,0.));
#8229=CARTESIAN_POINT('Ctrl Pts',(-2.42540172301233,-43.4812553972006,0.));
#8230=CARTESIAN_POINT('Ctrl Pts',(-2.42386664311548,-43.4599615385846,0.));
#8231=CARTESIAN_POINT('Ctrl Pts',(-2.42090519731046,-43.4188818472928,0.));
#8232=CARTESIAN_POINT('Ctrl Pts',(-2.39450558828503,-43.387393372575,0.));
#8233=CARTESIAN_POINT('Ctrl Pts',(-2.38179034553468,-43.3722271025181,0.));
#8234=CARTESIAN_POINT('',(-2.42540172301233,-43.4812553972006,0.2));
#8235=CARTESIAN_POINT('Ctrl Pts',(-2.42540172301233,-43.4812553972006,0.2));
#8236=CARTESIAN_POINT('Ctrl Pts',(-2.42386664311548,-43.4599615385846,0.2));
#8237=CARTESIAN_POINT('Ctrl Pts',(-2.42090519731046,-43.4188818472928,0.2));
#8238=CARTESIAN_POINT('Ctrl Pts',(-2.39450558828503,-43.387393372575,0.2));
#8239=CARTESIAN_POINT('Ctrl Pts',(-2.38179034553468,-43.3722271025181,0.2));
#8240=CARTESIAN_POINT('',(-2.42540172301233,-43.4812553972006,0.));
#8241=CARTESIAN_POINT('Origin',(-2.42540172301233,-43.5485851764679,0.));
#8242=CARTESIAN_POINT('',(-2.42540172301233,-43.5485851764679,0.));
#8243=CARTESIAN_POINT('',(-2.42540172301233,-43.5485851764679,0.));
#8244=CARTESIAN_POINT('',(-2.42540172301233,-43.5485851764679,0.2));
#8245=CARTESIAN_POINT('',(-2.42540172301233,-43.5485851764679,0.2));
#8246=CARTESIAN_POINT('',(-2.42540172301233,-43.5485851764679,0.));
#8247=CARTESIAN_POINT('Origin',(-2.26625866256654,-43.5485851764679,0.));
#8248=CARTESIAN_POINT('',(-2.26625866256654,-43.5485851764679,0.));
#8249=CARTESIAN_POINT('',(-2.26625866256654,-43.5485851764679,0.));
#8250=CARTESIAN_POINT('',(-2.26625866256654,-43.5485851764679,0.2));
#8251=CARTESIAN_POINT('',(-2.26625866256654,-43.5485851764679,0.2));
#8252=CARTESIAN_POINT('',(-2.26625866256654,-43.5485851764679,0.));
#8253=CARTESIAN_POINT('Ctrl Pts',(-2.01185925863683,-43.6140021681786,0.));
#8254=CARTESIAN_POINT('Ctrl Pts',(-2.01185925863683,-43.6140021681786,0.2));
#8255=CARTESIAN_POINT('Ctrl Pts',(-2.04666726747582,-43.5949896142275,0.));
#8256=CARTESIAN_POINT('Ctrl Pts',(-2.04666726747582,-43.5949896142275,0.2));
#8257=CARTESIAN_POINT('Ctrl Pts',(-2.12555940054396,-43.5518977802991,0.));
#8258=CARTESIAN_POINT('Ctrl Pts',(-2.12555940054396,-43.5518977802991,0.2));
#8259=CARTESIAN_POINT('Ctrl Pts',(-2.215821253897,-43.5497726677937,0.));
#8260=CARTESIAN_POINT('Ctrl Pts',(-2.215821253897,-43.5497726677937,0.2));
#8261=CARTESIAN_POINT('Ctrl Pts',(-2.26625866256654,-43.5485851764679,0.));
#8262=CARTESIAN_POINT('Ctrl Pts',(-2.26625866256654,-43.5485851764679,0.2));
#8263=CARTESIAN_POINT('',(-2.01185925863683,-43.6140021681786,0.));
#8264=CARTESIAN_POINT('Ctrl Pts',(-2.01185925863683,-43.6140021681786,0.));
#8265=CARTESIAN_POINT('Ctrl Pts',(-2.04666726747582,-43.5949896142275,0.));
#8266=CARTESIAN_POINT('Ctrl Pts',(-2.12555940054396,-43.5518977802991,0.));
#8267=CARTESIAN_POINT('Ctrl Pts',(-2.215821253897,-43.5497726677937,0.));
#8268=CARTESIAN_POINT('Ctrl Pts',(-2.26625866256654,-43.5485851764679,0.));
#8269=CARTESIAN_POINT('',(-2.01185925863683,-43.6140021681786,0.2));
#8270=CARTESIAN_POINT('Ctrl Pts',(-2.01185925863683,-43.6140021681786,0.2));
#8271=CARTESIAN_POINT('Ctrl Pts',(-2.04666726747582,-43.5949896142275,0.2));
#8272=CARTESIAN_POINT('Ctrl Pts',(-2.12555940054396,-43.5518977802991,0.2));
#8273=CARTESIAN_POINT('Ctrl Pts',(-2.215821253897,-43.5497726677937,0.2));
#8274=CARTESIAN_POINT('Ctrl Pts',(-2.26625866256654,-43.5485851764679,0.2));
#8275=CARTESIAN_POINT('',(-2.01185925863683,-43.6140021681786,0.));
#8276=CARTESIAN_POINT('Ctrl Pts',(-1.9257842656225,-43.7949509173632,0.));
#8277=CARTESIAN_POINT('Ctrl Pts',(-1.9257842656225,-43.7949509173632,0.2));
#8278=CARTESIAN_POINT('Ctrl Pts',(-1.92908309835799,-43.758750770017,0.));
#8279=CARTESIAN_POINT('Ctrl Pts',(-1.92908309835799,-43.758750770017,0.2));
#8280=CARTESIAN_POINT('Ctrl Pts',(-1.93555477545789,-43.6877330242331,0.));
#8281=CARTESIAN_POINT('Ctrl Pts',(-1.93555477545789,-43.6877330242331,0.2));
#8282=CARTESIAN_POINT('Ctrl Pts',(-1.98675669130582,-43.6382580664086,0.));
#8283=CARTESIAN_POINT('Ctrl Pts',(-1.98675669130582,-43.6382580664086,0.2));
#8284=CARTESIAN_POINT('Ctrl Pts',(-2.01185925863683,-43.6140021681786,0.));
#8285=CARTESIAN_POINT('Ctrl Pts',(-2.01185925863683,-43.6140021681786,0.2));
#8286=CARTESIAN_POINT('',(-1.9257842656225,-43.7949509173632,0.));
#8287=CARTESIAN_POINT('Ctrl Pts',(-1.9257842656225,-43.7949509173632,0.));
#8288=CARTESIAN_POINT('Ctrl Pts',(-1.92908309835799,-43.758750770017,0.));
#8289=CARTESIAN_POINT('Ctrl Pts',(-1.93555477545789,-43.6877330242331,0.));
#8290=CARTESIAN_POINT('Ctrl Pts',(-1.98675669130582,-43.6382580664086,0.));
#8291=CARTESIAN_POINT('Ctrl Pts',(-2.01185925863683,-43.6140021681786,0.));
#8292=CARTESIAN_POINT('',(-1.9257842656225,-43.7949509173632,0.2));
#8293=CARTESIAN_POINT('Ctrl Pts',(-1.9257842656225,-43.7949509173632,0.2));
#8294=CARTESIAN_POINT('Ctrl Pts',(-1.92908309835799,-43.758750770017,0.2));
#8295=CARTESIAN_POINT('Ctrl Pts',(-1.93555477545789,-43.6877330242331,0.2));
#8296=CARTESIAN_POINT('Ctrl Pts',(-1.98675669130582,-43.6382580664086,0.2));
#8297=CARTESIAN_POINT('Ctrl Pts',(-2.01185925863683,-43.6140021681786,0.2));
#8298=CARTESIAN_POINT('',(-1.9257842656225,-43.7949509173632,0.));
#8299=CARTESIAN_POINT('Ctrl Pts',(-1.93993880413473,-43.8814084231853,0.));
#8300=CARTESIAN_POINT('Ctrl Pts',(-1.93993880413473,-43.8814084231853,0.2));
#8301=CARTESIAN_POINT('Ctrl Pts',(-1.93581111986192,-43.867670410503,0.));
#8302=CARTESIAN_POINT('Ctrl Pts',(-1.93581111986192,-43.867670410503,0.2));
#8303=CARTESIAN_POINT('Ctrl Pts',(-1.92733937969519,-43.8394742438003,0.));
#8304=CARTESIAN_POINT('Ctrl Pts',(-1.92733937969519,-43.8394742438003,0.2));
#8305=CARTESIAN_POINT('Ctrl Pts',(-1.92631138874628,-43.8100425915527,0.));
#8306=CARTESIAN_POINT('Ctrl Pts',(-1.92631138874628,-43.8100425915527,0.2));
#8307=CARTESIAN_POINT('Ctrl Pts',(-1.9257842656225,-43.7949509173632,0.));
#8308=CARTESIAN_POINT('Ctrl Pts',(-1.9257842656225,-43.7949509173632,0.2));
#8309=CARTESIAN_POINT('',(-1.93993880413473,-43.8814084231853,0.));
#8310=CARTESIAN_POINT('Ctrl Pts',(-1.93993880413473,-43.8814084231853,0.));
#8311=CARTESIAN_POINT('Ctrl Pts',(-1.93581111986192,-43.867670410503,0.));
#8312=CARTESIAN_POINT('Ctrl Pts',(-1.92733937969519,-43.8394742438003,0.));
#8313=CARTESIAN_POINT('Ctrl Pts',(-1.92631138874628,-43.8100425915527,0.));
#8314=CARTESIAN_POINT('Ctrl Pts',(-1.9257842656225,-43.7949509173632,0.));
#8315=CARTESIAN_POINT('',(-1.93993880413473,-43.8814084231853,0.2));
#8316=CARTESIAN_POINT('Ctrl Pts',(-1.93993880413473,-43.8814084231853,0.2));
#8317=CARTESIAN_POINT('Ctrl Pts',(-1.93581111986192,-43.867670410503,0.2));
#8318=CARTESIAN_POINT('Ctrl Pts',(-1.92733937969519,-43.8394742438003,0.2));
#8319=CARTESIAN_POINT('Ctrl Pts',(-1.92631138874628,-43.8100425915527,0.2));
#8320=CARTESIAN_POINT('Ctrl Pts',(-1.9257842656225,-43.7949509173632,0.2));
#8321=CARTESIAN_POINT('',(-1.93993880413473,-43.8814084231853,0.));
#8322=CARTESIAN_POINT('Ctrl Pts',(-1.98431528173387,-43.9506509900093,0.));
#8323=CARTESIAN_POINT('Ctrl Pts',(-1.98431528173387,-43.9506509900093,0.2));
#8324=CARTESIAN_POINT('Ctrl Pts',(-1.97491038909903,-43.9404006461306,0.));
#8325=CARTESIAN_POINT('Ctrl Pts',(-1.97491038909903,-43.9404006461306,0.2));
#8326=CARTESIAN_POINT('Ctrl Pts',(-1.9560975829931,-43.9198966659794,0.));
#8327=CARTESIAN_POINT('Ctrl Pts',(-1.9560975829931,-43.9198966659794,0.2));
#8328=CARTESIAN_POINT('Ctrl Pts',(-1.94532564031667,-43.8942392107517,0.));
#8329=CARTESIAN_POINT('Ctrl Pts',(-1.94532564031667,-43.8942392107517,0.2));
#8330=CARTESIAN_POINT('Ctrl Pts',(-1.93993880413473,-43.8814084231853,0.));
#8331=CARTESIAN_POINT('Ctrl Pts',(-1.93993880413473,-43.8814084231853,0.2));
#8332=CARTESIAN_POINT('',(-1.98431528173387,-43.9506509900093,0.));
#8333=CARTESIAN_POINT('Ctrl Pts',(-1.98431528173387,-43.9506509900093,0.));
#8334=CARTESIAN_POINT('Ctrl Pts',(-1.97491038909903,-43.9404006461306,0.));
#8335=CARTESIAN_POINT('Ctrl Pts',(-1.9560975829931,-43.9198966659794,0.));
#8336=CARTESIAN_POINT('Ctrl Pts',(-1.94532564031667,-43.8942392107517,0.));
#8337=CARTESIAN_POINT('Ctrl Pts',(-1.93993880413473,-43.8814084231853,0.));
#8338=CARTESIAN_POINT('',(-1.98431528173387,-43.9506509900093,0.2));
#8339=CARTESIAN_POINT('Ctrl Pts',(-1.98431528173387,-43.9506509900093,0.2));
#8340=CARTESIAN_POINT('Ctrl Pts',(-1.97491038909903,-43.9404006461306,0.2));
#8341=CARTESIAN_POINT('Ctrl Pts',(-1.9560975829931,-43.9198966659794,0.2));
#8342=CARTESIAN_POINT('Ctrl Pts',(-1.94532564031667,-43.8942392107517,0.2));
#8343=CARTESIAN_POINT('Ctrl Pts',(-1.93993880413473,-43.8814084231853,0.2));
#8344=CARTESIAN_POINT('',(-1.98431528173387,-43.9506509900093,0.));
#8345=CARTESIAN_POINT('Ctrl Pts',(-2.06120892427862,-43.9969402551651,0.));
#8346=CARTESIAN_POINT('Ctrl Pts',(-2.06120892427862,-43.9969402551651,0.2));
#8347=CARTESIAN_POINT('Ctrl Pts',(-2.04656824077833,-43.9910243663925,0.));
#8348=CARTESIAN_POINT('Ctrl Pts',(-2.04656824077833,-43.9910243663925,0.2));
#8349=CARTESIAN_POINT('Ctrl Pts',(-2.01846056085008,-43.9796668428103,0.));
#8350=CARTESIAN_POINT('Ctrl Pts',(-2.01846056085008,-43.9796668428103,0.2));
#8351=CARTESIAN_POINT('Ctrl Pts',(-1.99537572506601,-43.9600498938679,0.));
#8352=CARTESIAN_POINT('Ctrl Pts',(-1.99537572506601,-43.9600498938679,0.2));
#8353=CARTESIAN_POINT('Ctrl Pts',(-1.98431528173387,-43.9506509900093,0.));
#8354=CARTESIAN_POINT('Ctrl Pts',(-1.98431528173387,-43.9506509900093,0.2));
#8355=CARTESIAN_POINT('',(-2.06120892427862,-43.9969402551651,0.));
#8356=CARTESIAN_POINT('Ctrl Pts',(-2.06120892427862,-43.9969402551651,0.));
#8357=CARTESIAN_POINT('Ctrl Pts',(-2.04656824077833,-43.9910243663925,0.));
#8358=CARTESIAN_POINT('Ctrl Pts',(-2.01846056085008,-43.9796668428103,0.));
#8359=CARTESIAN_POINT('Ctrl Pts',(-1.99537572506601,-43.9600498938679,0.));
#8360=CARTESIAN_POINT('Ctrl Pts',(-1.98431528173387,-43.9506509900093,0.));
#8361=CARTESIAN_POINT('',(-2.06120892427862,-43.9969402551651,0.2));
#8362=CARTESIAN_POINT('Ctrl Pts',(-2.06120892427862,-43.9969402551651,0.2));
#8363=CARTESIAN_POINT('Ctrl Pts',(-2.04656824077833,-43.9910243663925,0.2));
#8364=CARTESIAN_POINT('Ctrl Pts',(-2.01846056085008,-43.9796668428103,0.2));
#8365=CARTESIAN_POINT('Ctrl Pts',(-1.99537572506601,-43.9600498938679,0.2));
#8366=CARTESIAN_POINT('Ctrl Pts',(-1.98431528173387,-43.9506509900093,0.2));
#8367=CARTESIAN_POINT('',(-2.06120892427862,-43.9969402551651,0.));
#8368=CARTESIAN_POINT('Ctrl Pts',(-2.17368020676076,-44.0137726068497,0.));
#8369=CARTESIAN_POINT('Ctrl Pts',(-2.17368020676076,-44.0137726068497,0.2));
#8370=CARTESIAN_POINT('Ctrl Pts',(-2.15319659528636,-44.0132956755269,0.));
#8371=CARTESIAN_POINT('Ctrl Pts',(-2.15319659528636,-44.0132956755269,0.2));
#8372=CARTESIAN_POINT('Ctrl Pts',(-2.11496985437848,-44.0124056210496,0.));
#8373=CARTESIAN_POINT('Ctrl Pts',(-2.11496985437848,-44.0124056210496,0.2));
#8374=CARTESIAN_POINT('Ctrl Pts',(-2.07825179279713,-44.0018429641932,0.));
#8375=CARTESIAN_POINT('Ctrl Pts',(-2.07825179279713,-44.0018429641932,0.2));
#8376=CARTESIAN_POINT('Ctrl Pts',(-2.06120892427862,-43.9969402551651,0.));
#8377=CARTESIAN_POINT('Ctrl Pts',(-2.06120892427862,-43.9969402551651,0.2));
#8378=CARTESIAN_POINT('',(-2.17368020676076,-44.0137726068497,0.));
#8379=CARTESIAN_POINT('Ctrl Pts',(-2.17368020676076,-44.0137726068497,0.));
#8380=CARTESIAN_POINT('Ctrl Pts',(-2.15319659528636,-44.0132956755269,0.));
#8381=CARTESIAN_POINT('Ctrl Pts',(-2.11496985437848,-44.0124056210496,0.));
#8382=CARTESIAN_POINT('Ctrl Pts',(-2.07825179279713,-44.0018429641932,0.));
#8383=CARTESIAN_POINT('Ctrl Pts',(-2.06120892427862,-43.9969402551651,0.));
#8384=CARTESIAN_POINT('',(-2.17368020676076,-44.0137726068497,0.2));
#8385=CARTESIAN_POINT('Ctrl Pts',(-2.17368020676076,-44.0137726068497,0.2));
#8386=CARTESIAN_POINT('Ctrl Pts',(-2.15319659528636,-44.0132956755269,0.2));
#8387=CARTESIAN_POINT('Ctrl Pts',(-2.11496985437848,-44.0124056210496,0.2));
#8388=CARTESIAN_POINT('Ctrl Pts',(-2.07825179279713,-44.0018429641932,0.2));
#8389=CARTESIAN_POINT('Ctrl Pts',(-2.06120892427862,-43.9969402551651,0.2));
#8390=CARTESIAN_POINT('',(-2.17368020676076,-44.0137726068497,0.));
#8391=CARTESIAN_POINT('Ctrl Pts',(-2.30948737822473,-43.9862287044525,0.));
#8392=CARTESIAN_POINT('Ctrl Pts',(-2.30948737822473,-43.9862287044525,0.2));
#8393=CARTESIAN_POINT('Ctrl Pts',(-2.28762796867455,-43.9942623190731,0.));
#8394=CARTESIAN_POINT('Ctrl Pts',(-2.28762796867455,-43.9942623190731,0.2));
#8395=CARTESIAN_POINT('Ctrl Pts',(-2.24376835135475,-44.0103812934739,0.));
#8396=CARTESIAN_POINT('Ctrl Pts',(-2.24376835135475,-44.0103812934739,0.2));
#8397=CARTESIAN_POINT('Ctrl Pts',(-2.19709286753175,-44.0126397523549,0.));
#8398=CARTESIAN_POINT('Ctrl Pts',(-2.19709286753175,-44.0126397523549,0.2));
#8399=CARTESIAN_POINT('Ctrl Pts',(-2.17368020676076,-44.0137726068497,0.));
#8400=CARTESIAN_POINT('Ctrl Pts',(-2.17368020676076,-44.0137726068497,0.2));
#8401=CARTESIAN_POINT('',(-2.30948737822473,-43.9862287044525,0.));
#8402=CARTESIAN_POINT('Ctrl Pts',(-2.30948737822473,-43.9862287044525,0.));
#8403=CARTESIAN_POINT('Ctrl Pts',(-2.28762796867455,-43.9942623190731,0.));
#8404=CARTESIAN_POINT('Ctrl Pts',(-2.24376835135475,-44.0103812934739,0.));
#8405=CARTESIAN_POINT('Ctrl Pts',(-2.19709286753175,-44.0126397523549,0.));
#8406=CARTESIAN_POINT('Ctrl Pts',(-2.17368020676076,-44.0137726068497,0.));
#8407=CARTESIAN_POINT('',(-2.30948737822473,-43.9862287044525,0.2));
#8408=CARTESIAN_POINT('Ctrl Pts',(-2.30948737822473,-43.9862287044525,0.2));
#8409=CARTESIAN_POINT('Ctrl Pts',(-2.28762796867455,-43.9942623190731,0.2));
#8410=CARTESIAN_POINT('Ctrl Pts',(-2.24376835135475,-44.0103812934739,0.2));
#8411=CARTESIAN_POINT('Ctrl Pts',(-2.19709286753175,-44.0126397523549,0.2));
#8412=CARTESIAN_POINT('Ctrl Pts',(-2.17368020676076,-44.0137726068497,0.2));
#8413=CARTESIAN_POINT('',(-2.30948737822473,-43.9862287044525,0.));
#8414=CARTESIAN_POINT('Ctrl Pts',(-2.43687829934061,-43.8967107236385,0.));
#8415=CARTESIAN_POINT('Ctrl Pts',(-2.43687829934061,-43.8967107236385,0.2));
#8416=CARTESIAN_POINT('Ctrl Pts',(-2.41658731978196,-43.9156246310325,0.));
#8417=CARTESIAN_POINT('Ctrl Pts',(-2.41658731978196,-43.9156246310325,0.2));
#8418=CARTESIAN_POINT('Ctrl Pts',(-2.37823113721762,-43.9513777243177,0.));
#8419=CARTESIAN_POINT('Ctrl Pts',(-2.37823113721762,-43.9513777243177,0.2));
#8420=CARTESIAN_POINT('Ctrl Pts',(-2.33149800325697,-43.9750699917636,0.));
#8421=CARTESIAN_POINT('Ctrl Pts',(-2.33149800325697,-43.9750699917636,0.2));
#8422=CARTESIAN_POINT('Ctrl Pts',(-2.30948737822473,-43.9862287044525,0.));
#8423=CARTESIAN_POINT('Ctrl Pts',(-2.30948737822473,-43.9862287044525,0.2));
#8424=CARTESIAN_POINT('',(-2.43687829934061,-43.8967107236385,0.));
#8425=CARTESIAN_POINT('Ctrl Pts',(-2.43687829934061,-43.8967107236385,0.));
#8426=CARTESIAN_POINT('Ctrl Pts',(-2.41658731978196,-43.9156246310325,0.));
#8427=CARTESIAN_POINT('Ctrl Pts',(-2.37823113721762,-43.9513777243177,0.));
#8428=CARTESIAN_POINT('Ctrl Pts',(-2.33149800325697,-43.9750699917636,0.));
#8429=CARTESIAN_POINT('Ctrl Pts',(-2.30948737822473,-43.9862287044525,0.));
#8430=CARTESIAN_POINT('',(-2.43687829934061,-43.8967107236385,0.2));
#8431=CARTESIAN_POINT('Ctrl Pts',(-2.43687829934061,-43.8967107236385,0.2));
#8432=CARTESIAN_POINT('Ctrl Pts',(-2.41658731978196,-43.9156246310325,0.2));
#8433=CARTESIAN_POINT('Ctrl Pts',(-2.37823113721762,-43.9513777243177,0.2));
#8434=CARTESIAN_POINT('Ctrl Pts',(-2.33149800325697,-43.9750699917636,0.2));
#8435=CARTESIAN_POINT('Ctrl Pts',(-2.30948737822473,-43.9862287044525,0.2));
#8436=CARTESIAN_POINT('',(-2.43687829934061,-43.8967107236385,0.));
#8437=CARTESIAN_POINT('Origin',(-2.43993884883821,-44.0000006556511,0.));
#8438=CARTESIAN_POINT('',(-2.43993884883821,-44.0000006556511,0.));
#8439=CARTESIAN_POINT('',(-2.43993884883821,-44.0000006556511,0.));
#8440=CARTESIAN_POINT('',(-2.43993884883821,-44.0000006556511,0.2));
#8441=CARTESIAN_POINT('',(-2.43993884883821,-44.0000006556511,0.2));
#8442=CARTESIAN_POINT('',(-2.43993884883821,-44.0000006556511,0.));
#8443=CARTESIAN_POINT('Origin',(-2.55929610691965,-44.0000006556511,0.));
#8444=CARTESIAN_POINT('',(-2.55929610691965,-44.0000006556511,0.));
#8445=CARTESIAN_POINT('',(-2.55929610691965,-44.0000006556511,0.2));
#8446=CARTESIAN_POINT('Origin',(-5.65952591132373,-43.6140021681786,0.));
#8447=CARTESIAN_POINT('Origin',(-5.65952591132373,-43.6140021681786,0.2));
#8448=CARTESIAN_POINT('Ctrl Pts',(-3.79571563564241,-43.4621275961399,0.));
#8449=CARTESIAN_POINT('Ctrl Pts',(-3.79571563564241,-43.4621275961399,0.2));
#8450=CARTESIAN_POINT('Ctrl Pts',(-3.79085306070552,-43.4769984674609,0.));
#8451=CARTESIAN_POINT('Ctrl Pts',(-3.79085306070552,-43.4769984674609,0.2));
#8452=CARTESIAN_POINT('Ctrl Pts',(-3.78083236280159,-43.5076440638806,0.));
#8453=CARTESIAN_POINT('Ctrl Pts',(-3.78083236280159,-43.5076440638806,0.2));
#8454=CARTESIAN_POINT('Ctrl Pts',(-3.7775250264909,-43.5397235244833,0.));
#8455=CARTESIAN_POINT('Ctrl Pts',(-3.7775250264909,-43.5397235244833,0.2));
#8456=CARTESIAN_POINT('Ctrl Pts',(-3.77582258544862,-43.5562363266945,0.));
#8457=CARTESIAN_POINT('Ctrl Pts',(-3.77582258544862,-43.5562363266945,0.2));
#8458=CARTESIAN_POINT('',(-3.79571563564241,-43.4621275961399,0.));
#8459=CARTESIAN_POINT('',(-3.77582258544862,-43.5562363266945,0.));
#8460=CARTESIAN_POINT('Ctrl Pts',(-3.79571563564241,-43.4621275961399,0.));
#8461=CARTESIAN_POINT('Ctrl Pts',(-3.79085306070552,-43.4769984674609,0.));
#8462=CARTESIAN_POINT('Ctrl Pts',(-3.78083236280159,-43.5076440638806,0.));
#8463=CARTESIAN_POINT('Ctrl Pts',(-3.7775250264909,-43.5397235244833,0.));
#8464=CARTESIAN_POINT('Ctrl Pts',(-3.77582258544862,-43.5562363266945,0.));
#8465=CARTESIAN_POINT('',(-3.77582258544862,-43.5562363266945,0.2));
#8466=CARTESIAN_POINT('',(-3.77582258544862,-43.5562363266945,0.));
#8467=CARTESIAN_POINT('',(-3.79571563564241,-43.4621275961399,0.2));
#8468=CARTESIAN_POINT('Ctrl Pts',(-3.79571563564241,-43.4621275961399,0.2));
#8469=CARTESIAN_POINT('Ctrl Pts',(-3.79085306070552,-43.4769984674609,0.2));
#8470=CARTESIAN_POINT('Ctrl Pts',(-3.78083236280159,-43.5076440638806,0.2));
#8471=CARTESIAN_POINT('Ctrl Pts',(-3.7775250264909,-43.5397235244833,0.2));
#8472=CARTESIAN_POINT('Ctrl Pts',(-3.77582258544862,-43.5562363266945,0.2));
#8473=CARTESIAN_POINT('',(-3.79571563564241,-43.4621275961399,0.));
#8474=CARTESIAN_POINT('Ctrl Pts',(-3.83779651485383,-43.3886769413948,0.));
#8475=CARTESIAN_POINT('Ctrl Pts',(-3.83779651485383,-43.3886769413948,0.2));
#8476=CARTESIAN_POINT('Ctrl Pts',(-3.82945718974492,-43.3996119633249,0.));
#8477=CARTESIAN_POINT('Ctrl Pts',(-3.82945718974492,-43.3996119633249,0.2));
#8478=CARTESIAN_POINT('Ctrl Pts',(-3.81220434161417,-43.4222349298362,0.));
#8479=CARTESIAN_POINT('Ctrl Pts',(-3.81220434161417,-43.4222349298362,0.2));
#8480=CARTESIAN_POINT('Ctrl Pts',(-3.80133248099794,-43.4485382375916,0.));
#8481=CARTESIAN_POINT('Ctrl Pts',(-3.80133248099794,-43.4485382375916,0.2));
#8482=CARTESIAN_POINT('Ctrl Pts',(-3.79571563564241,-43.4621275961399,0.));
#8483=CARTESIAN_POINT('Ctrl Pts',(-3.79571563564241,-43.4621275961399,0.2));
#8484=CARTESIAN_POINT('',(-3.83779651485383,-43.3886769413948,0.));
#8485=CARTESIAN_POINT('Ctrl Pts',(-3.83779651485383,-43.3886769413948,0.));
#8486=CARTESIAN_POINT('Ctrl Pts',(-3.82945718974492,-43.3996119633249,0.));
#8487=CARTESIAN_POINT('Ctrl Pts',(-3.81220434161417,-43.4222349298362,0.));
#8488=CARTESIAN_POINT('Ctrl Pts',(-3.80133248099794,-43.4485382375916,0.));
#8489=CARTESIAN_POINT('Ctrl Pts',(-3.79571563564241,-43.4621275961399,0.));
#8490=CARTESIAN_POINT('',(-3.83779651485383,-43.3886769413948,0.2));
#8491=CARTESIAN_POINT('Ctrl Pts',(-3.83779651485383,-43.3886769413948,0.2));
#8492=CARTESIAN_POINT('Ctrl Pts',(-3.82945718974492,-43.3996119633249,0.2));
#8493=CARTESIAN_POINT('Ctrl Pts',(-3.81220434161417,-43.4222349298362,0.2));
#8494=CARTESIAN_POINT('Ctrl Pts',(-3.80133248099794,-43.4485382375916,0.2));
#8495=CARTESIAN_POINT('Ctrl Pts',(-3.79571563564241,-43.4621275961399,0.2));
#8496=CARTESIAN_POINT('',(-3.83779651485383,-43.3886769413948,0.));
#8497=CARTESIAN_POINT('Ctrl Pts',(-3.89977044425905,-43.3412401378155,0.));
#8498=CARTESIAN_POINT('Ctrl Pts',(-3.89977044425905,-43.3412401378155,0.2));
#8499=CARTESIAN_POINT('Ctrl Pts',(-3.88818534807156,-43.3474399778548,0.));
#8500=CARTESIAN_POINT('Ctrl Pts',(-3.88818534807156,-43.3474399778548,0.2));
#8501=CARTESIAN_POINT('Ctrl Pts',(-3.86494553267386,-43.3598769171496,0.));
#8502=CARTESIAN_POINT('Ctrl Pts',(-3.86494553267386,-43.3598769171496,0.2));
#8503=CARTESIAN_POINT('Ctrl Pts',(-3.84686424374264,-43.3790577789788,0.));
#8504=CARTESIAN_POINT('Ctrl Pts',(-3.84686424374264,-43.3790577789788,0.2));
#8505=CARTESIAN_POINT('Ctrl Pts',(-3.83779651485383,-43.3886769413948,0.));
#8506=CARTESIAN_POINT('Ctrl Pts',(-3.83779651485383,-43.3886769413948,0.2));
#8507=CARTESIAN_POINT('',(-3.89977044425905,-43.3412401378155,0.));
#8508=CARTESIAN_POINT('Ctrl Pts',(-3.89977044425905,-43.3412401378155,0.));
#8509=CARTESIAN_POINT('Ctrl Pts',(-3.88818534807156,-43.3474399778548,0.));
#8510=CARTESIAN_POINT('Ctrl Pts',(-3.86494553267386,-43.3598769171496,0.));
#8511=CARTESIAN_POINT('Ctrl Pts',(-3.84686424374264,-43.3790577789788,0.));
#8512=CARTESIAN_POINT('Ctrl Pts',(-3.83779651485383,-43.3886769413948,0.));
#8513=CARTESIAN_POINT('',(-3.89977044425905,-43.3412401378155,0.2));
#8514=CARTESIAN_POINT('Ctrl Pts',(-3.89977044425905,-43.3412401378155,0.2));
#8515=CARTESIAN_POINT('Ctrl Pts',(-3.88818534807156,-43.3474399778548,0.2));
#8516=CARTESIAN_POINT('Ctrl Pts',(-3.86494553267386,-43.3598769171496,0.2));
#8517=CARTESIAN_POINT('Ctrl Pts',(-3.84686424374264,-43.3790577789788,0.2));
#8518=CARTESIAN_POINT('Ctrl Pts',(-3.83779651485383,-43.3886769413948,0.2));
#8519=CARTESIAN_POINT('',(-3.89977044425905,-43.3412401378155,0.));
#8520=CARTESIAN_POINT('Ctrl Pts',(-3.97934204898775,-43.3244077116251,0.));
#8521=CARTESIAN_POINT('Ctrl Pts',(-3.97934204898775,-43.3244077116251,0.2));
#8522=CARTESIAN_POINT('Ctrl Pts',(-3.96527704286457,-43.3250383330154,0.));
#8523=CARTESIAN_POINT('Ctrl Pts',(-3.96527704286457,-43.3250383330154,0.2));
#8524=CARTESIAN_POINT('Ctrl Pts',(-3.93781439282352,-43.3262696538124,0.));
#8525=CARTESIAN_POINT('Ctrl Pts',(-3.93781439282352,-43.3262696538124,0.2));
#8526=CARTESIAN_POINT('Ctrl Pts',(-3.91224463929566,-43.33633147969,0.));
#8527=CARTESIAN_POINT('Ctrl Pts',(-3.91224463929566,-43.33633147969,0.2));
#8528=CARTESIAN_POINT('Ctrl Pts',(-3.89977044425905,-43.3412401378155,0.));
#8529=CARTESIAN_POINT('Ctrl Pts',(-3.89977044425905,-43.3412401378155,0.2));
#8530=CARTESIAN_POINT('',(-3.97934204898775,-43.3244077116251,0.));
#8531=CARTESIAN_POINT('Ctrl Pts',(-3.97934204898775,-43.3244077116251,0.));
#8532=CARTESIAN_POINT('Ctrl Pts',(-3.96527704286457,-43.3250383330154,0.));
#8533=CARTESIAN_POINT('Ctrl Pts',(-3.93781439282352,-43.3262696538124,0.));
#8534=CARTESIAN_POINT('Ctrl Pts',(-3.91224463929566,-43.33633147969,0.));
#8535=CARTESIAN_POINT('Ctrl Pts',(-3.89977044425905,-43.3412401378155,0.));
#8536=CARTESIAN_POINT('',(-3.97934204898775,-43.3244077116251,0.2));
#8537=CARTESIAN_POINT('Ctrl Pts',(-3.97934204898775,-43.3244077116251,0.2));
#8538=CARTESIAN_POINT('Ctrl Pts',(-3.96527704286457,-43.3250383330154,0.2));
#8539=CARTESIAN_POINT('Ctrl Pts',(-3.93781439282352,-43.3262696538124,0.2));
#8540=CARTESIAN_POINT('Ctrl Pts',(-3.91224463929566,-43.33633147969,0.2));
#8541=CARTESIAN_POINT('Ctrl Pts',(-3.89977044425905,-43.3412401378155,0.2));
#8542=CARTESIAN_POINT('',(-3.97934204898775,-43.3244077116251,0.));
#8543=CARTESIAN_POINT('Ctrl Pts',(-4.06809515319765,-43.3416227251291,0.));
#8544=CARTESIAN_POINT('Ctrl Pts',(-4.06809515319765,-43.3416227251291,0.2));
#8545=CARTESIAN_POINT('Ctrl Pts',(-4.05446540502245,-43.3366048068624,0.));
#8546=CARTESIAN_POINT('Ctrl Pts',(-4.05446540502245,-43.3366048068624,0.2));
#8547=CARTESIAN_POINT('Ctrl Pts',(-4.02583771230181,-43.3260652561391,0.));
#8548=CARTESIAN_POINT('Ctrl Pts',(-4.02583771230181,-43.3260652561391,0.2));
#8549=CARTESIAN_POINT('Ctrl Pts',(-3.99532667233514,-43.3249775545491,0.));
#8550=CARTESIAN_POINT('Ctrl Pts',(-3.99532667233514,-43.3249775545491,0.2));
#8551=CARTESIAN_POINT('Ctrl Pts',(-3.97934204898775,-43.3244077116251,0.));
#8552=CARTESIAN_POINT('Ctrl Pts',(-3.97934204898775,-43.3244077116251,0.2));
#8553=CARTESIAN_POINT('',(-4.06809515319765,-43.3416227251291,0.));
#8554=CARTESIAN_POINT('Ctrl Pts',(-4.06809515319765,-43.3416227251291,0.));
#8555=CARTESIAN_POINT('Ctrl Pts',(-4.05446540502245,-43.3366048068624,0.));
#8556=CARTESIAN_POINT('Ctrl Pts',(-4.02583771230181,-43.3260652561391,0.));
#8557=CARTESIAN_POINT('Ctrl Pts',(-3.99532667233514,-43.3249775545491,0.));
#8558=CARTESIAN_POINT('Ctrl Pts',(-3.97934204898775,-43.3244077116251,0.));
#8559=CARTESIAN_POINT('',(-4.06809515319765,-43.3416227251291,0.2));
#8560=CARTESIAN_POINT('Ctrl Pts',(-4.06809515319765,-43.3416227251291,0.2));
#8561=CARTESIAN_POINT('Ctrl Pts',(-4.05446540502245,-43.3366048068624,0.2));
#8562=CARTESIAN_POINT('Ctrl Pts',(-4.02583771230181,-43.3260652561391,0.2));
#8563=CARTESIAN_POINT('Ctrl Pts',(-3.99532667233514,-43.3249775545491,0.2));
#8564=CARTESIAN_POINT('Ctrl Pts',(-3.97934204898775,-43.3244077116251,0.2));
#8565=CARTESIAN_POINT('',(-4.06809515319765,-43.3416227251291,0.));
#8566=CARTESIAN_POINT('Ctrl Pts',(-4.1319817956537,-43.3894421160221,0.));
#8567=CARTESIAN_POINT('Ctrl Pts',(-4.1319817956537,-43.3894421160221,0.2));
#8568=CARTESIAN_POINT('Ctrl Pts',(-4.12283182635284,-43.3797626952952,0.));
#8569=CARTESIAN_POINT('Ctrl Pts',(-4.12283182635284,-43.3797626952952,0.2));
#8570=CARTESIAN_POINT('Ctrl Pts',(-4.10429303780746,-43.3601511831471,0.));
#8571=CARTESIAN_POINT('Ctrl Pts',(-4.10429303780746,-43.3601511831471,0.2));
#8572=CARTESIAN_POINT('Ctrl Pts',(-4.08026430847196,-43.3478516991436,0.));
#8573=CARTESIAN_POINT('Ctrl Pts',(-4.08026430847196,-43.3478516991436,0.2));
#8574=CARTESIAN_POINT('Ctrl Pts',(-4.06809515319765,-43.3416227251291,0.));
#8575=CARTESIAN_POINT('Ctrl Pts',(-4.06809515319765,-43.3416227251291,0.2));
#8576=CARTESIAN_POINT('',(-4.1319817956537,-43.3894421160221,0.));
#8577=CARTESIAN_POINT('Ctrl Pts',(-4.1319817956537,-43.3894421160221,0.));
#8578=CARTESIAN_POINT('Ctrl Pts',(-4.12283182635284,-43.3797626952952,0.));
#8579=CARTESIAN_POINT('Ctrl Pts',(-4.10429303780746,-43.3601511831471,0.));
#8580=CARTESIAN_POINT('Ctrl Pts',(-4.08026430847196,-43.3478516991436,0.));
#8581=CARTESIAN_POINT('Ctrl Pts',(-4.06809515319765,-43.3416227251291,0.));
#8582=CARTESIAN_POINT('',(-4.1319817956537,-43.3894421160221,0.2));
#8583=CARTESIAN_POINT('Ctrl Pts',(-4.1319817956537,-43.3894421160221,0.2));
#8584=CARTESIAN_POINT('Ctrl Pts',(-4.12283182635284,-43.3797626952952,0.2));
#8585=CARTESIAN_POINT('Ctrl Pts',(-4.10429303780746,-43.3601511831471,0.2));
#8586=CARTESIAN_POINT('Ctrl Pts',(-4.08026430847196,-43.3478516991436,0.2));
#8587=CARTESIAN_POINT('Ctrl Pts',(-4.06809515319765,-43.3416227251291,0.2));
#8588=CARTESIAN_POINT('',(-4.1319817956537,-43.3894421160221,0.));
#8589=CARTESIAN_POINT('Ctrl Pts',(-4.16985488496721,-43.4625101834536,0.));
#8590=CARTESIAN_POINT('Ctrl Pts',(-4.16985488496721,-43.4625101834536,0.2));
#8591=CARTESIAN_POINT('Ctrl Pts',(-4.16533368123404,-43.448991552375,0.));
#8592=CARTESIAN_POINT('Ctrl Pts',(-4.16533368123404,-43.448991552375,0.2));
#8593=CARTESIAN_POINT('Ctrl Pts',(-4.15652249546044,-43.4226456549398,0.));
#8594=CARTESIAN_POINT('Ctrl Pts',(-4.15652249546044,-43.4226456549398,0.2));
#8595=CARTESIAN_POINT('Ctrl Pts',(-4.14001765649641,-43.4003146265996,0.));
#8596=CARTESIAN_POINT('Ctrl Pts',(-4.14001765649641,-43.4003146265996,0.2));
#8597=CARTESIAN_POINT('Ctrl Pts',(-4.1319817956537,-43.3894421160221,0.));
#8598=CARTESIAN_POINT('Ctrl Pts',(-4.1319817956537,-43.3894421160221,0.2));
#8599=CARTESIAN_POINT('',(-4.16985488496721,-43.4625101834536,0.));
#8600=CARTESIAN_POINT('Ctrl Pts',(-4.16985488496721,-43.4625101834536,0.));
#8601=CARTESIAN_POINT('Ctrl Pts',(-4.16533368123404,-43.448991552375,0.));
#8602=CARTESIAN_POINT('Ctrl Pts',(-4.15652249546044,-43.4226456549398,0.));
#8603=CARTESIAN_POINT('Ctrl Pts',(-4.14001765649641,-43.4003146265996,0.));
#8604=CARTESIAN_POINT('Ctrl Pts',(-4.1319817956537,-43.3894421160221,0.));
#8605=CARTESIAN_POINT('',(-4.16985488496721,-43.4625101834536,0.2));
#8606=CARTESIAN_POINT('Ctrl Pts',(-4.16985488496721,-43.4625101834536,0.2));
#8607=CARTESIAN_POINT('Ctrl Pts',(-4.16533368123404,-43.448991552375,0.2));
#8608=CARTESIAN_POINT('Ctrl Pts',(-4.15652249546044,-43.4226456549398,0.2));
#8609=CARTESIAN_POINT('Ctrl Pts',(-4.14001765649641,-43.4003146265996,0.2));
#8610=CARTESIAN_POINT('Ctrl Pts',(-4.1319817956537,-43.3894421160221,0.2));
#8611=CARTESIAN_POINT('',(-4.16985488496721,-43.4625101834536,0.));
#8612=CARTESIAN_POINT('Ctrl Pts',(-4.17980111204088,-43.5562363266945,0.));
#8613=CARTESIAN_POINT('Ctrl Pts',(-4.17980111204088,-43.5562363266945,0.2));
#8614=CARTESIAN_POINT('Ctrl Pts',(-4.18004234516527,-43.5398069519878,0.));
#8615=CARTESIAN_POINT('Ctrl Pts',(-4.18004234516527,-43.5398069519878,0.2));
#8616=CARTESIAN_POINT('Ctrl Pts',(-4.18050713799219,-43.5081518650937,0.));
#8617=CARTESIAN_POINT('Ctrl Pts',(-4.18050713799219,-43.5081518650937,0.2));
#8618=CARTESIAN_POINT('Ctrl Pts',(-4.17331447059467,-43.4773334612564,0.));
#8619=CARTESIAN_POINT('Ctrl Pts',(-4.17331447059467,-43.4773334612564,0.2));
#8620=CARTESIAN_POINT('Ctrl Pts',(-4.16985488496721,-43.4625101834536,0.));
#8621=CARTESIAN_POINT('Ctrl Pts',(-4.16985488496721,-43.4625101834536,0.2));
#8622=CARTESIAN_POINT('',(-4.17980111204088,-43.5562363266945,0.));
#8623=CARTESIAN_POINT('Ctrl Pts',(-4.17980111204088,-43.5562363266945,0.));
#8624=CARTESIAN_POINT('Ctrl Pts',(-4.18004234516527,-43.5398069519878,0.));
#8625=CARTESIAN_POINT('Ctrl Pts',(-4.18050713799219,-43.5081518650937,0.));
#8626=CARTESIAN_POINT('Ctrl Pts',(-4.17331447059467,-43.4773334612564,0.));
#8627=CARTESIAN_POINT('Ctrl Pts',(-4.16985488496721,-43.4625101834536,0.));
#8628=CARTESIAN_POINT('',(-4.17980111204088,-43.5562363266945,0.2));
#8629=CARTESIAN_POINT('Ctrl Pts',(-4.17980111204088,-43.5562363266945,0.2));
#8630=CARTESIAN_POINT('Ctrl Pts',(-4.18004234516527,-43.5398069519878,0.2));
#8631=CARTESIAN_POINT('Ctrl Pts',(-4.18050713799219,-43.5081518650937,0.2));
#8632=CARTESIAN_POINT('Ctrl Pts',(-4.17331447059467,-43.4773334612564,0.2));
#8633=CARTESIAN_POINT('Ctrl Pts',(-4.16985488496721,-43.4625101834536,0.2));
#8634=CARTESIAN_POINT('',(-4.17980111204088,-43.5562363266945,0.));
#8635=CARTESIAN_POINT('Origin',(-3.77582258544862,-43.5562363266945,0.));
#8636=CARTESIAN_POINT('',(-3.77582258544862,-43.5562363266945,0.));
#8637=CARTESIAN_POINT('',(-3.77582258544862,-43.5562363266945,0.2));
#8638=CARTESIAN_POINT('Ctrl Pts',(-4.23221117816865,-43.3148438483477,0.));
#8639=CARTESIAN_POINT('Ctrl Pts',(-4.23221117816865,-43.3148438483477,0.2));
#8640=CARTESIAN_POINT('Ctrl Pts',(-4.24559619073922,-43.3313837604389,0.));
#8641=CARTESIAN_POINT('Ctrl Pts',(-4.24559619073922,-43.3313837604389,0.2));
#8642=CARTESIAN_POINT('Ctrl Pts',(-4.27310325456729,-43.3653743461934,0.));
#8643=CARTESIAN_POINT('Ctrl Pts',(-4.27310325456729,-43.3653743461934,0.2));
#8644=CARTESIAN_POINT('Ctrl Pts',(-4.28855010944304,-43.4063026019014,0.));
#8645=CARTESIAN_POINT('Ctrl Pts',(-4.28855010944304,-43.4063026019014,0.2));
#8646=CARTESIAN_POINT('Ctrl Pts',(-4.29648048244417,-43.427315056324,0.));
#8647=CARTESIAN_POINT('Ctrl Pts',(-4.29648048244417,-43.427315056324,0.2));
#8648=CARTESIAN_POINT('',(-4.23221117816865,-43.3148438483477,0.));
#8649=CARTESIAN_POINT('',(-4.29648048244417,-43.427315056324,0.));
#8650=CARTESIAN_POINT('Ctrl Pts',(-4.23221117816865,-43.3148438483477,0.));
#8651=CARTESIAN_POINT('Ctrl Pts',(-4.24559619073922,-43.3313837604389,0.));
#8652=CARTESIAN_POINT('Ctrl Pts',(-4.27310325456729,-43.3653743461934,0.));
#8653=CARTESIAN_POINT('Ctrl Pts',(-4.28855010944304,-43.4063026019014,0.));
#8654=CARTESIAN_POINT('Ctrl Pts',(-4.29648048244417,-43.427315056324,0.));
#8655=CARTESIAN_POINT('',(-4.29648048244417,-43.427315056324,0.2));
#8656=CARTESIAN_POINT('',(-4.29648048244417,-43.427315056324,0.));
#8657=CARTESIAN_POINT('',(-4.23221117816865,-43.3148438483477,0.2));
#8658=CARTESIAN_POINT('Ctrl Pts',(-4.23221117816865,-43.3148438483477,0.2));
#8659=CARTESIAN_POINT('Ctrl Pts',(-4.24559619073922,-43.3313837604389,0.2));
#8660=CARTESIAN_POINT('Ctrl Pts',(-4.27310325456729,-43.3653743461934,0.2));
#8661=CARTESIAN_POINT('Ctrl Pts',(-4.28855010944304,-43.4063026019014,0.2));
#8662=CARTESIAN_POINT('Ctrl Pts',(-4.29648048244417,-43.427315056324,0.2));
#8663=CARTESIAN_POINT('',(-4.23221117816865,-43.3148438483477,0.));
#8664=CARTESIAN_POINT('Ctrl Pts',(-4.12777370773256,-43.2433059066534,0.));
#8665=CARTESIAN_POINT('Ctrl Pts',(-4.12777370773256,-43.2433059066534,0.2));
#8666=CARTESIAN_POINT('Ctrl Pts',(-4.14749838267513,-43.2524685119156,0.));
#8667=CARTESIAN_POINT('Ctrl Pts',(-4.14749838267513,-43.2524685119156,0.2));
#8668=CARTESIAN_POINT('Ctrl Pts',(-4.18631089142075,-43.2704978937891,0.));
#8669=CARTESIAN_POINT('Ctrl Pts',(-4.18631089142075,-43.2704978937891,0.2));
#8670=CARTESIAN_POINT('Ctrl Pts',(-4.21707936708792,-43.3002244493391,0.));
#8671=CARTESIAN_POINT('Ctrl Pts',(-4.21707936708792,-43.3002244493391,0.2));
#8672=CARTESIAN_POINT('Ctrl Pts',(-4.23221117816865,-43.3148438483477,0.));
#8673=CARTESIAN_POINT('Ctrl Pts',(-4.23221117816865,-43.3148438483477,0.2));
#8674=CARTESIAN_POINT('',(-4.12777370773256,-43.2433059066534,0.));
#8675=CARTESIAN_POINT('Ctrl Pts',(-4.12777370773256,-43.2433059066534,0.));
#8676=CARTESIAN_POINT('Ctrl Pts',(-4.14749838267513,-43.2524685119156,0.));
#8677=CARTESIAN_POINT('Ctrl Pts',(-4.18631089142075,-43.2704978937891,0.));
#8678=CARTESIAN_POINT('Ctrl Pts',(-4.21707936708792,-43.3002244493391,0.));
#8679=CARTESIAN_POINT('Ctrl Pts',(-4.23221117816865,-43.3148438483477,0.));
#8680=CARTESIAN_POINT('',(-4.12777370773256,-43.2433059066534,0.2));
#8681=CARTESIAN_POINT('Ctrl Pts',(-4.12777370773256,-43.2433059066534,0.2));
#8682=CARTESIAN_POINT('Ctrl Pts',(-4.14749838267513,-43.2524685119156,0.2));
#8683=CARTESIAN_POINT('Ctrl Pts',(-4.18631089142075,-43.2704978937891,0.2));
#8684=CARTESIAN_POINT('Ctrl Pts',(-4.21707936708792,-43.3002244493391,0.2));
#8685=CARTESIAN_POINT('Ctrl Pts',(-4.23221117816865,-43.3148438483477,0.2));
#8686=CARTESIAN_POINT('',(-4.12777370773256,-43.2433059066534,0.));
#8687=CARTESIAN_POINT('Ctrl Pts',(-3.98546314798295,-43.2180573046207,0.));
#8688=CARTESIAN_POINT('Ctrl Pts',(-3.98546314798295,-43.2180573046207,0.2));
#8689=CARTESIAN_POINT('Ctrl Pts',(-4.01094192466514,-43.2188976577344,0.));
#8690=CARTESIAN_POINT('Ctrl Pts',(-4.01094192466514,-43.2188976577344,0.2));
#8691=CARTESIAN_POINT('Ctrl Pts',(-4.05961917809133,-43.2205031540262,0.));
#8692=CARTESIAN_POINT('Ctrl Pts',(-4.05961917809133,-43.2205031540262,0.2));
#8693=CARTESIAN_POINT('Ctrl Pts',(-4.10577627873758,-43.2359461327037,0.));
#8694=CARTESIAN_POINT('Ctrl Pts',(-4.10577627873758,-43.2359461327037,0.2));
#8695=CARTESIAN_POINT('Ctrl Pts',(-4.12777370773256,-43.2433059066534,0.));
#8696=CARTESIAN_POINT('Ctrl Pts',(-4.12777370773256,-43.2433059066534,0.2));
#8697=CARTESIAN_POINT('',(-3.98546314798295,-43.2180573046207,0.));
#8698=CARTESIAN_POINT('Ctrl Pts',(-3.98546314798295,-43.2180573046207,0.));
#8699=CARTESIAN_POINT('Ctrl Pts',(-4.01094192466514,-43.2188976577344,0.));
#8700=CARTESIAN_POINT('Ctrl Pts',(-4.05961917809133,-43.2205031540262,0.));
#8701=CARTESIAN_POINT('Ctrl Pts',(-4.10577627873758,-43.2359461327037,0.));
#8702=CARTESIAN_POINT('Ctrl Pts',(-4.12777370773256,-43.2433059066534,0.));
#8703=CARTESIAN_POINT('',(-3.98546314798295,-43.2180573046207,0.2));
#8704=CARTESIAN_POINT('Ctrl Pts',(-3.98546314798295,-43.2180573046207,0.2));
#8705=CARTESIAN_POINT('Ctrl Pts',(-4.01094192466514,-43.2188976577344,0.2));
#8706=CARTESIAN_POINT('Ctrl Pts',(-4.05961917809133,-43.2205031540262,0.2));
#8707=CARTESIAN_POINT('Ctrl Pts',(-4.10577627873758,-43.2359461327037,0.2));
#8708=CARTESIAN_POINT('Ctrl Pts',(-4.12777370773256,-43.2433059066534,0.2));
#8709=CARTESIAN_POINT('',(-3.98546314798295,-43.2180573046207,0.));
#8710=CARTESIAN_POINT('Ctrl Pts',(-3.83779651485383,-43.2501919567585,0.));
#8711=CARTESIAN_POINT('Ctrl Pts',(-3.83779651485383,-43.2501919567585,0.2));
#8712=CARTESIAN_POINT('Ctrl Pts',(-3.86064495221823,-43.2408223133456,0.));
#8713=CARTESIAN_POINT('Ctrl Pts',(-3.86064495221823,-43.2408223133456,0.2));
#8714=CARTESIAN_POINT('Ctrl Pts',(-3.90794159512568,-43.2214269966506,0.));
#8715=CARTESIAN_POINT('Ctrl Pts',(-3.90794159512568,-43.2214269966506,0.2));
#8716=CARTESIAN_POINT('Ctrl Pts',(-3.95904643794448,-43.2192055811192,0.));
#8717=CARTESIAN_POINT('Ctrl Pts',(-3.95904643794448,-43.2192055811192,0.2));
#8718=CARTESIAN_POINT('Ctrl Pts',(-3.98546314798295,-43.2180573046207,0.));
#8719=CARTESIAN_POINT('Ctrl Pts',(-3.98546314798295,-43.2180573046207,0.2));
#8720=CARTESIAN_POINT('',(-3.83779651485383,-43.2501919567585,0.));
#8721=CARTESIAN_POINT('Ctrl Pts',(-3.83779651485383,-43.2501919567585,0.));
#8722=CARTESIAN_POINT('Ctrl Pts',(-3.86064495221823,-43.2408223133456,0.));
#8723=CARTESIAN_POINT('Ctrl Pts',(-3.90794159512568,-43.2214269966506,0.));
#8724=CARTESIAN_POINT('Ctrl Pts',(-3.95904643794448,-43.2192055811192,0.));
#8725=CARTESIAN_POINT('Ctrl Pts',(-3.98546314798295,-43.2180573046207,0.));
#8726=CARTESIAN_POINT('',(-3.83779651485383,-43.2501919567585,0.2));
#8727=CARTESIAN_POINT('Ctrl Pts',(-3.83779651485383,-43.2501919567585,0.2));
#8728=CARTESIAN_POINT('Ctrl Pts',(-3.86064495221823,-43.2408223133456,0.2));
#8729=CARTESIAN_POINT('Ctrl Pts',(-3.90794159512568,-43.2214269966506,0.2));
#8730=CARTESIAN_POINT('Ctrl Pts',(-3.95904643794448,-43.2192055811192,0.2));
#8731=CARTESIAN_POINT('Ctrl Pts',(-3.98546314798295,-43.2180573046207,0.2));
#8732=CARTESIAN_POINT('',(-3.83779651485383,-43.2501919567585,0.));
#8733=CARTESIAN_POINT('Ctrl Pts',(-3.72800326906145,-43.3370320498943,0.));
#8734=CARTESIAN_POINT('Ctrl Pts',(-3.72800326906145,-43.3370320498943,0.2));
#8735=CARTESIAN_POINT('Ctrl Pts',(-3.74383963851761,-43.3197019908512,0.));
#8736=CARTESIAN_POINT('Ctrl Pts',(-3.74383963851761,-43.3197019908512,0.2));
#8737=CARTESIAN_POINT('Ctrl Pts',(-3.77572625991088,-43.284807816845,0.));
#8738=CARTESIAN_POINT('Ctrl Pts',(-3.77572625991088,-43.284807816845,0.2));
#8739=CARTESIAN_POINT('Ctrl Pts',(-3.81701411582733,-43.2617820592581,0.));
#8740=CARTESIAN_POINT('Ctrl Pts',(-3.81701411582733,-43.2617820592581,0.2));
#8741=CARTESIAN_POINT('Ctrl Pts',(-3.83779651485383,-43.2501919567585,0.));
#8742=CARTESIAN_POINT('Ctrl Pts',(-3.83779651485383,-43.2501919567585,0.2));
#8743=CARTESIAN_POINT('',(-3.72800326906145,-43.3370320498943,0.));
#8744=CARTESIAN_POINT('Ctrl Pts',(-3.72800326906145,-43.3370320498943,0.));
#8745=CARTESIAN_POINT('Ctrl Pts',(-3.74383963851761,-43.3197019908512,0.));
#8746=CARTESIAN_POINT('Ctrl Pts',(-3.77572625991088,-43.284807816845,0.));
#8747=CARTESIAN_POINT('Ctrl Pts',(-3.81701411582733,-43.2617820592581,0.));
#8748=CARTESIAN_POINT('Ctrl Pts',(-3.83779651485383,-43.2501919567585,0.));
#8749=CARTESIAN_POINT('',(-3.72800326906145,-43.3370320498943,0.2));
#8750=CARTESIAN_POINT('Ctrl Pts',(-3.72800326906145,-43.3370320498943,0.2));
#8751=CARTESIAN_POINT('Ctrl Pts',(-3.74383963851761,-43.3197019908512,0.2));
#8752=CARTESIAN_POINT('Ctrl Pts',(-3.77572625991088,-43.284807816845,0.2));
#8753=CARTESIAN_POINT('Ctrl Pts',(-3.81701411582733,-43.2617820592581,0.2));
#8754=CARTESIAN_POINT('Ctrl Pts',(-3.83779651485383,-43.2501919567585,0.2));
#8755=CARTESIAN_POINT('',(-3.72800326906145,-43.3370320498943,0.));
#8756=CARTESIAN_POINT('Ctrl Pts',(-3.65990824066102,-43.4640404582024,0.));
#8757=CARTESIAN_POINT('Ctrl Pts',(-3.65990824066102,-43.4640404582024,0.2));
#8758=CARTESIAN_POINT('Ctrl Pts',(-3.6684366827438,-43.4408484475945,0.));
#8759=CARTESIAN_POINT('Ctrl Pts',(-3.6684366827438,-43.4408484475945,0.2));
#8760=CARTESIAN_POINT('Ctrl Pts',(-3.6851833762955,-43.3953079501944,0.));
#8761=CARTESIAN_POINT('Ctrl Pts',(-3.6851833762955,-43.3953079501944,0.2));
#8762=CARTESIAN_POINT('Ctrl Pts',(-3.7139073178654,-43.3562159897287,0.));
#8763=CARTESIAN_POINT('Ctrl Pts',(-3.7139073178654,-43.3562159897287,0.2));
#8764=CARTESIAN_POINT('Ctrl Pts',(-3.72800326906145,-43.3370320498943,0.));
#8765=CARTESIAN_POINT('Ctrl Pts',(-3.72800326906145,-43.3370320498943,0.2));
#8766=CARTESIAN_POINT('',(-3.65990824066102,-43.4640404582024,0.));
#8767=CARTESIAN_POINT('Ctrl Pts',(-3.65990824066102,-43.4640404582024,0.));
#8768=CARTESIAN_POINT('Ctrl Pts',(-3.6684366827438,-43.4408484475945,0.));
#8769=CARTESIAN_POINT('Ctrl Pts',(-3.6851833762955,-43.3953079501944,0.));
#8770=CARTESIAN_POINT('Ctrl Pts',(-3.7139073178654,-43.3562159897287,0.));
#8771=CARTESIAN_POINT('Ctrl Pts',(-3.72800326906145,-43.3370320498943,0.));
#8772=CARTESIAN_POINT('',(-3.65990824066102,-43.4640404582024,0.2));
#8773=CARTESIAN_POINT('Ctrl Pts',(-3.65990824066102,-43.4640404582024,0.2));
#8774=CARTESIAN_POINT('Ctrl Pts',(-3.6684366827438,-43.4408484475945,0.2));
#8775=CARTESIAN_POINT('Ctrl Pts',(-3.6851833762955,-43.3953079501944,0.2));
#8776=CARTESIAN_POINT('Ctrl Pts',(-3.7139073178654,-43.3562159897287,0.2));
#8777=CARTESIAN_POINT('Ctrl Pts',(-3.72800326906145,-43.3370320498943,0.2));
#8778=CARTESIAN_POINT('',(-3.65990824066102,-43.4640404582024,0.));
#8779=CARTESIAN_POINT('Ctrl Pts',(-3.63657242618501,-43.6174451559782,0.));
#8780=CARTESIAN_POINT('Ctrl Pts',(-3.63657242618501,-43.6174451559782,0.2));
#8781=CARTESIAN_POINT('Ctrl Pts',(-3.63747855414292,-43.5909851066344,0.));
#8782=CARTESIAN_POINT('Ctrl Pts',(-3.63747855414292,-43.5909851066344,0.2));
#8783=CARTESIAN_POINT('Ctrl Pts',(-3.63926118531503,-43.5389300868501,0.));
#8784=CARTESIAN_POINT('Ctrl Pts',(-3.63926118531503,-43.5389300868501,0.2));
#8785=CARTESIAN_POINT('Ctrl Pts',(-3.65310256341967,-43.4887255589473,0.));
#8786=CARTESIAN_POINT('Ctrl Pts',(-3.65310256341967,-43.4887255589473,0.2));
#8787=CARTESIAN_POINT('Ctrl Pts',(-3.65990824066102,-43.4640404582024,0.));
#8788=CARTESIAN_POINT('Ctrl Pts',(-3.65990824066102,-43.4640404582024,0.2));
#8789=CARTESIAN_POINT('',(-3.63657242618501,-43.6174451559782,0.));
#8790=CARTESIAN_POINT('Ctrl Pts',(-3.63657242618501,-43.6174451559782,0.));
#8791=CARTESIAN_POINT('Ctrl Pts',(-3.63747855414292,-43.5909851066344,0.));
#8792=CARTESIAN_POINT('Ctrl Pts',(-3.63926118531503,-43.5389300868501,0.));
#8793=CARTESIAN_POINT('Ctrl Pts',(-3.65310256341967,-43.4887255589473,0.));
#8794=CARTESIAN_POINT('Ctrl Pts',(-3.65990824066102,-43.4640404582024,0.));
#8795=CARTESIAN_POINT('',(-3.63657242618501,-43.6174451559782,0.2));
#8796=CARTESIAN_POINT('Ctrl Pts',(-3.63657242618501,-43.6174451559782,0.2));
#8797=CARTESIAN_POINT('Ctrl Pts',(-3.63747855414292,-43.5909851066344,0.2));
#8798=CARTESIAN_POINT('Ctrl Pts',(-3.63926118531503,-43.5389300868501,0.2));
#8799=CARTESIAN_POINT('Ctrl Pts',(-3.65310256341967,-43.4887255589473,0.2));
#8800=CARTESIAN_POINT('Ctrl Pts',(-3.65990824066102,-43.4640404582024,0.2));
#8801=CARTESIAN_POINT('',(-3.63657242618501,-43.6174451559782,0.));
#8802=CARTESIAN_POINT('Ctrl Pts',(-3.65837818942964,-43.7846219539642,0.));
#8803=CARTESIAN_POINT('Ctrl Pts',(-3.65837818942964,-43.7846219539642,0.2));
#8804=CARTESIAN_POINT('Ctrl Pts',(-3.65202229477234,-43.7585062013924,0.));
#8805=CARTESIAN_POINT('Ctrl Pts',(-3.65202229477234,-43.7585062013924,0.2));
#8806=CARTESIAN_POINT('Ctrl Pts',(-3.63865889366686,-43.703597286817,0.));
#8807=CARTESIAN_POINT('Ctrl Pts',(-3.63865889366686,-43.703597286817,0.2));
#8808=CARTESIAN_POINT('Ctrl Pts',(-3.63729016221589,-43.6470811263338,0.));
#8809=CARTESIAN_POINT('Ctrl Pts',(-3.63729016221589,-43.6470811263338,0.2));
#8810=CARTESIAN_POINT('Ctrl Pts',(-3.63657242618501,-43.6174451559782,0.));
#8811=CARTESIAN_POINT('Ctrl Pts',(-3.63657242618501,-43.6174451559782,0.2));
#8812=CARTESIAN_POINT('',(-3.65837818942964,-43.7846219539642,0.));
#8813=CARTESIAN_POINT('Ctrl Pts',(-3.65837818942964,-43.7846219539642,0.));
#8814=CARTESIAN_POINT('Ctrl Pts',(-3.65202229477234,-43.7585062013924,0.));
#8815=CARTESIAN_POINT('Ctrl Pts',(-3.63865889366686,-43.703597286817,0.));
#8816=CARTESIAN_POINT('Ctrl Pts',(-3.63729016221589,-43.6470811263338,0.));
#8817=CARTESIAN_POINT('Ctrl Pts',(-3.63657242618501,-43.6174451559782,0.));
#8818=CARTESIAN_POINT('',(-3.65837818942964,-43.7846219539642,0.2));
#8819=CARTESIAN_POINT('Ctrl Pts',(-3.65837818942964,-43.7846219539642,0.2));
#8820=CARTESIAN_POINT('Ctrl Pts',(-3.65202229477234,-43.7585062013924,0.2));
#8821=CARTESIAN_POINT('Ctrl Pts',(-3.63865889366686,-43.703597286817,0.2));
#8822=CARTESIAN_POINT('Ctrl Pts',(-3.63729016221589,-43.6470811263338,0.2));
#8823=CARTESIAN_POINT('Ctrl Pts',(-3.63657242618501,-43.6174451559782,0.2));
#8824=CARTESIAN_POINT('',(-3.65837818942964,-43.7846219539642,0.));
#8825=CARTESIAN_POINT('Ctrl Pts',(-3.72570789419115,-43.909334987402,0.));
#8826=CARTESIAN_POINT('Ctrl Pts',(-3.72570789419115,-43.909334987402,0.2));
#8827=CARTESIAN_POINT('Ctrl Pts',(-3.71141707329736,-43.8910571093687,0.));
#8828=CARTESIAN_POINT('Ctrl Pts',(-3.71141707329736,-43.8910571093687,0.2));
#8829=CARTESIAN_POINT('Ctrl Pts',(-3.68191761237579,-43.8533274678892,0.));
#8830=CARTESIAN_POINT('Ctrl Pts',(-3.68191761237579,-43.8533274678892,0.2));
#8831=CARTESIAN_POINT('Ctrl Pts',(-3.66638574516222,-43.8079939471158,0.));
#8832=CARTESIAN_POINT('Ctrl Pts',(-3.66638574516222,-43.8079939471158,0.2));
#8833=CARTESIAN_POINT('Ctrl Pts',(-3.65837818942964,-43.7846219539642,0.));
#8834=CARTESIAN_POINT('Ctrl Pts',(-3.65837818942964,-43.7846219539642,0.2));
#8835=CARTESIAN_POINT('',(-3.72570789419115,-43.909334987402,0.));
#8836=CARTESIAN_POINT('Ctrl Pts',(-3.72570789419115,-43.909334987402,0.));
#8837=CARTESIAN_POINT('Ctrl Pts',(-3.71141707329736,-43.8910571093687,0.));
#8838=CARTESIAN_POINT('Ctrl Pts',(-3.68191761237579,-43.8533274678892,0.));
#8839=CARTESIAN_POINT('Ctrl Pts',(-3.66638574516222,-43.8079939471158,0.));
#8840=CARTESIAN_POINT('Ctrl Pts',(-3.65837818942964,-43.7846219539642,0.));
#8841=CARTESIAN_POINT('',(-3.72570789419115,-43.909334987402,0.2));
#8842=CARTESIAN_POINT('Ctrl Pts',(-3.72570789419115,-43.909334987402,0.2));
#8843=CARTESIAN_POINT('Ctrl Pts',(-3.71141707329736,-43.8910571093687,0.2));
#8844=CARTESIAN_POINT('Ctrl Pts',(-3.68191761237579,-43.8533274678892,0.2));
#8845=CARTESIAN_POINT('Ctrl Pts',(-3.66638574516222,-43.8079939471158,0.2));
#8846=CARTESIAN_POINT('Ctrl Pts',(-3.65837818942964,-43.7846219539642,0.2));
#8847=CARTESIAN_POINT('',(-3.72570789419115,-43.909334987402,0.));
#8848=CARTESIAN_POINT('Ctrl Pts',(-3.84238726459444,-43.9869937300682,0.));
#8849=CARTESIAN_POINT('Ctrl Pts',(-3.84238726459444,-43.9869937300682,0.2));
#8850=CARTESIAN_POINT('Ctrl Pts',(-3.81996367386091,-43.9773132945151,0.));
#8851=CARTESIAN_POINT('Ctrl Pts',(-3.81996367386091,-43.9773132945151,0.2));
#8852=CARTESIAN_POINT('Ctrl Pts',(-3.77634066242539,-43.9584809069707,0.));
#8853=CARTESIAN_POINT('Ctrl Pts',(-3.77634066242539,-43.9584809069707,0.2));
#8854=CARTESIAN_POINT('Ctrl Pts',(-3.74226675074295,-43.925407587432,0.));
#8855=CARTESIAN_POINT('Ctrl Pts',(-3.74226675074295,-43.925407587432,0.2));
#8856=CARTESIAN_POINT('Ctrl Pts',(-3.72570789419115,-43.909334987402,0.));
#8857=CARTESIAN_POINT('Ctrl Pts',(-3.72570789419115,-43.909334987402,0.2));
#8858=CARTESIAN_POINT('',(-3.84238726459444,-43.9869937300682,0.));
#8859=CARTESIAN_POINT('Ctrl Pts',(-3.84238726459444,-43.9869937300682,0.));
#8860=CARTESIAN_POINT('Ctrl Pts',(-3.81996367386091,-43.9773132945151,0.));
#8861=CARTESIAN_POINT('Ctrl Pts',(-3.77634066242539,-43.9584809069707,0.));
#8862=CARTESIAN_POINT('Ctrl Pts',(-3.74226675074295,-43.925407587432,0.));
#8863=CARTESIAN_POINT('Ctrl Pts',(-3.72570789419115,-43.909334987402,0.));
#8864=CARTESIAN_POINT('',(-3.84238726459444,-43.9869937300682,0.2));
#8865=CARTESIAN_POINT('Ctrl Pts',(-3.84238726459444,-43.9869937300682,0.2));
#8866=CARTESIAN_POINT('Ctrl Pts',(-3.81996367386091,-43.9773132945151,0.2));
#8867=CARTESIAN_POINT('Ctrl Pts',(-3.77634066242539,-43.9584809069707,0.2));
#8868=CARTESIAN_POINT('Ctrl Pts',(-3.74226675074295,-43.925407587432,0.2));
#8869=CARTESIAN_POINT('Ctrl Pts',(-3.72570789419115,-43.909334987402,0.2));
#8870=CARTESIAN_POINT('',(-3.84238726459444,-43.9869937300682,0.));
#8871=CARTESIAN_POINT('Ctrl Pts',(-4.01224202476442,-44.0137726068497,0.));
#8872=CARTESIAN_POINT('Ctrl Pts',(-4.01224202476442,-44.0137726068497,0.2));
#8873=CARTESIAN_POINT('Ctrl Pts',(-3.98140111742446,-44.0129851146506,0.));
#8874=CARTESIAN_POINT('Ctrl Pts',(-3.98140111742446,-44.0129851146506,0.2));
#8875=CARTESIAN_POINT('Ctrl Pts',(-3.92356280573584,-44.0115082703166,0.));
#8876=CARTESIAN_POINT('Ctrl Pts',(-3.92356280573584,-44.0115082703166,0.2));
#8877=CARTESIAN_POINT('Ctrl Pts',(-3.86821988568592,-43.9947950310582,0.));
#8878=CARTESIAN_POINT('Ctrl Pts',(-3.86821988568592,-43.9947950310582,0.2));
#8879=CARTESIAN_POINT('Ctrl Pts',(-3.84238726459444,-43.9869937300682,0.));
#8880=CARTESIAN_POINT('Ctrl Pts',(-3.84238726459444,-43.9869937300682,0.2));
#8881=CARTESIAN_POINT('',(-4.01224202476442,-44.0137726068497,0.));
#8882=CARTESIAN_POINT('Ctrl Pts',(-4.01224202476442,-44.0137726068497,0.));
#8883=CARTESIAN_POINT('Ctrl Pts',(-3.98140111742446,-44.0129851146506,0.));
#8884=CARTESIAN_POINT('Ctrl Pts',(-3.92356280573584,-44.0115082703166,0.));
#8885=CARTESIAN_POINT('Ctrl Pts',(-3.86821988568592,-43.9947950310582,0.));
#8886=CARTESIAN_POINT('Ctrl Pts',(-3.84238726459444,-43.9869937300682,0.));
#8887=CARTESIAN_POINT('',(-4.01224202476442,-44.0137726068497,0.2));
#8888=CARTESIAN_POINT('Ctrl Pts',(-4.01224202476442,-44.0137726068497,0.2));
#8889=CARTESIAN_POINT('Ctrl Pts',(-3.98140111742446,-44.0129851146506,0.2));
#8890=CARTESIAN_POINT('Ctrl Pts',(-3.92356280573584,-44.0115082703166,0.2));
#8891=CARTESIAN_POINT('Ctrl Pts',(-3.86821988568592,-43.9947950310582,0.2));
#8892=CARTESIAN_POINT('Ctrl Pts',(-3.84238726459444,-43.9869937300682,0.2));
#8893=CARTESIAN_POINT('',(-4.01224202476442,-44.0137726068497,0.));
#8894=CARTESIAN_POINT('Ctrl Pts',(-4.15416992269456,-44.0042087435722,0.));
#8895=CARTESIAN_POINT('Ctrl Pts',(-4.15416992269456,-44.0042087435722,0.2));
#8896=CARTESIAN_POINT('Ctrl Pts',(-4.13095672468494,-44.0069979863495,0.));
#8897=CARTESIAN_POINT('Ctrl Pts',(-4.13095672468494,-44.0069979863495,0.2));
#8898=CARTESIAN_POINT('Ctrl Pts',(-4.08381560882121,-44.0126623509441,0.));
#8899=CARTESIAN_POINT('Ctrl Pts',(-4.08381560882121,-44.0126623509441,0.2));
#8900=CARTESIAN_POINT('Ctrl Pts',(-4.03633981743505,-44.0133987997115,0.));
#8901=CARTESIAN_POINT('Ctrl Pts',(-4.03633981743505,-44.0133987997115,0.2));
#8902=CARTESIAN_POINT('Ctrl Pts',(-4.01224202476442,-44.0137726068497,0.));
#8903=CARTESIAN_POINT('Ctrl Pts',(-4.01224202476442,-44.0137726068497,0.2));
#8904=CARTESIAN_POINT('',(-4.15416992269456,-44.0042087435722,0.));
#8905=CARTESIAN_POINT('Ctrl Pts',(-4.15416992269456,-44.0042087435722,0.));
#8906=CARTESIAN_POINT('Ctrl Pts',(-4.13095672468494,-44.0069979863495,0.));
#8907=CARTESIAN_POINT('Ctrl Pts',(-4.08381560882121,-44.0126623509441,0.));
#8908=CARTESIAN_POINT('Ctrl Pts',(-4.03633981743505,-44.0133987997115,0.));
#8909=CARTESIAN_POINT('Ctrl Pts',(-4.01224202476442,-44.0137726068497,0.));
#8910=CARTESIAN_POINT('',(-4.15416992269456,-44.0042087435722,0.2));
#8911=CARTESIAN_POINT('Ctrl Pts',(-4.15416992269456,-44.0042087435722,0.2));
#8912=CARTESIAN_POINT('Ctrl Pts',(-4.13095672468494,-44.0069979863495,0.2));
#8913=CARTESIAN_POINT('Ctrl Pts',(-4.08381560882121,-44.0126623509441,0.2));
#8914=CARTESIAN_POINT('Ctrl Pts',(-4.03633981743505,-44.0133987997115,0.2));
#8915=CARTESIAN_POINT('Ctrl Pts',(-4.01224202476442,-44.0137726068497,0.2));
#8916=CARTESIAN_POINT('',(-4.15416992269456,-44.0042087435722,0.));
#8917=CARTESIAN_POINT('Ctrl Pts',(-4.27697039209306,-43.9793427288532,0.));
#8918=CARTESIAN_POINT('Ctrl Pts',(-4.27697039209306,-43.9793427288532,0.2));
#8919=CARTESIAN_POINT('Ctrl Pts',(-4.2577467572904,-43.9842762907364,0.));
#8920=CARTESIAN_POINT('Ctrl Pts',(-4.2577467572904,-43.9842762907364,0.2));
#8921=CARTESIAN_POINT('Ctrl Pts',(-4.21724349155749,-43.994671066231,0.));
#8922=CARTESIAN_POINT('Ctrl Pts',(-4.21724349155749,-43.994671066231,0.2));
#8923=CARTESIAN_POINT('Ctrl Pts',(-4.17589409458269,-44.0009237202937,0.));
#8924=CARTESIAN_POINT('Ctrl Pts',(-4.17589409458269,-44.0009237202937,0.2));
#8925=CARTESIAN_POINT('Ctrl Pts',(-4.15416992269456,-44.0042087435722,0.));
#8926=CARTESIAN_POINT('Ctrl Pts',(-4.15416992269456,-44.0042087435722,0.2));
#8927=CARTESIAN_POINT('',(-4.27697039209306,-43.9793427288532,0.));
#8928=CARTESIAN_POINT('Ctrl Pts',(-4.27697039209306,-43.9793427288532,0.));
#8929=CARTESIAN_POINT('Ctrl Pts',(-4.2577467572904,-43.9842762907364,0.));
#8930=CARTESIAN_POINT('Ctrl Pts',(-4.21724349155749,-43.994671066231,0.));
#8931=CARTESIAN_POINT('Ctrl Pts',(-4.17589409458269,-44.0009237202937,0.));
#8932=CARTESIAN_POINT('Ctrl Pts',(-4.15416992269456,-44.0042087435722,0.));
#8933=CARTESIAN_POINT('',(-4.27697039209306,-43.9793427288532,0.2));
#8934=CARTESIAN_POINT('Ctrl Pts',(-4.27697039209306,-43.9793427288532,0.2));
#8935=CARTESIAN_POINT('Ctrl Pts',(-4.2577467572904,-43.9842762907364,0.2));
#8936=CARTESIAN_POINT('Ctrl Pts',(-4.21724349155749,-43.994671066231,0.2));
#8937=CARTESIAN_POINT('Ctrl Pts',(-4.17589409458269,-44.0009237202937,0.2));
#8938=CARTESIAN_POINT('Ctrl Pts',(-4.15416992269456,-44.0042087435722,0.2));
#8939=CARTESIAN_POINT('',(-4.27697039209306,-43.9793427288532,0.));
#8940=CARTESIAN_POINT('Origin',(-4.27697039209306,-43.8699318468571,0.));
#8941=CARTESIAN_POINT('',(-4.27697039209306,-43.8699318468571,0.));
#8942=CARTESIAN_POINT('',(-4.27697039209306,-43.8699318468571,0.));
#8943=CARTESIAN_POINT('',(-4.27697039209306,-43.8699318468571,0.2));
#8944=CARTESIAN_POINT('',(-4.27697039209306,-43.8699318468571,0.2));
#8945=CARTESIAN_POINT('',(-4.27697039209306,-43.8699318468571,0.));
#8946=CARTESIAN_POINT('Ctrl Pts',(-4.22379500232637,-43.8825561106205,0.));
#8947=CARTESIAN_POINT('Ctrl Pts',(-4.22379500232637,-43.8825561106205,0.2));
#8948=CARTESIAN_POINT('Ctrl Pts',(-4.23302991780624,-43.8806385569471,0.));
#8949=CARTESIAN_POINT('Ctrl Pts',(-4.23302991780624,-43.8806385569471,0.2));
#8950=CARTESIAN_POINT('Ctrl Pts',(-4.25087476154778,-43.8769332230171,0.));
#8951=CARTESIAN_POINT('Ctrl Pts',(-4.25087476154778,-43.8769332230171,0.2));
#8952=CARTESIAN_POINT('Ctrl Pts',(-4.26847734944236,-43.8722105036704,0.));
#8953=CARTESIAN_POINT('Ctrl Pts',(-4.26847734944236,-43.8722105036704,0.2));
#8954=CARTESIAN_POINT('Ctrl Pts',(-4.27697039209306,-43.8699318468571,0.));
#8955=CARTESIAN_POINT('Ctrl Pts',(-4.27697039209306,-43.8699318468571,0.2));
#8956=CARTESIAN_POINT('',(-4.22379500232637,-43.8825561106205,0.));
#8957=CARTESIAN_POINT('Ctrl Pts',(-4.22379500232637,-43.8825561106205,0.));
#8958=CARTESIAN_POINT('Ctrl Pts',(-4.23302991780624,-43.8806385569471,0.));
#8959=CARTESIAN_POINT('Ctrl Pts',(-4.25087476154778,-43.8769332230171,0.));
#8960=CARTESIAN_POINT('Ctrl Pts',(-4.26847734944236,-43.8722105036704,0.));
#8961=CARTESIAN_POINT('Ctrl Pts',(-4.27697039209306,-43.8699318468571,0.));
#8962=CARTESIAN_POINT('',(-4.22379500232637,-43.8825561106205,0.2));
#8963=CARTESIAN_POINT('Ctrl Pts',(-4.22379500232637,-43.8825561106205,0.2));
#8964=CARTESIAN_POINT('Ctrl Pts',(-4.23302991780624,-43.8806385569471,0.2));
#8965=CARTESIAN_POINT('Ctrl Pts',(-4.25087476154778,-43.8769332230171,0.2));
#8966=CARTESIAN_POINT('Ctrl Pts',(-4.26847734944236,-43.8722105036704,0.2));
#8967=CARTESIAN_POINT('Ctrl Pts',(-4.27697039209306,-43.8699318468571,0.2));
#8968=CARTESIAN_POINT('',(-4.22379500232637,-43.8825561106205,0.));
#8969=CARTESIAN_POINT('Ctrl Pts',(-4.163733785972,-43.8928851485252,0.));
#8970=CARTESIAN_POINT('Ctrl Pts',(-4.163733785972,-43.8928851485252,0.2));
#8971=CARTESIAN_POINT('Ctrl Pts',(-4.17397877673427,-43.8913270239555,0.));
#8972=CARTESIAN_POINT('Ctrl Pts',(-4.17397877673427,-43.8913270239555,0.2));
#8973=CARTESIAN_POINT('Ctrl Pts',(-4.19406601536911,-43.888272026564,0.));
#8974=CARTESIAN_POINT('Ctrl Pts',(-4.19406601536911,-43.888272026564,0.2));
#8975=CARTESIAN_POINT('Ctrl Pts',(-4.2140186883037,-43.8844357774006,0.));
#8976=CARTESIAN_POINT('Ctrl Pts',(-4.2140186883037,-43.8844357774006,0.2));
#8977=CARTESIAN_POINT('Ctrl Pts',(-4.22379500232637,-43.8825561106205,0.));
#8978=CARTESIAN_POINT('Ctrl Pts',(-4.22379500232637,-43.8825561106205,0.2));
#8979=CARTESIAN_POINT('',(-4.163733785972,-43.8928851485252,0.));
#8980=CARTESIAN_POINT('Ctrl Pts',(-4.163733785972,-43.8928851485252,0.));
#8981=CARTESIAN_POINT('Ctrl Pts',(-4.17397877673427,-43.8913270239555,0.));
#8982=CARTESIAN_POINT('Ctrl Pts',(-4.19406601536911,-43.888272026564,0.));
#8983=CARTESIAN_POINT('Ctrl Pts',(-4.2140186883037,-43.8844357774006,0.));
#8984=CARTESIAN_POINT('Ctrl Pts',(-4.22379500232637,-43.8825561106205,0.));
#8985=CARTESIAN_POINT('',(-4.163733785972,-43.8928851485252,0.2));
#8986=CARTESIAN_POINT('Ctrl Pts',(-4.163733785972,-43.8928851485252,0.2));
#8987=CARTESIAN_POINT('Ctrl Pts',(-4.17397877673427,-43.8913270239555,0.2));
#8988=CARTESIAN_POINT('Ctrl Pts',(-4.19406601536911,-43.888272026564,0.2));
#8989=CARTESIAN_POINT('Ctrl Pts',(-4.2140186883037,-43.8844357774006,0.2));
#8990=CARTESIAN_POINT('Ctrl Pts',(-4.22379500232637,-43.8825561106205,0.2));
#8991=CARTESIAN_POINT('',(-4.163733785972,-43.8928851485252,0.));
#8992=CARTESIAN_POINT('Ctrl Pts',(-4.09869945608079,-43.9001536369324,0.));
#8993=CARTESIAN_POINT('Ctrl Pts',(-4.09869945608079,-43.9001536369324,0.2));
#8994=CARTESIAN_POINT('Ctrl Pts',(-4.10974011388708,-43.8991937493506,0.));
#8995=CARTESIAN_POINT('Ctrl Pts',(-4.10974011388708,-43.8991937493506,0.2));
#8996=CARTESIAN_POINT('Ctrl Pts',(-4.13147792542188,-43.8973038388294,0.));
#8997=CARTESIAN_POINT('Ctrl Pts',(-4.13147792542188,-43.8973038388294,0.2));
#8998=CARTESIAN_POINT('Ctrl Pts',(-4.15309570154215,-43.8943424465084,0.));
#8999=CARTESIAN_POINT('Ctrl Pts',(-4.15309570154215,-43.8943424465084,0.2));
#9000=CARTESIAN_POINT('Ctrl Pts',(-4.163733785972,-43.8928851485252,0.));
#9001=CARTESIAN_POINT('Ctrl Pts',(-4.163733785972,-43.8928851485252,0.2));
#9002=CARTESIAN_POINT('',(-4.09869945608079,-43.9001536369324,0.));
#9003=CARTESIAN_POINT('Ctrl Pts',(-4.09869945608079,-43.9001536369324,0.));
#9004=CARTESIAN_POINT('Ctrl Pts',(-4.10974011388708,-43.8991937493506,0.));
#9005=CARTESIAN_POINT('Ctrl Pts',(-4.13147792542188,-43.8973038388294,0.));
#9006=CARTESIAN_POINT('Ctrl Pts',(-4.15309570154215,-43.8943424465084,0.));
#9007=CARTESIAN_POINT('Ctrl Pts',(-4.163733785972,-43.8928851485252,0.));
#9008=CARTESIAN_POINT('',(-4.09869945608079,-43.9001536369324,0.2));
#9009=CARTESIAN_POINT('Ctrl Pts',(-4.09869945608079,-43.9001536369324,0.2));
#9010=CARTESIAN_POINT('Ctrl Pts',(-4.10974011388708,-43.8991937493506,0.2));
#9011=CARTESIAN_POINT('Ctrl Pts',(-4.13147792542188,-43.8973038388294,0.2));
#9012=CARTESIAN_POINT('Ctrl Pts',(-4.15309570154215,-43.8943424465084,0.2));
#9013=CARTESIAN_POINT('Ctrl Pts',(-4.163733785972,-43.8928851485252,0.2));
#9014=CARTESIAN_POINT('',(-4.09869945608079,-43.9001536369324,0.));
#9015=CARTESIAN_POINT('Ctrl Pts',(-4.03136975131929,-43.9028315246105,0.));
#9016=CARTESIAN_POINT('Ctrl Pts',(-4.03136975131929,-43.9028315246105,0.2));
#9017=CARTESIAN_POINT('Ctrl Pts',(-4.04259574082395,-43.9027195735002,0.));
#9018=CARTESIAN_POINT('Ctrl Pts',(-4.04259574082395,-43.9027195735002,0.2));
#9019=CARTESIAN_POINT('Ctrl Pts',(-4.06506555523173,-43.9024954934162,0.));
#9020=CARTESIAN_POINT('Ctrl Pts',(-4.06506555523173,-43.9024954934162,0.2));
#9021=CARTESIAN_POINT('Ctrl Pts',(-4.08748222472619,-43.9009346687281,0.));
#9022=CARTESIAN_POINT('Ctrl Pts',(-4.08748222472619,-43.9009346687281,0.2));
#9023=CARTESIAN_POINT('Ctrl Pts',(-4.09869945608079,-43.9001536369324,0.));
#9024=CARTESIAN_POINT('Ctrl Pts',(-4.09869945608079,-43.9001536369324,0.2));
#9025=CARTESIAN_POINT('',(-4.03136975131929,-43.9028315246105,0.));
#9026=CARTESIAN_POINT('Ctrl Pts',(-4.03136975131929,-43.9028315246105,0.));
#9027=CARTESIAN_POINT('Ctrl Pts',(-4.04259574082395,-43.9027195735002,0.));
#9028=CARTESIAN_POINT('Ctrl Pts',(-4.06506555523173,-43.9024954934162,0.));
#9029=CARTESIAN_POINT('Ctrl Pts',(-4.08748222472619,-43.9009346687281,0.));
#9030=CARTESIAN_POINT('Ctrl Pts',(-4.09869945608079,-43.9001536369324,0.));
#9031=CARTESIAN_POINT('',(-4.03136975131929,-43.9028315246105,0.2));
#9032=CARTESIAN_POINT('Ctrl Pts',(-4.03136975131929,-43.9028315246105,0.2));
#9033=CARTESIAN_POINT('Ctrl Pts',(-4.04259574082395,-43.9027195735002,0.2));
#9034=CARTESIAN_POINT('Ctrl Pts',(-4.06506555523173,-43.9024954934162,0.2));
#9035=CARTESIAN_POINT('Ctrl Pts',(-4.08748222472619,-43.9009346687281,0.2));
#9036=CARTESIAN_POINT('Ctrl Pts',(-4.09869945608079,-43.9001536369324,0.2));
#9037=CARTESIAN_POINT('',(-4.03136975131929,-43.9028315246105,0.));
#9038=CARTESIAN_POINT('Ctrl Pts',(-3.84162223897874,-43.8397099077702,0.));
#9039=CARTESIAN_POINT('Ctrl Pts',(-3.84162223897874,-43.8397099077702,0.2));
#9040=CARTESIAN_POINT('Ctrl Pts',(-3.86748931814388,-43.8580854927653,0.));
#9041=CARTESIAN_POINT('Ctrl Pts',(-3.86748931814388,-43.8580854927653,0.2));
#9042=CARTESIAN_POINT('Ctrl Pts',(-3.92402116288598,-43.8982448672102,0.));
#9043=CARTESIAN_POINT('Ctrl Pts',(-3.92402116288598,-43.8982448672102,0.2));
#9044=CARTESIAN_POINT('Ctrl Pts',(-3.99361806249469,-43.9012185172534,0.));
#9045=CARTESIAN_POINT('Ctrl Pts',(-3.99361806249469,-43.9012185172534,0.2));
#9046=CARTESIAN_POINT('Ctrl Pts',(-4.03136975131929,-43.9028315246105,0.));
#9047=CARTESIAN_POINT('Ctrl Pts',(-4.03136975131929,-43.9028315246105,0.2));
#9048=CARTESIAN_POINT('',(-3.84162223897874,-43.8397099077702,0.));
#9049=CARTESIAN_POINT('Ctrl Pts',(-3.84162223897874,-43.8397099077702,0.));
#9050=CARTESIAN_POINT('Ctrl Pts',(-3.86748931814388,-43.8580854927653,0.));
#9051=CARTESIAN_POINT('Ctrl Pts',(-3.92402116288598,-43.8982448672102,0.));
#9052=CARTESIAN_POINT('Ctrl Pts',(-3.99361806249469,-43.9012185172534,0.));
#9053=CARTESIAN_POINT('Ctrl Pts',(-4.03136975131929,-43.9028315246105,0.));
#9054=CARTESIAN_POINT('',(-3.84162223897874,-43.8397099077702,0.2));
#9055=CARTESIAN_POINT('Ctrl Pts',(-3.84162223897874,-43.8397099077702,0.2));
#9056=CARTESIAN_POINT('Ctrl Pts',(-3.86748931814388,-43.8580854927653,0.2));
#9057=CARTESIAN_POINT('Ctrl Pts',(-3.92402116288598,-43.8982448672102,0.2));
#9058=CARTESIAN_POINT('Ctrl Pts',(-3.99361806249469,-43.9012185172534,0.2));
#9059=CARTESIAN_POINT('Ctrl Pts',(-4.03136975131929,-43.9028315246105,0.2));
#9060=CARTESIAN_POINT('',(-3.84162223897874,-43.8397099077702,0.));
#9061=CARTESIAN_POINT('Ctrl Pts',(-3.77582258544862,-43.6587611585855,0.));
#9062=CARTESIAN_POINT('Ctrl Pts',(-3.77582258544862,-43.6587611585855,0.2));
#9063=CARTESIAN_POINT('Ctrl Pts',(-3.77768345523613,-43.6948577372938,0.));
#9064=CARTESIAN_POINT('Ctrl Pts',(-3.77768345523613,-43.6948577372938,0.2));
#9065=CARTESIAN_POINT('Ctrl Pts',(-3.78115538583049,-43.7622051770822,0.));
#9066=CARTESIAN_POINT('Ctrl Pts',(-3.78115538583049,-43.7622051770822,0.2));
#9067=CARTESIAN_POINT('Ctrl Pts',(-3.82245719038212,-43.8151446814889,0.));
#9068=CARTESIAN_POINT('Ctrl Pts',(-3.82245719038212,-43.8151446814889,0.2));
#9069=CARTESIAN_POINT('Ctrl Pts',(-3.84162223897874,-43.8397099077702,0.));
#9070=CARTESIAN_POINT('Ctrl Pts',(-3.84162223897874,-43.8397099077702,0.2));
#9071=CARTESIAN_POINT('',(-3.77582258544862,-43.6587611585855,0.));
#9072=CARTESIAN_POINT('Ctrl Pts',(-3.77582258544862,-43.6587611585855,0.));
#9073=CARTESIAN_POINT('Ctrl Pts',(-3.77768345523613,-43.6948577372938,0.));
#9074=CARTESIAN_POINT('Ctrl Pts',(-3.78115538583049,-43.7622051770822,0.));
#9075=CARTESIAN_POINT('Ctrl Pts',(-3.82245719038212,-43.8151446814889,0.));
#9076=CARTESIAN_POINT('Ctrl Pts',(-3.84162223897874,-43.8397099077702,0.));
#9077=CARTESIAN_POINT('',(-3.77582258544862,-43.6587611585855,0.2));
#9078=CARTESIAN_POINT('Ctrl Pts',(-3.77582258544862,-43.6587611585855,0.2));
#9079=CARTESIAN_POINT('Ctrl Pts',(-3.77768345523613,-43.6948577372938,0.2));
#9080=CARTESIAN_POINT('Ctrl Pts',(-3.78115538583049,-43.7622051770822,0.2));
#9081=CARTESIAN_POINT('Ctrl Pts',(-3.82245719038212,-43.8151446814889,0.2));
#9082=CARTESIAN_POINT('Ctrl Pts',(-3.84162223897874,-43.8397099077702,0.2));
#9083=CARTESIAN_POINT('',(-3.77582258544862,-43.6587611585855,0.));
#9084=CARTESIAN_POINT('Origin',(-4.3152258452028,-43.6587611585855,0.));
#9085=CARTESIAN_POINT('',(-4.3152258452028,-43.6587611585855,0.));
#9086=CARTESIAN_POINT('',(-4.3152258452028,-43.6587611585855,0.));
#9087=CARTESIAN_POINT('',(-4.3152258452028,-43.6587611585855,0.2));
#9088=CARTESIAN_POINT('',(-4.3152258452028,-43.6587611585855,0.2));
#9089=CARTESIAN_POINT('',(-4.3152258452028,-43.6587611585855,0.));
#9090=CARTESIAN_POINT('Ctrl Pts',(-4.3175212200731,-43.6228009313345,0.));
#9091=CARTESIAN_POINT('Ctrl Pts',(-4.3175212200731,-43.6228009313345,0.2));
#9092=CARTESIAN_POINT('Ctrl Pts',(-4.31724270220229,-43.6289881699987,0.));
#9093=CARTESIAN_POINT('Ctrl Pts',(-4.31724270220229,-43.6289881699987,0.2));
#9094=CARTESIAN_POINT('Ctrl Pts',(-4.31670247011473,-43.6409893563136,0.));
#9095=CARTESIAN_POINT('Ctrl Pts',(-4.31670247011473,-43.6409893563136,0.2));
#9096=CARTESIAN_POINT('Ctrl Pts',(-4.31570773997577,-43.6529613521812,0.));
#9097=CARTESIAN_POINT('Ctrl Pts',(-4.31570773997577,-43.6529613521812,0.2));
#9098=CARTESIAN_POINT('Ctrl Pts',(-4.3152258452028,-43.6587611585855,0.));
#9099=CARTESIAN_POINT('Ctrl Pts',(-4.3152258452028,-43.6587611585855,0.2));
#9100=CARTESIAN_POINT('',(-4.3175212200731,-43.6228009313345,0.));
#9101=CARTESIAN_POINT('Ctrl Pts',(-4.3175212200731,-43.6228009313345,0.));
#9102=CARTESIAN_POINT('Ctrl Pts',(-4.31724270220229,-43.6289881699987,0.));
#9103=CARTESIAN_POINT('Ctrl Pts',(-4.31670247011473,-43.6409893563136,0.));
#9104=CARTESIAN_POINT('Ctrl Pts',(-4.31570773997577,-43.6529613521812,0.));
#9105=CARTESIAN_POINT('Ctrl Pts',(-4.3152258452028,-43.6587611585855,0.));
#9106=CARTESIAN_POINT('',(-4.3175212200731,-43.6228009313345,0.2));
#9107=CARTESIAN_POINT('Ctrl Pts',(-4.3175212200731,-43.6228009313345,0.2));
#9108=CARTESIAN_POINT('Ctrl Pts',(-4.31724270220229,-43.6289881699987,0.2));
#9109=CARTESIAN_POINT('Ctrl Pts',(-4.31670247011473,-43.6409893563136,0.2));
#9110=CARTESIAN_POINT('Ctrl Pts',(-4.31570773997577,-43.6529613521812,0.2));
#9111=CARTESIAN_POINT('Ctrl Pts',(-4.3152258452028,-43.6587611585855,0.2));
#9112=CARTESIAN_POINT('',(-4.3175212200731,-43.6228009313345,0.));
#9113=CARTESIAN_POINT('Ctrl Pts',(-4.3182862456888,-43.5753640532494,0.));
#9114=CARTESIAN_POINT('Ctrl Pts',(-4.3182862456888,-43.5753640532494,0.2));
#9115=CARTESIAN_POINT('Ctrl Pts',(-4.31826862393351,-43.5840360997983,0.));
#9116=CARTESIAN_POINT('Ctrl Pts',(-4.31826862393351,-43.5840360997983,0.2));
#9117=CARTESIAN_POINT('Ctrl Pts',(-4.31823648534048,-43.5998521958827,0.));
#9118=CARTESIAN_POINT('Ctrl Pts',(-4.31823648534048,-43.5998521958827,0.2));
#9119=CARTESIAN_POINT('Ctrl Pts',(-4.31774377486808,-43.615660432073,0.));
#9120=CARTESIAN_POINT('Ctrl Pts',(-4.31774377486808,-43.615660432073,0.2));
#9121=CARTESIAN_POINT('Ctrl Pts',(-4.3175212200731,-43.6228009313345,0.));
#9122=CARTESIAN_POINT('Ctrl Pts',(-4.3175212200731,-43.6228009313345,0.2));
#9123=CARTESIAN_POINT('',(-4.3182862456888,-43.5753640532494,0.));
#9124=CARTESIAN_POINT('Ctrl Pts',(-4.3182862456888,-43.5753640532494,0.));
#9125=CARTESIAN_POINT('Ctrl Pts',(-4.31826862393351,-43.5840360997983,0.));
#9126=CARTESIAN_POINT('Ctrl Pts',(-4.31823648534048,-43.5998521958827,0.));
#9127=CARTESIAN_POINT('Ctrl Pts',(-4.31774377486808,-43.615660432073,0.));
#9128=CARTESIAN_POINT('Ctrl Pts',(-4.3175212200731,-43.6228009313345,0.));
#9129=CARTESIAN_POINT('',(-4.3182862456888,-43.5753640532494,0.2));
#9130=CARTESIAN_POINT('Ctrl Pts',(-4.3182862456888,-43.5753640532494,0.2));
#9131=CARTESIAN_POINT('Ctrl Pts',(-4.31826862393351,-43.5840360997983,0.2));
#9132=CARTESIAN_POINT('Ctrl Pts',(-4.31823648534048,-43.5998521958827,0.2));
#9133=CARTESIAN_POINT('Ctrl Pts',(-4.31774377486808,-43.615660432073,0.2));
#9134=CARTESIAN_POINT('Ctrl Pts',(-4.3175212200731,-43.6228009313345,0.2));
#9135=CARTESIAN_POINT('',(-4.3182862456888,-43.5753640532494,0.));
#9136=CARTESIAN_POINT('Ctrl Pts',(-4.29648048244417,-43.427315056324,0.));
#9137=CARTESIAN_POINT('Ctrl Pts',(-4.29648048244417,-43.427315056324,0.2));
#9138=CARTESIAN_POINT('Ctrl Pts',(-4.30283756686713,-43.4505464402493,0.));
#9139=CARTESIAN_POINT('Ctrl Pts',(-4.30283756686713,-43.4505464402493,0.2));
#9140=CARTESIAN_POINT('Ctrl Pts',(-4.31609486330567,-43.4989940182399,0.));
#9141=CARTESIAN_POINT('Ctrl Pts',(-4.31609486330567,-43.4989940182399,0.2));
#9142=CARTESIAN_POINT('Ctrl Pts',(-4.31753610322525,-43.5492214655183,0.));
#9143=CARTESIAN_POINT('Ctrl Pts',(-4.31753610322525,-43.5492214655183,0.2));
#9144=CARTESIAN_POINT('Ctrl Pts',(-4.3182862456888,-43.5753640532494,0.));
#9145=CARTESIAN_POINT('Ctrl Pts',(-4.3182862456888,-43.5753640532494,0.2));
#9146=CARTESIAN_POINT('Ctrl Pts',(-4.29648048244417,-43.427315056324,0.));
#9147=CARTESIAN_POINT('Ctrl Pts',(-4.30283756686713,-43.4505464402493,0.));
#9148=CARTESIAN_POINT('Ctrl Pts',(-4.31609486330567,-43.4989940182399,0.));
#9149=CARTESIAN_POINT('Ctrl Pts',(-4.31753610322525,-43.5492214655183,0.));
#9150=CARTESIAN_POINT('Ctrl Pts',(-4.3182862456888,-43.5753640532494,0.));
#9151=CARTESIAN_POINT('Ctrl Pts',(-4.29648048244417,-43.427315056324,0.2));
#9152=CARTESIAN_POINT('Ctrl Pts',(-4.30283756686713,-43.4505464402493,0.2));
#9153=CARTESIAN_POINT('Ctrl Pts',(-4.31609486330567,-43.4989940182399,0.2));
#9154=CARTESIAN_POINT('Ctrl Pts',(-4.31753610322525,-43.5492214655183,0.2));
#9155=CARTESIAN_POINT('Ctrl Pts',(-4.3182862456888,-43.5753640532494,0.2));
#9156=CARTESIAN_POINT('Origin',(-5.65952591132373,-43.6140021681786,0.));
#9157=CARTESIAN_POINT('Origin',(-5.65952591132373,-43.6140021681786,0.2));
#9158=CARTESIAN_POINT('Ctrl Pts',(-10.2280033286661,-43.8925026357174,0.));
#9159=CARTESIAN_POINT('Ctrl Pts',(-10.2280033286661,-43.8925026357174,0.2));
#9160=CARTESIAN_POINT('Ctrl Pts',(-10.242902135866,-43.8902662793101,0.));
#9161=CARTESIAN_POINT('Ctrl Pts',(-10.242902135866,-43.8902662793101,0.2));
#9162=CARTESIAN_POINT('Ctrl Pts',(-10.2735262428727,-43.8856695074343,0.));
#9163=CARTESIAN_POINT('Ctrl Pts',(-10.2735262428727,-43.8856695074343,0.2));
#9164=CARTESIAN_POINT('Ctrl Pts',(-10.3036060187766,-43.878304391523,0.));
#9165=CARTESIAN_POINT('Ctrl Pts',(-10.3036060187766,-43.878304391523,0.2));
#9166=CARTESIAN_POINT('Ctrl Pts',(-10.3190518077463,-43.8745224475861,0.));
#9167=CARTESIAN_POINT('Ctrl Pts',(-10.3190518077463,-43.8745224475861,0.2));
#9168=CARTESIAN_POINT('',(-10.2280033286661,-43.8925026357174,0.));
#9169=CARTESIAN_POINT('',(-10.3190518077463,-43.8745224475861,0.));
#9170=CARTESIAN_POINT('Ctrl Pts',(-10.2280033286661,-43.8925026357174,0.));
#9171=CARTESIAN_POINT('Ctrl Pts',(-10.242902135866,-43.8902662793101,0.));
#9172=CARTESIAN_POINT('Ctrl Pts',(-10.2735262428727,-43.8856695074343,0.));
#9173=CARTESIAN_POINT('Ctrl Pts',(-10.3036060187766,-43.878304391523,0.));
#9174=CARTESIAN_POINT('Ctrl Pts',(-10.3190518077463,-43.8745224475861,0.));
#9175=CARTESIAN_POINT('',(-10.3190518077463,-43.8745224475861,0.2));
#9176=CARTESIAN_POINT('',(-10.3190518077463,-43.8745224475861,0.));
#9177=CARTESIAN_POINT('',(-10.2280033286661,-43.8925026357174,0.2));
#9178=CARTESIAN_POINT('Ctrl Pts',(-10.2280033286661,-43.8925026357174,0.2));
#9179=CARTESIAN_POINT('Ctrl Pts',(-10.242902135866,-43.8902662793101,0.2));
#9180=CARTESIAN_POINT('Ctrl Pts',(-10.2735262428727,-43.8856695074343,0.2));
#9181=CARTESIAN_POINT('Ctrl Pts',(-10.3036060187766,-43.878304391523,0.2));
#9182=CARTESIAN_POINT('Ctrl Pts',(-10.3190518077463,-43.8745224475861,0.2));
#9183=CARTESIAN_POINT('',(-10.2280033286661,-43.8925026357174,0.));
#9184=CARTESIAN_POINT('Ctrl Pts',(-10.1476669963449,-43.8982409238815,0.));
#9185=CARTESIAN_POINT('Ctrl Pts',(-10.1476669963449,-43.8982409238815,0.2));
#9186=CARTESIAN_POINT('Ctrl Pts',(-10.1604964930747,-43.8979614830926,0.));
#9187=CARTESIAN_POINT('Ctrl Pts',(-10.1604964930747,-43.8979614830926,0.2));
#9188=CARTESIAN_POINT('Ctrl Pts',(-10.1873681294048,-43.8973761887966,0.));
#9189=CARTESIAN_POINT('Ctrl Pts',(-10.1873681294048,-43.8973761887966,0.2));
#9190=CARTESIAN_POINT('Ctrl Pts',(-10.2140568001989,-43.8941753024692,0.));
#9191=CARTESIAN_POINT('Ctrl Pts',(-10.2140568001989,-43.8941753024692,0.2));
#9192=CARTESIAN_POINT('Ctrl Pts',(-10.2280033286661,-43.8925026357174,0.));
#9193=CARTESIAN_POINT('Ctrl Pts',(-10.2280033286661,-43.8925026357174,0.2));
#9194=CARTESIAN_POINT('',(-10.1476669963449,-43.8982409238815,0.));
#9195=CARTESIAN_POINT('Ctrl Pts',(-10.1476669963449,-43.8982409238815,0.));
#9196=CARTESIAN_POINT('Ctrl Pts',(-10.1604964930747,-43.8979614830926,0.));
#9197=CARTESIAN_POINT('Ctrl Pts',(-10.1873681294048,-43.8973761887966,0.));
#9198=CARTESIAN_POINT('Ctrl Pts',(-10.2140568001989,-43.8941753024692,0.));
#9199=CARTESIAN_POINT('Ctrl Pts',(-10.2280033286661,-43.8925026357174,0.));
#9200=CARTESIAN_POINT('',(-10.1476669963449,-43.8982409238815,0.2));
#9201=CARTESIAN_POINT('Ctrl Pts',(-10.1476669963449,-43.8982409238815,0.2));
#9202=CARTESIAN_POINT('Ctrl Pts',(-10.1604964930747,-43.8979614830926,0.2));
#9203=CARTESIAN_POINT('Ctrl Pts',(-10.1873681294048,-43.8973761887966,0.2));
#9204=CARTESIAN_POINT('Ctrl Pts',(-10.2140568001989,-43.8941753024692,0.2));
#9205=CARTESIAN_POINT('Ctrl Pts',(-10.2280033286661,-43.8925026357174,0.2));
#9206=CARTESIAN_POINT('',(-10.1476669963449,-43.8982409238815,0.));
#9207=CARTESIAN_POINT('Ctrl Pts',(-10.0179804023355,-43.857307434082,0.));
#9208=CARTESIAN_POINT('Ctrl Pts',(-10.0179804023355,-43.857307434082,0.2));
#9209=CARTESIAN_POINT('Ctrl Pts',(-10.0355562743387,-43.869216899038,0.));
#9210=CARTESIAN_POINT('Ctrl Pts',(-10.0355562743387,-43.869216899038,0.2));
#9211=CARTESIAN_POINT('Ctrl Pts',(-10.0744998592782,-43.8956051920349,0.));
#9212=CARTESIAN_POINT('Ctrl Pts',(-10.0744998592782,-43.8956051920349,0.2));
#9213=CARTESIAN_POINT('Ctrl Pts',(-10.1217445831938,-43.8973071094312,0.));
#9214=CARTESIAN_POINT('Ctrl Pts',(-10.1217445831938,-43.8973071094312,0.2));
#9215=CARTESIAN_POINT('Ctrl Pts',(-10.1476669963449,-43.8982409238815,0.));
#9216=CARTESIAN_POINT('Ctrl Pts',(-10.1476669963449,-43.8982409238815,0.2));
#9217=CARTESIAN_POINT('',(-10.0179804023355,-43.857307434082,0.));
#9218=CARTESIAN_POINT('Ctrl Pts',(-10.0179804023355,-43.857307434082,0.));
#9219=CARTESIAN_POINT('Ctrl Pts',(-10.0355562743387,-43.869216899038,0.));
#9220=CARTESIAN_POINT('Ctrl Pts',(-10.0744998592782,-43.8956051920349,0.));
#9221=CARTESIAN_POINT('Ctrl Pts',(-10.1217445831938,-43.8973071094312,0.));
#9222=CARTESIAN_POINT('Ctrl Pts',(-10.1476669963449,-43.8982409238815,0.));
#9223=CARTESIAN_POINT('',(-10.0179804023355,-43.857307434082,0.2));
#9224=CARTESIAN_POINT('Ctrl Pts',(-10.0179804023355,-43.857307434082,0.2));
#9225=CARTESIAN_POINT('Ctrl Pts',(-10.0355562743387,-43.869216899038,0.2));
#9226=CARTESIAN_POINT('Ctrl Pts',(-10.0744998592782,-43.8956051920349,0.2));
#9227=CARTESIAN_POINT('Ctrl Pts',(-10.1217445831938,-43.8973071094312,0.2));
#9228=CARTESIAN_POINT('Ctrl Pts',(-10.1476669963449,-43.8982409238815,0.2));
#9229=CARTESIAN_POINT('',(-10.0179804023355,-43.857307434082,0.));
#9230=CARTESIAN_POINT('Ctrl Pts',(-9.97398681007325,-43.7337420135736,0.));
#9231=CARTESIAN_POINT('Ctrl Pts',(-9.97398681007325,-43.7337420135736,0.2));
#9232=CARTESIAN_POINT('Ctrl Pts',(-9.975067093389,-43.7587877010645,0.));
#9233=CARTESIAN_POINT('Ctrl Pts',(-9.975067093389,-43.7587877010645,0.2));
#9234=CARTESIAN_POINT('Ctrl Pts',(-9.97705023003105,-43.8047654736215,0.));
#9235=CARTESIAN_POINT('Ctrl Pts',(-9.97705023003105,-43.8047654736215,0.2));
#9236=CARTESIAN_POINT('Ctrl Pts',(-10.0051758040463,-43.8408702030824,0.));
#9237=CARTESIAN_POINT('Ctrl Pts',(-10.0051758040463,-43.8408702030824,0.2));
#9238=CARTESIAN_POINT('Ctrl Pts',(-10.0179804023355,-43.857307434082,0.));
#9239=CARTESIAN_POINT('Ctrl Pts',(-10.0179804023355,-43.857307434082,0.2));
#9240=CARTESIAN_POINT('',(-9.97398681007325,-43.7337420135736,0.));
#9241=CARTESIAN_POINT('Ctrl Pts',(-9.97398681007325,-43.7337420135736,0.));
#9242=CARTESIAN_POINT('Ctrl Pts',(-9.975067093389,-43.7587877010645,0.));
#9243=CARTESIAN_POINT('Ctrl Pts',(-9.97705023003105,-43.8047654736215,0.));
#9244=CARTESIAN_POINT('Ctrl Pts',(-10.0051758040463,-43.8408702030824,0.));
#9245=CARTESIAN_POINT('Ctrl Pts',(-10.0179804023355,-43.857307434082,0.));
#9246=CARTESIAN_POINT('',(-9.97398681007325,-43.7337420135736,0.2));
#9247=CARTESIAN_POINT('Ctrl Pts',(-9.97398681007325,-43.7337420135736,0.2));
#9248=CARTESIAN_POINT('Ctrl Pts',(-9.975067093389,-43.7587877010645,0.2));
#9249=CARTESIAN_POINT('Ctrl Pts',(-9.97705023003105,-43.8047654736215,0.2));
#9250=CARTESIAN_POINT('Ctrl Pts',(-10.0051758040463,-43.8408702030824,0.2));
#9251=CARTESIAN_POINT('Ctrl Pts',(-10.0179804023355,-43.857307434082,0.2));
#9252=CARTESIAN_POINT('',(-9.97398681007325,-43.7337420135736,0.));
#9253=CARTESIAN_POINT('Origin',(-9.97398681007325,-43.34353543818,0.));
#9254=CARTESIAN_POINT('',(-9.97398681007326,-43.34353543818,0.));
#9255=CARTESIAN_POINT('',(-9.97398681007325,-43.34353543818,0.));
#9256=CARTESIAN_POINT('',(-9.97398681007326,-43.34353543818,0.2));
#9257=CARTESIAN_POINT('',(-9.97398681007325,-43.34353543818,0.2));
#9258=CARTESIAN_POINT('',(-9.97398681007326,-43.34353543818,0.));
#9259=CARTESIAN_POINT('Origin',(-10.3190518077463,-43.34353543818,0.));
#9260=CARTESIAN_POINT('',(-10.3190518077463,-43.34353543818,0.));
#9261=CARTESIAN_POINT('',(-10.3190518077463,-43.34353543818,0.));
#9262=CARTESIAN_POINT('',(-10.3190518077463,-43.34353543818,0.2));
#9263=CARTESIAN_POINT('',(-10.3190518077463,-43.34353543818,0.2));
#9264=CARTESIAN_POINT('',(-10.3190518077463,-43.34353543818,0.));
#9265=CARTESIAN_POINT('Origin',(-10.3190518077463,-43.2318292558193,0.));
#9266=CARTESIAN_POINT('',(-10.3190518077463,-43.2318292558193,0.));
#9267=CARTESIAN_POINT('',(-10.3190518077463,-43.2318292558193,0.));
#9268=CARTESIAN_POINT('',(-10.3190518077463,-43.2318292558193,0.2));
#9269=CARTESIAN_POINT('',(-10.3190518077463,-43.2318292558193,0.2));
#9270=CARTESIAN_POINT('',(-10.3190518077463,-43.2318292558193,0.));
#9271=CARTESIAN_POINT('Origin',(-9.97398681007325,-43.2318292558193,0.));
#9272=CARTESIAN_POINT('',(-9.97398681007325,-43.2318292558193,0.));
#9273=CARTESIAN_POINT('',(-9.97398681007325,-43.2318292558193,0.));
#9274=CARTESIAN_POINT('',(-9.97398681007325,-43.2318292558193,0.2));
#9275=CARTESIAN_POINT('',(-9.97398681007325,-43.2318292558193,0.2));
#9276=CARTESIAN_POINT('',(-9.97398681007325,-43.2318292558193,0.));
#9277=CARTESIAN_POINT('Origin',(-9.97398681007325,-42.9862286150455,0.));
#9278=CARTESIAN_POINT('',(-9.97398681007325,-42.9862286150455,0.));
#9279=CARTESIAN_POINT('',(-9.97398681007325,-42.9862286150455,0.));
#9280=CARTESIAN_POINT('',(-9.97398681007325,-42.9862286150455,0.2));
#9281=CARTESIAN_POINT('',(-9.97398681007325,-42.9862286150455,0.2));
#9282=CARTESIAN_POINT('',(-9.97398681007325,-42.9862286150455,0.));
#9283=CARTESIAN_POINT('Origin',(-9.84085745178163,-43.0206586420536,0.));
#9284=CARTESIAN_POINT('',(-9.84085745178163,-43.0206586420536,0.));
#9285=CARTESIAN_POINT('',(-9.84085745178163,-43.0206586420536,0.));
#9286=CARTESIAN_POINT('',(-9.84085745178163,-43.0206586420536,0.2));
#9287=CARTESIAN_POINT('',(-9.84085745178163,-43.0206586420536,0.2));
#9288=CARTESIAN_POINT('',(-9.84085745178163,-43.0206586420536,0.));
#9289=CARTESIAN_POINT('Origin',(-9.84085745178163,-43.2318292558193,0.));
#9290=CARTESIAN_POINT('',(-9.84085745178163,-43.2318292558193,0.));
#9291=CARTESIAN_POINT('',(-9.84085745178163,-43.2318292558193,0.));
#9292=CARTESIAN_POINT('',(-9.84085745178163,-43.2318292558193,0.2));
#9293=CARTESIAN_POINT('',(-9.84085745178163,-43.2318292558193,0.2));
#9294=CARTESIAN_POINT('',(-9.84085745178163,-43.2318292558193,0.));
#9295=CARTESIAN_POINT('Origin',(-9.625861113891,-43.2318292558193,0.));
#9296=CARTESIAN_POINT('',(-9.625861113891,-43.2318292558193,0.));
#9297=CARTESIAN_POINT('',(-9.625861113891,-43.2318292558193,0.));
#9298=CARTESIAN_POINT('',(-9.625861113891,-43.2318292558193,0.2));
#9299=CARTESIAN_POINT('',(-9.625861113891,-43.2318292558193,0.2));
#9300=CARTESIAN_POINT('',(-9.625861113891,-43.2318292558193,0.));
#9301=CARTESIAN_POINT('Origin',(-9.625861113891,-43.34353543818,0.));
#9302=CARTESIAN_POINT('',(-9.625861113891,-43.34353543818,0.));
#9303=CARTESIAN_POINT('',(-9.625861113891,-43.34353543818,0.));
#9304=CARTESIAN_POINT('',(-9.625861113891,-43.34353543818,0.2));
#9305=CARTESIAN_POINT('',(-9.625861113891,-43.34353543818,0.2));
#9306=CARTESIAN_POINT('',(-9.625861113891,-43.34353543818,0.));
#9307=CARTESIAN_POINT('Origin',(-9.84085745178163,-43.34353543818,0.));
#9308=CARTESIAN_POINT('',(-9.84085745178163,-43.34353543818,0.));
#9309=CARTESIAN_POINT('',(-9.84085745178163,-43.34353543818,0.));
#9310=CARTESIAN_POINT('',(-9.84085745178163,-43.34353543818,0.2));
#9311=CARTESIAN_POINT('',(-9.84085745178163,-43.34353543818,0.2));
#9312=CARTESIAN_POINT('',(-9.84085745178163,-43.34353543818,0.));
#9313=CARTESIAN_POINT('Origin',(-9.84085745178163,-43.7444535642862,0.));
#9314=CARTESIAN_POINT('',(-9.84085745178163,-43.7444535642862,0.));
#9315=CARTESIAN_POINT('',(-9.84085745178163,-43.7444535642862,0.));
#9316=CARTESIAN_POINT('',(-9.84085745178163,-43.7444535642862,0.2));
#9317=CARTESIAN_POINT('',(-9.84085745178163,-43.7444535642862,0.2));
#9318=CARTESIAN_POINT('',(-9.84085745178163,-43.7444535642862,0.));
#9319=CARTESIAN_POINT('Ctrl Pts',(-9.91201288066804,-43.945295214653,0.));
#9320=CARTESIAN_POINT('Ctrl Pts',(-9.91201288066804,-43.945295214653,0.2));
#9321=CARTESIAN_POINT('Ctrl Pts',(-9.89130793938279,-43.9187558786112,0.));
#9322=CARTESIAN_POINT('Ctrl Pts',(-9.89130793938279,-43.9187558786112,0.2));
#9323=CARTESIAN_POINT('Ctrl Pts',(-9.8455623036249,-43.8601196920554,0.));
#9324=CARTESIAN_POINT('Ctrl Pts',(-9.8455623036249,-43.8601196920554,0.2));
#9325=CARTESIAN_POINT('Ctrl Pts',(-9.84252179512536,-43.7853705062561,0.));
#9326=CARTESIAN_POINT('Ctrl Pts',(-9.84252179512536,-43.7853705062561,0.2));
#9327=CARTESIAN_POINT('Ctrl Pts',(-9.84085745178163,-43.7444535642862,0.));
#9328=CARTESIAN_POINT('Ctrl Pts',(-9.84085745178163,-43.7444535642862,0.2));
#9329=CARTESIAN_POINT('',(-9.91201288066804,-43.945295214653,0.));
#9330=CARTESIAN_POINT('Ctrl Pts',(-9.91201288066804,-43.945295214653,0.));
#9331=CARTESIAN_POINT('Ctrl Pts',(-9.89130793938279,-43.9187558786112,0.));
#9332=CARTESIAN_POINT('Ctrl Pts',(-9.8455623036249,-43.8601196920554,0.));
#9333=CARTESIAN_POINT('Ctrl Pts',(-9.84252179512536,-43.7853705062561,0.));
#9334=CARTESIAN_POINT('Ctrl Pts',(-9.84085745178163,-43.7444535642862,0.));
#9335=CARTESIAN_POINT('',(-9.91201288066804,-43.945295214653,0.2));
#9336=CARTESIAN_POINT('Ctrl Pts',(-9.91201288066804,-43.945295214653,0.2));
#9337=CARTESIAN_POINT('Ctrl Pts',(-9.89130793938279,-43.9187558786112,0.2));
#9338=CARTESIAN_POINT('Ctrl Pts',(-9.8455623036249,-43.8601196920554,0.2));
#9339=CARTESIAN_POINT('Ctrl Pts',(-9.84252179512536,-43.7853705062561,0.2));
#9340=CARTESIAN_POINT('Ctrl Pts',(-9.84085745178163,-43.7444535642862,0.2));
#9341=CARTESIAN_POINT('',(-9.91201288066804,-43.945295214653,0.));
#9342=CARTESIAN_POINT('Ctrl Pts',(-10.1277739461511,-44.0107122063637,0.));
#9343=CARTESIAN_POINT('Ctrl Pts',(-10.1277739461511,-44.0107122063637,0.2));
#9344=CARTESIAN_POINT('Ctrl Pts',(-10.0843413324694,-44.0094071287996,0.));
#9345=CARTESIAN_POINT('Ctrl Pts',(-10.0843413324694,-44.0094071287996,0.2));
#9346=CARTESIAN_POINT('Ctrl Pts',(-10.0060797998565,-44.0070555003416,0.));
#9347=CARTESIAN_POINT('Ctrl Pts',(-10.0060797998565,-44.0070555003416,0.2));
#9348=CARTESIAN_POINT('Ctrl Pts',(-9.94098304621061,-43.9643157769909,0.));
#9349=CARTESIAN_POINT('Ctrl Pts',(-9.94098304621061,-43.9643157769909,0.2));
#9350=CARTESIAN_POINT('Ctrl Pts',(-9.91201288066804,-43.945295214653,0.));
#9351=CARTESIAN_POINT('Ctrl Pts',(-9.91201288066804,-43.945295214653,0.2));
#9352=CARTESIAN_POINT('',(-10.1277739461511,-44.0107122063637,0.));
#9353=CARTESIAN_POINT('Ctrl Pts',(-10.1277739461511,-44.0107122063637,0.));
#9354=CARTESIAN_POINT('Ctrl Pts',(-10.0843413324694,-44.0094071287996,0.));
#9355=CARTESIAN_POINT('Ctrl Pts',(-10.0060797998565,-44.0070555003416,0.));
#9356=CARTESIAN_POINT('Ctrl Pts',(-9.94098304621061,-43.9643157769909,0.));
#9357=CARTESIAN_POINT('Ctrl Pts',(-9.91201288066804,-43.945295214653,0.));
#9358=CARTESIAN_POINT('',(-10.1277739461511,-44.0107122063637,0.2));
#9359=CARTESIAN_POINT('Ctrl Pts',(-10.1277739461511,-44.0107122063637,0.2));
#9360=CARTESIAN_POINT('Ctrl Pts',(-10.0843413324694,-44.0094071287996,0.2));
#9361=CARTESIAN_POINT('Ctrl Pts',(-10.0060797998565,-44.0070555003416,0.2));
#9362=CARTESIAN_POINT('Ctrl Pts',(-9.94098304621061,-43.9643157769909,0.2));
#9363=CARTESIAN_POINT('Ctrl Pts',(-9.91201288066804,-43.945295214653,0.2));
#9364=CARTESIAN_POINT('',(-10.1277739461511,-44.0107122063637,0.));
#9365=CARTESIAN_POINT('Ctrl Pts',(-10.2257079537958,-44.0057389438152,0.));
#9366=CARTESIAN_POINT('Ctrl Pts',(-10.2257079537958,-44.0057389438152,0.2));
#9367=CARTESIAN_POINT('Ctrl Pts',(-10.2095235309035,-44.007189442824,0.));
#9368=CARTESIAN_POINT('Ctrl Pts',(-10.2095235309035,-44.007189442824,0.2));
#9369=CARTESIAN_POINT('Ctrl Pts',(-10.1769431697813,-44.0101093975129,0.));
#9370=CARTESIAN_POINT('Ctrl Pts',(-10.1769431697813,-44.0101093975129,0.2));
#9371=CARTESIAN_POINT('Ctrl Pts',(-10.1442344702029,-44.0105104022908,0.));
#9372=CARTESIAN_POINT('Ctrl Pts',(-10.1442344702029,-44.0105104022908,0.2));
#9373=CARTESIAN_POINT('Ctrl Pts',(-10.1277739461511,-44.0107122063637,0.));
#9374=CARTESIAN_POINT('Ctrl Pts',(-10.1277739461511,-44.0107122063637,0.2));
#9375=CARTESIAN_POINT('',(-10.2257079537958,-44.0057389438152,0.));
#9376=CARTESIAN_POINT('Ctrl Pts',(-10.2257079537958,-44.0057389438152,0.));
#9377=CARTESIAN_POINT('Ctrl Pts',(-10.2095235309035,-44.007189442824,0.));
#9378=CARTESIAN_POINT('Ctrl Pts',(-10.1769431697813,-44.0101093975129,0.));
#9379=CARTESIAN_POINT('Ctrl Pts',(-10.1442344702029,-44.0105104022908,0.));
#9380=CARTESIAN_POINT('Ctrl Pts',(-10.1277739461511,-44.0107122063637,0.));
#9381=CARTESIAN_POINT('',(-10.2257079537958,-44.0057389438152,0.2));
#9382=CARTESIAN_POINT('Ctrl Pts',(-10.2257079537958,-44.0057389438152,0.2));
#9383=CARTESIAN_POINT('Ctrl Pts',(-10.2095235309035,-44.007189442824,0.2));
#9384=CARTESIAN_POINT('Ctrl Pts',(-10.1769431697813,-44.0101093975129,0.2));
#9385=CARTESIAN_POINT('Ctrl Pts',(-10.1442344702029,-44.0105104022908,0.2));
#9386=CARTESIAN_POINT('Ctrl Pts',(-10.1277739461511,-44.0107122063637,0.2));
#9387=CARTESIAN_POINT('',(-10.2257079537958,-44.0057389438152,0.));
#9388=CARTESIAN_POINT('Ctrl Pts',(-10.3190518077463,-43.9892891049385,0.));
#9389=CARTESIAN_POINT('Ctrl Pts',(-10.3190518077463,-43.9892891049385,0.2));
#9390=CARTESIAN_POINT('Ctrl Pts',(-10.3037987805644,-43.9928517305257,0.));
#9391=CARTESIAN_POINT('Ctrl Pts',(-10.3037987805644,-43.9928517305257,0.2));
#9392=CARTESIAN_POINT('Ctrl Pts',(-10.2729867605857,-44.0000484456078,0.));
#9393=CARTESIAN_POINT('Ctrl Pts',(-10.2729867605857,-44.0000484456078,0.2));
#9394=CARTESIAN_POINT('Ctrl Pts',(-10.2415715412022,-44.0038295953814,0.));
#9395=CARTESIAN_POINT('Ctrl Pts',(-10.2415715412022,-44.0038295953814,0.2));
#9396=CARTESIAN_POINT('Ctrl Pts',(-10.2257079537958,-44.0057389438152,0.));
#9397=CARTESIAN_POINT('Ctrl Pts',(-10.2257079537958,-44.0057389438152,0.2));
#9398=CARTESIAN_POINT('',(-10.3190518077463,-43.9892891049385,0.));
#9399=CARTESIAN_POINT('Ctrl Pts',(-10.3190518077463,-43.9892891049385,0.));
#9400=CARTESIAN_POINT('Ctrl Pts',(-10.3037987805644,-43.9928517305257,0.));
#9401=CARTESIAN_POINT('Ctrl Pts',(-10.2729867605857,-44.0000484456078,0.));
#9402=CARTESIAN_POINT('Ctrl Pts',(-10.2415715412022,-44.0038295953814,0.));
#9403=CARTESIAN_POINT('Ctrl Pts',(-10.2257079537958,-44.0057389438152,0.));
#9404=CARTESIAN_POINT('',(-10.3190518077463,-43.9892891049385,0.2));
#9405=CARTESIAN_POINT('Ctrl Pts',(-10.3190518077463,-43.9892891049385,0.2));
#9406=CARTESIAN_POINT('Ctrl Pts',(-10.3037987805644,-43.9928517305257,0.2));
#9407=CARTESIAN_POINT('Ctrl Pts',(-10.2729867605857,-44.0000484456078,0.2));
#9408=CARTESIAN_POINT('Ctrl Pts',(-10.2415715412022,-44.0038295953814,0.2));
#9409=CARTESIAN_POINT('Ctrl Pts',(-10.2257079537958,-44.0057389438152,0.2));
#9410=CARTESIAN_POINT('',(-10.3190518077463,-43.9892891049385,0.));
#9411=CARTESIAN_POINT('Origin',(-10.3190518077463,-43.8745224475861,0.));
#9412=CARTESIAN_POINT('',(-10.3190518077463,-43.8745224475861,0.));
#9413=CARTESIAN_POINT('',(-10.3190518077463,-43.8745224475861,0.2));
#9414=CARTESIAN_POINT('Origin',(-5.65952591132373,-43.6140021681786,0.));
#9415=CARTESIAN_POINT('Origin',(-5.65952591132373,-43.6140021681786,0.2));
#9416=CARTESIAN_POINT('Origin',(-8.46442288719117,-43.0000006407499,0.));
#9417=CARTESIAN_POINT('',(-8.46442288719117,-43.0000006407499,0.));
#9418=CARTESIAN_POINT('',(-8.63045222125947,-43.0000006407499,0.));
#9419=CARTESIAN_POINT('',(-8.46442288719117,-43.0000006407499,0.));
#9420=CARTESIAN_POINT('',(-8.63045222125947,-43.0000006407499,0.2));
#9421=CARTESIAN_POINT('',(-8.63045222125947,-43.0000006407499,0.));
#9422=CARTESIAN_POINT('',(-8.46442288719117,-43.0000006407499,0.2));
#9423=CARTESIAN_POINT('',(-8.46442288719117,-43.0000006407499,0.2));
#9424=CARTESIAN_POINT('',(-8.46442288719117,-43.0000006407499,0.));
#9425=CARTESIAN_POINT('Origin',(-8.32287735305726,-43.3764351904392,0.));
#9426=CARTESIAN_POINT('',(-8.32287735305726,-43.3764351904392,0.));
#9427=CARTESIAN_POINT('',(-8.32287735305726,-43.3764351904392,0.));
#9428=CARTESIAN_POINT('',(-8.32287735305726,-43.3764351904392,0.2));
#9429=CARTESIAN_POINT('',(-8.32287735305726,-43.3764351904392,0.2));
#9430=CARTESIAN_POINT('',(-8.32287735305726,-43.3764351904392,0.));
#9431=CARTESIAN_POINT('Origin',(-8.28079647384584,-43.5034435987473,0.));
#9432=CARTESIAN_POINT('',(-8.28079647384584,-43.5034435987473,0.));
#9433=CARTESIAN_POINT('',(-8.28079647384584,-43.5034435987473,0.));
#9434=CARTESIAN_POINT('',(-8.28079647384584,-43.5034435987473,0.2));
#9435=CARTESIAN_POINT('',(-8.28079647384584,-43.5034435987473,0.2));
#9436=CARTESIAN_POINT('',(-8.28079647384584,-43.5034435987473,0.));
#9437=CARTESIAN_POINT('Origin',(-8.23718494735658,-43.3764351904392,0.));
#9438=CARTESIAN_POINT('',(-8.23718494735658,-43.3764351904392,0.));
#9439=CARTESIAN_POINT('',(-8.23718494735658,-43.3764351904392,0.));
#9440=CARTESIAN_POINT('',(-8.23718494735658,-43.3764351904392,0.2));
#9441=CARTESIAN_POINT('',(-8.23718494735658,-43.3764351904392,0.2));
#9442=CARTESIAN_POINT('',(-8.23718494735658,-43.3764351904392,0.));
#9443=CARTESIAN_POINT('Origin',(-8.10252553783357,-43.0000006407499,0.));
#9444=CARTESIAN_POINT('',(-8.10252553783357,-43.0000006407499,0.));
#9445=CARTESIAN_POINT('',(-8.10252553783357,-43.0000006407499,0.));
#9446=CARTESIAN_POINT('',(-8.10252553783357,-43.0000006407499,0.2));
#9447=CARTESIAN_POINT('',(-8.10252553783357,-43.0000006407499,0.2));
#9448=CARTESIAN_POINT('',(-8.10252553783357,-43.0000006407499,0.));
#9449=CARTESIAN_POINT('Origin',(-7.94108695350587,-43.0000006407499,0.));
#9450=CARTESIAN_POINT('',(-7.94108695350587,-43.0000006407499,0.));
#9451=CARTESIAN_POINT('',(-7.94108695350587,-43.0000006407499,0.));
#9452=CARTESIAN_POINT('',(-7.94108695350587,-43.0000006407499,0.2));
#9453=CARTESIAN_POINT('',(-7.94108695350587,-43.0000006407499,0.2));
#9454=CARTESIAN_POINT('',(-7.94108695350587,-43.0000006407499,0.));
#9455=CARTESIAN_POINT('Origin',(-7.89211994968355,-44.0000006556511,0.));
#9456=CARTESIAN_POINT('',(-7.89211994968355,-44.0000006556511,0.));
#9457=CARTESIAN_POINT('',(-7.89211994968355,-44.0000006556511,0.));
#9458=CARTESIAN_POINT('',(-7.89211994968355,-44.0000006556511,0.2));
#9459=CARTESIAN_POINT('',(-7.89211994968355,-44.0000006556511,0.2));
#9460=CARTESIAN_POINT('',(-7.89211994968355,-44.0000006556511,0.));
#9461=CARTESIAN_POINT('Origin',(-8.02065855823457,-44.0000006556511,0.));
#9462=CARTESIAN_POINT('',(-8.02065855823457,-44.0000006556511,0.));
#9463=CARTESIAN_POINT('',(-8.02065855823457,-44.0000006556511,0.));
#9464=CARTESIAN_POINT('',(-8.02065855823457,-44.0000006556511,0.2));
#9465=CARTESIAN_POINT('',(-8.02065855823457,-44.0000006556511,0.2));
#9466=CARTESIAN_POINT('',(-8.02065855823457,-44.0000006556511,0.));
#9467=CARTESIAN_POINT('Origin',(-8.03825623355806,-43.3871467411518,0.));
#9468=CARTESIAN_POINT('',(-8.03825623355806,-43.3871467411518,0.));
#9469=CARTESIAN_POINT('',(-8.03825623355806,-43.3871467411518,0.));
#9470=CARTESIAN_POINT('',(-8.03825623355806,-43.3871467411518,0.2));
#9471=CARTESIAN_POINT('',(-8.03825623355806,-43.3871467411518,0.2));
#9472=CARTESIAN_POINT('',(-8.03825623355806,-43.3871467411518,0.));
#9473=CARTESIAN_POINT('Origin',(-8.04131633602083,-43.136955499649,0.));
#9474=CARTESIAN_POINT('',(-8.04131633602083,-43.136955499649,0.));
#9475=CARTESIAN_POINT('',(-8.04131633602083,-43.136955499649,0.));
#9476=CARTESIAN_POINT('',(-8.04131633602083,-43.136955499649,0.2));
#9477=CARTESIAN_POINT('',(-8.04131633602083,-43.136955499649,0.2));
#9478=CARTESIAN_POINT('',(-8.04131633602083,-43.136955499649,0.));
#9479=CARTESIAN_POINT('Origin',(-8.0879885610193,-43.29150788486,0.));
#9480=CARTESIAN_POINT('',(-8.0879885610193,-43.29150788486,0.));
#9481=CARTESIAN_POINT('',(-8.0879885610193,-43.29150788486,0.));
#9482=CARTESIAN_POINT('',(-8.0879885610193,-43.29150788486,0.2));
#9483=CARTESIAN_POINT('',(-8.0879885610193,-43.29150788486,0.2));
#9484=CARTESIAN_POINT('',(-8.0879885610193,-43.29150788486,0.));
#9485=CARTESIAN_POINT('Origin',(-8.22876877151429,-43.6740633845329,0.));
#9486=CARTESIAN_POINT('',(-8.22876877151429,-43.6740633845329,0.));
#9487=CARTESIAN_POINT('',(-8.22876877151429,-43.6740633845329,0.));
#9488=CARTESIAN_POINT('',(-8.22876877151429,-43.6740633845329,0.2));
#9489=CARTESIAN_POINT('',(-8.22876877151429,-43.6740633845329,0.2));
#9490=CARTESIAN_POINT('',(-8.22876877151429,-43.6740633845329,0.));
#9491=CARTESIAN_POINT('Origin',(-8.32287735305726,-43.6740633845329,0.));
#9492=CARTESIAN_POINT('',(-8.32287735305726,-43.6740633845329,0.));
#9493=CARTESIAN_POINT('',(-8.32287735305726,-43.6740633845329,0.));
#9494=CARTESIAN_POINT('',(-8.32287735305726,-43.6740633845329,0.2));
#9495=CARTESIAN_POINT('',(-8.32287735305726,-43.6740633845329,0.2));
#9496=CARTESIAN_POINT('',(-8.32287735305726,-43.6740633845329,0.));
#9497=CARTESIAN_POINT('Origin',(-8.47054368816316,-43.2762056589127,0.));
#9498=CARTESIAN_POINT('',(-8.47054368816316,-43.2762056589127,0.));
#9499=CARTESIAN_POINT('',(-8.47054368816316,-43.2762056589127,0.));
#9500=CARTESIAN_POINT('',(-8.47054368816316,-43.2762056589127,0.2));
#9501=CARTESIAN_POINT('',(-8.47054368816316,-43.2762056589127,0.2));
#9502=CARTESIAN_POINT('',(-8.47054368816316,-43.2762056589127,0.));
#9503=CARTESIAN_POINT('Origin',(-8.51721591316163,-43.136955499649,0.));
#9504=CARTESIAN_POINT('',(-8.51721591316163,-43.136955499649,0.));
#9505=CARTESIAN_POINT('',(-8.51721591316163,-43.136955499649,0.));
#9506=CARTESIAN_POINT('',(-8.51721591316163,-43.136955499649,0.2));
#9507=CARTESIAN_POINT('',(-8.51721591316163,-43.136955499649,0.2));
#9508=CARTESIAN_POINT('',(-8.51721591316163,-43.136955499649,0.));
#9509=CARTESIAN_POINT('Origin',(-8.52563208900392,-43.3764351904392,0.));
#9510=CARTESIAN_POINT('',(-8.52563208900392,-43.3764351904392,0.));
#9511=CARTESIAN_POINT('',(-8.52563208900392,-43.3764351904392,0.));
#9512=CARTESIAN_POINT('',(-8.52563208900392,-43.3764351904392,0.2));
#9513=CARTESIAN_POINT('',(-8.52563208900392,-43.3764351904392,0.2));
#9514=CARTESIAN_POINT('',(-8.52563208900392,-43.3764351904392,0.));
#9515=CARTESIAN_POINT('Origin',(-8.54552454315126,-44.0000006556511,0.));
#9516=CARTESIAN_POINT('',(-8.54552454315126,-44.0000006556511,0.));
#9517=CARTESIAN_POINT('',(-8.54552454315126,-44.0000006556511,0.));
#9518=CARTESIAN_POINT('',(-8.54552454315126,-44.0000006556511,0.2));
#9519=CARTESIAN_POINT('',(-8.54552454315126,-44.0000006556511,0.2));
#9520=CARTESIAN_POINT('',(-8.54552454315126,-44.0000006556511,0.));
#9521=CARTESIAN_POINT('Origin',(-8.67865390144288,-44.0000006556511,0.));
#9522=CARTESIAN_POINT('',(-8.67865390144288,-44.0000006556511,0.));
#9523=CARTESIAN_POINT('',(-8.67865390144288,-44.0000006556511,0.));
#9524=CARTESIAN_POINT('',(-8.67865390144288,-44.0000006556511,0.2));
#9525=CARTESIAN_POINT('',(-8.67865390144288,-44.0000006556511,0.2));
#9526=CARTESIAN_POINT('',(-8.67865390144288,-44.0000006556511,0.));
#9527=CARTESIAN_POINT('Origin',(-8.63045222125947,-43.0000006407499,0.));
#9528=CARTESIAN_POINT('',(-8.63045222125947,-43.0000006407499,0.));
#9529=CARTESIAN_POINT('',(-8.63045222125947,-43.0000006407499,0.2));
#9530=CARTESIAN_POINT('Origin',(-5.65952591132373,-43.6140021681786,0.));
#9531=CARTESIAN_POINT('Origin',(-5.65952591132373,-43.6140021681786,0.2));
#9532=CARTESIAN_POINT('Ctrl Pts',(-9.07230324111879,-42.9403219372034,0.));
#9533=CARTESIAN_POINT('Ctrl Pts',(-9.07230324111879,-42.9403219372034,0.2));
#9534=CARTESIAN_POINT('Ctrl Pts',(-9.07724687290551,-42.935739678168,0.));
#9535=CARTESIAN_POINT('Ctrl Pts',(-9.07724687290551,-42.935739678168,0.2));
#9536=CARTESIAN_POINT('Ctrl Pts',(-9.08719105569969,-42.9265224015941,0.));
#9537=CARTESIAN_POINT('Ctrl Pts',(-9.08719105569969,-42.9265224015941,0.2));
#9538=CARTESIAN_POINT('Ctrl Pts',(-9.09943091791189,-42.9206860845395,0.));
#9539=CARTESIAN_POINT('Ctrl Pts',(-9.09943091791189,-42.9206860845395,0.2));
#9540=CARTESIAN_POINT('Ctrl Pts',(-9.10558587871492,-42.9177512228489,0.));
#9541=CARTESIAN_POINT('Ctrl Pts',(-9.10558587871492,-42.9177512228489,0.2));
#9542=CARTESIAN_POINT('',(-9.07230324111879,-42.9403219372034,0.));
#9543=CARTESIAN_POINT('',(-9.10558587871492,-42.9177512228489,0.));
#9544=CARTESIAN_POINT('Ctrl Pts',(-9.07230324111879,-42.9403219372034,0.));
#9545=CARTESIAN_POINT('Ctrl Pts',(-9.07724687290551,-42.935739678168,0.));
#9546=CARTESIAN_POINT('Ctrl Pts',(-9.08719105569969,-42.9265224015941,0.));
#9547=CARTESIAN_POINT('Ctrl Pts',(-9.09943091791189,-42.9206860845395,0.));
#9548=CARTESIAN_POINT('Ctrl Pts',(-9.10558587871492,-42.9177512228489,0.));
#9549=CARTESIAN_POINT('',(-9.10558587871492,-42.9177512228489,0.2));
#9550=CARTESIAN_POINT('',(-9.10558587871492,-42.9177512228489,0.));
#9551=CARTESIAN_POINT('',(-9.07230324111879,-42.9403219372034,0.2));
#9552=CARTESIAN_POINT('Ctrl Pts',(-9.07230324111879,-42.9403219372034,0.2));
#9553=CARTESIAN_POINT('Ctrl Pts',(-9.07724687290551,-42.935739678168,0.2));
#9554=CARTESIAN_POINT('Ctrl Pts',(-9.08719105569969,-42.9265224015941,0.2));
#9555=CARTESIAN_POINT('Ctrl Pts',(-9.09943091791189,-42.9206860845395,0.2));
#9556=CARTESIAN_POINT('Ctrl Pts',(-9.10558587871492,-42.9177512228489,0.2));
#9557=CARTESIAN_POINT('',(-9.07230324111879,-42.9403219372034,0.));
#9558=CARTESIAN_POINT('Ctrl Pts',(-9.05011541210115,-42.9736042767763,0.));
#9559=CARTESIAN_POINT('Ctrl Pts',(-9.05011541210115,-42.9736042767763,0.2));
#9560=CARTESIAN_POINT('Ctrl Pts',(-9.05304510667429,-42.9675343968368,0.));
#9561=CARTESIAN_POINT('Ctrl Pts',(-9.05304510667429,-42.9675343968368,0.2));
#9562=CARTESIAN_POINT('Ctrl Pts',(-9.05889681860323,-42.9554105429802,0.));
#9563=CARTESIAN_POINT('Ctrl Pts',(-9.05889681860323,-42.9554105429802,0.2));
#9564=CARTESIAN_POINT('Ctrl Pts',(-9.06783834392419,-42.9453470715019,0.));
#9565=CARTESIAN_POINT('Ctrl Pts',(-9.06783834392419,-42.9453470715019,0.2));
#9566=CARTESIAN_POINT('Ctrl Pts',(-9.07230324111879,-42.9403219372034,0.));
#9567=CARTESIAN_POINT('Ctrl Pts',(-9.07230324111879,-42.9403219372034,0.2));
#9568=CARTESIAN_POINT('',(-9.05011541210115,-42.9736042767763,0.));
#9569=CARTESIAN_POINT('Ctrl Pts',(-9.05011541210115,-42.9736042767763,0.));
#9570=CARTESIAN_POINT('Ctrl Pts',(-9.05304510667429,-42.9675343968368,0.));
#9571=CARTESIAN_POINT('Ctrl Pts',(-9.05889681860323,-42.9554105429802,0.));
#9572=CARTESIAN_POINT('Ctrl Pts',(-9.06783834392419,-42.9453470715019,0.));
#9573=CARTESIAN_POINT('Ctrl Pts',(-9.07230324111879,-42.9403219372034,0.));
#9574=CARTESIAN_POINT('',(-9.05011541210115,-42.9736042767763,0.2));
#9575=CARTESIAN_POINT('Ctrl Pts',(-9.05011541210115,-42.9736042767763,0.2));
#9576=CARTESIAN_POINT('Ctrl Pts',(-9.05304510667429,-42.9675343968368,0.2));
#9577=CARTESIAN_POINT('Ctrl Pts',(-9.05889681860323,-42.9554105429802,0.2));
#9578=CARTESIAN_POINT('Ctrl Pts',(-9.06783834392419,-42.9453470715019,0.2));
#9579=CARTESIAN_POINT('Ctrl Pts',(-9.07230324111879,-42.9403219372034,0.2));
#9580=CARTESIAN_POINT('',(-9.05011541210115,-42.9736042767763,0.));
#9581=CARTESIAN_POINT('Ctrl Pts',(-9.04208130203187,-43.0145377665758,0.));
#9582=CARTESIAN_POINT('Ctrl Pts',(-9.04208130203187,-43.0145377665758,0.2));
#9583=CARTESIAN_POINT('Ctrl Pts',(-9.04238607569612,-43.0073561554094,0.));
#9584=CARTESIAN_POINT('Ctrl Pts',(-9.04238607569612,-43.0073561554094,0.2));
#9585=CARTESIAN_POINT('Ctrl Pts',(-9.0429826632744,-42.9932983134219,0.));
#9586=CARTESIAN_POINT('Ctrl Pts',(-9.0429826632744,-42.9932983134219,0.2));
#9587=CARTESIAN_POINT('Ctrl Pts',(-9.04777251266777,-42.9800731919756,0.));
#9588=CARTESIAN_POINT('Ctrl Pts',(-9.04777251266777,-42.9800731919756,0.2));
#9589=CARTESIAN_POINT('Ctrl Pts',(-9.05011541210115,-42.9736042767763,0.));
#9590=CARTESIAN_POINT('Ctrl Pts',(-9.05011541210115,-42.9736042767763,0.2));
#9591=CARTESIAN_POINT('',(-9.04208130203187,-43.0145377665758,0.));
#9592=CARTESIAN_POINT('Ctrl Pts',(-9.04208130203187,-43.0145377665758,0.));
#9593=CARTESIAN_POINT('Ctrl Pts',(-9.04238607569612,-43.0073561554094,0.));
#9594=CARTESIAN_POINT('Ctrl Pts',(-9.0429826632744,-42.9932983134219,0.));
#9595=CARTESIAN_POINT('Ctrl Pts',(-9.04777251266777,-42.9800731919756,0.));
#9596=CARTESIAN_POINT('Ctrl Pts',(-9.05011541210115,-42.9736042767763,0.));
#9597=CARTESIAN_POINT('',(-9.04208130203187,-43.0145377665758,0.2));
#9598=CARTESIAN_POINT('Ctrl Pts',(-9.04208130203187,-43.0145377665758,0.2));
#9599=CARTESIAN_POINT('Ctrl Pts',(-9.04238607569612,-43.0073561554094,0.2));
#9600=CARTESIAN_POINT('Ctrl Pts',(-9.0429826632744,-42.9932983134219,0.2));
#9601=CARTESIAN_POINT('Ctrl Pts',(-9.04777251266777,-42.9800731919756,0.2));
#9602=CARTESIAN_POINT('Ctrl Pts',(-9.05011541210115,-42.9736042767763,0.2));
#9603=CARTESIAN_POINT('',(-9.04208130203187,-43.0145377665758,0.));
#9604=CARTESIAN_POINT('Ctrl Pts',(-9.05011541210115,-43.0550885945559,0.));
#9605=CARTESIAN_POINT('Ctrl Pts',(-9.05011541210115,-43.0550885945559,0.2));
#9606=CARTESIAN_POINT('Ctrl Pts',(-9.04777224946293,-43.0485880033065,0.));
#9607=CARTESIAN_POINT('Ctrl Pts',(-9.04777224946293,-43.0485880033065,0.2));
#9608=CARTESIAN_POINT('Ctrl Pts',(-9.04304686574138,-43.0354784617113,0.));
#9609=CARTESIAN_POINT('Ctrl Pts',(-9.04304686574138,-43.0354784617113,0.2));
#9610=CARTESIAN_POINT('Ctrl Pts',(-9.04240492529024,-43.021556356779,0.));
#9611=CARTESIAN_POINT('Ctrl Pts',(-9.04240492529024,-43.021556356779,0.2));
#9612=CARTESIAN_POINT('Ctrl Pts',(-9.04208130203187,-43.0145377665758,0.));
#9613=CARTESIAN_POINT('Ctrl Pts',(-9.04208130203187,-43.0145377665758,0.2));
#9614=CARTESIAN_POINT('',(-9.05011541210115,-43.0550885945559,0.));
#9615=CARTESIAN_POINT('Ctrl Pts',(-9.05011541210115,-43.0550885945559,0.));
#9616=CARTESIAN_POINT('Ctrl Pts',(-9.04777224946293,-43.0485880033065,0.));
#9617=CARTESIAN_POINT('Ctrl Pts',(-9.04304686574138,-43.0354784617113,0.));
#9618=CARTESIAN_POINT('Ctrl Pts',(-9.04240492529024,-43.021556356779,0.));
#9619=CARTESIAN_POINT('Ctrl Pts',(-9.04208130203187,-43.0145377665758,0.));
#9620=CARTESIAN_POINT('',(-9.05011541210115,-43.0550885945559,0.2));
#9621=CARTESIAN_POINT('Ctrl Pts',(-9.05011541210115,-43.0550885945559,0.2));
#9622=CARTESIAN_POINT('Ctrl Pts',(-9.04777224946293,-43.0485880033065,0.2));
#9623=CARTESIAN_POINT('Ctrl Pts',(-9.04304686574138,-43.0354784617113,0.2));
#9624=CARTESIAN_POINT('Ctrl Pts',(-9.04240492529024,-43.021556356779,0.2));
#9625=CARTESIAN_POINT('Ctrl Pts',(-9.04208130203187,-43.0145377665758,0.2));
#9626=CARTESIAN_POINT('',(-9.05011541210115,-43.0550885945559,0.));
#9627=CARTESIAN_POINT('Ctrl Pts',(-9.07230324111879,-43.0887535214424,0.));
#9628=CARTESIAN_POINT('Ctrl Pts',(-9.07230324111879,-43.0887535214424,0.2));
#9629=CARTESIAN_POINT('Ctrl Pts',(-9.06783255715247,-43.0836985254365,0.));
#9630=CARTESIAN_POINT('Ctrl Pts',(-9.06783255715247,-43.0836985254365,0.2));
#9631=CARTESIAN_POINT('Ctrl Pts',(-9.05883986691815,-43.0735305033712,0.));
#9632=CARTESIAN_POINT('Ctrl Pts',(-9.05883986691815,-43.0735305033712,0.2));
#9633=CARTESIAN_POINT('Ctrl Pts',(-9.05303460746456,-43.0612592419872,0.));
#9634=CARTESIAN_POINT('Ctrl Pts',(-9.05303460746456,-43.0612592419872,0.2));
#9635=CARTESIAN_POINT('Ctrl Pts',(-9.05011541210115,-43.0550885945559,0.));
#9636=CARTESIAN_POINT('Ctrl Pts',(-9.05011541210115,-43.0550885945559,0.2));
#9637=CARTESIAN_POINT('',(-9.07230324111879,-43.0887535214424,0.));
#9638=CARTESIAN_POINT('Ctrl Pts',(-9.07230324111879,-43.0887535214424,0.));
#9639=CARTESIAN_POINT('Ctrl Pts',(-9.06783255715247,-43.0836985254365,0.));
#9640=CARTESIAN_POINT('Ctrl Pts',(-9.05883986691815,-43.0735305033712,0.));
#9641=CARTESIAN_POINT('Ctrl Pts',(-9.05303460746456,-43.0612592419872,0.));
#9642=CARTESIAN_POINT('Ctrl Pts',(-9.05011541210115,-43.0550885945559,0.));
#9643=CARTESIAN_POINT('',(-9.07230324111879,-43.0887535214424,0.2));
#9644=CARTESIAN_POINT('Ctrl Pts',(-9.07230324111879,-43.0887535214424,0.2));
#9645=CARTESIAN_POINT('Ctrl Pts',(-9.06783255715247,-43.0836985254365,0.2));
#9646=CARTESIAN_POINT('Ctrl Pts',(-9.05883986691815,-43.0735305033712,0.2));
#9647=CARTESIAN_POINT('Ctrl Pts',(-9.05303460746456,-43.0612592419872,0.2));
#9648=CARTESIAN_POINT('Ctrl Pts',(-9.05011541210115,-43.0550885945559,0.2));
#9649=CARTESIAN_POINT('',(-9.07230324111879,-43.0887535214424,0.));
#9650=CARTESIAN_POINT('Ctrl Pts',(-9.10558587871492,-43.1113242357969,0.));
#9651=CARTESIAN_POINT('Ctrl Pts',(-9.10558587871492,-43.1113242357969,0.2));
#9652=CARTESIAN_POINT('Ctrl Pts',(-9.09943091541844,-43.108389390255,0.));
#9653=CARTESIAN_POINT('Ctrl Pts',(-9.09943091541844,-43.108389390255,0.2));
#9654=CARTESIAN_POINT('Ctrl Pts',(-9.08719103570014,-43.1025530993311,0.));
#9655=CARTESIAN_POINT('Ctrl Pts',(-9.08719103570014,-43.1025530993311,0.2));
#9656=CARTESIAN_POINT('Ctrl Pts',(-9.07724686968851,-43.0933357976908,0.));
#9657=CARTESIAN_POINT('Ctrl Pts',(-9.07724686968851,-43.0933357976908,0.2));
#9658=CARTESIAN_POINT('Ctrl Pts',(-9.07230324111879,-43.0887535214424,0.));
#9659=CARTESIAN_POINT('Ctrl Pts',(-9.07230324111879,-43.0887535214424,0.2));
#9660=CARTESIAN_POINT('',(-9.10558587871492,-43.1113242357969,0.));
#9661=CARTESIAN_POINT('Ctrl Pts',(-9.10558587871492,-43.1113242357969,0.));
#9662=CARTESIAN_POINT('Ctrl Pts',(-9.09943091541844,-43.108389390255,0.));
#9663=CARTESIAN_POINT('Ctrl Pts',(-9.08719103570014,-43.1025530993311,0.));
#9664=CARTESIAN_POINT('Ctrl Pts',(-9.07724686968851,-43.0933357976908,0.));
#9665=CARTESIAN_POINT('Ctrl Pts',(-9.07230324111879,-43.0887535214424,0.));
#9666=CARTESIAN_POINT('',(-9.10558587871492,-43.1113242357969,0.2));
#9667=CARTESIAN_POINT('Ctrl Pts',(-9.10558587871492,-43.1113242357969,0.2));
#9668=CARTESIAN_POINT('Ctrl Pts',(-9.09943091541844,-43.108389390255,0.2));
#9669=CARTESIAN_POINT('Ctrl Pts',(-9.08719103570014,-43.1025530993311,0.2));
#9670=CARTESIAN_POINT('Ctrl Pts',(-9.07724686968851,-43.0933357976908,0.2));
#9671=CARTESIAN_POINT('Ctrl Pts',(-9.07230324111879,-43.0887535214424,0.2));
#9672=CARTESIAN_POINT('',(-9.10558587871492,-43.1113242357969,0.));
#9673=CARTESIAN_POINT('Ctrl Pts',(-9.14690203033387,-43.1193579733372,0.));
#9674=CARTESIAN_POINT('Ctrl Pts',(-9.14690203033387,-43.1193579733372,0.2));
#9675=CARTESIAN_POINT('Ctrl Pts',(-9.13969063977765,-43.1190469903941,0.));
#9676=CARTESIAN_POINT('Ctrl Pts',(-9.13969063977765,-43.1190469903941,0.2));
#9677=CARTESIAN_POINT('Ctrl Pts',(-9.12551302991901,-43.1184355972369,0.));
#9678=CARTESIAN_POINT('Ctrl Pts',(-9.12551302991901,-43.1184355972369,0.2));
#9679=CARTESIAN_POINT('Ctrl Pts',(-9.11215124132274,-43.1136672032392,0.));
#9680=CARTESIAN_POINT('Ctrl Pts',(-9.11215124132274,-43.1136672032392,0.2));
#9681=CARTESIAN_POINT('Ctrl Pts',(-9.10558587871492,-43.1113242357969,0.));
#9682=CARTESIAN_POINT('Ctrl Pts',(-9.10558587871492,-43.1113242357969,0.2));
#9683=CARTESIAN_POINT('',(-9.14690203033387,-43.1193579733372,0.));
#9684=CARTESIAN_POINT('Ctrl Pts',(-9.14690203033387,-43.1193579733372,0.));
#9685=CARTESIAN_POINT('Ctrl Pts',(-9.13969063977765,-43.1190469903941,0.));
#9686=CARTESIAN_POINT('Ctrl Pts',(-9.12551302991901,-43.1184355972369,0.));
#9687=CARTESIAN_POINT('Ctrl Pts',(-9.11215124132274,-43.1136672032392,0.));
#9688=CARTESIAN_POINT('Ctrl Pts',(-9.10558587871492,-43.1113242357969,0.));
#9689=CARTESIAN_POINT('',(-9.14690203033387,-43.1193579733372,0.2));
#9690=CARTESIAN_POINT('Ctrl Pts',(-9.14690203033387,-43.1193579733372,0.2));
#9691=CARTESIAN_POINT('Ctrl Pts',(-9.13969063977765,-43.1190469903941,0.2));
#9692=CARTESIAN_POINT('Ctrl Pts',(-9.12551302991901,-43.1184355972369,0.2));
#9693=CARTESIAN_POINT('Ctrl Pts',(-9.11215124132274,-43.1136672032392,0.2));
#9694=CARTESIAN_POINT('Ctrl Pts',(-9.10558587871492,-43.1113242357969,0.2));
#9695=CARTESIAN_POINT('',(-9.14690203033387,-43.1193579733372,0.));
#9696=CARTESIAN_POINT('Ctrl Pts',(-9.18821758590638,-43.1113242357969,0.));
#9697=CARTESIAN_POINT('Ctrl Pts',(-9.18821758590638,-43.1113242357969,0.2));
#9698=CARTESIAN_POINT('Ctrl Pts',(-9.18165222380876,-43.1136672035501,0.));
#9699=CARTESIAN_POINT('Ctrl Pts',(-9.18165222380876,-43.1136672035501,0.2));
#9700=CARTESIAN_POINT('Ctrl Pts',(-9.16829062369752,-43.1184355312869,0.));
#9701=CARTESIAN_POINT('Ctrl Pts',(-9.16829062369752,-43.1184355312869,0.2));
#9702=CARTESIAN_POINT('Ctrl Pts',(-9.15411321887381,-43.1190469709525,0.));
#9703=CARTESIAN_POINT('Ctrl Pts',(-9.15411321887381,-43.1190469709525,0.2));
#9704=CARTESIAN_POINT('Ctrl Pts',(-9.14690203033387,-43.1193579733372,0.));
#9705=CARTESIAN_POINT('Ctrl Pts',(-9.14690203033387,-43.1193579733372,0.2));
#9706=CARTESIAN_POINT('',(-9.18821758590638,-43.1113242357969,0.));
#9707=CARTESIAN_POINT('Ctrl Pts',(-9.18821758590638,-43.1113242357969,0.));
#9708=CARTESIAN_POINT('Ctrl Pts',(-9.18165222380876,-43.1136672035501,0.));
#9709=CARTESIAN_POINT('Ctrl Pts',(-9.16829062369752,-43.1184355312869,0.));
#9710=CARTESIAN_POINT('Ctrl Pts',(-9.15411321887381,-43.1190469709525,0.));
#9711=CARTESIAN_POINT('Ctrl Pts',(-9.14690203033387,-43.1193579733372,0.));
#9712=CARTESIAN_POINT('',(-9.18821758590638,-43.1113242357969,0.2));
#9713=CARTESIAN_POINT('Ctrl Pts',(-9.18821758590638,-43.1113242357969,0.2));
#9714=CARTESIAN_POINT('Ctrl Pts',(-9.18165222380876,-43.1136672035501,0.2));
#9715=CARTESIAN_POINT('Ctrl Pts',(-9.16829062369752,-43.1184355312869,0.2));
#9716=CARTESIAN_POINT('Ctrl Pts',(-9.15411321887381,-43.1190469709525,0.2));
#9717=CARTESIAN_POINT('Ctrl Pts',(-9.14690203033387,-43.1193579733372,0.2));
#9718=CARTESIAN_POINT('',(-9.18821758590638,-43.1113242357969,0.));
#9719=CARTESIAN_POINT('Ctrl Pts',(-9.22150022350251,-43.0887535214424,0.));
#9720=CARTESIAN_POINT('Ctrl Pts',(-9.22150022350251,-43.0887535214424,0.2));
#9721=CARTESIAN_POINT('Ctrl Pts',(-9.21655659171579,-43.0933357804778,0.));
#9722=CARTESIAN_POINT('Ctrl Pts',(-9.21655659171579,-43.0933357804778,0.2));
#9723=CARTESIAN_POINT('Ctrl Pts',(-9.20661240892162,-43.1025530570518,0.));
#9724=CARTESIAN_POINT('Ctrl Pts',(-9.20661240892162,-43.1025530570518,0.2));
#9725=CARTESIAN_POINT('Ctrl Pts',(-9.19437254670942,-43.1083893741063,0.));
#9726=CARTESIAN_POINT('Ctrl Pts',(-9.19437254670942,-43.1083893741063,0.2));
#9727=CARTESIAN_POINT('Ctrl Pts',(-9.18821758590638,-43.1113242357969,0.));
#9728=CARTESIAN_POINT('Ctrl Pts',(-9.18821758590638,-43.1113242357969,0.2));
#9729=CARTESIAN_POINT('',(-9.22150022350251,-43.0887535214424,0.));
#9730=CARTESIAN_POINT('Ctrl Pts',(-9.22150022350251,-43.0887535214424,0.));
#9731=CARTESIAN_POINT('Ctrl Pts',(-9.21655659171579,-43.0933357804778,0.));
#9732=CARTESIAN_POINT('Ctrl Pts',(-9.20661240892162,-43.1025530570518,0.));
#9733=CARTESIAN_POINT('Ctrl Pts',(-9.19437254670942,-43.1083893741063,0.));
#9734=CARTESIAN_POINT('Ctrl Pts',(-9.18821758590638,-43.1113242357969,0.));
#9735=CARTESIAN_POINT('',(-9.22150022350251,-43.0887535214424,0.2));
#9736=CARTESIAN_POINT('Ctrl Pts',(-9.22150022350251,-43.0887535214424,0.2));
#9737=CARTESIAN_POINT('Ctrl Pts',(-9.21655659171579,-43.0933357804778,0.2));
#9738=CARTESIAN_POINT('Ctrl Pts',(-9.20661240892162,-43.1025530570518,0.2));
#9739=CARTESIAN_POINT('Ctrl Pts',(-9.19437254670942,-43.1083893741063,0.2));
#9740=CARTESIAN_POINT('Ctrl Pts',(-9.18821758590638,-43.1113242357969,0.2));
#9741=CARTESIAN_POINT('',(-9.22150022350251,-43.0887535214424,0.));
#9742=CARTESIAN_POINT('Ctrl Pts',(-9.24368805252015,-43.0550885945559,0.));
#9743=CARTESIAN_POINT('Ctrl Pts',(-9.24368805252015,-43.0550885945559,0.2));
#9744=CARTESIAN_POINT('Ctrl Pts',(-9.24076886083579,-43.0612592568905,0.));
#9745=CARTESIAN_POINT('Ctrl Pts',(-9.24076886083579,-43.0612592568905,0.2));
#9746=CARTESIAN_POINT('Ctrl Pts',(-9.23496361751931,-43.0735305292664,0.));
#9747=CARTESIAN_POINT('Ctrl Pts',(-9.23496361751931,-43.0735305292664,0.2));
#9748=CARTESIAN_POINT('Ctrl Pts',(-9.22597090945965,-43.0836985392246,0.));
#9749=CARTESIAN_POINT('Ctrl Pts',(-9.22597090945965,-43.0836985392246,0.2));
#9750=CARTESIAN_POINT('Ctrl Pts',(-9.22150022350251,-43.0887535214424,0.));
#9751=CARTESIAN_POINT('Ctrl Pts',(-9.22150022350251,-43.0887535214424,0.2));
#9752=CARTESIAN_POINT('',(-9.24368805252015,-43.0550885945559,0.));
#9753=CARTESIAN_POINT('Ctrl Pts',(-9.24368805252015,-43.0550885945559,0.));
#9754=CARTESIAN_POINT('Ctrl Pts',(-9.24076886083579,-43.0612592568905,0.));
#9755=CARTESIAN_POINT('Ctrl Pts',(-9.23496361751931,-43.0735305292664,0.));
#9756=CARTESIAN_POINT('Ctrl Pts',(-9.22597090945965,-43.0836985392246,0.));
#9757=CARTESIAN_POINT('Ctrl Pts',(-9.22150022350251,-43.0887535214424,0.));
#9758=CARTESIAN_POINT('',(-9.24368805252015,-43.0550885945559,0.2));
#9759=CARTESIAN_POINT('Ctrl Pts',(-9.24368805252015,-43.0550885945559,0.2));
#9760=CARTESIAN_POINT('Ctrl Pts',(-9.24076886083579,-43.0612592568905,0.2));
#9761=CARTESIAN_POINT('Ctrl Pts',(-9.23496361751931,-43.0735305292664,0.2));
#9762=CARTESIAN_POINT('Ctrl Pts',(-9.22597090945965,-43.0836985392246,0.2));
#9763=CARTESIAN_POINT('Ctrl Pts',(-9.22150022350251,-43.0887535214424,0.2));
#9764=CARTESIAN_POINT('',(-9.24368805252015,-43.0550885945559,0.));
#9765=CARTESIAN_POINT('Ctrl Pts',(-9.25172216258943,-43.0145377665758,0.));
#9766=CARTESIAN_POINT('Ctrl Pts',(-9.25172216258943,-43.0145377665758,0.2));
#9767=CARTESIAN_POINT('Ctrl Pts',(-9.25139853933107,-43.021556356779,0.));
#9768=CARTESIAN_POINT('Ctrl Pts',(-9.25139853933107,-43.021556356779,0.2));
#9769=CARTESIAN_POINT('Ctrl Pts',(-9.25075659887992,-43.0354784617113,0.));
#9770=CARTESIAN_POINT('Ctrl Pts',(-9.25075659887992,-43.0354784617113,0.2));
#9771=CARTESIAN_POINT('Ctrl Pts',(-9.24603121515837,-43.0485880033065,0.));
#9772=CARTESIAN_POINT('Ctrl Pts',(-9.24603121515837,-43.0485880033065,0.2));
#9773=CARTESIAN_POINT('Ctrl Pts',(-9.24368805252015,-43.0550885945559,0.));
#9774=CARTESIAN_POINT('Ctrl Pts',(-9.24368805252015,-43.0550885945559,0.2));
#9775=CARTESIAN_POINT('',(-9.25172216258943,-43.0145377665758,0.));
#9776=CARTESIAN_POINT('Ctrl Pts',(-9.25172216258943,-43.0145377665758,0.));
#9777=CARTESIAN_POINT('Ctrl Pts',(-9.25139853933107,-43.021556356779,0.));
#9778=CARTESIAN_POINT('Ctrl Pts',(-9.25075659887992,-43.0354784617113,0.));
#9779=CARTESIAN_POINT('Ctrl Pts',(-9.24603121515837,-43.0485880033065,0.));
#9780=CARTESIAN_POINT('Ctrl Pts',(-9.24368805252015,-43.0550885945559,0.));
#9781=CARTESIAN_POINT('',(-9.25172216258943,-43.0145377665758,0.2));
#9782=CARTESIAN_POINT('Ctrl Pts',(-9.25172216258943,-43.0145377665758,0.2));
#9783=CARTESIAN_POINT('Ctrl Pts',(-9.25139853933107,-43.021556356779,0.2));
#9784=CARTESIAN_POINT('Ctrl Pts',(-9.25075659887992,-43.0354784617113,0.2));
#9785=CARTESIAN_POINT('Ctrl Pts',(-9.24603121515837,-43.0485880033065,0.2));
#9786=CARTESIAN_POINT('Ctrl Pts',(-9.24368805252015,-43.0550885945559,0.2));
#9787=CARTESIAN_POINT('',(-9.25172216258943,-43.0145377665758,0.));
#9788=CARTESIAN_POINT('Ctrl Pts',(-9.24368805252015,-42.9736042767763,0.));
#9789=CARTESIAN_POINT('Ctrl Pts',(-9.24368805252015,-42.9736042767763,0.2));
#9790=CARTESIAN_POINT('Ctrl Pts',(-9.24603124591019,-42.9800731730423,0.));
#9791=CARTESIAN_POINT('Ctrl Pts',(-9.24603124591019,-42.9800731730423,0.2));
#9792=CARTESIAN_POINT('Ctrl Pts',(-9.25082166899536,-42.9932981804786,0.));
#9793=CARTESIAN_POINT('Ctrl Pts',(-9.25082166899536,-42.9932981804786,0.2));
#9794=CARTESIAN_POINT('Ctrl Pts',(-9.25141768339838,-43.0073561363723,0.));
#9795=CARTESIAN_POINT('Ctrl Pts',(-9.25141768339838,-43.0073561363723,0.2));
#9796=CARTESIAN_POINT('Ctrl Pts',(-9.25172216258943,-43.0145377665758,0.));
#9797=CARTESIAN_POINT('Ctrl Pts',(-9.25172216258943,-43.0145377665758,0.2));
#9798=CARTESIAN_POINT('',(-9.24368805252015,-42.9736042767763,0.));
#9799=CARTESIAN_POINT('Ctrl Pts',(-9.24368805252015,-42.9736042767763,0.));
#9800=CARTESIAN_POINT('Ctrl Pts',(-9.24603124591019,-42.9800731730423,0.));
#9801=CARTESIAN_POINT('Ctrl Pts',(-9.25082166899536,-42.9932981804786,0.));
#9802=CARTESIAN_POINT('Ctrl Pts',(-9.25141768339838,-43.0073561363723,0.));
#9803=CARTESIAN_POINT('Ctrl Pts',(-9.25172216258943,-43.0145377665758,0.));
#9804=CARTESIAN_POINT('',(-9.24368805252015,-42.9736042767763,0.2));
#9805=CARTESIAN_POINT('Ctrl Pts',(-9.24368805252015,-42.9736042767763,0.2));
#9806=CARTESIAN_POINT('Ctrl Pts',(-9.24603124591019,-42.9800731730423,0.2));
#9807=CARTESIAN_POINT('Ctrl Pts',(-9.25082166899536,-42.9932981804786,0.2));
#9808=CARTESIAN_POINT('Ctrl Pts',(-9.25141768339838,-43.0073561363723,0.2));
#9809=CARTESIAN_POINT('Ctrl Pts',(-9.25172216258943,-43.0145377665758,0.2));
#9810=CARTESIAN_POINT('',(-9.24368805252015,-42.9736042767763,0.));
#9811=CARTESIAN_POINT('Ctrl Pts',(-9.22150022350251,-42.9403219372034,0.));
#9812=CARTESIAN_POINT('Ctrl Pts',(-9.22150022350251,-42.9403219372034,0.2));
#9813=CARTESIAN_POINT('Ctrl Pts',(-9.22596512069712,-42.9453470715019,0.));
#9814=CARTESIAN_POINT('Ctrl Pts',(-9.22596512069712,-42.9453470715019,0.2));
#9815=CARTESIAN_POINT('Ctrl Pts',(-9.23490664601807,-42.9554105429802,0.));
#9816=CARTESIAN_POINT('Ctrl Pts',(-9.23490664601807,-42.9554105429802,0.2));
#9817=CARTESIAN_POINT('Ctrl Pts',(-9.24075835794701,-42.9675343968368,0.));
#9818=CARTESIAN_POINT('Ctrl Pts',(-9.24075835794701,-42.9675343968368,0.2));
#9819=CARTESIAN_POINT('Ctrl Pts',(-9.24368805252015,-42.9736042767763,0.));
#9820=CARTESIAN_POINT('Ctrl Pts',(-9.24368805252015,-42.9736042767763,0.2));
#9821=CARTESIAN_POINT('',(-9.22150022350251,-42.9403219372034,0.));
#9822=CARTESIAN_POINT('Ctrl Pts',(-9.22150022350251,-42.9403219372034,0.));
#9823=CARTESIAN_POINT('Ctrl Pts',(-9.22596512069712,-42.9453470715019,0.));
#9824=CARTESIAN_POINT('Ctrl Pts',(-9.23490664601807,-42.9554105429802,0.));
#9825=CARTESIAN_POINT('Ctrl Pts',(-9.24075835794701,-42.9675343968368,0.));
#9826=CARTESIAN_POINT('Ctrl Pts',(-9.24368805252015,-42.9736042767763,0.));
#9827=CARTESIAN_POINT('',(-9.22150022350251,-42.9403219372034,0.2));
#9828=CARTESIAN_POINT('Ctrl Pts',(-9.22150022350251,-42.9403219372034,0.2));
#9829=CARTESIAN_POINT('Ctrl Pts',(-9.22596512069712,-42.9453470715019,0.2));
#9830=CARTESIAN_POINT('Ctrl Pts',(-9.23490664601807,-42.9554105429802,0.2));
#9831=CARTESIAN_POINT('Ctrl Pts',(-9.24075835794701,-42.9675343968368,0.2));
#9832=CARTESIAN_POINT('Ctrl Pts',(-9.24368805252015,-42.9736042767763,0.2));
#9833=CARTESIAN_POINT('',(-9.22150022350251,-42.9403219372034,0.));
#9834=CARTESIAN_POINT('Ctrl Pts',(-9.18821758590638,-42.9177512228489,0.));
#9835=CARTESIAN_POINT('Ctrl Pts',(-9.18821758590638,-42.9177512228489,0.2));
#9836=CARTESIAN_POINT('Ctrl Pts',(-9.1943727871961,-42.920686024543,0.));
#9837=CARTESIAN_POINT('Ctrl Pts',(-9.1943727871961,-42.920686024543,0.2));
#9838=CARTESIAN_POINT('Ctrl Pts',(-9.20661283234011,-42.9265220814865,0.));
#9839=CARTESIAN_POINT('Ctrl Pts',(-9.20661283234011,-42.9265220814865,0.2));
#9840=CARTESIAN_POINT('Ctrl Pts',(-9.2165568128969,-42.9357396465681,0.));
#9841=CARTESIAN_POINT('Ctrl Pts',(-9.2165568128969,-42.9357396465681,0.2));
#9842=CARTESIAN_POINT('Ctrl Pts',(-9.22150022350251,-42.9403219372034,0.));
#9843=CARTESIAN_POINT('Ctrl Pts',(-9.22150022350251,-42.9403219372034,0.2));
#9844=CARTESIAN_POINT('',(-9.18821758590638,-42.9177512228489,0.));
#9845=CARTESIAN_POINT('Ctrl Pts',(-9.18821758590638,-42.9177512228489,0.));
#9846=CARTESIAN_POINT('Ctrl Pts',(-9.1943727871961,-42.920686024543,0.));
#9847=CARTESIAN_POINT('Ctrl Pts',(-9.20661283234011,-42.9265220814865,0.));
#9848=CARTESIAN_POINT('Ctrl Pts',(-9.2165568128969,-42.9357396465681,0.));
#9849=CARTESIAN_POINT('Ctrl Pts',(-9.22150022350251,-42.9403219372034,0.));
#9850=CARTESIAN_POINT('',(-9.18821758590638,-42.9177512228489,0.2));
#9851=CARTESIAN_POINT('Ctrl Pts',(-9.18821758590638,-42.9177512228489,0.2));
#9852=CARTESIAN_POINT('Ctrl Pts',(-9.1943727871961,-42.920686024543,0.2));
#9853=CARTESIAN_POINT('Ctrl Pts',(-9.20661283234011,-42.9265220814865,0.2));
#9854=CARTESIAN_POINT('Ctrl Pts',(-9.2165568128969,-42.9357396465681,0.2));
#9855=CARTESIAN_POINT('Ctrl Pts',(-9.22150022350251,-42.9403219372034,0.2));
#9856=CARTESIAN_POINT('',(-9.18821758590638,-42.9177512228489,0.));
#9857=CARTESIAN_POINT('Ctrl Pts',(-9.14690203033387,-42.9097175598145,0.));
#9858=CARTESIAN_POINT('Ctrl Pts',(-9.14690203033387,-42.9097175598145,0.2));
#9859=CARTESIAN_POINT('Ctrl Pts',(-9.15411342562199,-42.9100285108518,0.));
#9860=CARTESIAN_POINT('Ctrl Pts',(-9.15411342562199,-42.9100285108518,0.2));
#9861=CARTESIAN_POINT('Ctrl Pts',(-9.16829085110361,-42.910639832931,0.));
#9862=CARTESIAN_POINT('Ctrl Pts',(-9.16829085110361,-42.910639832931,0.2));
#9863=CARTESIAN_POINT('Ctrl Pts',(-9.18165242274541,-42.9154082682417,0.));
#9864=CARTESIAN_POINT('Ctrl Pts',(-9.18165242274541,-42.9154082682417,0.2));
#9865=CARTESIAN_POINT('Ctrl Pts',(-9.18821758590638,-42.9177512228489,0.));
#9866=CARTESIAN_POINT('Ctrl Pts',(-9.18821758590638,-42.9177512228489,0.2));
#9867=CARTESIAN_POINT('',(-9.14690203033387,-42.9097175598145,0.));
#9868=CARTESIAN_POINT('Ctrl Pts',(-9.14690203033387,-42.9097175598145,0.));
#9869=CARTESIAN_POINT('Ctrl Pts',(-9.15411342562199,-42.9100285108518,0.));
#9870=CARTESIAN_POINT('Ctrl Pts',(-9.16829085110361,-42.910639832931,0.));
#9871=CARTESIAN_POINT('Ctrl Pts',(-9.18165242274541,-42.9154082682417,0.));
#9872=CARTESIAN_POINT('Ctrl Pts',(-9.18821758590638,-42.9177512228489,0.));
#9873=CARTESIAN_POINT('',(-9.14690203033387,-42.9097175598145,0.2));
#9874=CARTESIAN_POINT('Ctrl Pts',(-9.14690203033387,-42.9097175598145,0.2));
#9875=CARTESIAN_POINT('Ctrl Pts',(-9.15411342562199,-42.9100285108518,0.2));
#9876=CARTESIAN_POINT('Ctrl Pts',(-9.16829085110361,-42.910639832931,0.2));
#9877=CARTESIAN_POINT('Ctrl Pts',(-9.18165242274541,-42.9154082682417,0.2));
#9878=CARTESIAN_POINT('Ctrl Pts',(-9.18821758590638,-42.9177512228489,0.2));
#9879=CARTESIAN_POINT('',(-9.14690203033387,-42.9097175598145,0.));
#9880=CARTESIAN_POINT('Ctrl Pts',(-9.10558587871492,-42.9177512228489,0.));
#9881=CARTESIAN_POINT('Ctrl Pts',(-9.10558587871492,-42.9177512228489,0.2));
#9882=CARTESIAN_POINT('Ctrl Pts',(-9.11215124194129,-42.915408267932,0.));
#9883=CARTESIAN_POINT('Ctrl Pts',(-9.11215124194129,-42.915408267932,0.2));
#9884=CARTESIAN_POINT('Ctrl Pts',(-9.12551303422909,-42.9106398985577,0.));
#9885=CARTESIAN_POINT('Ctrl Pts',(-9.12551303422909,-42.9106398985577,0.2));
#9886=CARTESIAN_POINT('Ctrl Pts',(-9.13969064039014,-42.9100285301987,0.));
#9887=CARTESIAN_POINT('Ctrl Pts',(-9.13969064039014,-42.9100285301987,0.2));
#9888=CARTESIAN_POINT('Ctrl Pts',(-9.14690203033387,-42.9097175598145,0.));
#9889=CARTESIAN_POINT('Ctrl Pts',(-9.14690203033387,-42.9097175598145,0.2));
#9890=CARTESIAN_POINT('Ctrl Pts',(-9.10558587871492,-42.9177512228489,0.));
#9891=CARTESIAN_POINT('Ctrl Pts',(-9.11215124194129,-42.915408267932,0.));
#9892=CARTESIAN_POINT('Ctrl Pts',(-9.12551303422909,-42.9106398985577,0.));
#9893=CARTESIAN_POINT('Ctrl Pts',(-9.13969064039014,-42.9100285301987,0.));
#9894=CARTESIAN_POINT('Ctrl Pts',(-9.14690203033387,-42.9097175598145,0.));
#9895=CARTESIAN_POINT('Ctrl Pts',(-9.10558587871492,-42.9177512228489,0.2));
#9896=CARTESIAN_POINT('Ctrl Pts',(-9.11215124194129,-42.915408267932,0.2));
#9897=CARTESIAN_POINT('Ctrl Pts',(-9.12551303422909,-42.9106398985577,0.2));
#9898=CARTESIAN_POINT('Ctrl Pts',(-9.13969064039014,-42.9100285301987,0.2));
#9899=CARTESIAN_POINT('Ctrl Pts',(-9.14690203033387,-42.9097175598145,0.2));
#9900=CARTESIAN_POINT('Origin',(-5.65952591132373,-43.6140021681786,0.));
#9901=CARTESIAN_POINT('Origin',(-5.65952591132373,-43.6140021681786,0.2));
#9902=CARTESIAN_POINT('Origin',(-8.84774333797395,-43.8890595734119,0.));
#9903=CARTESIAN_POINT('',(-8.84774333797395,-43.8890595734119,0.));
#9904=CARTESIAN_POINT('',(-9.1002298053354,-43.8890595734119,0.));
#9905=CARTESIAN_POINT('',(-8.84774333797395,-43.8890595734119,0.));
#9906=CARTESIAN_POINT('',(-9.1002298053354,-43.8890595734119,0.2));
#9907=CARTESIAN_POINT('',(-9.1002298053354,-43.8890595734119,0.));
#9908=CARTESIAN_POINT('',(-8.84774333797395,-43.8890595734119,0.2));
#9909=CARTESIAN_POINT('',(-8.84774333797395,-43.8890595734119,0.2));
#9910=CARTESIAN_POINT('',(-8.84774333797395,-43.8890595734119,0.));
#9911=CARTESIAN_POINT('Origin',(-8.84774333797395,-44.0000006556511,0.));
#9912=CARTESIAN_POINT('',(-8.84774333797395,-44.0000006556511,0.));
#9913=CARTESIAN_POINT('',(-8.84774333797395,-44.0000006556511,0.));
#9914=CARTESIAN_POINT('',(-8.84774333797395,-44.0000006556511,0.2));
#9915=CARTESIAN_POINT('',(-8.84774333797395,-44.0000006556511,0.2));
#9916=CARTESIAN_POINT('',(-8.84774333797395,-44.0000006556511,0.));
#9917=CARTESIAN_POINT('Origin',(-9.46365780197084,-44.0000006556511,0.));
#9918=CARTESIAN_POINT('',(-9.46365780197084,-44.0000006556511,0.));
#9919=CARTESIAN_POINT('',(-9.46365780197084,-44.0000006556511,0.));
#9920=CARTESIAN_POINT('',(-9.46365780197084,-44.0000006556511,0.2));
#9921=CARTESIAN_POINT('',(-9.46365780197084,-44.0000006556511,0.2));
#9922=CARTESIAN_POINT('',(-9.46365780197084,-44.0000006556511,0.));
#9923=CARTESIAN_POINT('Origin',(-9.46365780197084,-43.8890595734119,0.));
#9924=CARTESIAN_POINT('',(-9.46365780197084,-43.8890595734119,0.));
#9925=CARTESIAN_POINT('',(-9.46365780197084,-43.8890595734119,0.));
#9926=CARTESIAN_POINT('',(-9.46365780197084,-43.8890595734119,0.2));
#9927=CARTESIAN_POINT('',(-9.46365780197084,-43.8890595734119,0.2));
#9928=CARTESIAN_POINT('',(-9.46365780197084,-43.8890595734119,0.));
#9929=CARTESIAN_POINT('Origin',(-9.23488921485841,-43.8890595734119,0.));
#9930=CARTESIAN_POINT('',(-9.23488921485841,-43.8890595734119,0.));
#9931=CARTESIAN_POINT('',(-9.23488921485841,-43.8890595734119,0.));
#9932=CARTESIAN_POINT('',(-9.23488921485841,-43.8890595734119,0.2));
#9933=CARTESIAN_POINT('',(-9.23488921485841,-43.8890595734119,0.2));
#9934=CARTESIAN_POINT('',(-9.23488921485841,-43.8890595734119,0.));
#9935=CARTESIAN_POINT('Origin',(-9.23488921485841,-43.2318292558193,0.));
#9936=CARTESIAN_POINT('',(-9.23488921485841,-43.2318292558193,0.));
#9937=CARTESIAN_POINT('',(-9.23488921485841,-43.2318292558193,0.));
#9938=CARTESIAN_POINT('',(-9.23488921485841,-43.2318292558193,0.2));
#9939=CARTESIAN_POINT('',(-9.23488921485841,-43.2318292558193,0.2));
#9940=CARTESIAN_POINT('',(-9.23488921485841,-43.2318292558193,0.));
#9941=CARTESIAN_POINT('Origin',(-8.87299186550081,-43.2318292558193,0.));
#9942=CARTESIAN_POINT('',(-8.87299186550081,-43.2318292558193,0.));
#9943=CARTESIAN_POINT('',(-8.87299186550081,-43.2318292558193,0.));
#9944=CARTESIAN_POINT('',(-8.87299186550081,-43.2318292558193,0.2));
#9945=CARTESIAN_POINT('',(-8.87299186550081,-43.2318292558193,0.2));
#9946=CARTESIAN_POINT('',(-8.87299186550081,-43.2318292558193,0.));
#9947=CARTESIAN_POINT('Origin',(-8.87299186550081,-43.342005237937,0.));
#9948=CARTESIAN_POINT('',(-8.87299186550081,-43.342005237937,0.));
#9949=CARTESIAN_POINT('',(-8.87299186550081,-43.342005237937,0.));
#9950=CARTESIAN_POINT('',(-8.87299186550081,-43.342005237937,0.2));
#9951=CARTESIAN_POINT('',(-8.87299186550081,-43.342005237937,0.2));
#9952=CARTESIAN_POINT('',(-8.87299186550081,-43.342005237937,0.));
#9953=CARTESIAN_POINT('Origin',(-9.1002298053354,-43.342005237937,0.));
#9954=CARTESIAN_POINT('',(-9.1002298053354,-43.342005237937,0.));
#9955=CARTESIAN_POINT('',(-9.1002298053354,-43.342005237937,0.));
#9956=CARTESIAN_POINT('',(-9.1002298053354,-43.342005237937,0.2));
#9957=CARTESIAN_POINT('',(-9.1002298053354,-43.342005237937,0.2));
#9958=CARTESIAN_POINT('',(-9.1002298053354,-43.342005237937,0.));
#9959=CARTESIAN_POINT('Origin',(-9.1002298053354,-43.8890595734119,0.));
#9960=CARTESIAN_POINT('',(-9.1002298053354,-43.8890595734119,0.));
#9961=CARTESIAN_POINT('',(-9.1002298053354,-43.8890595734119,0.2));
#9962=CARTESIAN_POINT('Origin',(-5.65952591132373,-43.6140021681786,0.));
#9963=CARTESIAN_POINT('Origin',(-5.65952591132373,-43.6140021681786,0.2));
#9964=CARTESIAN_POINT('Origin',(-6.611323421821,-43.7368024885654,0.));
#9965=CARTESIAN_POINT('',(-6.611323421821,-43.7368024885654,0.));
#9966=CARTESIAN_POINT('',(-6.7911250051111,-43.2318292558193,0.));
#9967=CARTESIAN_POINT('',(-6.611323421821,-43.7368024885654,0.));
#9968=CARTESIAN_POINT('',(-6.7911250051111,-43.2318292558193,0.2));
#9969=CARTESIAN_POINT('',(-6.7911250051111,-43.2318292558193,0.));
#9970=CARTESIAN_POINT('',(-6.611323421821,-43.7368024885654,0.2));
#9971=CARTESIAN_POINT('',(-6.611323421821,-43.7368024885654,0.2));
#9972=CARTESIAN_POINT('',(-6.611323421821,-43.7368024885654,0.));
#9973=CARTESIAN_POINT('Origin',(-6.56694716773927,-43.8592202961445,0.));
#9974=CARTESIAN_POINT('',(-6.56694716773927,-43.8592202961445,0.));
#9975=CARTESIAN_POINT('',(-6.56694716773927,-43.8592202961445,0.));
#9976=CARTESIAN_POINT('',(-6.56694716773927,-43.8592202961445,0.2));
#9977=CARTESIAN_POINT('',(-6.56694716773927,-43.8592202961445,0.2));
#9978=CARTESIAN_POINT('',(-6.56694716773927,-43.8592202961445,0.));
#9979=CARTESIAN_POINT('Origin',(-6.52792639099061,-43.7398628890514,0.));
#9980=CARTESIAN_POINT('',(-6.52792639099061,-43.7398628890514,0.));
#9981=CARTESIAN_POINT('',(-6.52792639099061,-43.7398628890514,0.));
#9982=CARTESIAN_POINT('',(-6.52792639099061,-43.7398628890514,0.2));
#9983=CARTESIAN_POINT('',(-6.52792639099061,-43.7398628890514,0.2));
#9984=CARTESIAN_POINT('',(-6.52792639099061,-43.7398628890514,0.));
#9985=CARTESIAN_POINT('Origin',(-6.33358842693269,-43.2318292558193,0.));
#9986=CARTESIAN_POINT('',(-6.33358842693269,-43.2318292558193,0.));
#9987=CARTESIAN_POINT('',(-6.33358842693269,-43.2318292558193,0.));
#9988=CARTESIAN_POINT('',(-6.33358842693269,-43.2318292558193,0.2));
#9989=CARTESIAN_POINT('',(-6.33358842693269,-43.2318292558193,0.2));
#9990=CARTESIAN_POINT('',(-6.33358842693269,-43.2318292558193,0.));
#9991=CARTESIAN_POINT('Origin',(-6.18209666572511,-43.2318292558193,0.));
#9992=CARTESIAN_POINT('',(-6.18209666572511,-43.2318292558193,0.));
#9993=CARTESIAN_POINT('',(-6.18209666572511,-43.2318292558193,0.));
#9994=CARTESIAN_POINT('',(-6.18209666572511,-43.2318292558193,0.2));
#9995=CARTESIAN_POINT('',(-6.18209666572511,-43.2318292558193,0.2));
#9996=CARTESIAN_POINT('',(-6.18209666572511,-43.2318292558193,0.));
#9997=CARTESIAN_POINT('Origin',(-6.48890561424196,-44.0000006556511,0.));
#9998=CARTESIAN_POINT('',(-6.48890561424196,-44.0000006556511,0.));
#9999=CARTESIAN_POINT('',(-6.48890561424196,-44.0000006556511,0.));
#10000=CARTESIAN_POINT('',(-6.48890561424196,-44.0000006556511,0.2));
#10001=CARTESIAN_POINT('',(-6.48890561424196,-44.0000006556511,0.2));
#10002=CARTESIAN_POINT('',(-6.48890561424196,-44.0000006556511,0.));
#10003=CARTESIAN_POINT('Ctrl Pts',(-6.43840855918825,-44.0925790369511,
0.));
#10004=CARTESIAN_POINT('Ctrl Pts',(-6.43840855918825,-44.0925790369511,
0.2));
#10005=CARTESIAN_POINT('Ctrl Pts',(-6.44724308955613,-44.0786478972092,
0.));
#10006=CARTESIAN_POINT('Ctrl Pts',(-6.44724308955613,-44.0786478972092,
0.2));
#10007=CARTESIAN_POINT('Ctrl Pts',(-6.46610592800771,-44.0489031538607,
0.));
#10008=CARTESIAN_POINT('Ctrl Pts',(-6.46610592800771,-44.0489031538607,
0.2));
#10009=CARTESIAN_POINT('Ctrl Pts',(-6.4809916923251,-44.0169750362805,0.));
#10010=CARTESIAN_POINT('Ctrl Pts',(-6.4809916923251,-44.0169750362805,0.2));
#10011=CARTESIAN_POINT('Ctrl Pts',(-6.48890561424196,-44.0000006556511,
0.));
#10012=CARTESIAN_POINT('Ctrl Pts',(-6.48890561424196,-44.0000006556511,
0.2));
#10013=CARTESIAN_POINT('',(-6.43840855918825,-44.0925790369511,0.));
#10014=CARTESIAN_POINT('Ctrl Pts',(-6.43840855918825,-44.0925790369511,
0.));
#10015=CARTESIAN_POINT('Ctrl Pts',(-6.44724308955613,-44.0786478972092,
0.));
#10016=CARTESIAN_POINT('Ctrl Pts',(-6.46610592800771,-44.0489031538607,
0.));
#10017=CARTESIAN_POINT('Ctrl Pts',(-6.4809916923251,-44.0169750362805,0.));
#10018=CARTESIAN_POINT('Ctrl Pts',(-6.48890561424196,-44.0000006556511,
0.));
#10019=CARTESIAN_POINT('',(-6.43840855918825,-44.0925790369511,0.2));
#10020=CARTESIAN_POINT('Ctrl Pts',(-6.43840855918825,-44.0925790369511,
0.2));
#10021=CARTESIAN_POINT('Ctrl Pts',(-6.44724308955613,-44.0786478972092,
0.2));
#10022=CARTESIAN_POINT('Ctrl Pts',(-6.46610592800771,-44.0489031538607,
0.2));
#10023=CARTESIAN_POINT('Ctrl Pts',(-6.4809916923251,-44.0169750362805,0.2));
#10024=CARTESIAN_POINT('Ctrl Pts',(-6.48890561424196,-44.0000006556511,
0.2));
#10025=CARTESIAN_POINT('',(-6.43840855918825,-44.0925790369511,0.));
#10026=CARTESIAN_POINT('Ctrl Pts',(-6.3840854819864,-44.1549356281757,0.));
#10027=CARTESIAN_POINT('Ctrl Pts',(-6.3840854819864,-44.1549356281757,0.2));
#10028=CARTESIAN_POINT('Ctrl Pts',(-6.3936400592835,-44.1459939057067,0.));
#10029=CARTESIAN_POINT('Ctrl Pts',(-6.3936400592835,-44.1459939057067,0.2));
#10030=CARTESIAN_POINT('Ctrl Pts',(-6.41386478197575,-44.1270664480385,
0.));
#10031=CARTESIAN_POINT('Ctrl Pts',(-6.41386478197575,-44.1270664480385,
0.2));
#10032=CARTESIAN_POINT('Ctrl Pts',(-6.42993188692466,-44.1044899371551,
0.));
#10033=CARTESIAN_POINT('Ctrl Pts',(-6.42993188692466,-44.1044899371551,
0.2));
#10034=CARTESIAN_POINT('Ctrl Pts',(-6.43840855918825,-44.0925790369511,
0.));
#10035=CARTESIAN_POINT('Ctrl Pts',(-6.43840855918825,-44.0925790369511,
0.2));
#10036=CARTESIAN_POINT('',(-6.3840854819864,-44.1549356281757,0.));
#10037=CARTESIAN_POINT('Ctrl Pts',(-6.3840854819864,-44.1549356281757,0.));
#10038=CARTESIAN_POINT('Ctrl Pts',(-6.3936400592835,-44.1459939057067,0.));
#10039=CARTESIAN_POINT('Ctrl Pts',(-6.41386478197575,-44.1270664480385,
0.));
#10040=CARTESIAN_POINT('Ctrl Pts',(-6.42993188692466,-44.1044899371551,
0.));
#10041=CARTESIAN_POINT('Ctrl Pts',(-6.43840855918825,-44.0925790369511,
0.));
#10042=CARTESIAN_POINT('',(-6.3840854819864,-44.1549356281757,0.2));
#10043=CARTESIAN_POINT('Ctrl Pts',(-6.3840854819864,-44.1549356281757,0.2));
#10044=CARTESIAN_POINT('Ctrl Pts',(-6.3936400592835,-44.1459939057067,0.2));
#10045=CARTESIAN_POINT('Ctrl Pts',(-6.41386478197575,-44.1270664480385,
0.2));
#10046=CARTESIAN_POINT('Ctrl Pts',(-6.42993188692466,-44.1044899371551,
0.2));
#10047=CARTESIAN_POINT('Ctrl Pts',(-6.43840855918825,-44.0925790369511,
0.2));
#10048=CARTESIAN_POINT('',(-6.3840854819864,-44.1549356281757,0.));
#10049=CARTESIAN_POINT('Ctrl Pts',(-6.32402426563203,-44.1897481679916,
0.));
#10050=CARTESIAN_POINT('Ctrl Pts',(-6.32402426563203,-44.1897481679916,
0.2));
#10051=CARTESIAN_POINT('Ctrl Pts',(-6.33458388395988,-44.1855175009427,
0.));
#10052=CARTESIAN_POINT('Ctrl Pts',(-6.33458388395988,-44.1855175009427,
0.2));
#10053=CARTESIAN_POINT('Ctrl Pts',(-6.3562816560983,-44.1768243790163,0.));
#10054=CARTESIAN_POINT('Ctrl Pts',(-6.3562816560983,-44.1768243790163,0.2));
#10055=CARTESIAN_POINT('Ctrl Pts',(-6.37465424835087,-44.1623604309348,
0.));
#10056=CARTESIAN_POINT('Ctrl Pts',(-6.37465424835087,-44.1623604309348,
0.2));
#10057=CARTESIAN_POINT('Ctrl Pts',(-6.3840854819864,-44.1549356281757,0.));
#10058=CARTESIAN_POINT('Ctrl Pts',(-6.3840854819864,-44.1549356281757,0.2));
#10059=CARTESIAN_POINT('',(-6.32402426563203,-44.1897481679916,0.));
#10060=CARTESIAN_POINT('Ctrl Pts',(-6.32402426563203,-44.1897481679916,
0.));
#10061=CARTESIAN_POINT('Ctrl Pts',(-6.33458388395988,-44.1855175009427,
0.));
#10062=CARTESIAN_POINT('Ctrl Pts',(-6.3562816560983,-44.1768243790163,0.));
#10063=CARTESIAN_POINT('Ctrl Pts',(-6.37465424835087,-44.1623604309348,
0.));
#10064=CARTESIAN_POINT('Ctrl Pts',(-6.3840854819864,-44.1549356281757,0.));
#10065=CARTESIAN_POINT('',(-6.32402426563203,-44.1897481679916,0.2));
#10066=CARTESIAN_POINT('Ctrl Pts',(-6.32402426563203,-44.1897481679916,
0.2));
#10067=CARTESIAN_POINT('Ctrl Pts',(-6.33458388395988,-44.1855175009427,
0.2));
#10068=CARTESIAN_POINT('Ctrl Pts',(-6.3562816560983,-44.1768243790163,0.2));
#10069=CARTESIAN_POINT('Ctrl Pts',(-6.37465424835087,-44.1623604309348,
0.2));
#10070=CARTESIAN_POINT('Ctrl Pts',(-6.3840854819864,-44.1549356281757,0.2));
#10071=CARTESIAN_POINT('',(-6.32402426563203,-44.1897481679916,0.));
#10072=CARTESIAN_POINT('Ctrl Pts',(-6.25554687343538,-44.2004597187042,
0.));
#10073=CARTESIAN_POINT('Ctrl Pts',(-6.25554687343538,-44.2004597187042,
0.2));
#10074=CARTESIAN_POINT('Ctrl Pts',(-6.2674517512711,-44.2000565812695,0.));
#10075=CARTESIAN_POINT('Ctrl Pts',(-6.2674517512711,-44.2000565812695,0.2));
#10076=CARTESIAN_POINT('Ctrl Pts',(-6.29071827680747,-44.1992687019187,
0.));
#10077=CARTESIAN_POINT('Ctrl Pts',(-6.29071827680747,-44.1992687019187,
0.2));
#10078=CARTESIAN_POINT('Ctrl Pts',(-6.31309643213772,-44.1928718947808,
0.));
#10079=CARTESIAN_POINT('Ctrl Pts',(-6.31309643213772,-44.1928718947808,
0.2));
#10080=CARTESIAN_POINT('Ctrl Pts',(-6.32402426563203,-44.1897481679916,
0.));
#10081=CARTESIAN_POINT('Ctrl Pts',(-6.32402426563203,-44.1897481679916,
0.2));
#10082=CARTESIAN_POINT('',(-6.25554687343538,-44.2004597187042,0.));
#10083=CARTESIAN_POINT('Ctrl Pts',(-6.25554687343538,-44.2004597187042,
0.));
#10084=CARTESIAN_POINT('Ctrl Pts',(-6.2674517512711,-44.2000565812695,0.));
#10085=CARTESIAN_POINT('Ctrl Pts',(-6.29071827680747,-44.1992687019187,
0.));
#10086=CARTESIAN_POINT('Ctrl Pts',(-6.31309643213772,-44.1928718947808,
0.));
#10087=CARTESIAN_POINT('Ctrl Pts',(-6.32402426563203,-44.1897481679916,
0.));
#10088=CARTESIAN_POINT('',(-6.25554687343538,-44.2004597187042,0.2));
#10089=CARTESIAN_POINT('Ctrl Pts',(-6.25554687343538,-44.2004597187042,
0.2));
#10090=CARTESIAN_POINT('Ctrl Pts',(-6.2674517512711,-44.2000565812695,0.2));
#10091=CARTESIAN_POINT('Ctrl Pts',(-6.29071827680747,-44.1992687019187,
0.2));
#10092=CARTESIAN_POINT('Ctrl Pts',(-6.31309643213772,-44.1928718947808,
0.2));
#10093=CARTESIAN_POINT('Ctrl Pts',(-6.32402426563203,-44.1897481679916,
0.2));
#10094=CARTESIAN_POINT('',(-6.25554687343538,-44.2004597187042,0.));
#10095=CARTESIAN_POINT('Ctrl Pts',(-6.21346599422395,-44.1985470056534,
0.));
#10096=CARTESIAN_POINT('Ctrl Pts',(-6.21346599422395,-44.1985470056534,
0.2));
#10097=CARTESIAN_POINT('Ctrl Pts',(-6.22028467431861,-44.1991047740737,
0.));
#10098=CARTESIAN_POINT('Ctrl Pts',(-6.22028467431861,-44.1991047740737,
0.2));
#10099=CARTESIAN_POINT('Ctrl Pts',(-6.23428822887371,-44.2002502656342,
0.));
#10100=CARTESIAN_POINT('Ctrl Pts',(-6.23428822887371,-44.2002502656342,
0.2));
#10101=CARTESIAN_POINT('Ctrl Pts',(-6.24833818928694,-44.2003886943724,
0.));
#10102=CARTESIAN_POINT('Ctrl Pts',(-6.24833818928694,-44.2003886943724,
0.2));
#10103=CARTESIAN_POINT('Ctrl Pts',(-6.25554687343538,-44.2004597187042,
0.));
#10104=CARTESIAN_POINT('Ctrl Pts',(-6.25554687343538,-44.2004597187042,
0.2));
#10105=CARTESIAN_POINT('',(-6.21346599422395,-44.1985470056534,0.));
#10106=CARTESIAN_POINT('Ctrl Pts',(-6.21346599422395,-44.1985470056534,
0.));
#10107=CARTESIAN_POINT('Ctrl Pts',(-6.22028467431861,-44.1991047740737,
0.));
#10108=CARTESIAN_POINT('Ctrl Pts',(-6.23428822887371,-44.2002502656342,
0.));
#10109=CARTESIAN_POINT('Ctrl Pts',(-6.24833818928694,-44.2003886943724,
0.));
#10110=CARTESIAN_POINT('Ctrl Pts',(-6.25554687343538,-44.2004597187042,
0.));
#10111=CARTESIAN_POINT('',(-6.21346599422395,-44.1985470056534,0.2));
#10112=CARTESIAN_POINT('Ctrl Pts',(-6.21346599422395,-44.1985470056534,
0.2));
#10113=CARTESIAN_POINT('Ctrl Pts',(-6.22028467431861,-44.1991047740737,
0.2));
#10114=CARTESIAN_POINT('Ctrl Pts',(-6.23428822887371,-44.2002502656342,
0.2));
#10115=CARTESIAN_POINT('Ctrl Pts',(-6.24833818928694,-44.2003886943724,
0.2));
#10116=CARTESIAN_POINT('Ctrl Pts',(-6.25554687343538,-44.2004597187042,
0.2));
#10117=CARTESIAN_POINT('',(-6.21346599422395,-44.1985470056534,0.));
#10118=CARTESIAN_POINT('Ctrl Pts',(-6.17674059234559,-44.1943387687206,
0.));
#10119=CARTESIAN_POINT('Ctrl Pts',(-6.17674059234559,-44.1943387687206,
0.2));
#10120=CARTESIAN_POINT('Ctrl Pts',(-6.18260328774556,-44.1950998017607,
0.));
#10121=CARTESIAN_POINT('Ctrl Pts',(-6.18260328774556,-44.1950998017607,
0.2));
#10122=CARTESIAN_POINT('Ctrl Pts',(-6.19482397423149,-44.1966861618825,
0.));
#10123=CARTESIAN_POINT('Ctrl Pts',(-6.19482397423149,-44.1966861618825,
0.2));
#10124=CARTESIAN_POINT('Ctrl Pts',(-6.20708632610829,-44.197910188094,0.));
#10125=CARTESIAN_POINT('Ctrl Pts',(-6.20708632610829,-44.197910188094,0.2));
#10126=CARTESIAN_POINT('Ctrl Pts',(-6.21346599422395,-44.1985470056534,
0.));
#10127=CARTESIAN_POINT('Ctrl Pts',(-6.21346599422395,-44.1985470056534,
0.2));
#10128=CARTESIAN_POINT('',(-6.17674059234559,-44.1943387687206,0.));
#10129=CARTESIAN_POINT('Ctrl Pts',(-6.17674059234559,-44.1943387687206,
0.));
#10130=CARTESIAN_POINT('Ctrl Pts',(-6.18260328774556,-44.1950998017607,
0.));
#10131=CARTESIAN_POINT('Ctrl Pts',(-6.19482397423149,-44.1966861618825,
0.));
#10132=CARTESIAN_POINT('Ctrl Pts',(-6.20708632610829,-44.197910188094,0.));
#10133=CARTESIAN_POINT('Ctrl Pts',(-6.21346599422395,-44.1985470056534,
0.));
#10134=CARTESIAN_POINT('',(-6.17674059234559,-44.1943387687206,0.2));
#10135=CARTESIAN_POINT('Ctrl Pts',(-6.17674059234559,-44.1943387687206,
0.2));
#10136=CARTESIAN_POINT('Ctrl Pts',(-6.18260328774556,-44.1950998017607,
0.2));
#10137=CARTESIAN_POINT('Ctrl Pts',(-6.19482397423149,-44.1966861618825,
0.2));
#10138=CARTESIAN_POINT('Ctrl Pts',(-6.20708632610829,-44.197910188094,0.2));
#10139=CARTESIAN_POINT('Ctrl Pts',(-6.21346599422395,-44.1985470056534,
0.2));
#10140=CARTESIAN_POINT('',(-6.17674059234559,-44.1943387687206,0.));
#10141=CARTESIAN_POINT('Origin',(-6.17674059234559,-44.3152263760567,0.));
#10142=CARTESIAN_POINT('',(-6.17674059234559,-44.3152263760567,0.));
#10143=CARTESIAN_POINT('',(-6.17674059234559,-44.3152263760567,0.));
#10144=CARTESIAN_POINT('',(-6.17674059234559,-44.3152263760567,0.2));
#10145=CARTESIAN_POINT('',(-6.17674059234559,-44.3152263760567,0.2));
#10146=CARTESIAN_POINT('',(-6.17674059234559,-44.3152263760567,0.));
#10147=CARTESIAN_POINT('Ctrl Pts',(-6.21193594299257,-44.317521750927,0.));
#10148=CARTESIAN_POINT('Ctrl Pts',(-6.21193594299257,-44.317521750927,0.2));
#10149=CARTESIAN_POINT('Ctrl Pts',(-6.20632376506912,-44.3172244570504,
0.));
#10150=CARTESIAN_POINT('Ctrl Pts',(-6.20632376506912,-44.3172244570504,
0.2));
#10151=CARTESIAN_POINT('Ctrl Pts',(-6.19458269527576,-44.3166024974117,
0.));
#10152=CARTESIAN_POINT('Ctrl Pts',(-6.19458269527576,-44.3166024974117,
0.2));
#10153=CARTESIAN_POINT('Ctrl Pts',(-6.1828599294573,-44.3156983467942,0.));
#10154=CARTESIAN_POINT('Ctrl Pts',(-6.1828599294573,-44.3156983467942,0.2));
#10155=CARTESIAN_POINT('Ctrl Pts',(-6.17674059234559,-44.3152263760567,
0.));
#10156=CARTESIAN_POINT('Ctrl Pts',(-6.17674059234559,-44.3152263760567,
0.2));
#10157=CARTESIAN_POINT('',(-6.21193594299257,-44.317521750927,0.));
#10158=CARTESIAN_POINT('Ctrl Pts',(-6.21193594299257,-44.317521750927,0.));
#10159=CARTESIAN_POINT('Ctrl Pts',(-6.20632376506912,-44.3172244570504,
0.));
#10160=CARTESIAN_POINT('Ctrl Pts',(-6.19458269527576,-44.3166024974117,
0.));
#10161=CARTESIAN_POINT('Ctrl Pts',(-6.1828599294573,-44.3156983467942,0.));
#10162=CARTESIAN_POINT('Ctrl Pts',(-6.17674059234559,-44.3152263760567,
0.));
#10163=CARTESIAN_POINT('',(-6.21193594299257,-44.317521750927,0.2));
#10164=CARTESIAN_POINT('Ctrl Pts',(-6.21193594299257,-44.317521750927,0.2));
#10165=CARTESIAN_POINT('Ctrl Pts',(-6.20632376506912,-44.3172244570504,
0.2));
#10166=CARTESIAN_POINT('Ctrl Pts',(-6.19458269527576,-44.3166024974117,
0.2));
#10167=CARTESIAN_POINT('Ctrl Pts',(-6.1828599294573,-44.3156983467942,0.2));
#10168=CARTESIAN_POINT('Ctrl Pts',(-6.17674059234559,-44.3152263760567,
0.2));
#10169=CARTESIAN_POINT('',(-6.21193594299257,-44.317521750927,0.));
#10170=CARTESIAN_POINT('Ctrl Pts',(-6.24789602123201,-44.3182867765427,
0.));
#10171=CARTESIAN_POINT('Ctrl Pts',(-6.24789602123201,-44.3182867765427,
0.2));
#10172=CARTESIAN_POINT('Ctrl Pts',(-6.24158303079612,-44.3182622540141,
0.));
#10173=CARTESIAN_POINT('Ctrl Pts',(-6.24158303079612,-44.3182622540141,
0.2));
#10174=CARTESIAN_POINT('Ctrl Pts',(-6.22959177361483,-44.3182156745127,
0.));
#10175=CARTESIAN_POINT('Ctrl Pts',(-6.22959177361483,-44.3182156745127,
0.2));
#10176=CARTESIAN_POINT('Ctrl Pts',(-6.21760980926654,-44.3177447497603,
0.));
#10177=CARTESIAN_POINT('Ctrl Pts',(-6.21760980926654,-44.3177447497603,
0.2));
#10178=CARTESIAN_POINT('Ctrl Pts',(-6.21193594299257,-44.317521750927,0.));
#10179=CARTESIAN_POINT('Ctrl Pts',(-6.21193594299257,-44.317521750927,0.2));
#10180=CARTESIAN_POINT('',(-6.24789602123201,-44.3182867765427,0.));
#10181=CARTESIAN_POINT('Ctrl Pts',(-6.24789602123201,-44.3182867765427,
0.));
#10182=CARTESIAN_POINT('Ctrl Pts',(-6.24158303079612,-44.3182622540141,
0.));
#10183=CARTESIAN_POINT('Ctrl Pts',(-6.22959177361483,-44.3182156745127,
0.));
#10184=CARTESIAN_POINT('Ctrl Pts',(-6.21760980926654,-44.3177447497603,
0.));
#10185=CARTESIAN_POINT('Ctrl Pts',(-6.21193594299257,-44.317521750927,0.));
#10186=CARTESIAN_POINT('',(-6.24789602123201,-44.3182867765427,0.2));
#10187=CARTESIAN_POINT('Ctrl Pts',(-6.24789602123201,-44.3182867765427,
0.2));
#10188=CARTESIAN_POINT('Ctrl Pts',(-6.24158303079612,-44.3182622540141,
0.2));
#10189=CARTESIAN_POINT('Ctrl Pts',(-6.22959177361483,-44.3182156745127,
0.2));
#10190=CARTESIAN_POINT('Ctrl Pts',(-6.21760980926654,-44.3177447497603,
0.2));
#10191=CARTESIAN_POINT('Ctrl Pts',(-6.21193594299257,-44.317521750927,0.2));
#10192=CARTESIAN_POINT('',(-6.24789602123201,-44.3182867765427,0.));
#10193=CARTESIAN_POINT('Ctrl Pts',(-6.38485080562532,-44.2953334748745,
0.));
#10194=CARTESIAN_POINT('Ctrl Pts',(-6.38485080562532,-44.2953334748745,
0.2));
#10195=CARTESIAN_POINT('Ctrl Pts',(-6.36339975538598,-44.3020255187554,
0.));
#10196=CARTESIAN_POINT('Ctrl Pts',(-6.36339975538598,-44.3020255187554,
0.2));
#10197=CARTESIAN_POINT('Ctrl Pts',(-6.31881866776299,-44.3159333969851,
0.));
#10198=CARTESIAN_POINT('Ctrl Pts',(-6.31881866776299,-44.3159333969851,
0.2));
#10199=CARTESIAN_POINT('Ctrl Pts',(-6.27212311043556,-44.3174828649677,
0.));
#10200=CARTESIAN_POINT('Ctrl Pts',(-6.27212311043556,-44.3174828649677,
0.2));
#10201=CARTESIAN_POINT('Ctrl Pts',(-6.24789602123201,-44.3182867765427,
0.));
#10202=CARTESIAN_POINT('Ctrl Pts',(-6.24789602123201,-44.3182867765427,
0.2));
#10203=CARTESIAN_POINT('',(-6.38485080562532,-44.2953334748745,0.));
#10204=CARTESIAN_POINT('Ctrl Pts',(-6.38485080562532,-44.2953334748745,
0.));
#10205=CARTESIAN_POINT('Ctrl Pts',(-6.36339975538598,-44.3020255187554,
0.));
#10206=CARTESIAN_POINT('Ctrl Pts',(-6.31881866776299,-44.3159333969851,
0.));
#10207=CARTESIAN_POINT('Ctrl Pts',(-6.27212311043556,-44.3174828649677,
0.));
#10208=CARTESIAN_POINT('Ctrl Pts',(-6.24789602123201,-44.3182867765427,
0.));
#10209=CARTESIAN_POINT('',(-6.38485080562532,-44.2953334748745,0.2));
#10210=CARTESIAN_POINT('Ctrl Pts',(-6.38485080562532,-44.2953334748745,
0.2));
#10211=CARTESIAN_POINT('Ctrl Pts',(-6.36339975538598,-44.3020255187554,
0.2));
#10212=CARTESIAN_POINT('Ctrl Pts',(-6.31881866776299,-44.3159333969851,
0.2));
#10213=CARTESIAN_POINT('Ctrl Pts',(-6.27212311043556,-44.3174828649677,
0.2));
#10214=CARTESIAN_POINT('Ctrl Pts',(-6.24789602123201,-44.3182867765427,
0.2));
#10215=CARTESIAN_POINT('',(-6.38485080562532,-44.2953334748745,0.));
#10216=CARTESIAN_POINT('Ctrl Pts',(-6.49732179008424,-44.2237956821918,
0.));
#10217=CARTESIAN_POINT('Ctrl Pts',(-6.49732179008424,-44.2237956821918,
0.2));
#10218=CARTESIAN_POINT('Ctrl Pts',(-6.48003093778545,-44.2388423898504,
0.));
#10219=CARTESIAN_POINT('Ctrl Pts',(-6.48003093778545,-44.2388423898504,
0.2));
#10220=CARTESIAN_POINT('Ctrl Pts',(-6.44612456004738,-44.2683481276109,
0.));
#10221=CARTESIAN_POINT('Ctrl Pts',(-6.44612456004738,-44.2683481276109,
0.2));
#10222=CARTESIAN_POINT('Ctrl Pts',(-6.40500237477317,-44.2864585969355,
0.));
#10223=CARTESIAN_POINT('Ctrl Pts',(-6.40500237477317,-44.2864585969355,
0.2));
#10224=CARTESIAN_POINT('Ctrl Pts',(-6.38485080562532,-44.2953334748745,
0.));
#10225=CARTESIAN_POINT('Ctrl Pts',(-6.38485080562532,-44.2953334748745,
0.2));
#10226=CARTESIAN_POINT('',(-6.49732179008424,-44.2237956821918,0.));
#10227=CARTESIAN_POINT('Ctrl Pts',(-6.49732179008424,-44.2237956821918,
0.));
#10228=CARTESIAN_POINT('Ctrl Pts',(-6.48003093778545,-44.2388423898504,
0.));
#10229=CARTESIAN_POINT('Ctrl Pts',(-6.44612456004738,-44.2683481276109,
0.));
#10230=CARTESIAN_POINT('Ctrl Pts',(-6.40500237477317,-44.2864585969355,
0.));
#10231=CARTESIAN_POINT('Ctrl Pts',(-6.38485080562532,-44.2953334748745,
0.));
#10232=CARTESIAN_POINT('',(-6.49732179008424,-44.2237956821918,0.2));
#10233=CARTESIAN_POINT('Ctrl Pts',(-6.49732179008424,-44.2237956821918,
0.2));
#10234=CARTESIAN_POINT('Ctrl Pts',(-6.48003093778545,-44.2388423898504,
0.2));
#10235=CARTESIAN_POINT('Ctrl Pts',(-6.44612456004738,-44.2683481276109,
0.2));
#10236=CARTESIAN_POINT('Ctrl Pts',(-6.40500237477317,-44.2864585969355,
0.2));
#10237=CARTESIAN_POINT('Ctrl Pts',(-6.38485080562532,-44.2953334748745,
0.2));
#10238=CARTESIAN_POINT('',(-6.49732179008424,-44.2237956821918,0.));
#10239=CARTESIAN_POINT('Ctrl Pts',(-6.59181303344667,-44.099465161562,0.));
#10240=CARTESIAN_POINT('Ctrl Pts',(-6.59181303344667,-44.099465161562,0.2));
#10241=CARTESIAN_POINT('Ctrl Pts',(-6.57757438216396,-44.1230942072742,
0.));
#10242=CARTESIAN_POINT('Ctrl Pts',(-6.57757438216396,-44.1230942072742,
0.2));
#10243=CARTESIAN_POINT('Ctrl Pts',(-6.55054031646642,-44.1679572467202,
0.));
#10244=CARTESIAN_POINT('Ctrl Pts',(-6.55054031646642,-44.1679572467202,
0.2));
#10245=CARTESIAN_POINT('Ctrl Pts',(-6.51441850080418,-44.2058573129206,
0.));
#10246=CARTESIAN_POINT('Ctrl Pts',(-6.51441850080418,-44.2058573129206,
0.2));
#10247=CARTESIAN_POINT('Ctrl Pts',(-6.49732179008424,-44.2237956821918,
0.));
#10248=CARTESIAN_POINT('Ctrl Pts',(-6.49732179008424,-44.2237956821918,
0.2));
#10249=CARTESIAN_POINT('',(-6.59181303344667,-44.099465161562,0.));
#10250=CARTESIAN_POINT('Ctrl Pts',(-6.59181303344667,-44.099465161562,0.));
#10251=CARTESIAN_POINT('Ctrl Pts',(-6.57757438216396,-44.1230942072742,
0.));
#10252=CARTESIAN_POINT('Ctrl Pts',(-6.55054031646642,-44.1679572467202,
0.));
#10253=CARTESIAN_POINT('Ctrl Pts',(-6.51441850080418,-44.2058573129206,
0.));
#10254=CARTESIAN_POINT('Ctrl Pts',(-6.49732179008424,-44.2237956821918,
0.));
#10255=CARTESIAN_POINT('',(-6.59181303344667,-44.099465161562,0.2));
#10256=CARTESIAN_POINT('Ctrl Pts',(-6.59181303344667,-44.099465161562,0.2));
#10257=CARTESIAN_POINT('Ctrl Pts',(-6.57757438216396,-44.1230942072742,
0.2));
#10258=CARTESIAN_POINT('Ctrl Pts',(-6.55054031646642,-44.1679572467202,
0.2));
#10259=CARTESIAN_POINT('Ctrl Pts',(-6.51441850080418,-44.2058573129206,
0.2));
#10260=CARTESIAN_POINT('Ctrl Pts',(-6.49732179008424,-44.2237956821918,
0.2));
#10261=CARTESIAN_POINT('',(-6.59181303344667,-44.099465161562,0.));
#10262=CARTESIAN_POINT('Ctrl Pts',(-6.67559272609651,-43.9188988506794,
0.));
#10263=CARTESIAN_POINT('Ctrl Pts',(-6.67559272609651,-43.9188988506794,
0.2));
#10264=CARTESIAN_POINT('Ctrl Pts',(-6.66248128347015,-43.9517095257636,
0.));
#10265=CARTESIAN_POINT('Ctrl Pts',(-6.66248128347015,-43.9517095257636,
0.2));
#10266=CARTESIAN_POINT('Ctrl Pts',(-6.63782014005801,-44.0134227015566,
0.));
#10267=CARTESIAN_POINT('Ctrl Pts',(-6.63782014005801,-44.0134227015566,
0.2));
#10268=CARTESIAN_POINT('Ctrl Pts',(-6.60648732031157,-44.0720213200845,
0.));
#10269=CARTESIAN_POINT('Ctrl Pts',(-6.60648732031157,-44.0720213200845,
0.2));
#10270=CARTESIAN_POINT('Ctrl Pts',(-6.59181303344667,-44.099465161562,0.));
#10271=CARTESIAN_POINT('Ctrl Pts',(-6.59181303344667,-44.099465161562,0.2));
#10272=CARTESIAN_POINT('',(-6.67559272609651,-43.9188988506794,0.));
#10273=CARTESIAN_POINT('Ctrl Pts',(-6.67559272609651,-43.9188988506794,
0.));
#10274=CARTESIAN_POINT('Ctrl Pts',(-6.66248128347015,-43.9517095257636,
0.));
#10275=CARTESIAN_POINT('Ctrl Pts',(-6.63782014005801,-44.0134227015566,
0.));
#10276=CARTESIAN_POINT('Ctrl Pts',(-6.60648732031157,-44.0720213200845,
0.));
#10277=CARTESIAN_POINT('Ctrl Pts',(-6.59181303344667,-44.099465161562,0.));
#10278=CARTESIAN_POINT('',(-6.67559272609651,-43.9188988506794,0.2));
#10279=CARTESIAN_POINT('Ctrl Pts',(-6.67559272609651,-43.9188988506794,
0.2));
#10280=CARTESIAN_POINT('Ctrl Pts',(-6.66248128347015,-43.9517095257636,
0.2));
#10281=CARTESIAN_POINT('Ctrl Pts',(-6.63782014005801,-44.0134227015566,
0.2));
#10282=CARTESIAN_POINT('Ctrl Pts',(-6.60648732031157,-44.0720213200845,
0.2));
#10283=CARTESIAN_POINT('Ctrl Pts',(-6.59181303344667,-44.099465161562,0.2));
#10284=CARTESIAN_POINT('',(-6.67559272609651,-43.9188988506794,0.));
#10285=CARTESIAN_POINT('Origin',(-6.93726069293916,-43.2318292558193,0.));
#10286=CARTESIAN_POINT('',(-6.93726069293916,-43.2318292558193,0.));
#10287=CARTESIAN_POINT('',(-6.93726069293916,-43.2318292558193,0.));
#10288=CARTESIAN_POINT('',(-6.93726069293916,-43.2318292558193,0.2));
#10289=CARTESIAN_POINT('',(-6.93726069293916,-43.2318292558193,0.2));
#10290=CARTESIAN_POINT('',(-6.93726069293916,-43.2318292558193,0.));
#10291=CARTESIAN_POINT('Origin',(-6.7911250051111,-43.2318292558193,0.));
#10292=CARTESIAN_POINT('',(-6.7911250051111,-43.2318292558193,0.));
#10293=CARTESIAN_POINT('',(-6.7911250051111,-43.2318292558193,0.2));
#10294=CARTESIAN_POINT('Origin',(-5.65952591132373,-43.6140021681786,0.));
#10295=CARTESIAN_POINT('Origin',(-5.65952591132373,-43.6140021681786,0.2));
#10296=CARTESIAN_POINT('Ctrl Pts',(-5.8435348328203,-43.8381797075272,0.));
#10297=CARTESIAN_POINT('Ctrl Pts',(-5.8435348328203,-43.8381797075272,0.2));
#10298=CARTESIAN_POINT('Ctrl Pts',(-5.85374459579992,-43.825384692497,0.));
#10299=CARTESIAN_POINT('Ctrl Pts',(-5.85374459579992,-43.825384692497,0.2));
#10300=CARTESIAN_POINT('Ctrl Pts',(-5.87551826533754,-43.7980976311274,
0.));
#10301=CARTESIAN_POINT('Ctrl Pts',(-5.87551826533754,-43.7980976311274,
0.2));
#10302=CARTESIAN_POINT('Ctrl Pts',(-5.88761020588404,-43.7653099532726,
0.));
#10303=CARTESIAN_POINT('Ctrl Pts',(-5.88761020588404,-43.7653099532726,
0.2));
#10304=CARTESIAN_POINT('Ctrl Pts',(-5.89403218589723,-43.7478965520859,
0.));
#10305=CARTESIAN_POINT('Ctrl Pts',(-5.89403218589723,-43.7478965520859,
0.2));
#10306=CARTESIAN_POINT('',(-5.8435348328203,-43.8381797075272,0.));
#10307=CARTESIAN_POINT('',(-5.89403218589723,-43.7478965520859,0.));
#10308=CARTESIAN_POINT('Ctrl Pts',(-5.8435348328203,-43.8381797075272,0.));
#10309=CARTESIAN_POINT('Ctrl Pts',(-5.85374459579992,-43.825384692497,0.));
#10310=CARTESIAN_POINT('Ctrl Pts',(-5.87551826533754,-43.7980976311274,
0.));
#10311=CARTESIAN_POINT('Ctrl Pts',(-5.88761020588404,-43.7653099532726,
0.));
#10312=CARTESIAN_POINT('Ctrl Pts',(-5.89403218589723,-43.7478965520859,
0.));
#10313=CARTESIAN_POINT('',(-5.89403218589723,-43.7478965520859,0.2));
#10314=CARTESIAN_POINT('',(-5.89403218589723,-43.7478965520859,0.));
#10315=CARTESIAN_POINT('',(-5.8435348328203,-43.8381797075272,0.2));
#10316=CARTESIAN_POINT('Ctrl Pts',(-5.8435348328203,-43.8381797075272,0.2));
#10317=CARTESIAN_POINT('Ctrl Pts',(-5.85374459579992,-43.825384692497,0.2));
#10318=CARTESIAN_POINT('Ctrl Pts',(-5.87551826533754,-43.7980976311274,
0.2));
#10319=CARTESIAN_POINT('Ctrl Pts',(-5.88761020588404,-43.7653099532726,
0.2));
#10320=CARTESIAN_POINT('Ctrl Pts',(-5.89403218589723,-43.7478965520859,
0.2));
#10321=CARTESIAN_POINT('',(-5.8435348328203,-43.8381797075272,0.));
#10322=CARTESIAN_POINT('Ctrl Pts',(-5.77008432708681,-43.8867641985416,
0.));
#10323=CARTESIAN_POINT('Ctrl Pts',(-5.77008432708681,-43.8867641985416,
0.2));
#10324=CARTESIAN_POINT('Ctrl Pts',(-5.78364024717422,-43.8810290572702,
0.));
#10325=CARTESIAN_POINT('Ctrl Pts',(-5.78364024717422,-43.8810290572702,
0.2));
#10326=CARTESIAN_POINT('Ctrl Pts',(-5.81113149253979,-43.8693982587051,
0.));
#10327=CARTESIAN_POINT('Ctrl Pts',(-5.81113149253979,-43.8693982587051,
0.2));
#10328=CARTESIAN_POINT('Ctrl Pts',(-5.83263479741087,-43.8486811962726,
0.));
#10329=CARTESIAN_POINT('Ctrl Pts',(-5.83263479741087,-43.8486811962726,
0.2));
#10330=CARTESIAN_POINT('Ctrl Pts',(-5.8435348328203,-43.8381797075272,0.));
#10331=CARTESIAN_POINT('Ctrl Pts',(-5.8435348328203,-43.8381797075272,0.2));
#10332=CARTESIAN_POINT('',(-5.77008432708681,-43.8867641985416,0.));
#10333=CARTESIAN_POINT('Ctrl Pts',(-5.77008432708681,-43.8867641985416,
0.));
#10334=CARTESIAN_POINT('Ctrl Pts',(-5.78364024717422,-43.8810290572702,
0.));
#10335=CARTESIAN_POINT('Ctrl Pts',(-5.81113149253979,-43.8693982587051,
0.));
#10336=CARTESIAN_POINT('Ctrl Pts',(-5.83263479741087,-43.8486811962726,
0.));
#10337=CARTESIAN_POINT('Ctrl Pts',(-5.8435348328203,-43.8381797075272,0.));
#10338=CARTESIAN_POINT('',(-5.77008432708681,-43.8867641985416,0.2));
#10339=CARTESIAN_POINT('Ctrl Pts',(-5.77008432708681,-43.8867641985416,
0.2));
#10340=CARTESIAN_POINT('Ctrl Pts',(-5.78364024717422,-43.8810290572702,
0.2));
#10341=CARTESIAN_POINT('Ctrl Pts',(-5.81113149253979,-43.8693982587051,
0.2));
#10342=CARTESIAN_POINT('Ctrl Pts',(-5.83263479741087,-43.8486811962726,
0.2));
#10343=CARTESIAN_POINT('Ctrl Pts',(-5.8435348328203,-43.8381797075272,0.2));
#10344=CARTESIAN_POINT('',(-5.77008432708681,-43.8867641985416,0.));
#10345=CARTESIAN_POINT('Ctrl Pts',(-5.68247920833528,-43.9013013243675,
0.));
#10346=CARTESIAN_POINT('Ctrl Pts',(-5.68247920833528,-43.9013013243675,
0.2));
#10347=CARTESIAN_POINT('Ctrl Pts',(-5.69753583238759,-43.9007199848312,
0.));
#10348=CARTESIAN_POINT('Ctrl Pts',(-5.69753583238759,-43.9007199848312,
0.2));
#10349=CARTESIAN_POINT('Ctrl Pts',(-5.72735377209528,-43.8995687076802,
0.));
#10350=CARTESIAN_POINT('Ctrl Pts',(-5.72735377209528,-43.8995687076802,
0.2));
#10351=CARTESIAN_POINT('Ctrl Pts',(-5.75593516274518,-43.891004094423,0.));
#10352=CARTESIAN_POINT('Ctrl Pts',(-5.75593516274518,-43.891004094423,0.2));
#10353=CARTESIAN_POINT('Ctrl Pts',(-5.77008432708681,-43.8867641985416,
0.));
#10354=CARTESIAN_POINT('Ctrl Pts',(-5.77008432708681,-43.8867641985416,
0.2));
#10355=CARTESIAN_POINT('',(-5.68247920833528,-43.9013013243675,0.));
#10356=CARTESIAN_POINT('Ctrl Pts',(-5.68247920833528,-43.9013013243675,
0.));
#10357=CARTESIAN_POINT('Ctrl Pts',(-5.69753583238759,-43.9007199848312,
0.));
#10358=CARTESIAN_POINT('Ctrl Pts',(-5.72735377209528,-43.8995687076802,
0.));
#10359=CARTESIAN_POINT('Ctrl Pts',(-5.75593516274518,-43.891004094423,0.));
#10360=CARTESIAN_POINT('Ctrl Pts',(-5.77008432708681,-43.8867641985416,
0.));
#10361=CARTESIAN_POINT('',(-5.68247920833528,-43.9013013243675,0.2));
#10362=CARTESIAN_POINT('Ctrl Pts',(-5.68247920833528,-43.9013013243675,
0.2));
#10363=CARTESIAN_POINT('Ctrl Pts',(-5.69753583238759,-43.9007199848312,
0.2));
#10364=CARTESIAN_POINT('Ctrl Pts',(-5.72735377209528,-43.8995687076802,
0.2));
#10365=CARTESIAN_POINT('Ctrl Pts',(-5.75593516274518,-43.891004094423,0.2));
#10366=CARTESIAN_POINT('Ctrl Pts',(-5.77008432708681,-43.8867641985416,
0.2));
#10367=CARTESIAN_POINT('',(-5.68247920833528,-43.9013013243675,0.));
#10368=CARTESIAN_POINT('Ctrl Pts',(-5.60520297847688,-43.8925026357174,
0.));
#10369=CARTESIAN_POINT('Ctrl Pts',(-5.60520297847688,-43.8925026357174,
0.2));
#10370=CARTESIAN_POINT('Ctrl Pts',(-5.6183601839935,-43.8950681854096,0.));
#10371=CARTESIAN_POINT('Ctrl Pts',(-5.6183601839935,-43.8950681854096,0.2));
#10372=CARTESIAN_POINT('Ctrl Pts',(-5.64388947627799,-43.9000461929264,
0.));
#10373=CARTESIAN_POINT('Ctrl Pts',(-5.64388947627799,-43.9000461929264,
0.2));
#10374=CARTESIAN_POINT('Ctrl Pts',(-5.6698824235929,-43.9008916138113,0.));
#10375=CARTESIAN_POINT('Ctrl Pts',(-5.6698824235929,-43.9008916138113,0.2));
#10376=CARTESIAN_POINT('Ctrl Pts',(-5.68247920833528,-43.9013013243675,
0.));
#10377=CARTESIAN_POINT('Ctrl Pts',(-5.68247920833528,-43.9013013243675,
0.2));
#10378=CARTESIAN_POINT('',(-5.60520297847688,-43.8925026357174,0.));
#10379=CARTESIAN_POINT('Ctrl Pts',(-5.60520297847688,-43.8925026357174,
0.));
#10380=CARTESIAN_POINT('Ctrl Pts',(-5.6183601839935,-43.8950681854096,0.));
#10381=CARTESIAN_POINT('Ctrl Pts',(-5.64388947627799,-43.9000461929264,
0.));
#10382=CARTESIAN_POINT('Ctrl Pts',(-5.6698824235929,-43.9008916138113,0.));
#10383=CARTESIAN_POINT('Ctrl Pts',(-5.68247920833528,-43.9013013243675,
0.));
#10384=CARTESIAN_POINT('',(-5.60520297847688,-43.8925026357174,0.2));
#10385=CARTESIAN_POINT('Ctrl Pts',(-5.60520297847688,-43.8925026357174,
0.2));
#10386=CARTESIAN_POINT('Ctrl Pts',(-5.6183601839935,-43.8950681854096,0.2));
#10387=CARTESIAN_POINT('Ctrl Pts',(-5.64388947627799,-43.9000461929264,
0.2));
#10388=CARTESIAN_POINT('Ctrl Pts',(-5.6698824235929,-43.9008916138113,0.2));
#10389=CARTESIAN_POINT('Ctrl Pts',(-5.68247920833528,-43.9013013243675,
0.2));
#10390=CARTESIAN_POINT('',(-5.60520297847688,-43.8925026357174,0.));
#10391=CARTESIAN_POINT('Ctrl Pts',(-5.52563137374818,-43.8684014976025,
0.));
#10392=CARTESIAN_POINT('Ctrl Pts',(-5.52563137374818,-43.8684014976025,
0.2));
#10393=CARTESIAN_POINT('Ctrl Pts',(-5.53868493821751,-43.8732275536706,
0.));
#10394=CARTESIAN_POINT('Ctrl Pts',(-5.53868493821751,-43.8732275536706,
0.2));
#10395=CARTESIAN_POINT('Ctrl Pts',(-5.5647261712942,-43.882855303333,0.));
#10396=CARTESIAN_POINT('Ctrl Pts',(-5.5647261712942,-43.882855303333,0.2));
#10397=CARTESIAN_POINT('Ctrl Pts',(-5.5917334895779,-43.8892922877304,0.));
#10398=CARTESIAN_POINT('Ctrl Pts',(-5.5917334895779,-43.8892922877304,0.2));
#10399=CARTESIAN_POINT('Ctrl Pts',(-5.60520297847688,-43.8925026357174,
0.));
#10400=CARTESIAN_POINT('Ctrl Pts',(-5.60520297847688,-43.8925026357174,
0.2));
#10401=CARTESIAN_POINT('',(-5.52563137374818,-43.8684014976025,0.));
#10402=CARTESIAN_POINT('Ctrl Pts',(-5.52563137374818,-43.8684014976025,
0.));
#10403=CARTESIAN_POINT('Ctrl Pts',(-5.53868493821751,-43.8732275536706,
0.));
#10404=CARTESIAN_POINT('Ctrl Pts',(-5.5647261712942,-43.882855303333,0.));
#10405=CARTESIAN_POINT('Ctrl Pts',(-5.5917334895779,-43.8892922877304,0.));
#10406=CARTESIAN_POINT('Ctrl Pts',(-5.60520297847688,-43.8925026357174,
0.));
#10407=CARTESIAN_POINT('',(-5.52563137374818,-43.8684014976025,0.2));
#10408=CARTESIAN_POINT('Ctrl Pts',(-5.52563137374818,-43.8684014976025,
0.2));
#10409=CARTESIAN_POINT('Ctrl Pts',(-5.53868493821751,-43.8732275536706,
0.2));
#10410=CARTESIAN_POINT('Ctrl Pts',(-5.5647261712942,-43.882855303333,0.2));
#10411=CARTESIAN_POINT('Ctrl Pts',(-5.5917334895779,-43.8892922877304,0.2));
#10412=CARTESIAN_POINT('Ctrl Pts',(-5.60520297847688,-43.8925026357174,
0.2));
#10413=CARTESIAN_POINT('',(-5.52563137374818,-43.8684014976025,0.));
#10414=CARTESIAN_POINT('Origin',(-5.52563137374818,-43.4957925230265,0.));
#10415=CARTESIAN_POINT('',(-5.52563137374818,-43.4957925230265,0.));
#10416=CARTESIAN_POINT('',(-5.52563137374818,-43.4957925230265,0.));
#10417=CARTESIAN_POINT('',(-5.52563137374818,-43.4957925230265,0.2));
#10418=CARTESIAN_POINT('',(-5.52563137374818,-43.4957925230265,0.2));
#10419=CARTESIAN_POINT('',(-5.52563137374818,-43.4957925230265,0.));
#10420=CARTESIAN_POINT('Ctrl Pts',(-5.59181339107454,-43.4188988804817,
0.));
#10421=CARTESIAN_POINT('Ctrl Pts',(-5.59181339107454,-43.4188988804817,
0.2));
#10422=CARTESIAN_POINT('Ctrl Pts',(-5.58095417798905,-43.4303159312128,
0.));
#10423=CARTESIAN_POINT('Ctrl Pts',(-5.58095417798905,-43.4303159312128,
0.2));
#10424=CARTESIAN_POINT('Ctrl Pts',(-5.55762141995511,-43.4548472927463,
0.));
#10425=CARTESIAN_POINT('Ctrl Pts',(-5.55762141995511,-43.4548472927463,
0.2));
#10426=CARTESIAN_POINT('Ctrl Pts',(-5.53677548095918,-43.4815287725752,
0.));
#10427=CARTESIAN_POINT('Ctrl Pts',(-5.53677548095918,-43.4815287725752,
0.2));
#10428=CARTESIAN_POINT('Ctrl Pts',(-5.52563137374818,-43.4957925230265,
0.));
#10429=CARTESIAN_POINT('Ctrl Pts',(-5.52563137374818,-43.4957925230265,
0.2));
#10430=CARTESIAN_POINT('',(-5.59181339107454,-43.4188988804817,0.));
#10431=CARTESIAN_POINT('Ctrl Pts',(-5.59181339107454,-43.4188988804817,
0.));
#10432=CARTESIAN_POINT('Ctrl Pts',(-5.58095417798905,-43.4303159312128,
0.));
#10433=CARTESIAN_POINT('Ctrl Pts',(-5.55762141995511,-43.4548472927463,
0.));
#10434=CARTESIAN_POINT('Ctrl Pts',(-5.53677548095918,-43.4815287725752,
0.));
#10435=CARTESIAN_POINT('Ctrl Pts',(-5.52563137374818,-43.4957925230265,
0.));
#10436=CARTESIAN_POINT('',(-5.59181339107454,-43.4188988804817,0.2));
#10437=CARTESIAN_POINT('Ctrl Pts',(-5.59181339107454,-43.4188988804817,
0.2));
#10438=CARTESIAN_POINT('Ctrl Pts',(-5.58095417798905,-43.4303159312128,
0.2));
#10439=CARTESIAN_POINT('Ctrl Pts',(-5.55762141995511,-43.4548472927463,
0.2));
#10440=CARTESIAN_POINT('Ctrl Pts',(-5.53677548095918,-43.4815287725752,
0.2));
#10441=CARTESIAN_POINT('Ctrl Pts',(-5.52563137374818,-43.4957925230265,
0.2));
#10442=CARTESIAN_POINT('',(-5.59181339107454,-43.4188988804817,0.));
#10443=CARTESIAN_POINT('Ctrl Pts',(-5.65072691999376,-43.3691667020321,
0.));
#10444=CARTESIAN_POINT('Ctrl Pts',(-5.65072691999376,-43.3691667020321,
0.2));
#10445=CARTESIAN_POINT('Ctrl Pts',(-5.6409899946081,-43.3762288987599,0.));
#10446=CARTESIAN_POINT('Ctrl Pts',(-5.6409899946081,-43.3762288987599,0.2));
#10447=CARTESIAN_POINT('Ctrl Pts',(-5.62013497423821,-43.3913550551985,
0.));
#10448=CARTESIAN_POINT('Ctrl Pts',(-5.62013497423821,-43.3913550551985,
0.2));
#10449=CARTESIAN_POINT('Ctrl Pts',(-5.60166172922457,-43.4093209941126,
0.));
#10450=CARTESIAN_POINT('Ctrl Pts',(-5.60166172922457,-43.4093209941126,
0.2));
#10451=CARTESIAN_POINT('Ctrl Pts',(-5.59181339107454,-43.4188988804817,
0.));
#10452=CARTESIAN_POINT('Ctrl Pts',(-5.59181339107454,-43.4188988804817,
0.2));
#10453=CARTESIAN_POINT('',(-5.65072691999376,-43.3691667020321,0.));
#10454=CARTESIAN_POINT('Ctrl Pts',(-5.65072691999376,-43.3691667020321,
0.));
#10455=CARTESIAN_POINT('Ctrl Pts',(-5.6409899946081,-43.3762288987599,0.));
#10456=CARTESIAN_POINT('Ctrl Pts',(-5.62013497423821,-43.3913550551985,
0.));
#10457=CARTESIAN_POINT('Ctrl Pts',(-5.60166172922457,-43.4093209941126,
0.));
#10458=CARTESIAN_POINT('Ctrl Pts',(-5.59181339107454,-43.4188988804817,
0.));
#10459=CARTESIAN_POINT('',(-5.65072691999376,-43.3691667020321,0.2));
#10460=CARTESIAN_POINT('Ctrl Pts',(-5.65072691999376,-43.3691667020321,
0.2));
#10461=CARTESIAN_POINT('Ctrl Pts',(-5.6409899946081,-43.3762288987599,0.2));
#10462=CARTESIAN_POINT('Ctrl Pts',(-5.62013497423821,-43.3913550551985,
0.2));
#10463=CARTESIAN_POINT('Ctrl Pts',(-5.60166172922457,-43.4093209941126,
0.2));
#10464=CARTESIAN_POINT('Ctrl Pts',(-5.59181339107454,-43.4188988804817,
0.2));
#10465=CARTESIAN_POINT('',(-5.65072691999376,-43.3691667020321,0.));
#10466=CARTESIAN_POINT('Ctrl Pts',(-5.70466733537614,-43.3423878252506,
0.));
#10467=CARTESIAN_POINT('Ctrl Pts',(-5.70466733537614,-43.3423878252506,
0.2));
#10468=CARTESIAN_POINT('Ctrl Pts',(-5.6956923030008,-43.3456646008889,0.));
#10469=CARTESIAN_POINT('Ctrl Pts',(-5.6956923030008,-43.3456646008889,0.2));
#10470=CARTESIAN_POINT('Ctrl Pts',(-5.67672778563933,-43.3525885278325,
0.));
#10471=CARTESIAN_POINT('Ctrl Pts',(-5.67672778563933,-43.3525885278325,
0.2));
#10472=CARTESIAN_POINT('Ctrl Pts',(-5.65969753669381,-43.3634470291428,
0.));
#10473=CARTESIAN_POINT('Ctrl Pts',(-5.65969753669381,-43.3634470291428,
0.2));
#10474=CARTESIAN_POINT('Ctrl Pts',(-5.65072691999376,-43.3691667020321,
0.));
#10475=CARTESIAN_POINT('Ctrl Pts',(-5.65072691999376,-43.3691667020321,
0.2));
#10476=CARTESIAN_POINT('',(-5.70466733537614,-43.3423878252506,0.));
#10477=CARTESIAN_POINT('Ctrl Pts',(-5.70466733537614,-43.3423878252506,
0.));
#10478=CARTESIAN_POINT('Ctrl Pts',(-5.6956923030008,-43.3456646008889,0.));
#10479=CARTESIAN_POINT('Ctrl Pts',(-5.67672778563933,-43.3525885278325,
0.));
#10480=CARTESIAN_POINT('Ctrl Pts',(-5.65969753669381,-43.3634470291428,
0.));
#10481=CARTESIAN_POINT('Ctrl Pts',(-5.65072691999376,-43.3691667020321,
0.));
#10482=CARTESIAN_POINT('',(-5.70466733537614,-43.3423878252506,0.2));
#10483=CARTESIAN_POINT('Ctrl Pts',(-5.70466733537614,-43.3423878252506,
0.2));
#10484=CARTESIAN_POINT('Ctrl Pts',(-5.6956923030008,-43.3456646008889,0.2));
#10485=CARTESIAN_POINT('Ctrl Pts',(-5.67672778563933,-43.3525885278325,
0.2));
#10486=CARTESIAN_POINT('Ctrl Pts',(-5.65969753669381,-43.3634470291428,
0.2));
#10487=CARTESIAN_POINT('Ctrl Pts',(-5.65072691999376,-43.3691667020321,
0.2));
#10488=CARTESIAN_POINT('',(-5.70466733537614,-43.3423878252506,0.));
#10489=CARTESIAN_POINT('Ctrl Pts',(-5.75592971406877,-43.3343541622162,
0.));
#10490=CARTESIAN_POINT('Ctrl Pts',(-5.75592971406877,-43.3343541622162,
0.2));
#10491=CARTESIAN_POINT('Ctrl Pts',(-5.74740166761716,-43.3347138141865,
0.));
#10492=CARTESIAN_POINT('Ctrl Pts',(-5.74740166761716,-43.3347138141865,
0.2));
#10493=CARTESIAN_POINT('Ctrl Pts',(-5.73001234467591,-43.3354471713856,
0.));
#10494=CARTESIAN_POINT('Ctrl Pts',(-5.73001234467591,-43.3354471713856,
0.2));
#10495=CARTESIAN_POINT('Ctrl Pts',(-5.71322291657835,-43.3400449053078,
0.));
#10496=CARTESIAN_POINT('Ctrl Pts',(-5.71322291657835,-43.3400449053078,
0.2));
#10497=CARTESIAN_POINT('Ctrl Pts',(-5.70466733537614,-43.3423878252506,
0.));
#10498=CARTESIAN_POINT('Ctrl Pts',(-5.70466733537614,-43.3423878252506,
0.2));
#10499=CARTESIAN_POINT('',(-5.75592971406877,-43.3343541622162,0.));
#10500=CARTESIAN_POINT('Ctrl Pts',(-5.75592971406877,-43.3343541622162,
0.));
#10501=CARTESIAN_POINT('Ctrl Pts',(-5.74740166761716,-43.3347138141865,
0.));
#10502=CARTESIAN_POINT('Ctrl Pts',(-5.73001234467591,-43.3354471713856,
0.));
#10503=CARTESIAN_POINT('Ctrl Pts',(-5.71322291657835,-43.3400449053078,
0.));
#10504=CARTESIAN_POINT('Ctrl Pts',(-5.70466733537614,-43.3423878252506,
0.));
#10505=CARTESIAN_POINT('',(-5.75592971406877,-43.3343541622162,0.2));
#10506=CARTESIAN_POINT('Ctrl Pts',(-5.75592971406877,-43.3343541622162,
0.2));
#10507=CARTESIAN_POINT('Ctrl Pts',(-5.74740166761716,-43.3347138141865,
0.2));
#10508=CARTESIAN_POINT('Ctrl Pts',(-5.73001234467591,-43.3354471713856,
0.2));
#10509=CARTESIAN_POINT('Ctrl Pts',(-5.71322291657835,-43.3400449053078,
0.2));
#10510=CARTESIAN_POINT('Ctrl Pts',(-5.70466733537614,-43.3423878252506,
0.2));
#10511=CARTESIAN_POINT('',(-5.75592971406877,-43.3343541622162,0.));
#10512=CARTESIAN_POINT('Ctrl Pts',(-5.82708514295518,-43.3546295762062,
0.));
#10513=CARTESIAN_POINT('Ctrl Pts',(-5.82708514295518,-43.3546295762062,
0.2));
#10514=CARTESIAN_POINT('Ctrl Pts',(-5.81642743761042,-43.3487180493675,
0.));
#10515=CARTESIAN_POINT('Ctrl Pts',(-5.81642743761042,-43.3487180493675,
0.2));
#10516=CARTESIAN_POINT('Ctrl Pts',(-5.79431166792003,-43.3364510592553,
0.));
#10517=CARTESIAN_POINT('Ctrl Pts',(-5.79431166792003,-43.3364510592553,
0.2));
#10518=CARTESIAN_POINT('Ctrl Pts',(-5.76902869157807,-43.3350697903799,
0.));
#10519=CARTESIAN_POINT('Ctrl Pts',(-5.76902869157807,-43.3350697903799,
0.2));
#10520=CARTESIAN_POINT('Ctrl Pts',(-5.75592971406877,-43.3343541622162,
0.));
#10521=CARTESIAN_POINT('Ctrl Pts',(-5.75592971406877,-43.3343541622162,
0.2));
#10522=CARTESIAN_POINT('',(-5.82708514295518,-43.3546295762062,0.));
#10523=CARTESIAN_POINT('Ctrl Pts',(-5.82708514295518,-43.3546295762062,
0.));
#10524=CARTESIAN_POINT('Ctrl Pts',(-5.81642743761042,-43.3487180493675,
0.));
#10525=CARTESIAN_POINT('Ctrl Pts',(-5.79431166792003,-43.3364510592553,
0.));
#10526=CARTESIAN_POINT('Ctrl Pts',(-5.76902869157807,-43.3350697903799,
0.));
#10527=CARTESIAN_POINT('Ctrl Pts',(-5.75592971406877,-43.3343541622162,
0.));
#10528=CARTESIAN_POINT('',(-5.82708514295518,-43.3546295762062,0.2));
#10529=CARTESIAN_POINT('Ctrl Pts',(-5.82708514295518,-43.3546295762062,
0.2));
#10530=CARTESIAN_POINT('Ctrl Pts',(-5.81642743761042,-43.3487180493675,
0.2));
#10531=CARTESIAN_POINT('Ctrl Pts',(-5.79431166792003,-43.3364510592553,
0.2));
#10532=CARTESIAN_POINT('Ctrl Pts',(-5.76902869157807,-43.3350697903799,
0.2));
#10533=CARTESIAN_POINT('Ctrl Pts',(-5.75592971406877,-43.3343541622162,
0.2));
#10534=CARTESIAN_POINT('',(-5.82708514295518,-43.3546295762062,0.));
#10535=CARTESIAN_POINT('Ctrl Pts',(-5.87605214677751,-43.4108652174473,
0.));
#10536=CARTESIAN_POINT('Ctrl Pts',(-5.87605214677751,-43.4108652174473,
0.2));
#10537=CARTESIAN_POINT('Ctrl Pts',(-5.86939685787237,-43.3996473877645,
0.));
#10538=CARTESIAN_POINT('Ctrl Pts',(-5.86939685787237,-43.3996473877645,
0.2));
#10539=CARTESIAN_POINT('Ctrl Pts',(-5.8564948382477,-43.3779003741072,0.));
#10540=CARTESIAN_POINT('Ctrl Pts',(-5.8564948382477,-43.3779003741072,0.2));
#10541=CARTESIAN_POINT('Ctrl Pts',(-5.83667921273694,-43.3622210067436,
0.));
#10542=CARTESIAN_POINT('Ctrl Pts',(-5.83667921273694,-43.3622210067436,
0.2));
#10543=CARTESIAN_POINT('Ctrl Pts',(-5.82708514295518,-43.3546295762062,
0.));
#10544=CARTESIAN_POINT('Ctrl Pts',(-5.82708514295518,-43.3546295762062,
0.2));
#10545=CARTESIAN_POINT('',(-5.87605214677751,-43.4108652174473,0.));
#10546=CARTESIAN_POINT('Ctrl Pts',(-5.87605214677751,-43.4108652174473,
0.));
#10547=CARTESIAN_POINT('Ctrl Pts',(-5.86939685787237,-43.3996473877645,
0.));
#10548=CARTESIAN_POINT('Ctrl Pts',(-5.8564948382477,-43.3779003741072,0.));
#10549=CARTESIAN_POINT('Ctrl Pts',(-5.83667921273694,-43.3622210067436,
0.));
#10550=CARTESIAN_POINT('Ctrl Pts',(-5.82708514295518,-43.3546295762062,
0.));
#10551=CARTESIAN_POINT('',(-5.87605214677751,-43.4108652174473,0.2));
#10552=CARTESIAN_POINT('Ctrl Pts',(-5.87605214677751,-43.4108652174473,
0.2));
#10553=CARTESIAN_POINT('Ctrl Pts',(-5.86939685787237,-43.3996473877645,
0.2));
#10554=CARTESIAN_POINT('Ctrl Pts',(-5.8564948382477,-43.3779003741072,0.2));
#10555=CARTESIAN_POINT('Ctrl Pts',(-5.83667921273694,-43.3622210067436,
0.2));
#10556=CARTESIAN_POINT('Ctrl Pts',(-5.82708514295518,-43.3546295762062,
0.2));
#10557=CARTESIAN_POINT('',(-5.87605214677751,-43.4108652174473,0.));
#10558=CARTESIAN_POINT('Ctrl Pts',(-5.90397871099412,-43.4973227232695,
0.));
#10559=CARTESIAN_POINT('Ctrl Pts',(-5.90397871099412,-43.4973227232695,
0.2));
#10560=CARTESIAN_POINT('Ctrl Pts',(-5.90082106271304,-43.4814930118834,
0.));
#10561=CARTESIAN_POINT('Ctrl Pts',(-5.90082106271304,-43.4814930118834,
0.2));
#10562=CARTESIAN_POINT('Ctrl Pts',(-5.89485363911265,-43.4515775226003,
0.));
#10563=CARTESIAN_POINT('Ctrl Pts',(-5.89485363911265,-43.4515775226003,
0.2));
#10564=CARTESIAN_POINT('Ctrl Pts',(-5.88207091992059,-43.423898125925,0.));
#10565=CARTESIAN_POINT('Ctrl Pts',(-5.88207091992059,-43.423898125925,0.2));
#10566=CARTESIAN_POINT('Ctrl Pts',(-5.87605214677751,-43.4108652174473,
0.));
#10567=CARTESIAN_POINT('Ctrl Pts',(-5.87605214677751,-43.4108652174473,
0.2));
#10568=CARTESIAN_POINT('',(-5.90397871099412,-43.4973227232695,0.));
#10569=CARTESIAN_POINT('Ctrl Pts',(-5.90397871099412,-43.4973227232695,
0.));
#10570=CARTESIAN_POINT('Ctrl Pts',(-5.90082106271304,-43.4814930118834,
0.));
#10571=CARTESIAN_POINT('Ctrl Pts',(-5.89485363911265,-43.4515775226003,
0.));
#10572=CARTESIAN_POINT('Ctrl Pts',(-5.88207091992059,-43.423898125925,0.));
#10573=CARTESIAN_POINT('Ctrl Pts',(-5.87605214677751,-43.4108652174473,
0.));
#10574=CARTESIAN_POINT('',(-5.90397871099412,-43.4973227232695,0.2));
#10575=CARTESIAN_POINT('Ctrl Pts',(-5.90397871099412,-43.4973227232695,
0.2));
#10576=CARTESIAN_POINT('Ctrl Pts',(-5.90082106271304,-43.4814930118834,
0.2));
#10577=CARTESIAN_POINT('Ctrl Pts',(-5.89485363911265,-43.4515775226003,
0.2));
#10578=CARTESIAN_POINT('Ctrl Pts',(-5.88207091992059,-43.423898125925,0.2));
#10579=CARTESIAN_POINT('Ctrl Pts',(-5.87605214677751,-43.4108652174473,
0.2));
#10580=CARTESIAN_POINT('',(-5.90397871099412,-43.4973227232695,0.));
#10581=CARTESIAN_POINT('Ctrl Pts',(-5.91277754865587,-43.6082638800144,
0.));
#10582=CARTESIAN_POINT('Ctrl Pts',(-5.91277754865587,-43.6082638800144,
0.2));
#10583=CARTESIAN_POINT('Ctrl Pts',(-5.91247548450986,-43.5889098541609,
0.));
#10584=CARTESIAN_POINT('Ctrl Pts',(-5.91247548450986,-43.5889098541609,
0.2));
#10585=CARTESIAN_POINT('Ctrl Pts',(-5.91189534233323,-43.551738654489,0.));
#10586=CARTESIAN_POINT('Ctrl Pts',(-5.91189534233323,-43.551738654489,0.2));
#10587=CARTESIAN_POINT('Ctrl Pts',(-5.9065438349953,-43.5149544159981,0.));
#10588=CARTESIAN_POINT('Ctrl Pts',(-5.9065438349953,-43.5149544159981,0.2));
#10589=CARTESIAN_POINT('Ctrl Pts',(-5.90397871099412,-43.4973227232695,
0.));
#10590=CARTESIAN_POINT('Ctrl Pts',(-5.90397871099412,-43.4973227232695,
0.2));
#10591=CARTESIAN_POINT('',(-5.91277754865587,-43.6082638800144,0.));
#10592=CARTESIAN_POINT('Ctrl Pts',(-5.91277754865587,-43.6082638800144,
0.));
#10593=CARTESIAN_POINT('Ctrl Pts',(-5.91247548450986,-43.5889098541609,
0.));
#10594=CARTESIAN_POINT('Ctrl Pts',(-5.91189534233323,-43.551738654489,0.));
#10595=CARTESIAN_POINT('Ctrl Pts',(-5.9065438349953,-43.5149544159981,0.));
#10596=CARTESIAN_POINT('Ctrl Pts',(-5.90397871099412,-43.4973227232695,
0.));
#10597=CARTESIAN_POINT('',(-5.91277754865587,-43.6082638800144,0.2));
#10598=CARTESIAN_POINT('Ctrl Pts',(-5.91277754865587,-43.6082638800144,
0.2));
#10599=CARTESIAN_POINT('Ctrl Pts',(-5.91247548450986,-43.5889098541609,
0.2));
#10600=CARTESIAN_POINT('Ctrl Pts',(-5.91189534233323,-43.551738654489,0.2));
#10601=CARTESIAN_POINT('Ctrl Pts',(-5.9065438349953,-43.5149544159981,0.2));
#10602=CARTESIAN_POINT('Ctrl Pts',(-5.90397871099412,-43.4973227232695,
0.2));
#10603=CARTESIAN_POINT('',(-5.91277754865587,-43.6082638800144,0.));
#10604=CARTESIAN_POINT('Ctrl Pts',(-5.89403218589723,-43.7478965520859,
0.));
#10605=CARTESIAN_POINT('Ctrl Pts',(-5.89403218589723,-43.7478965520859,
0.2));
#10606=CARTESIAN_POINT('Ctrl Pts',(-5.89948887444975,-43.7269966636983,
0.));
#10607=CARTESIAN_POINT('Ctrl Pts',(-5.89948887444975,-43.7269966636983,
0.2));
#10608=CARTESIAN_POINT('Ctrl Pts',(-5.91143104353815,-43.6812564682204,
0.));
#10609=CARTESIAN_POINT('Ctrl Pts',(-5.91143104353815,-43.6812564682204,
0.2));
#10610=CARTESIAN_POINT('Ctrl Pts',(-5.91230365573352,-43.6339531035305,
0.));
#10611=CARTESIAN_POINT('Ctrl Pts',(-5.91230365573352,-43.6339531035305,
0.2));
#10612=CARTESIAN_POINT('Ctrl Pts',(-5.91277754865587,-43.6082638800144,
0.));
#10613=CARTESIAN_POINT('Ctrl Pts',(-5.91277754865587,-43.6082638800144,
0.2));
#10614=CARTESIAN_POINT('Ctrl Pts',(-5.89403218589723,-43.7478965520859,
0.));
#10615=CARTESIAN_POINT('Ctrl Pts',(-5.89948887444975,-43.7269966636983,
0.));
#10616=CARTESIAN_POINT('Ctrl Pts',(-5.91143104353815,-43.6812564682204,
0.));
#10617=CARTESIAN_POINT('Ctrl Pts',(-5.91230365573352,-43.6339531035305,
0.));
#10618=CARTESIAN_POINT('Ctrl Pts',(-5.91277754865587,-43.6082638800144,
0.));
#10619=CARTESIAN_POINT('Ctrl Pts',(-5.89403218589723,-43.7478965520859,
0.2));
#10620=CARTESIAN_POINT('Ctrl Pts',(-5.89948887444975,-43.7269966636983,
0.2));
#10621=CARTESIAN_POINT('Ctrl Pts',(-5.91143104353815,-43.6812564682204,
0.2));
#10622=CARTESIAN_POINT('Ctrl Pts',(-5.91230365573352,-43.6339531035305,
0.2));
#10623=CARTESIAN_POINT('Ctrl Pts',(-5.91277754865587,-43.6082638800144,
0.2));
#10624=CARTESIAN_POINT('Ctrl Pts',(-5.98163730464876,-43.3232600241899,
0.));
#10625=CARTESIAN_POINT('Ctrl Pts',(-5.98163730464876,-43.3232600241899,
0.2));
#10626=CARTESIAN_POINT('Ctrl Pts',(-5.99227614258471,-43.341339889215,0.));
#10627=CARTESIAN_POINT('Ctrl Pts',(-5.99227614258471,-43.341339889215,0.2));
#10628=CARTESIAN_POINT('Ctrl Pts',(-6.01461730179668,-43.3793069252286,
0.));
#10629=CARTESIAN_POINT('Ctrl Pts',(-6.01461730179668,-43.3793069252286,
0.2));
#10630=CARTESIAN_POINT('Ctrl Pts',(-6.02611332659665,-43.421858828192,0.));
#10631=CARTESIAN_POINT('Ctrl Pts',(-6.02611332659665,-43.421858828192,0.2));
#10632=CARTESIAN_POINT('Ctrl Pts',(-6.03213495574891,-43.4441475570202,
0.));
#10633=CARTESIAN_POINT('Ctrl Pts',(-6.03213495574891,-43.4441475570202,
0.2));
#10634=CARTESIAN_POINT('',(-5.98163730464876,-43.3232600241899,0.));
#10635=CARTESIAN_POINT('',(-6.03213495574891,-43.4441475570202,0.));
#10636=CARTESIAN_POINT('Ctrl Pts',(-5.98163730464876,-43.3232600241899,
0.));
#10637=CARTESIAN_POINT('Ctrl Pts',(-5.99227614258471,-43.341339889215,0.));
#10638=CARTESIAN_POINT('Ctrl Pts',(-6.01461730179668,-43.3793069252286,
0.));
#10639=CARTESIAN_POINT('Ctrl Pts',(-6.02611332659665,-43.421858828192,0.));
#10640=CARTESIAN_POINT('Ctrl Pts',(-6.03213495574891,-43.4441475570202,
0.));
#10641=CARTESIAN_POINT('',(-6.03213495574891,-43.4441475570202,0.2));
#10642=CARTESIAN_POINT('',(-6.03213495574891,-43.4441475570202,0.));
#10643=CARTESIAN_POINT('',(-5.98163730464876,-43.3232600241899,0.2));
#10644=CARTESIAN_POINT('Ctrl Pts',(-5.98163730464876,-43.3232600241899,
0.2));
#10645=CARTESIAN_POINT('Ctrl Pts',(-5.99227614258471,-43.341339889215,0.2));
#10646=CARTESIAN_POINT('Ctrl Pts',(-6.01461730179668,-43.3793069252286,
0.2));
#10647=CARTESIAN_POINT('Ctrl Pts',(-6.02611332659665,-43.421858828192,0.2));
#10648=CARTESIAN_POINT('Ctrl Pts',(-6.03213495574891,-43.4441475570202,
0.2));
#10649=CARTESIAN_POINT('',(-5.98163730464876,-43.3232600241899,0.));
#10650=CARTESIAN_POINT('Ctrl Pts',(-5.89824027381837,-43.2456012815237,
0.));
#10651=CARTESIAN_POINT('Ctrl Pts',(-5.89824027381837,-43.2456012815237,
0.2));
#10652=CARTESIAN_POINT('Ctrl Pts',(-5.91423316717607,-43.2558503213237,
0.));
#10653=CARTESIAN_POINT('Ctrl Pts',(-5.91423316717607,-43.2558503213237,
0.2));
#10654=CARTESIAN_POINT('Ctrl Pts',(-5.946728005792,-43.2766746266461,0.));
#10655=CARTESIAN_POINT('Ctrl Pts',(-5.946728005792,-43.2766746266461,0.2));
#10656=CARTESIAN_POINT('Ctrl Pts',(-5.9698799750204,-43.3075702254049,0.));
#10657=CARTESIAN_POINT('Ctrl Pts',(-5.9698799750204,-43.3075702254049,0.2));
#10658=CARTESIAN_POINT('Ctrl Pts',(-5.98163730464876,-43.3232600241899,
0.));
#10659=CARTESIAN_POINT('Ctrl Pts',(-5.98163730464876,-43.3232600241899,
0.2));
#10660=CARTESIAN_POINT('',(-5.89824027381837,-43.2456012815237,0.));
#10661=CARTESIAN_POINT('Ctrl Pts',(-5.89824027381837,-43.2456012815237,
0.));
#10662=CARTESIAN_POINT('Ctrl Pts',(-5.91423316717607,-43.2558503213237,
0.));
#10663=CARTESIAN_POINT('Ctrl Pts',(-5.946728005792,-43.2766746266461,0.));
#10664=CARTESIAN_POINT('Ctrl Pts',(-5.9698799750204,-43.3075702254049,0.));
#10665=CARTESIAN_POINT('Ctrl Pts',(-5.98163730464876,-43.3232600241899,
0.));
#10666=CARTESIAN_POINT('',(-5.89824027381837,-43.2456012815237,0.2));
#10667=CARTESIAN_POINT('Ctrl Pts',(-5.89824027381837,-43.2456012815237,
0.2));
#10668=CARTESIAN_POINT('Ctrl Pts',(-5.91423316717607,-43.2558503213237,
0.2));
#10669=CARTESIAN_POINT('Ctrl Pts',(-5.946728005792,-43.2766746266461,0.2));
#10670=CARTESIAN_POINT('Ctrl Pts',(-5.9698799750204,-43.3075702254049,0.2));
#10671=CARTESIAN_POINT('Ctrl Pts',(-5.98163730464876,-43.3232600241899,
0.2));
#10672=CARTESIAN_POINT('',(-5.89824027381837,-43.2456012815237,0.));
#10673=CARTESIAN_POINT('Ctrl Pts',(-5.78270859085023,-43.2180573046207,
0.));
#10674=CARTESIAN_POINT('Ctrl Pts',(-5.78270859085023,-43.2180573046207,
0.2));
#10675=CARTESIAN_POINT('Ctrl Pts',(-5.80362784983831,-43.2190187582767,
0.));
#10676=CARTESIAN_POINT('Ctrl Pts',(-5.80362784983831,-43.2190187582767,
0.2));
#10677=CARTESIAN_POINT('Ctrl Pts',(-5.84392398942862,-43.2208707775451,
0.));
#10678=CARTESIAN_POINT('Ctrl Pts',(-5.84392398942862,-43.2208707775451,
0.2));
#10679=CARTESIAN_POINT('Ctrl Pts',(-5.88060281967274,-43.2375708513347,
0.));
#10680=CARTESIAN_POINT('Ctrl Pts',(-5.88060281967274,-43.2375708513347,
0.2));
#10681=CARTESIAN_POINT('Ctrl Pts',(-5.89824027381837,-43.2456012815237,
0.));
#10682=CARTESIAN_POINT('Ctrl Pts',(-5.89824027381837,-43.2456012815237,
0.2));
#10683=CARTESIAN_POINT('',(-5.78270859085023,-43.2180573046207,0.));
#10684=CARTESIAN_POINT('Ctrl Pts',(-5.78270859085023,-43.2180573046207,
0.));
#10685=CARTESIAN_POINT('Ctrl Pts',(-5.80362784983831,-43.2190187582767,
0.));
#10686=CARTESIAN_POINT('Ctrl Pts',(-5.84392398942862,-43.2208707775451,
0.));
#10687=CARTESIAN_POINT('Ctrl Pts',(-5.88060281967274,-43.2375708513347,
0.));
#10688=CARTESIAN_POINT('Ctrl Pts',(-5.89824027381837,-43.2456012815237,
0.));
#10689=CARTESIAN_POINT('',(-5.78270859085023,-43.2180573046207,0.2));
#10690=CARTESIAN_POINT('Ctrl Pts',(-5.78270859085023,-43.2180573046207,
0.2));
#10691=CARTESIAN_POINT('Ctrl Pts',(-5.80362784983831,-43.2190187582767,
0.2));
#10692=CARTESIAN_POINT('Ctrl Pts',(-5.84392398942862,-43.2208707775451,
0.2));
#10693=CARTESIAN_POINT('Ctrl Pts',(-5.88060281967274,-43.2375708513347,
0.2));
#10694=CARTESIAN_POINT('Ctrl Pts',(-5.89824027381837,-43.2456012815237,
0.2));
#10695=CARTESIAN_POINT('',(-5.78270859085023,-43.2180573046207,0.));
#10696=CARTESIAN_POINT('Ctrl Pts',(-5.64231074415147,-43.2498093694448,
0.));
#10697=CARTESIAN_POINT('Ctrl Pts',(-5.64231074415147,-43.2498093694448,
0.2));
#10698=CARTESIAN_POINT('Ctrl Pts',(-5.66461297786662,-43.2405485078966,
0.));
#10699=CARTESIAN_POINT('Ctrl Pts',(-5.66461297786662,-43.2405485078966,
0.2));
#10700=CARTESIAN_POINT('Ctrl Pts',(-5.70957566326642,-43.2218780370529,
0.));
#10701=CARTESIAN_POINT('Ctrl Pts',(-5.70957566326642,-43.2218780370529,
0.2));
#10702=CARTESIAN_POINT('Ctrl Pts',(-5.7582018133844,-43.219337628581,0.));
#10703=CARTESIAN_POINT('Ctrl Pts',(-5.7582018133844,-43.219337628581,0.2));
#10704=CARTESIAN_POINT('Ctrl Pts',(-5.78270859085023,-43.2180573046207,
0.));
#10705=CARTESIAN_POINT('Ctrl Pts',(-5.78270859085023,-43.2180573046207,
0.2));
#10706=CARTESIAN_POINT('',(-5.64231074415147,-43.2498093694448,0.));
#10707=CARTESIAN_POINT('Ctrl Pts',(-5.64231074415147,-43.2498093694448,
0.));
#10708=CARTESIAN_POINT('Ctrl Pts',(-5.66461297786662,-43.2405485078966,
0.));
#10709=CARTESIAN_POINT('Ctrl Pts',(-5.70957566326642,-43.2218780370529,
0.));
#10710=CARTESIAN_POINT('Ctrl Pts',(-5.7582018133844,-43.219337628581,0.));
#10711=CARTESIAN_POINT('Ctrl Pts',(-5.78270859085023,-43.2180573046207,
0.));
#10712=CARTESIAN_POINT('',(-5.64231074415147,-43.2498093694448,0.2));
#10713=CARTESIAN_POINT('Ctrl Pts',(-5.64231074415147,-43.2498093694448,
0.2));
#10714=CARTESIAN_POINT('Ctrl Pts',(-5.66461297786662,-43.2405485078966,
0.2));
#10715=CARTESIAN_POINT('Ctrl Pts',(-5.70957566326642,-43.2218780370529,
0.2));
#10716=CARTESIAN_POINT('Ctrl Pts',(-5.7582018133844,-43.219337628581,0.2));
#10717=CARTESIAN_POINT('Ctrl Pts',(-5.78270859085023,-43.2180573046207,
0.2));
#10718=CARTESIAN_POINT('',(-5.64231074415147,-43.2498093694448,0.));
#10719=CARTESIAN_POINT('Ctrl Pts',(-5.5195105727762,-43.3588376641273,0.));
#10720=CARTESIAN_POINT('Ctrl Pts',(-5.5195105727762,-43.3588376641273,0.2));
#10721=CARTESIAN_POINT('Ctrl Pts',(-5.53806023839325,-43.3354423500029,
0.));
#10722=CARTESIAN_POINT('Ctrl Pts',(-5.53806023839325,-43.3354423500029,
0.2));
#10723=CARTESIAN_POINT('Ctrl Pts',(-5.57264565376033,-43.2918223369342,
0.));
#10724=CARTESIAN_POINT('Ctrl Pts',(-5.57264565376033,-43.2918223369342,
0.2));
#10725=CARTESIAN_POINT('Ctrl Pts',(-5.62024226838168,-43.2631182182506,
0.));
#10726=CARTESIAN_POINT('Ctrl Pts',(-5.62024226838168,-43.2631182182506,
0.2));
#10727=CARTESIAN_POINT('Ctrl Pts',(-5.64231074415147,-43.2498093694448,
0.));
#10728=CARTESIAN_POINT('Ctrl Pts',(-5.64231074415147,-43.2498093694448,
0.2));
#10729=CARTESIAN_POINT('',(-5.5195105727762,-43.3588376641273,0.));
#10730=CARTESIAN_POINT('Ctrl Pts',(-5.5195105727762,-43.3588376641273,0.));
#10731=CARTESIAN_POINT('Ctrl Pts',(-5.53806023839325,-43.3354423500029,
0.));
#10732=CARTESIAN_POINT('Ctrl Pts',(-5.57264565376033,-43.2918223369342,
0.));
#10733=CARTESIAN_POINT('Ctrl Pts',(-5.62024226838168,-43.2631182182506,
0.));
#10734=CARTESIAN_POINT('Ctrl Pts',(-5.64231074415147,-43.2498093694448,
0.));
#10735=CARTESIAN_POINT('',(-5.5195105727762,-43.3588376641273,0.2));
#10736=CARTESIAN_POINT('Ctrl Pts',(-5.5195105727762,-43.3588376641273,0.2));
#10737=CARTESIAN_POINT('Ctrl Pts',(-5.53806023839325,-43.3354423500029,
0.2));
#10738=CARTESIAN_POINT('Ctrl Pts',(-5.57264565376033,-43.2918223369342,
0.2));
#10739=CARTESIAN_POINT('Ctrl Pts',(-5.62024226838168,-43.2631182182506,
0.2));
#10740=CARTESIAN_POINT('Ctrl Pts',(-5.64231074415147,-43.2498093694448,
0.2));
#10741=CARTESIAN_POINT('',(-5.5195105727762,-43.3588376641273,0.));
#10742=CARTESIAN_POINT('Origin',(-5.52563137374818,-43.2165270298719,0.));
#10743=CARTESIAN_POINT('',(-5.52563137374818,-43.2165270298719,0.));
#10744=CARTESIAN_POINT('',(-5.52563137374818,-43.2165270298719,0.));
#10745=CARTESIAN_POINT('',(-5.52563137374818,-43.2165270298719,0.2));
#10746=CARTESIAN_POINT('',(-5.52563137374818,-43.2165270298719,0.2));
#10747=CARTESIAN_POINT('',(-5.52563137374818,-43.2165270298719,0.));
#10748=CARTESIAN_POINT('Origin',(-5.52563137374818,-42.918898910284,0.));
#10749=CARTESIAN_POINT('',(-5.52563137374818,-42.918898910284,0.));
#10750=CARTESIAN_POINT('',(-5.52563137374818,-42.918898910284,0.));
#10751=CARTESIAN_POINT('',(-5.52563137374818,-42.918898910284,0.2));
#10752=CARTESIAN_POINT('',(-5.52563137374818,-42.918898910284,0.2));
#10753=CARTESIAN_POINT('',(-5.52563137374818,-42.918898910284,0.));
#10754=CARTESIAN_POINT('Origin',(-5.39250201545656,-42.918898910284,0.));
#10755=CARTESIAN_POINT('',(-5.39250201545656,-42.918898910284,0.));
#10756=CARTESIAN_POINT('',(-5.39250201545656,-42.918898910284,0.));
#10757=CARTESIAN_POINT('',(-5.39250201545656,-42.918898910284,0.2));
#10758=CARTESIAN_POINT('',(-5.39250201545656,-42.918898910284,0.2));
#10759=CARTESIAN_POINT('',(-5.39250201545656,-42.918898910284,0.));
#10760=CARTESIAN_POINT('Origin',(-5.39250201545656,-43.9548590779305,0.));
#10761=CARTESIAN_POINT('',(-5.39250201545656,-43.9548590779305,0.));
#10762=CARTESIAN_POINT('',(-5.39250201545656,-43.9548590779305,0.));
#10763=CARTESIAN_POINT('',(-5.39250201545656,-43.9548590779305,0.2));
#10764=CARTESIAN_POINT('',(-5.39250201545656,-43.9548590779305,0.2));
#10765=CARTESIAN_POINT('',(-5.39250201545656,-43.9548590779305,0.));
#10766=CARTESIAN_POINT('Ctrl Pts',(-5.53328252397478,-43.9961750805378,
0.));
#10767=CARTESIAN_POINT('Ctrl Pts',(-5.53328252397478,-43.9961750805378,
0.2));
#10768=CARTESIAN_POINT('Ctrl Pts',(-5.50951795427952,-43.9911570254433,
0.));
#10769=CARTESIAN_POINT('Ctrl Pts',(-5.50951795427952,-43.9911570254433,
0.2));
#10770=CARTESIAN_POINT('Ctrl Pts',(-5.46152539878682,-43.9810230617032,
0.));
#10771=CARTESIAN_POINT('Ctrl Pts',(-5.46152539878682,-43.9810230617032,
0.2));
#10772=CARTESIAN_POINT('Ctrl Pts',(-5.4156574435542,-43.9636363678251,0.));
#10773=CARTESIAN_POINT('Ctrl Pts',(-5.4156574435542,-43.9636363678251,0.2));
#10774=CARTESIAN_POINT('Ctrl Pts',(-5.39250201545656,-43.9548590779305,
0.));
#10775=CARTESIAN_POINT('Ctrl Pts',(-5.39250201545656,-43.9548590779305,
0.2));
#10776=CARTESIAN_POINT('',(-5.53328252397478,-43.9961750805378,0.));
#10777=CARTESIAN_POINT('Ctrl Pts',(-5.53328252397478,-43.9961750805378,
0.));
#10778=CARTESIAN_POINT('Ctrl Pts',(-5.50951795427952,-43.9911570254433,
0.));
#10779=CARTESIAN_POINT('Ctrl Pts',(-5.46152539878682,-43.9810230617032,
0.));
#10780=CARTESIAN_POINT('Ctrl Pts',(-5.4156574435542,-43.9636363678251,0.));
#10781=CARTESIAN_POINT('Ctrl Pts',(-5.39250201545656,-43.9548590779305,
0.));
#10782=CARTESIAN_POINT('',(-5.53328252397478,-43.9961750805378,0.2));
#10783=CARTESIAN_POINT('Ctrl Pts',(-5.53328252397478,-43.9961750805378,
0.2));
#10784=CARTESIAN_POINT('Ctrl Pts',(-5.50951795427952,-43.9911570254433,
0.2));
#10785=CARTESIAN_POINT('Ctrl Pts',(-5.46152539878682,-43.9810230617032,
0.2));
#10786=CARTESIAN_POINT('Ctrl Pts',(-5.4156574435542,-43.9636363678251,0.2));
#10787=CARTESIAN_POINT('Ctrl Pts',(-5.39250201545656,-43.9548590779305,
0.2));
#10788=CARTESIAN_POINT('',(-5.53328252397478,-43.9961750805378,0.));
#10789=CARTESIAN_POINT('Ctrl Pts',(-5.67253268323839,-44.0091820061207,
0.));
#10790=CARTESIAN_POINT('Ctrl Pts',(-5.67253268323839,-44.0091820061207,
0.2));
#10791=CARTESIAN_POINT('Ctrl Pts',(-5.6495320692772,-44.0086078684246,0.));
#10792=CARTESIAN_POINT('Ctrl Pts',(-5.6495320692772,-44.0086078684246,0.2));
#10793=CARTESIAN_POINT('Ctrl Pts',(-5.60282148050858,-44.007441886079,0.));
#10794=CARTESIAN_POINT('Ctrl Pts',(-5.60282148050858,-44.007441886079,0.2));
#10795=CARTESIAN_POINT('Ctrl Pts',(-5.55669566956499,-43.9999685133361,
0.));
#10796=CARTESIAN_POINT('Ctrl Pts',(-5.55669566956499,-43.9999685133361,
0.2));
#10797=CARTESIAN_POINT('Ctrl Pts',(-5.53328252397478,-43.9961750805378,
0.));
#10798=CARTESIAN_POINT('Ctrl Pts',(-5.53328252397478,-43.9961750805378,
0.2));
#10799=CARTESIAN_POINT('',(-5.67253268323839,-44.0091820061207,0.));
#10800=CARTESIAN_POINT('Ctrl Pts',(-5.67253268323839,-44.0091820061207,
0.));
#10801=CARTESIAN_POINT('Ctrl Pts',(-5.6495320692772,-44.0086078684246,0.));
#10802=CARTESIAN_POINT('Ctrl Pts',(-5.60282148050858,-44.007441886079,0.));
#10803=CARTESIAN_POINT('Ctrl Pts',(-5.55669566956499,-43.9999685133361,
0.));
#10804=CARTESIAN_POINT('Ctrl Pts',(-5.53328252397478,-43.9961750805378,
0.));
#10805=CARTESIAN_POINT('',(-5.67253268323839,-44.0091820061207,0.2));
#10806=CARTESIAN_POINT('Ctrl Pts',(-5.67253268323839,-44.0091820061207,
0.2));
#10807=CARTESIAN_POINT('Ctrl Pts',(-5.6495320692772,-44.0086078684246,0.2));
#10808=CARTESIAN_POINT('Ctrl Pts',(-5.60282148050858,-44.007441886079,0.2));
#10809=CARTESIAN_POINT('Ctrl Pts',(-5.55669566956499,-43.9999685133361,
0.2));
#10810=CARTESIAN_POINT('Ctrl Pts',(-5.53328252397478,-43.9961750805378,
0.2));
#10811=CARTESIAN_POINT('',(-5.67253268323839,-44.0091820061207,0.));
#10812=CARTESIAN_POINT('Ctrl Pts',(-5.82938021980226,-43.9812554419041,
0.));
#10813=CARTESIAN_POINT('Ctrl Pts',(-5.82938021980226,-43.9812554419041,
0.2));
#10814=CARTESIAN_POINT('Ctrl Pts',(-5.80491651983072,-43.9893973417246,
0.));
#10815=CARTESIAN_POINT('Ctrl Pts',(-5.80491651983072,-43.9893973417246,
0.2));
#10816=CARTESIAN_POINT('Ctrl Pts',(-5.75402173824945,-44.0063359165725,
0.));
#10817=CARTESIAN_POINT('Ctrl Pts',(-5.75402173824945,-44.0063359165725,
0.2));
#10818=CARTESIAN_POINT('Ctrl Pts',(-5.70038680312034,-44.0082091721682,
0.));
#10819=CARTESIAN_POINT('Ctrl Pts',(-5.70038680312034,-44.0082091721682,
0.2));
#10820=CARTESIAN_POINT('Ctrl Pts',(-5.67253268323839,-44.0091820061207,
0.));
#10821=CARTESIAN_POINT('Ctrl Pts',(-5.67253268323839,-44.0091820061207,
0.2));
#10822=CARTESIAN_POINT('',(-5.82938021980226,-43.9812554419041,0.));
#10823=CARTESIAN_POINT('Ctrl Pts',(-5.82938021980226,-43.9812554419041,
0.));
#10824=CARTESIAN_POINT('Ctrl Pts',(-5.80491651983072,-43.9893973417246,
0.));
#10825=CARTESIAN_POINT('Ctrl Pts',(-5.75402173824945,-44.0063359165725,
0.));
#10826=CARTESIAN_POINT('Ctrl Pts',(-5.70038680312034,-44.0082091721682,
0.));
#10827=CARTESIAN_POINT('Ctrl Pts',(-5.67253268323839,-44.0091820061207,
0.));
#10828=CARTESIAN_POINT('',(-5.82938021980226,-43.9812554419041,0.2));
#10829=CARTESIAN_POINT('Ctrl Pts',(-5.82938021980226,-43.9812554419041,
0.2));
#10830=CARTESIAN_POINT('Ctrl Pts',(-5.80491651983072,-43.9893973417246,
0.2));
#10831=CARTESIAN_POINT('Ctrl Pts',(-5.75402173824945,-44.0063359165725,
0.2));
#10832=CARTESIAN_POINT('Ctrl Pts',(-5.70038680312034,-44.0082091721682,
0.2));
#10833=CARTESIAN_POINT('Ctrl Pts',(-5.67253268323839,-44.0091820061207,
0.2));
#10834=CARTESIAN_POINT('',(-5.82938021980226,-43.9812554419041,0.));
#10835=CARTESIAN_POINT('Ctrl Pts',(-5.94758993946016,-43.9009188115597,
0.));
#10836=CARTESIAN_POINT('Ctrl Pts',(-5.94758993946016,-43.9009188115597,
0.2));
#10837=CARTESIAN_POINT('Ctrl Pts',(-5.93037579810883,-43.9174254834175,
0.));
#10838=CARTESIAN_POINT('Ctrl Pts',(-5.93037579810883,-43.9174254834175,
0.2));
#10839=CARTESIAN_POINT('Ctrl Pts',(-5.89550905237048,-43.9508592701459,
0.));
#10840=CARTESIAN_POINT('Ctrl Pts',(-5.89550905237048,-43.9508592701459,
0.2));
#10841=CARTESIAN_POINT('Ctrl Pts',(-5.85160719171101,-43.9710387961603,
0.));
#10842=CARTESIAN_POINT('Ctrl Pts',(-5.85160719171101,-43.9710387961603,
0.2));
#10843=CARTESIAN_POINT('Ctrl Pts',(-5.82938021980226,-43.9812554419041,
0.));
#10844=CARTESIAN_POINT('Ctrl Pts',(-5.82938021980226,-43.9812554419041,
0.2));
#10845=CARTESIAN_POINT('',(-5.94758993946016,-43.9009188115597,0.));
#10846=CARTESIAN_POINT('Ctrl Pts',(-5.94758993946016,-43.9009188115597,
0.));
#10847=CARTESIAN_POINT('Ctrl Pts',(-5.93037579810883,-43.9174254834175,
0.));
#10848=CARTESIAN_POINT('Ctrl Pts',(-5.89550905237048,-43.9508592701459,
0.));
#10849=CARTESIAN_POINT('Ctrl Pts',(-5.85160719171101,-43.9710387961603,
0.));
#10850=CARTESIAN_POINT('Ctrl Pts',(-5.82938021980226,-43.9812554419041,
0.));
#10851=CARTESIAN_POINT('',(-5.94758993946016,-43.9009188115597,0.2));
#10852=CARTESIAN_POINT('Ctrl Pts',(-5.94758993946016,-43.9009188115597,
0.2));
#10853=CARTESIAN_POINT('Ctrl Pts',(-5.93037579810883,-43.9174254834175,
0.2));
#10854=CARTESIAN_POINT('Ctrl Pts',(-5.89550905237048,-43.9508592701459,
0.2));
#10855=CARTESIAN_POINT('Ctrl Pts',(-5.85160719171101,-43.9710387961603,
0.2));
#10856=CARTESIAN_POINT('Ctrl Pts',(-5.82938021980226,-43.9812554419041,
0.2));
#10857=CARTESIAN_POINT('',(-5.94758993946016,-43.9009188115597,0.));
#10858=CARTESIAN_POINT('Ctrl Pts',(-6.02257079444826,-43.7731452286243,
0.));
#10859=CARTESIAN_POINT('Ctrl Pts',(-6.02257079444826,-43.7731452286243,
0.2));
#10860=CARTESIAN_POINT('Ctrl Pts',(-6.01309123032831,-43.7970437986964,
0.));
#10861=CARTESIAN_POINT('Ctrl Pts',(-6.01309123032831,-43.7970437986964,
0.2));
#10862=CARTESIAN_POINT('Ctrl Pts',(-5.99465930720339,-43.8435118219927,
0.));
#10863=CARTESIAN_POINT('Ctrl Pts',(-5.99465930720339,-43.8435118219927,
0.2));
#10864=CARTESIAN_POINT('Ctrl Pts',(-5.96297766721493,-43.8821515501956,
0.));
#10865=CARTESIAN_POINT('Ctrl Pts',(-5.96297766721493,-43.8821515501956,
0.2));
#10866=CARTESIAN_POINT('Ctrl Pts',(-5.94758993946016,-43.9009188115597,
0.));
#10867=CARTESIAN_POINT('Ctrl Pts',(-5.94758993946016,-43.9009188115597,
0.2));
#10868=CARTESIAN_POINT('',(-6.02257079444826,-43.7731452286243,0.));
#10869=CARTESIAN_POINT('Ctrl Pts',(-6.02257079444826,-43.7731452286243,
0.));
#10870=CARTESIAN_POINT('Ctrl Pts',(-6.01309123032831,-43.7970437986964,
0.));
#10871=CARTESIAN_POINT('Ctrl Pts',(-5.99465930720339,-43.8435118219927,
0.));
#10872=CARTESIAN_POINT('Ctrl Pts',(-5.96297766721493,-43.8821515501956,
0.));
#10873=CARTESIAN_POINT('Ctrl Pts',(-5.94758993946016,-43.9009188115597,
0.));
#10874=CARTESIAN_POINT('',(-6.02257079444826,-43.7731452286243,0.2));
#10875=CARTESIAN_POINT('Ctrl Pts',(-6.02257079444826,-43.7731452286243,
0.2));
#10876=CARTESIAN_POINT('Ctrl Pts',(-6.01309123032831,-43.7970437986964,
0.2));
#10877=CARTESIAN_POINT('Ctrl Pts',(-5.99465930720339,-43.8435118219927,
0.2));
#10878=CARTESIAN_POINT('Ctrl Pts',(-5.96297766721493,-43.8821515501956,
0.2));
#10879=CARTESIAN_POINT('Ctrl Pts',(-5.94758993946016,-43.9009188115597,
0.2));
#10880=CARTESIAN_POINT('',(-6.02257079444826,-43.7731452286243,0.));
#10881=CARTESIAN_POINT('Ctrl Pts',(-6.04896730743349,-43.6021429300308,
0.));
#10882=CARTESIAN_POINT('Ctrl Pts',(-6.04896730743349,-43.6021429300308,
0.2));
#10883=CARTESIAN_POINT('Ctrl Pts',(-6.04808401412645,-43.6325414134476,
0.));
#10884=CARTESIAN_POINT('Ctrl Pts',(-6.04808401412645,-43.6325414134476,
0.2));
#10885=CARTESIAN_POINT('Ctrl Pts',(-6.04639502243653,-43.6906679558633,
0.));
#10886=CARTESIAN_POINT('Ctrl Pts',(-6.04639502243653,-43.6906679558633,
0.2));
#10887=CARTESIAN_POINT('Ctrl Pts',(-6.03026519391408,-43.7465079296618,
0.));
#10888=CARTESIAN_POINT('Ctrl Pts',(-6.03026519391408,-43.7465079296618,
0.2));
#10889=CARTESIAN_POINT('Ctrl Pts',(-6.02257079444826,-43.7731452286243,
0.));
#10890=CARTESIAN_POINT('Ctrl Pts',(-6.02257079444826,-43.7731452286243,
0.2));
#10891=CARTESIAN_POINT('',(-6.04896730743349,-43.6021429300308,0.));
#10892=CARTESIAN_POINT('Ctrl Pts',(-6.04896730743349,-43.6021429300308,
0.));
#10893=CARTESIAN_POINT('Ctrl Pts',(-6.04808401412645,-43.6325414134476,
0.));
#10894=CARTESIAN_POINT('Ctrl Pts',(-6.04639502243653,-43.6906679558633,
0.));
#10895=CARTESIAN_POINT('Ctrl Pts',(-6.03026519391408,-43.7465079296618,
0.));
#10896=CARTESIAN_POINT('Ctrl Pts',(-6.02257079444826,-43.7731452286243,
0.));
#10897=CARTESIAN_POINT('',(-6.04896730743349,-43.6021429300308,0.2));
#10898=CARTESIAN_POINT('Ctrl Pts',(-6.04896730743349,-43.6021429300308,
0.2));
#10899=CARTESIAN_POINT('Ctrl Pts',(-6.04808401412645,-43.6325414134476,
0.2));
#10900=CARTESIAN_POINT('Ctrl Pts',(-6.04639502243653,-43.6906679558633,
0.2));
#10901=CARTESIAN_POINT('Ctrl Pts',(-6.03026519391408,-43.7465079296618,
0.2));
#10902=CARTESIAN_POINT('Ctrl Pts',(-6.02257079444826,-43.7731452286243,
0.2));
#10903=CARTESIAN_POINT('',(-6.04896730743349,-43.6021429300308,0.));
#10904=CARTESIAN_POINT('Ctrl Pts',(-6.03213495574891,-43.4441475570202,
0.));
#10905=CARTESIAN_POINT('Ctrl Pts',(-6.03213495574891,-43.4441475570202,
0.2));
#10906=CARTESIAN_POINT('Ctrl Pts',(-6.03704158921772,-43.4690329835477,
0.));
#10907=CARTESIAN_POINT('Ctrl Pts',(-6.03704158921772,-43.4690329835477,
0.2));
#10908=CARTESIAN_POINT('Ctrl Pts',(-6.04732488425302,-43.5211877215546,
0.));
#10909=CARTESIAN_POINT('Ctrl Pts',(-6.04732488425302,-43.5211877215546,
0.2));
#10910=CARTESIAN_POINT('Ctrl Pts',(-6.04840340078835,-43.574347913155,0.));
#10911=CARTESIAN_POINT('Ctrl Pts',(-6.04840340078835,-43.574347913155,0.2));
#10912=CARTESIAN_POINT('Ctrl Pts',(-6.04896730743349,-43.6021429300308,
0.));
#10913=CARTESIAN_POINT('Ctrl Pts',(-6.04896730743349,-43.6021429300308,
0.2));
#10914=CARTESIAN_POINT('Ctrl Pts',(-6.03213495574891,-43.4441475570202,
0.));
#10915=CARTESIAN_POINT('Ctrl Pts',(-6.03704158921772,-43.4690329835477,
0.));
#10916=CARTESIAN_POINT('Ctrl Pts',(-6.04732488425302,-43.5211877215546,
0.));
#10917=CARTESIAN_POINT('Ctrl Pts',(-6.04840340078835,-43.574347913155,0.));
#10918=CARTESIAN_POINT('Ctrl Pts',(-6.04896730743349,-43.6021429300308,
0.));
#10919=CARTESIAN_POINT('Ctrl Pts',(-6.03213495574891,-43.4441475570202,
0.2));
#10920=CARTESIAN_POINT('Ctrl Pts',(-6.03704158921772,-43.4690329835477,
0.2));
#10921=CARTESIAN_POINT('Ctrl Pts',(-6.04732488425302,-43.5211877215546,
0.2));
#10922=CARTESIAN_POINT('Ctrl Pts',(-6.04840340078835,-43.574347913155,0.2));
#10923=CARTESIAN_POINT('Ctrl Pts',(-6.04896730743349,-43.6021429300308,
0.2));
#10924=CARTESIAN_POINT('Origin',(-5.65952591132373,-43.6140021681786,0.));
#10925=CARTESIAN_POINT('Origin',(-5.65952591132373,-43.6140021681786,0.2));
#10926=CARTESIAN_POINT('Ctrl Pts',(-3.13542461954057,-43.3328238874674,
0.));
#10927=CARTESIAN_POINT('Ctrl Pts',(-3.13542461954057,-43.3328238874674,
0.2));
#10928=CARTESIAN_POINT('Ctrl Pts',(-3.10170274866059,-43.3351987841046,
0.));
#10929=CARTESIAN_POINT('Ctrl Pts',(-3.10170274866059,-43.3351987841046,
0.2));
#10930=CARTESIAN_POINT('Ctrl Pts',(-3.0371300223838,-43.339746383229,0.));
#10931=CARTESIAN_POINT('Ctrl Pts',(-3.0371300223838,-43.339746383229,0.2));
#10932=CARTESIAN_POINT('Ctrl Pts',(-2.98896451422491,-43.38269469133,0.));
#10933=CARTESIAN_POINT('Ctrl Pts',(-2.98896451422491,-43.38269469133,0.2));
#10934=CARTESIAN_POINT('Ctrl Pts',(-2.96595252119005,-43.4032140672207,
0.));
#10935=CARTESIAN_POINT('Ctrl Pts',(-2.96595252119005,-43.4032140672207,
0.2));
#10936=CARTESIAN_POINT('',(-3.13542461954057,-43.3328238874674,0.));
#10937=CARTESIAN_POINT('',(-2.96595252119005,-43.4032140672207,0.));
#10938=CARTESIAN_POINT('Ctrl Pts',(-3.13542461954057,-43.3328238874674,
0.));
#10939=CARTESIAN_POINT('Ctrl Pts',(-3.10170274866059,-43.3351987841046,
0.));
#10940=CARTESIAN_POINT('Ctrl Pts',(-3.0371300223838,-43.339746383229,0.));
#10941=CARTESIAN_POINT('Ctrl Pts',(-2.98896451422491,-43.38269469133,0.));
#10942=CARTESIAN_POINT('Ctrl Pts',(-2.96595252119005,-43.4032140672207,
0.));
#10943=CARTESIAN_POINT('',(-2.96595252119005,-43.4032140672207,0.2));
#10944=CARTESIAN_POINT('',(-2.96595252119005,-43.4032140672207,0.));
#10945=CARTESIAN_POINT('',(-3.13542461954057,-43.3328238874674,0.2));
#10946=CARTESIAN_POINT('Ctrl Pts',(-3.13542461954057,-43.3328238874674,
0.2));
#10947=CARTESIAN_POINT('Ctrl Pts',(-3.10170274866059,-43.3351987841046,
0.2));
#10948=CARTESIAN_POINT('Ctrl Pts',(-3.0371300223838,-43.339746383229,0.2));
#10949=CARTESIAN_POINT('Ctrl Pts',(-2.98896451422491,-43.38269469133,0.2));
#10950=CARTESIAN_POINT('Ctrl Pts',(-2.96595252119005,-43.4032140672207,
0.2));
#10951=CARTESIAN_POINT('',(-3.13542461954057,-43.3328238874674,0.));
#10952=CARTESIAN_POINT('Ctrl Pts',(-3.21423104964197,-43.3408576250076,
0.));
#10953=CARTESIAN_POINT('Ctrl Pts',(-3.21423104964197,-43.3408576250076,
0.2));
#10954=CARTESIAN_POINT('Ctrl Pts',(-3.20106689169674,-43.3385145274488,
0.));
#10955=CARTESIAN_POINT('Ctrl Pts',(-3.20106689169674,-43.3385145274488,
0.2));
#10956=CARTESIAN_POINT('Ctrl Pts',(-3.17499713737362,-43.3338743538829,
0.));
#10957=CARTESIAN_POINT('Ctrl Pts',(-3.17499713737362,-43.3338743538829,
0.2));
#10958=CARTESIAN_POINT('Ctrl Pts',(-3.1485279510982,-43.333171720016,0.));
#10959=CARTESIAN_POINT('Ctrl Pts',(-3.1485279510982,-43.333171720016,0.2));
#10960=CARTESIAN_POINT('Ctrl Pts',(-3.13542461954057,-43.3328238874674,
0.));
#10961=CARTESIAN_POINT('Ctrl Pts',(-3.13542461954057,-43.3328238874674,
0.2));
#10962=CARTESIAN_POINT('',(-3.21423104964197,-43.3408576250076,0.));
#10963=CARTESIAN_POINT('Ctrl Pts',(-3.21423104964197,-43.3408576250076,
0.));
#10964=CARTESIAN_POINT('Ctrl Pts',(-3.20106689169674,-43.3385145274488,
0.));
#10965=CARTESIAN_POINT('Ctrl Pts',(-3.17499713737362,-43.3338743538829,
0.));
#10966=CARTESIAN_POINT('Ctrl Pts',(-3.1485279510982,-43.333171720016,0.));
#10967=CARTESIAN_POINT('Ctrl Pts',(-3.13542461954057,-43.3328238874674,
0.));
#10968=CARTESIAN_POINT('',(-3.21423104964197,-43.3408576250076,0.2));
#10969=CARTESIAN_POINT('Ctrl Pts',(-3.21423104964197,-43.3408576250076,
0.2));
#10970=CARTESIAN_POINT('Ctrl Pts',(-3.20106689169674,-43.3385145274488,
0.2));
#10971=CARTESIAN_POINT('Ctrl Pts',(-3.17499713737362,-43.3338743538829,
0.2));
#10972=CARTESIAN_POINT('Ctrl Pts',(-3.1485279510982,-43.333171720016,0.2));
#10973=CARTESIAN_POINT('Ctrl Pts',(-3.13542461954057,-43.3328238874674,
0.2));
#10974=CARTESIAN_POINT('',(-3.21423104964197,-43.3408576250076,0.));
#10975=CARTESIAN_POINT('Ctrl Pts',(-3.28691667877138,-43.3641934394836,
0.));
#10976=CARTESIAN_POINT('Ctrl Pts',(-3.28691667877138,-43.3641934394836,
0.2));
#10977=CARTESIAN_POINT('Ctrl Pts',(-3.27548542277451,-43.3593602532708,
0.));
#10978=CARTESIAN_POINT('Ctrl Pts',(-3.27548542277451,-43.3593602532708,
0.2));
#10979=CARTESIAN_POINT('Ctrl Pts',(-3.25195730709283,-43.349412460626,0.));
#10980=CARTESIAN_POINT('Ctrl Pts',(-3.25195730709283,-43.349412460626,0.2));
#10981=CARTESIAN_POINT('Ctrl Pts',(-3.22704142321054,-43.3437625153279,
0.));
#10982=CARTESIAN_POINT('Ctrl Pts',(-3.22704142321054,-43.3437625153279,
0.2));
#10983=CARTESIAN_POINT('Ctrl Pts',(-3.21423104964197,-43.3408576250076,
0.));
#10984=CARTESIAN_POINT('Ctrl Pts',(-3.21423104964197,-43.3408576250076,
0.2));
#10985=CARTESIAN_POINT('',(-3.28691667877138,-43.3641934394836,0.));
#10986=CARTESIAN_POINT('Ctrl Pts',(-3.28691667877138,-43.3641934394836,
0.));
#10987=CARTESIAN_POINT('Ctrl Pts',(-3.27548542277451,-43.3593602532708,
0.));
#10988=CARTESIAN_POINT('Ctrl Pts',(-3.25195730709283,-43.349412460626,0.));
#10989=CARTESIAN_POINT('Ctrl Pts',(-3.22704142321054,-43.3437625153279,
0.));
#10990=CARTESIAN_POINT('Ctrl Pts',(-3.21423104964197,-43.3408576250076,
0.));
#10991=CARTESIAN_POINT('',(-3.28691667877138,-43.3641934394836,0.2));
#10992=CARTESIAN_POINT('Ctrl Pts',(-3.28691667877138,-43.3641934394836,
0.2));
#10993=CARTESIAN_POINT('Ctrl Pts',(-3.27548542277451,-43.3593602532708,
0.2));
#10994=CARTESIAN_POINT('Ctrl Pts',(-3.25195730709283,-43.349412460626,0.2));
#10995=CARTESIAN_POINT('Ctrl Pts',(-3.22704142321054,-43.3437625153279,
0.2));
#10996=CARTESIAN_POINT('Ctrl Pts',(-3.21423104964197,-43.3408576250076,
0.2));
#10997=CARTESIAN_POINT('',(-3.28691667877138,-43.3641934394836,0.));
#10998=CARTESIAN_POINT('Origin',(-3.28691667877138,-43.7207351624966,0.));
#10999=CARTESIAN_POINT('',(-3.28691667877138,-43.7207351624966,0.));
#11000=CARTESIAN_POINT('',(-3.28691667877138,-43.7207351624966,0.));
#11001=CARTESIAN_POINT('',(-3.28691667877138,-43.7207351624966,0.2));
#11002=CARTESIAN_POINT('',(-3.28691667877138,-43.7207351624966,0.2));
#11003=CARTESIAN_POINT('',(-3.28691667877138,-43.7207351624966,0.));
#11004=CARTESIAN_POINT('Ctrl Pts',(-3.16870695911348,-43.8546295464039,
0.));
#11005=CARTESIAN_POINT('Ctrl Pts',(-3.16870695911348,-43.8546295464039,
0.2));
#11006=CARTESIAN_POINT('Ctrl Pts',(-3.18855203411461,-43.8365048058912,
0.));
#11007=CARTESIAN_POINT('Ctrl Pts',(-3.18855203411461,-43.8365048058912,
0.2));
#11008=CARTESIAN_POINT('Ctrl Pts',(-3.23273409522446,-43.7961528095956,
0.));
#11009=CARTESIAN_POINT('Ctrl Pts',(-3.23273409522446,-43.7961528095956,
0.2));
#11010=CARTESIAN_POINT('Ctrl Pts',(-3.26767179962252,-43.747522432669,0.));
#11011=CARTESIAN_POINT('Ctrl Pts',(-3.26767179962252,-43.747522432669,0.2));
#11012=CARTESIAN_POINT('Ctrl Pts',(-3.28691667877138,-43.7207351624966,
0.));
#11013=CARTESIAN_POINT('Ctrl Pts',(-3.28691667877138,-43.7207351624966,
0.2));
#11014=CARTESIAN_POINT('',(-3.16870695911348,-43.8546295464039,0.));
#11015=CARTESIAN_POINT('Ctrl Pts',(-3.16870695911348,-43.8546295464039,
0.));
#11016=CARTESIAN_POINT('Ctrl Pts',(-3.18855203411461,-43.8365048058912,
0.));
#11017=CARTESIAN_POINT('Ctrl Pts',(-3.23273409522446,-43.7961528095956,
0.));
#11018=CARTESIAN_POINT('Ctrl Pts',(-3.26767179962252,-43.747522432669,0.));
#11019=CARTESIAN_POINT('Ctrl Pts',(-3.28691667877138,-43.7207351624966,
0.));
#11020=CARTESIAN_POINT('',(-3.16870695911348,-43.8546295464039,0.2));
#11021=CARTESIAN_POINT('Ctrl Pts',(-3.16870695911348,-43.8546295464039,
0.2));
#11022=CARTESIAN_POINT('Ctrl Pts',(-3.18855203411461,-43.8365048058912,
0.2));
#11023=CARTESIAN_POINT('Ctrl Pts',(-3.23273409522446,-43.7961528095956,
0.2));
#11024=CARTESIAN_POINT('Ctrl Pts',(-3.26767179962252,-43.747522432669,0.2));
#11025=CARTESIAN_POINT('Ctrl Pts',(-3.28691667877138,-43.7207351624966,
0.2));
#11026=CARTESIAN_POINT('',(-3.16870695911348,-43.8546295464039,0.));
#11027=CARTESIAN_POINT('Ctrl Pts',(-3.06197396479547,-43.8997711241245,
0.));
#11028=CARTESIAN_POINT('Ctrl Pts',(-3.06197396479547,-43.8997711241245,
0.2));
#11029=CARTESIAN_POINT('Ctrl Pts',(-3.07979091679819,-43.8972635199103,
0.));
#11030=CARTESIAN_POINT('Ctrl Pts',(-3.07979091679819,-43.8972635199103,
0.2));
#11031=CARTESIAN_POINT('Ctrl Pts',(-3.11920381453549,-43.8917164460649,
0.));
#11032=CARTESIAN_POINT('Ctrl Pts',(-3.11920381453549,-43.8917164460649,
0.2));
#11033=CARTESIAN_POINT('Ctrl Pts',(-3.15118380733484,-43.8677575886181,
0.));
#11034=CARTESIAN_POINT('Ctrl Pts',(-3.15118380733484,-43.8677575886181,
0.2));
#11035=CARTESIAN_POINT('Ctrl Pts',(-3.16870695911348,-43.8546295464039,
0.));
#11036=CARTESIAN_POINT('Ctrl Pts',(-3.16870695911348,-43.8546295464039,
0.2));
#11037=CARTESIAN_POINT('',(-3.06197396479547,-43.8997711241245,0.));
#11038=CARTESIAN_POINT('Ctrl Pts',(-3.06197396479547,-43.8997711241245,
0.));
#11039=CARTESIAN_POINT('Ctrl Pts',(-3.07979091679819,-43.8972635199103,
0.));
#11040=CARTESIAN_POINT('Ctrl Pts',(-3.11920381453549,-43.8917164460649,
0.));
#11041=CARTESIAN_POINT('Ctrl Pts',(-3.15118380733484,-43.8677575886181,
0.));
#11042=CARTESIAN_POINT('Ctrl Pts',(-3.16870695911348,-43.8546295464039,
0.));
#11043=CARTESIAN_POINT('',(-3.06197396479547,-43.8997711241245,0.2));
#11044=CARTESIAN_POINT('Ctrl Pts',(-3.06197396479547,-43.8997711241245,
0.2));
#11045=CARTESIAN_POINT('Ctrl Pts',(-3.07979091679819,-43.8972635199103,
0.2));
#11046=CARTESIAN_POINT('Ctrl Pts',(-3.11920381453549,-43.8917164460649,
0.2));
#11047=CARTESIAN_POINT('Ctrl Pts',(-3.15118380733484,-43.8677575886181,
0.2));
#11048=CARTESIAN_POINT('Ctrl Pts',(-3.16870695911348,-43.8546295464039,
0.2));
#11049=CARTESIAN_POINT('',(-3.06197396479547,-43.8997711241245,0.));
#11050=CARTESIAN_POINT('Ctrl Pts',(-2.94605976901948,-43.8312937319279,
0.));
#11051=CARTESIAN_POINT('Ctrl Pts',(-2.94605976901948,-43.8312937319279,
0.2));
#11052=CARTESIAN_POINT('Ctrl Pts',(-2.96087776472147,-43.8512642133001,
0.));
#11053=CARTESIAN_POINT('Ctrl Pts',(-2.96087776472147,-43.8512642133001,
0.2));
#11054=CARTESIAN_POINT('Ctrl Pts',(-2.98996226916365,-43.8904619270709,
0.));
#11055=CARTESIAN_POINT('Ctrl Pts',(-2.98996226916365,-43.8904619270709,
0.2));
#11056=CARTESIAN_POINT('Ctrl Pts',(-3.03827543021208,-43.8967075338787,
0.));
#11057=CARTESIAN_POINT('Ctrl Pts',(-3.03827543021208,-43.8967075338787,
0.2));
#11058=CARTESIAN_POINT('Ctrl Pts',(-3.06197396479547,-43.8997711241245,
0.));
#11059=CARTESIAN_POINT('Ctrl Pts',(-3.06197396479547,-43.8997711241245,
0.2));
#11060=CARTESIAN_POINT('',(-2.94605976901948,-43.8312937319279,0.));
#11061=CARTESIAN_POINT('Ctrl Pts',(-2.94605976901948,-43.8312937319279,
0.));
#11062=CARTESIAN_POINT('Ctrl Pts',(-2.96087776472147,-43.8512642133001,
0.));
#11063=CARTESIAN_POINT('Ctrl Pts',(-2.98996226916365,-43.8904619270709,
0.));
#11064=CARTESIAN_POINT('Ctrl Pts',(-3.03827543021208,-43.8967075338787,
0.));
#11065=CARTESIAN_POINT('Ctrl Pts',(-3.06197396479547,-43.8997711241245,
0.));
#11066=CARTESIAN_POINT('',(-2.94605976901948,-43.8312937319279,0.2));
#11067=CARTESIAN_POINT('Ctrl Pts',(-2.94605976901948,-43.8312937319279,
0.2));
#11068=CARTESIAN_POINT('Ctrl Pts',(-2.96087776472147,-43.8512642133001,
0.2));
#11069=CARTESIAN_POINT('Ctrl Pts',(-2.98996226916365,-43.8904619270709,
0.2));
#11070=CARTESIAN_POINT('Ctrl Pts',(-3.03827543021208,-43.8967075338787,
0.2));
#11071=CARTESIAN_POINT('Ctrl Pts',(-3.06197396479547,-43.8997711241245,
0.2));
#11072=CARTESIAN_POINT('',(-2.94605976901948,-43.8312937319279,0.));
#11073=CARTESIAN_POINT('Ctrl Pts',(-2.90512627921999,-43.623566031456,0.));
#11074=CARTESIAN_POINT('Ctrl Pts',(-2.90512627921999,-43.623566031456,0.2));
#11075=CARTESIAN_POINT('Ctrl Pts',(-2.90561278520297,-43.6647179488905,
0.));
#11076=CARTESIAN_POINT('Ctrl Pts',(-2.90561278520297,-43.6647179488905,
0.2));
#11077=CARTESIAN_POINT('Ctrl Pts',(-2.9064641141991,-43.7367290274451,0.));
#11078=CARTESIAN_POINT('Ctrl Pts',(-2.9064641141991,-43.7367290274451,0.2));
#11079=CARTESIAN_POINT('Ctrl Pts',(-2.93418180805018,-43.8029260770926,
0.));
#11080=CARTESIAN_POINT('Ctrl Pts',(-2.93418180805018,-43.8029260770926,
0.2));
#11081=CARTESIAN_POINT('Ctrl Pts',(-2.94605976901948,-43.8312937319279,
0.));
#11082=CARTESIAN_POINT('Ctrl Pts',(-2.94605976901948,-43.8312937319279,
0.2));
#11083=CARTESIAN_POINT('',(-2.90512627921999,-43.623566031456,0.));
#11084=CARTESIAN_POINT('Ctrl Pts',(-2.90512627921999,-43.623566031456,0.));
#11085=CARTESIAN_POINT('Ctrl Pts',(-2.90561278520297,-43.6647179488905,
0.));
#11086=CARTESIAN_POINT('Ctrl Pts',(-2.9064641141991,-43.7367290274451,0.));
#11087=CARTESIAN_POINT('Ctrl Pts',(-2.93418180805018,-43.8029260770926,
0.));
#11088=CARTESIAN_POINT('Ctrl Pts',(-2.94605976901948,-43.8312937319279,
0.));
#11089=CARTESIAN_POINT('',(-2.90512627921999,-43.623566031456,0.2));
#11090=CARTESIAN_POINT('Ctrl Pts',(-2.90512627921999,-43.623566031456,0.2));
#11091=CARTESIAN_POINT('Ctrl Pts',(-2.90561278520297,-43.6647179488905,
0.2));
#11092=CARTESIAN_POINT('Ctrl Pts',(-2.9064641141991,-43.7367290274451,0.2));
#11093=CARTESIAN_POINT('Ctrl Pts',(-2.93418180805018,-43.8029260770926,
0.2));
#11094=CARTESIAN_POINT('Ctrl Pts',(-2.94605976901948,-43.8312937319279,
0.2));
#11095=CARTESIAN_POINT('',(-2.90512627921999,-43.623566031456,0.));
#11096=CARTESIAN_POINT('Ctrl Pts',(-2.96595252119005,-43.4032140672207,
0.));
#11097=CARTESIAN_POINT('Ctrl Pts',(-2.96595252119005,-43.4032140672207,
0.2));
#11098=CARTESIAN_POINT('Ctrl Pts',(-2.9482856158939,-43.4325685379285,0.));
#11099=CARTESIAN_POINT('Ctrl Pts',(-2.9482856158939,-43.4325685379285,0.2));
#11100=CARTESIAN_POINT('Ctrl Pts',(-2.90774707763766,-43.4999254017273,
0.));
#11101=CARTESIAN_POINT('Ctrl Pts',(-2.90774707763766,-43.4999254017273,
0.2));
#11102=CARTESIAN_POINT('Ctrl Pts',(-2.90607158402396,-43.5789696670579,
0.));
#11103=CARTESIAN_POINT('Ctrl Pts',(-2.90607158402396,-43.5789696670579,
0.2));
#11104=CARTESIAN_POINT('Ctrl Pts',(-2.90512627921999,-43.623566031456,0.));
#11105=CARTESIAN_POINT('Ctrl Pts',(-2.90512627921999,-43.623566031456,0.2));
#11106=CARTESIAN_POINT('Ctrl Pts',(-2.96595252119005,-43.4032140672207,
0.));
#11107=CARTESIAN_POINT('Ctrl Pts',(-2.9482856158939,-43.4325685379285,0.));
#11108=CARTESIAN_POINT('Ctrl Pts',(-2.90774707763766,-43.4999254017273,
0.));
#11109=CARTESIAN_POINT('Ctrl Pts',(-2.90607158402396,-43.5789696670579,
0.));
#11110=CARTESIAN_POINT('Ctrl Pts',(-2.90512627921999,-43.623566031456,0.));
#11111=CARTESIAN_POINT('Ctrl Pts',(-2.96595252119005,-43.4032140672207,
0.2));
#11112=CARTESIAN_POINT('Ctrl Pts',(-2.9482856158939,-43.4325685379285,0.2));
#11113=CARTESIAN_POINT('Ctrl Pts',(-2.90774707763766,-43.4999254017273,
0.2));
#11114=CARTESIAN_POINT('Ctrl Pts',(-2.90607158402396,-43.5789696670579,
0.2));
#11115=CARTESIAN_POINT('Ctrl Pts',(-2.90512627921999,-43.623566031456,0.2));
#11116=CARTESIAN_POINT('Ctrl Pts',(-2.83588371239603,-43.9085699617863,
0.));
#11117=CARTESIAN_POINT('Ctrl Pts',(-2.83588371239603,-43.9085699617863,
0.2));
#11118=CARTESIAN_POINT('Ctrl Pts',(-2.82535758634603,-43.8905131876892,
0.));
#11119=CARTESIAN_POINT('Ctrl Pts',(-2.82535758634603,-43.8905131876892,
0.2));
#11120=CARTESIAN_POINT('Ctrl Pts',(-2.80326346480455,-43.8526123911708,
0.));
#11121=CARTESIAN_POINT('Ctrl Pts',(-2.80326346480455,-43.8526123911708,
0.2));
#11122=CARTESIAN_POINT('Ctrl Pts',(-2.79178099136776,-43.8102466410567,
0.));
#11123=CARTESIAN_POINT('Ctrl Pts',(-2.79178099136776,-43.8102466410567,
0.2));
#11124=CARTESIAN_POINT('Ctrl Pts',(-2.78576902113855,-43.7880648672581,
0.));
#11125=CARTESIAN_POINT('Ctrl Pts',(-2.78576902113855,-43.7880648672581,
0.2));
#11126=CARTESIAN_POINT('',(-2.83588371239603,-43.9085699617863,0.));
#11127=CARTESIAN_POINT('',(-2.78576902113855,-43.7880648672581,0.));
#11128=CARTESIAN_POINT('Ctrl Pts',(-2.83588371239603,-43.9085699617863,
0.));
#11129=CARTESIAN_POINT('Ctrl Pts',(-2.82535758634603,-43.8905131876892,
0.));
#11130=CARTESIAN_POINT('Ctrl Pts',(-2.80326346480455,-43.8526123911708,
0.));
#11131=CARTESIAN_POINT('Ctrl Pts',(-2.79178099136776,-43.8102466410567,
0.));
#11132=CARTESIAN_POINT('Ctrl Pts',(-2.78576902113855,-43.7880648672581,
0.));
#11133=CARTESIAN_POINT('',(-2.78576902113855,-43.7880648672581,0.2));
#11134=CARTESIAN_POINT('',(-2.78576902113855,-43.7880648672581,0.));
#11135=CARTESIAN_POINT('',(-2.83588371239603,-43.9085699617863,0.2));
#11136=CARTESIAN_POINT('Ctrl Pts',(-2.83588371239603,-43.9085699617863,
0.2));
#11137=CARTESIAN_POINT('Ctrl Pts',(-2.82535758634603,-43.8905131876892,
0.2));
#11138=CARTESIAN_POINT('Ctrl Pts',(-2.80326346480455,-43.8526123911708,
0.2));
#11139=CARTESIAN_POINT('Ctrl Pts',(-2.79178099136776,-43.8102466410567,
0.2));
#11140=CARTESIAN_POINT('Ctrl Pts',(-2.78576902113855,-43.7880648672581,
0.2));
#11141=CARTESIAN_POINT('',(-2.83588371239603,-43.9085699617863,0.));
#11142=CARTESIAN_POINT('Ctrl Pts',(-2.91928089223802,-43.9862287044525,
0.));
#11143=CARTESIAN_POINT('Ctrl Pts',(-2.91928089223802,-43.9862287044525,
0.2));
#11144=CARTESIAN_POINT('Ctrl Pts',(-2.90320601568443,-43.9759988570924,
0.));
#11145=CARTESIAN_POINT('Ctrl Pts',(-2.90320601568443,-43.9759988570924,
0.2));
#11146=CARTESIAN_POINT('Ctrl Pts',(-2.87062498621307,-43.9552647035694,
0.));
#11147=CARTESIAN_POINT('Ctrl Pts',(-2.87062498621307,-43.9552647035694,
0.2));
#11148=CARTESIAN_POINT('Ctrl Pts',(-2.84756588175821,-43.9242716278998,
0.));
#11149=CARTESIAN_POINT('Ctrl Pts',(-2.84756588175821,-43.9242716278998,
0.2));
#11150=CARTESIAN_POINT('Ctrl Pts',(-2.83588371239603,-43.9085699617863,
0.));
#11151=CARTESIAN_POINT('Ctrl Pts',(-2.83588371239603,-43.9085699617863,
0.2));
#11152=CARTESIAN_POINT('',(-2.91928089223802,-43.9862287044525,0.));
#11153=CARTESIAN_POINT('Ctrl Pts',(-2.91928089223802,-43.9862287044525,
0.));
#11154=CARTESIAN_POINT('Ctrl Pts',(-2.90320601568443,-43.9759988570924,
0.));
#11155=CARTESIAN_POINT('Ctrl Pts',(-2.87062498621307,-43.9552647035694,
0.));
#11156=CARTESIAN_POINT('Ctrl Pts',(-2.84756588175821,-43.9242716278998,
0.));
#11157=CARTESIAN_POINT('Ctrl Pts',(-2.83588371239603,-43.9085699617863,
0.));
#11158=CARTESIAN_POINT('',(-2.91928089223802,-43.9862287044525,0.2));
#11159=CARTESIAN_POINT('Ctrl Pts',(-2.91928089223802,-43.9862287044525,
0.2));
#11160=CARTESIAN_POINT('Ctrl Pts',(-2.90320601568443,-43.9759988570924,
0.2));
#11161=CARTESIAN_POINT('Ctrl Pts',(-2.87062498621307,-43.9552647035694,
0.2));
#11162=CARTESIAN_POINT('Ctrl Pts',(-2.84756588175821,-43.9242716278998,
0.2));
#11163=CARTESIAN_POINT('Ctrl Pts',(-2.83588371239603,-43.9085699617863,
0.2));
#11164=CARTESIAN_POINT('',(-2.91928089223802,-43.9862287044525,0.));
#11165=CARTESIAN_POINT('Ctrl Pts',(-3.03519508801401,-44.0137726068497,
0.));
#11166=CARTESIAN_POINT('Ctrl Pts',(-3.03519508801401,-44.0137726068497,
0.2));
#11167=CARTESIAN_POINT('Ctrl Pts',(-3.0142473095143,-44.0128031509942,0.));
#11168=CARTESIAN_POINT('Ctrl Pts',(-3.0142473095143,-44.0128031509942,0.2));
#11169=CARTESIAN_POINT('Ctrl Pts',(-2.97383566316845,-44.0109329141488,
0.));
#11170=CARTESIAN_POINT('Ctrl Pts',(-2.97383566316845,-44.0109329141488,
0.2));
#11171=CARTESIAN_POINT('Ctrl Pts',(-2.93701513412464,-43.9942593573707,
0.));
#11172=CARTESIAN_POINT('Ctrl Pts',(-2.93701513412464,-43.9942593573707,
0.2));
#11173=CARTESIAN_POINT('Ctrl Pts',(-2.91928089223802,-43.9862287044525,
0.));
#11174=CARTESIAN_POINT('Ctrl Pts',(-2.91928089223802,-43.9862287044525,
0.2));
#11175=CARTESIAN_POINT('',(-3.03519508801401,-44.0137726068497,0.));
#11176=CARTESIAN_POINT('Ctrl Pts',(-3.03519508801401,-44.0137726068497,
0.));
#11177=CARTESIAN_POINT('Ctrl Pts',(-3.0142473095143,-44.0128031509942,0.));
#11178=CARTESIAN_POINT('Ctrl Pts',(-2.97383566316845,-44.0109329141488,
0.));
#11179=CARTESIAN_POINT('Ctrl Pts',(-2.93701513412464,-43.9942593573707,
0.));
#11180=CARTESIAN_POINT('Ctrl Pts',(-2.91928089223802,-43.9862287044525,
0.));
#11181=CARTESIAN_POINT('',(-3.03519508801401,-44.0137726068497,0.2));
#11182=CARTESIAN_POINT('Ctrl Pts',(-3.03519508801401,-44.0137726068497,
0.2));
#11183=CARTESIAN_POINT('Ctrl Pts',(-3.0142473095143,-44.0128031509942,0.2));
#11184=CARTESIAN_POINT('Ctrl Pts',(-2.97383566316845,-44.0109329141488,
0.2));
#11185=CARTESIAN_POINT('Ctrl Pts',(-2.93701513412464,-43.9942593573707,
0.2));
#11186=CARTESIAN_POINT('Ctrl Pts',(-2.91928089223802,-43.9862287044525,
0.2));
#11187=CARTESIAN_POINT('',(-3.03519508801401,-44.0137726068497,0.));
#11188=CARTESIAN_POINT('Ctrl Pts',(-3.17597559653223,-43.9747519791126,
0.));
#11189=CARTESIAN_POINT('Ctrl Pts',(-3.17597559653223,-43.9747519791126,
0.2));
#11190=CARTESIAN_POINT('Ctrl Pts',(-3.15385536951096,-43.9861329765376,
0.));
#11191=CARTESIAN_POINT('Ctrl Pts',(-3.15385536951096,-43.9861329765376,
0.2));
#11192=CARTESIAN_POINT('Ctrl Pts',(-3.10962978470343,-44.0088873210716,
0.));
#11193=CARTESIAN_POINT('Ctrl Pts',(-3.10962978470343,-44.0088873210716,
0.2));
#11194=CARTESIAN_POINT('Ctrl Pts',(-3.06000109163298,-44.0121445432976,
0.));
#11195=CARTESIAN_POINT('Ctrl Pts',(-3.06000109163298,-44.0121445432976,
0.2));
#11196=CARTESIAN_POINT('Ctrl Pts',(-3.03519508801401,-44.0137726068497,
0.));
#11197=CARTESIAN_POINT('Ctrl Pts',(-3.03519508801401,-44.0137726068497,
0.2));
#11198=CARTESIAN_POINT('',(-3.17597559653223,-43.9747519791126,0.));
#11199=CARTESIAN_POINT('Ctrl Pts',(-3.17597559653223,-43.9747519791126,
0.));
#11200=CARTESIAN_POINT('Ctrl Pts',(-3.15385536951096,-43.9861329765376,
0.));
#11201=CARTESIAN_POINT('Ctrl Pts',(-3.10962978470343,-44.0088873210716,
0.));
#11202=CARTESIAN_POINT('Ctrl Pts',(-3.06000109163298,-44.0121445432976,
0.));
#11203=CARTESIAN_POINT('Ctrl Pts',(-3.03519508801401,-44.0137726068497,
0.));
#11204=CARTESIAN_POINT('',(-3.17597559653223,-43.9747519791126,0.2));
#11205=CARTESIAN_POINT('Ctrl Pts',(-3.17597559653223,-43.9747519791126,
0.2));
#11206=CARTESIAN_POINT('Ctrl Pts',(-3.15385536951096,-43.9861329765376,
0.2));
#11207=CARTESIAN_POINT('Ctrl Pts',(-3.10962978470343,-44.0088873210716,
0.2));
#11208=CARTESIAN_POINT('Ctrl Pts',(-3.06000109163298,-44.0121445432976,
0.2));
#11209=CARTESIAN_POINT('Ctrl Pts',(-3.03519508801401,-44.0137726068497,
0.2));
#11210=CARTESIAN_POINT('',(-3.17597559653223,-43.9747519791126,0.));
#11211=CARTESIAN_POINT('Ctrl Pts',(-3.29686305485666,-43.8546295464039,
0.));
#11212=CARTESIAN_POINT('Ctrl Pts',(-3.29686305485666,-43.8546295464039,
0.2));
#11213=CARTESIAN_POINT('Ctrl Pts',(-3.2786917484937,-43.879393542143,0.));
#11214=CARTESIAN_POINT('Ctrl Pts',(-3.2786917484937,-43.879393542143,0.2));
#11215=CARTESIAN_POINT('Ctrl Pts',(-3.24463594458473,-43.925805053019,0.));
#11216=CARTESIAN_POINT('Ctrl Pts',(-3.24463594458473,-43.925805053019,0.2));
#11217=CARTESIAN_POINT('Ctrl Pts',(-3.19781437399999,-43.9591834441866,
0.));
#11218=CARTESIAN_POINT('Ctrl Pts',(-3.19781437399999,-43.9591834441866,
0.2));
#11219=CARTESIAN_POINT('Ctrl Pts',(-3.17597559653223,-43.9747519791126,
0.));
#11220=CARTESIAN_POINT('Ctrl Pts',(-3.17597559653223,-43.9747519791126,
0.2));
#11221=CARTESIAN_POINT('',(-3.29686305485666,-43.8546295464039,0.));
#11222=CARTESIAN_POINT('Ctrl Pts',(-3.29686305485666,-43.8546295464039,
0.));
#11223=CARTESIAN_POINT('Ctrl Pts',(-3.2786917484937,-43.879393542143,0.));
#11224=CARTESIAN_POINT('Ctrl Pts',(-3.24463594458473,-43.925805053019,0.));
#11225=CARTESIAN_POINT('Ctrl Pts',(-3.19781437399999,-43.9591834441866,
0.));
#11226=CARTESIAN_POINT('Ctrl Pts',(-3.17597559653223,-43.9747519791126,
0.));
#11227=CARTESIAN_POINT('',(-3.29686305485666,-43.8546295464039,0.2));
#11228=CARTESIAN_POINT('Ctrl Pts',(-3.29686305485666,-43.8546295464039,
0.2));
#11229=CARTESIAN_POINT('Ctrl Pts',(-3.2786917484937,-43.879393542143,0.2));
#11230=CARTESIAN_POINT('Ctrl Pts',(-3.24463594458473,-43.925805053019,0.2));
#11231=CARTESIAN_POINT('Ctrl Pts',(-3.19781437399999,-43.9591834441866,
0.2));
#11232=CARTESIAN_POINT('Ctrl Pts',(-3.17597559653223,-43.9747519791126,
0.2));
#11233=CARTESIAN_POINT('',(-3.29686305485666,-43.8546295464039,0.));
#11234=CARTESIAN_POINT('Origin',(-3.30145380459726,-44.0000006556511,0.));
#11235=CARTESIAN_POINT('',(-3.30145380459726,-44.0000006556511,0.));
#11236=CARTESIAN_POINT('',(-3.30145380459726,-44.0000006556511,0.));
#11237=CARTESIAN_POINT('',(-3.30145380459726,-44.0000006556511,0.2));
#11238=CARTESIAN_POINT('',(-3.30145380459726,-44.0000006556511,0.2));
#11239=CARTESIAN_POINT('',(-3.30145380459726,-44.0000006556511,0.));
#11240=CARTESIAN_POINT('Origin',(-3.42081106267869,-44.0000006556511,0.));
#11241=CARTESIAN_POINT('',(-3.42081106267869,-44.0000006556511,0.));
#11242=CARTESIAN_POINT('',(-3.42081106267869,-44.0000006556511,0.));
#11243=CARTESIAN_POINT('',(-3.42081106267869,-44.0000006556511,0.2));
#11244=CARTESIAN_POINT('',(-3.42081106267869,-44.0000006556511,0.2));
#11245=CARTESIAN_POINT('',(-3.42081106267869,-44.0000006556511,0.));
#11246=CARTESIAN_POINT('Origin',(-3.42081106267869,-42.918898910284,0.));
#11247=CARTESIAN_POINT('',(-3.42081106267869,-42.918898910284,0.));
#11248=CARTESIAN_POINT('',(-3.42081106267869,-42.918898910284,0.));
#11249=CARTESIAN_POINT('',(-3.42081106267869,-42.918898910284,0.2));
#11250=CARTESIAN_POINT('',(-3.42081106267869,-42.918898910284,0.2));
#11251=CARTESIAN_POINT('',(-3.42081106267869,-42.918898910284,0.));
#11252=CARTESIAN_POINT('Origin',(-3.28691667877138,-42.918898910284,0.));
#11253=CARTESIAN_POINT('',(-3.28691667877138,-42.918898910284,0.));
#11254=CARTESIAN_POINT('',(-3.28691667877138,-42.918898910284,0.));
#11255=CARTESIAN_POINT('',(-3.28691667877138,-42.918898910284,0.2));
#11256=CARTESIAN_POINT('',(-3.28691667877138,-42.918898910284,0.2));
#11257=CARTESIAN_POINT('',(-3.28691667877138,-42.918898910284,0.));
#11258=CARTESIAN_POINT('Origin',(-3.28691667877138,-43.2417757064104,0.));
#11259=CARTESIAN_POINT('',(-3.28691667877138,-43.2417757064104,0.));
#11260=CARTESIAN_POINT('',(-3.28691667877138,-43.2417757064104,0.));
#11261=CARTESIAN_POINT('',(-3.28691667877138,-43.2417757064104,0.2));
#11262=CARTESIAN_POINT('',(-3.28691667877138,-43.2417757064104,0.2));
#11263=CARTESIAN_POINT('',(-3.28691667877138,-43.2417757064104,0.));
#11264=CARTESIAN_POINT('Ctrl Pts',(-3.21690893732011,-43.2272385805845,
0.));
#11265=CARTESIAN_POINT('Ctrl Pts',(-3.21690893732011,-43.2272385805845,
0.2));
#11266=CARTESIAN_POINT('Ctrl Pts',(-3.22871893385914,-43.2289915631631,
0.));
#11267=CARTESIAN_POINT('Ctrl Pts',(-3.22871893385914,-43.2289915631631,
0.2));
#11268=CARTESIAN_POINT('Ctrl Pts',(-3.25233323412997,-43.232496683325,0.));
#11269=CARTESIAN_POINT('Ctrl Pts',(-3.25233323412997,-43.232496683325,0.2));
#11270=CARTESIAN_POINT('Ctrl Pts',(-3.27539071674846,-43.2386831958522,
0.));
#11271=CARTESIAN_POINT('Ctrl Pts',(-3.27539071674846,-43.2386831958522,
0.2));
#11272=CARTESIAN_POINT('Ctrl Pts',(-3.28691667877138,-43.2417757064104,
0.));
#11273=CARTESIAN_POINT('Ctrl Pts',(-3.28691667877138,-43.2417757064104,
0.2));
#11274=CARTESIAN_POINT('',(-3.21690893732011,-43.2272385805845,0.));
#11275=CARTESIAN_POINT('Ctrl Pts',(-3.21690893732011,-43.2272385805845,
0.));
#11276=CARTESIAN_POINT('Ctrl Pts',(-3.22871893385914,-43.2289915631631,
0.));
#11277=CARTESIAN_POINT('Ctrl Pts',(-3.25233323412997,-43.232496683325,0.));
#11278=CARTESIAN_POINT('Ctrl Pts',(-3.27539071674846,-43.2386831958522,
0.));
#11279=CARTESIAN_POINT('Ctrl Pts',(-3.28691667877138,-43.2417757064104,
0.));
#11280=CARTESIAN_POINT('',(-3.21690893732011,-43.2272385805845,0.2));
#11281=CARTESIAN_POINT('Ctrl Pts',(-3.21690893732011,-43.2272385805845,
0.2));
#11282=CARTESIAN_POINT('Ctrl Pts',(-3.22871893385914,-43.2289915631631,
0.2));
#11283=CARTESIAN_POINT('Ctrl Pts',(-3.25233323412997,-43.232496683325,0.2));
#11284=CARTESIAN_POINT('Ctrl Pts',(-3.27539071674846,-43.2386831958522,
0.2));
#11285=CARTESIAN_POINT('Ctrl Pts',(-3.28691667877138,-43.2417757064104,
0.2));
#11286=CARTESIAN_POINT('',(-3.21690893732011,-43.2272385805845,0.));
#11287=CARTESIAN_POINT('Ctrl Pts',(-3.14460597001016,-43.2226479798555,
0.));
#11288=CARTESIAN_POINT('Ctrl Pts',(-3.14460597001016,-43.2226479798555,
0.2));
#11289=CARTESIAN_POINT('Ctrl Pts',(-3.1567646256858,-43.2228346855882,0.));
#11290=CARTESIAN_POINT('Ctrl Pts',(-3.1567646256858,-43.2228346855882,0.2));
#11291=CARTESIAN_POINT('Ctrl Pts',(-3.18093941998539,-43.223205908592,0.));
#11292=CARTESIAN_POINT('Ctrl Pts',(-3.18093941998539,-43.223205908592,0.2));
#11293=CARTESIAN_POINT('Ctrl Pts',(-3.20496631325337,-43.2258996500356,
0.));
#11294=CARTESIAN_POINT('Ctrl Pts',(-3.20496631325337,-43.2258996500356,
0.2));
#11295=CARTESIAN_POINT('Ctrl Pts',(-3.21690893732011,-43.2272385805845,
0.));
#11296=CARTESIAN_POINT('Ctrl Pts',(-3.21690893732011,-43.2272385805845,
0.2));
#11297=CARTESIAN_POINT('',(-3.14460597001016,-43.2226479798555,0.));
#11298=CARTESIAN_POINT('Ctrl Pts',(-3.14460597001016,-43.2226479798555,
0.));
#11299=CARTESIAN_POINT('Ctrl Pts',(-3.1567646256858,-43.2228346855882,0.));
#11300=CARTESIAN_POINT('Ctrl Pts',(-3.18093941998539,-43.223205908592,0.));
#11301=CARTESIAN_POINT('Ctrl Pts',(-3.20496631325337,-43.2258996500356,
0.));
#11302=CARTESIAN_POINT('Ctrl Pts',(-3.21690893732011,-43.2272385805845,
0.));
#11303=CARTESIAN_POINT('',(-3.14460597001016,-43.2226479798555,0.2));
#11304=CARTESIAN_POINT('Ctrl Pts',(-3.14460597001016,-43.2226479798555,
0.2));
#11305=CARTESIAN_POINT('Ctrl Pts',(-3.1567646256858,-43.2228346855882,0.2));
#11306=CARTESIAN_POINT('Ctrl Pts',(-3.18093941998539,-43.223205908592,0.2));
#11307=CARTESIAN_POINT('Ctrl Pts',(-3.20496631325337,-43.2258996500356,
0.2));
#11308=CARTESIAN_POINT('Ctrl Pts',(-3.21690893732011,-43.2272385805845,
0.2));
#11309=CARTESIAN_POINT('',(-3.14460597001016,-43.2226479798555,0.));
#11310=CARTESIAN_POINT('Ctrl Pts',(-2.99043617211282,-43.2498093694448,
0.));
#11311=CARTESIAN_POINT('Ctrl Pts',(-2.99043617211282,-43.2498093694448,
0.2));
#11312=CARTESIAN_POINT('Ctrl Pts',(-3.01462138851057,-43.2418898438878,
0.));
#11313=CARTESIAN_POINT('Ctrl Pts',(-3.01462138851057,-43.2418898438878,
0.2));
#11314=CARTESIAN_POINT('Ctrl Pts',(-3.06469347814308,-43.2254935798636,
0.));
#11315=CARTESIAN_POINT('Ctrl Pts',(-3.06469347814308,-43.2254935798636,
0.2));
#11316=CARTESIAN_POINT('Ctrl Pts',(-3.11737173103757,-43.2236177625369,
0.));
#11317=CARTESIAN_POINT('Ctrl Pts',(-3.11737173103757,-43.2236177625369,
0.2));
#11318=CARTESIAN_POINT('Ctrl Pts',(-3.14460597001016,-43.2226479798555,
0.));
#11319=CARTESIAN_POINT('Ctrl Pts',(-3.14460597001016,-43.2226479798555,
0.2));
#11320=CARTESIAN_POINT('',(-2.99043617211282,-43.2498093694448,0.));
#11321=CARTESIAN_POINT('Ctrl Pts',(-2.99043617211282,-43.2498093694448,
0.));
#11322=CARTESIAN_POINT('Ctrl Pts',(-3.01462138851057,-43.2418898438878,
0.));
#11323=CARTESIAN_POINT('Ctrl Pts',(-3.06469347814308,-43.2254935798636,
0.));
#11324=CARTESIAN_POINT('Ctrl Pts',(-3.11737173103757,-43.2236177625369,
0.));
#11325=CARTESIAN_POINT('Ctrl Pts',(-3.14460597001016,-43.2226479798555,
0.));
#11326=CARTESIAN_POINT('',(-2.99043617211282,-43.2498093694448,0.2));
#11327=CARTESIAN_POINT('Ctrl Pts',(-2.99043617211282,-43.2498093694448,
0.2));
#11328=CARTESIAN_POINT('Ctrl Pts',(-3.01462138851057,-43.2418898438878,
0.2));
#11329=CARTESIAN_POINT('Ctrl Pts',(-3.06469347814308,-43.2254935798636,
0.2));
#11330=CARTESIAN_POINT('Ctrl Pts',(-3.11737173103757,-43.2236177625369,
0.2));
#11331=CARTESIAN_POINT('Ctrl Pts',(-3.14460597001016,-43.2226479798555,
0.2));
#11332=CARTESIAN_POINT('',(-2.99043617211282,-43.2498093694448,0.));
#11333=CARTESIAN_POINT('Ctrl Pts',(-2.87184393964708,-43.3293808996677,
0.));
#11334=CARTESIAN_POINT('Ctrl Pts',(-2.87184393964708,-43.3293808996677,
0.2));
#11335=CARTESIAN_POINT('Ctrl Pts',(-2.88921893898593,-43.3129253162996,
0.));
#11336=CARTESIAN_POINT('Ctrl Pts',(-2.88921893898593,-43.3129253162996,
0.2));
#11337=CARTESIAN_POINT('Ctrl Pts',(-2.92426601221862,-43.279732795014,0.));
#11338=CARTESIAN_POINT('Ctrl Pts',(-2.92426601221862,-43.279732795014,0.2));
#11339=CARTESIAN_POINT('Ctrl Pts',(-2.968255161627,-43.2598400512111,0.));
#11340=CARTESIAN_POINT('Ctrl Pts',(-2.968255161627,-43.2598400512111,0.2));
#11341=CARTESIAN_POINT('Ctrl Pts',(-2.99043617211282,-43.2498093694448,
0.));
#11342=CARTESIAN_POINT('Ctrl Pts',(-2.99043617211282,-43.2498093694448,
0.2));
#11343=CARTESIAN_POINT('',(-2.87184393964708,-43.3293808996677,0.));
#11344=CARTESIAN_POINT('Ctrl Pts',(-2.87184393964708,-43.3293808996677,
0.));
#11345=CARTESIAN_POINT('Ctrl Pts',(-2.88921893898593,-43.3129253162996,
0.));
#11346=CARTESIAN_POINT('Ctrl Pts',(-2.92426601221862,-43.279732795014,0.));
#11347=CARTESIAN_POINT('Ctrl Pts',(-2.968255161627,-43.2598400512111,0.));
#11348=CARTESIAN_POINT('Ctrl Pts',(-2.99043617211282,-43.2498093694448,
0.));
#11349=CARTESIAN_POINT('',(-2.87184393964708,-43.3293808996677,0.2));
#11350=CARTESIAN_POINT('Ctrl Pts',(-2.87184393964708,-43.3293808996677,
0.2));
#11351=CARTESIAN_POINT('Ctrl Pts',(-2.88921893898593,-43.3129253162996,
0.2));
#11352=CARTESIAN_POINT('Ctrl Pts',(-2.92426601221862,-43.279732795014,0.2));
#11353=CARTESIAN_POINT('Ctrl Pts',(-2.968255161627,-43.2598400512111,0.2));
#11354=CARTESIAN_POINT('Ctrl Pts',(-2.99043617211282,-43.2498093694448,
0.2));
#11355=CARTESIAN_POINT('',(-2.87184393964708,-43.3293808996677,0.));
#11356=CARTESIAN_POINT('Ctrl Pts',(-2.79571539722383,-43.4579195082188,
0.));
#11357=CARTESIAN_POINT('Ctrl Pts',(-2.79571539722383,-43.4579195082188,
0.2));
#11358=CARTESIAN_POINT('Ctrl Pts',(-2.80532666299758,-43.4338065154656,
0.));
#11359=CARTESIAN_POINT('Ctrl Pts',(-2.80532666299758,-43.4338065154656,
0.2));
#11360=CARTESIAN_POINT('Ctrl Pts',(-2.82399874843141,-43.3869615034402,
0.));
#11361=CARTESIAN_POINT('Ctrl Pts',(-2.82399874843141,-43.3869615034402,
0.2));
#11362=CARTESIAN_POINT('Ctrl Pts',(-2.85621208832321,-43.3481934786216,
0.));
#11363=CARTESIAN_POINT('Ctrl Pts',(-2.85621208832321,-43.3481934786216,
0.2));
#11364=CARTESIAN_POINT('Ctrl Pts',(-2.87184393964708,-43.3293808996677,
0.));
#11365=CARTESIAN_POINT('Ctrl Pts',(-2.87184393964708,-43.3293808996677,
0.2));
#11366=CARTESIAN_POINT('',(-2.79571539722383,-43.4579195082188,0.));
#11367=CARTESIAN_POINT('Ctrl Pts',(-2.79571539722383,-43.4579195082188,
0.));
#11368=CARTESIAN_POINT('Ctrl Pts',(-2.80532666299758,-43.4338065154656,
0.));
#11369=CARTESIAN_POINT('Ctrl Pts',(-2.82399874843141,-43.3869615034402,
0.));
#11370=CARTESIAN_POINT('Ctrl Pts',(-2.85621208832321,-43.3481934786216,
0.));
#11371=CARTESIAN_POINT('Ctrl Pts',(-2.87184393964708,-43.3293808996677,
0.));
#11372=CARTESIAN_POINT('',(-2.79571539722383,-43.4579195082188,0.2));
#11373=CARTESIAN_POINT('Ctrl Pts',(-2.79571539722383,-43.4579195082188,
0.2));
#11374=CARTESIAN_POINT('Ctrl Pts',(-2.80532666299758,-43.4338065154656,
0.2));
#11375=CARTESIAN_POINT('Ctrl Pts',(-2.82399874843141,-43.3869615034402,
0.2));
#11376=CARTESIAN_POINT('Ctrl Pts',(-2.85621208832321,-43.3481934786216,
0.2));
#11377=CARTESIAN_POINT('Ctrl Pts',(-2.87184393964708,-43.3293808996677,
0.2));
#11378=CARTESIAN_POINT('',(-2.79571539722383,-43.4579195082188,0.));
#11379=CARTESIAN_POINT('Ctrl Pts',(-2.76893652044237,-43.6319822818041,
0.));
#11380=CARTESIAN_POINT('Ctrl Pts',(-2.76893652044237,-43.6319822818041,
0.2));
#11381=CARTESIAN_POINT('Ctrl Pts',(-2.76981524973125,-43.600940771131,0.));
#11382=CARTESIAN_POINT('Ctrl Pts',(-2.76981524973125,-43.600940771131,0.2));
#11383=CARTESIAN_POINT('Ctrl Pts',(-2.77149017637853,-43.5417732276611,
0.));
#11384=CARTESIAN_POINT('Ctrl Pts',(-2.77149017637853,-43.5417732276611,
0.2));
#11385=CARTESIAN_POINT('Ctrl Pts',(-2.78791001926654,-43.4849372174711,
0.));
#11386=CARTESIAN_POINT('Ctrl Pts',(-2.78791001926654,-43.4849372174711,
0.2));
#11387=CARTESIAN_POINT('Ctrl Pts',(-2.79571539722383,-43.4579195082188,
0.));
#11388=CARTESIAN_POINT('Ctrl Pts',(-2.79571539722383,-43.4579195082188,
0.2));
#11389=CARTESIAN_POINT('',(-2.76893652044237,-43.6319822818041,0.));
#11390=CARTESIAN_POINT('Ctrl Pts',(-2.76893652044237,-43.6319822818041,
0.));
#11391=CARTESIAN_POINT('Ctrl Pts',(-2.76981524973125,-43.600940771131,0.));
#11392=CARTESIAN_POINT('Ctrl Pts',(-2.77149017637853,-43.5417732276611,
0.));
#11393=CARTESIAN_POINT('Ctrl Pts',(-2.78791001926654,-43.4849372174711,
0.));
#11394=CARTESIAN_POINT('Ctrl Pts',(-2.79571539722383,-43.4579195082188,
0.));
#11395=CARTESIAN_POINT('',(-2.76893652044237,-43.6319822818041,0.2));
#11396=CARTESIAN_POINT('Ctrl Pts',(-2.76893652044237,-43.6319822818041,
0.2));
#11397=CARTESIAN_POINT('Ctrl Pts',(-2.76981524973125,-43.600940771131,0.2));
#11398=CARTESIAN_POINT('Ctrl Pts',(-2.77149017637853,-43.5417732276611,
0.2));
#11399=CARTESIAN_POINT('Ctrl Pts',(-2.78791001926654,-43.4849372174711,
0.2));
#11400=CARTESIAN_POINT('Ctrl Pts',(-2.79571539722383,-43.4579195082188,
0.2));
#11401=CARTESIAN_POINT('',(-2.76893652044237,-43.6319822818041,0.));
#11402=CARTESIAN_POINT('Ctrl Pts',(-2.78576902113855,-43.7880648672581,
0.));
#11403=CARTESIAN_POINT('Ctrl Pts',(-2.78576902113855,-43.7880648672581,
0.2));
#11404=CARTESIAN_POINT('Ctrl Pts',(-2.78086196099959,-43.7634034464448,
0.));
#11405=CARTESIAN_POINT('Ctrl Pts',(-2.78086196099959,-43.7634034464448,
0.2));
#11406=CARTESIAN_POINT('Ctrl Pts',(-2.77061155880299,-43.7118879820084,
0.));
#11407=CARTESIAN_POINT('Ctrl Pts',(-2.77061155880299,-43.7118879820084,
0.2));
#11408=CARTESIAN_POINT('Ctrl Pts',(-2.76951048797541,-43.6593627160081,
0.));
#11409=CARTESIAN_POINT('Ctrl Pts',(-2.76951048797541,-43.6593627160081,
0.2));
#11410=CARTESIAN_POINT('Ctrl Pts',(-2.76893652044237,-43.6319822818041,
0.));
#11411=CARTESIAN_POINT('Ctrl Pts',(-2.76893652044237,-43.6319822818041,
0.2));
#11412=CARTESIAN_POINT('Ctrl Pts',(-2.78576902113855,-43.7880648672581,
0.));
#11413=CARTESIAN_POINT('Ctrl Pts',(-2.78086196099959,-43.7634034464448,
0.));
#11414=CARTESIAN_POINT('Ctrl Pts',(-2.77061155880299,-43.7118879820084,
0.));
#11415=CARTESIAN_POINT('Ctrl Pts',(-2.76951048797541,-43.6593627160081,
0.));
#11416=CARTESIAN_POINT('Ctrl Pts',(-2.76893652044237,-43.6319822818041,
0.));
#11417=CARTESIAN_POINT('Ctrl Pts',(-2.78576902113855,-43.7880648672581,
0.2));
#11418=CARTESIAN_POINT('Ctrl Pts',(-2.78086196099959,-43.7634034464448,
0.2));
#11419=CARTESIAN_POINT('Ctrl Pts',(-2.77061155880299,-43.7118879820084,
0.2));
#11420=CARTESIAN_POINT('Ctrl Pts',(-2.76951048797541,-43.6593627160081,
0.2));
#11421=CARTESIAN_POINT('Ctrl Pts',(-2.76893652044237,-43.6319822818041,
0.2));
#11422=CARTESIAN_POINT('Origin',(-5.65952591132373,-43.6140021681786,0.));
#11423=CARTESIAN_POINT('Origin',(-5.65952591132373,-43.6140021681786,0.2));
#11424=CARTESIAN_POINT('Origin',(-1.57230301760137,-43.0000006407499,0.));
#11425=CARTESIAN_POINT('',(-1.57230301760137,-43.0000006407499,0.));
#11426=CARTESIAN_POINT('',(-1.73833205364645,-43.0000006407499,0.));
#11427=CARTESIAN_POINT('',(-1.57230301760137,-43.0000006407499,0.));
#11428=CARTESIAN_POINT('',(-1.73833205364645,-43.0000006407499,0.2));
#11429=CARTESIAN_POINT('',(-1.73833205364645,-43.0000006407499,0.));
#11430=CARTESIAN_POINT('',(-1.57230301760137,-43.0000006407499,0.2));
#11431=CARTESIAN_POINT('',(-1.57230301760137,-43.0000006407499,0.2));
#11432=CARTESIAN_POINT('',(-1.57230301760137,-43.0000006407499,0.));
#11433=CARTESIAN_POINT('Origin',(-1.43075748346746,-43.3764351904392,0.));
#11434=CARTESIAN_POINT('',(-1.43075748346746,-43.3764351904392,0.));
#11435=CARTESIAN_POINT('',(-1.43075748346746,-43.3764351904392,0.));
#11436=CARTESIAN_POINT('',(-1.43075748346746,-43.3764351904392,0.2));
#11437=CARTESIAN_POINT('',(-1.43075748346746,-43.3764351904392,0.2));
#11438=CARTESIAN_POINT('',(-1.43075748346746,-43.3764351904392,0.));
#11439=CARTESIAN_POINT('Origin',(-1.38867638073862,-43.5034435987473,0.));
#11440=CARTESIAN_POINT('',(-1.38867638073862,-43.5034435987473,0.));
#11441=CARTESIAN_POINT('',(-1.38867638073862,-43.5034435987473,0.));
#11442=CARTESIAN_POINT('',(-1.38867638073862,-43.5034435987473,0.2));
#11443=CARTESIAN_POINT('',(-1.38867638073862,-43.5034435987473,0.2));
#11444=CARTESIAN_POINT('',(-1.38867638073862,-43.5034435987473,0.));
#11445=CARTESIAN_POINT('Origin',(-1.34506504051387,-43.3764351904392,0.));
#11446=CARTESIAN_POINT('',(-1.34506504051387,-43.3764351904392,0.));
#11447=CARTESIAN_POINT('',(-1.34506504051387,-43.3764351904392,0.));
#11448=CARTESIAN_POINT('',(-1.34506504051387,-43.3764351904392,0.2));
#11449=CARTESIAN_POINT('',(-1.34506504051387,-43.3764351904392,0.2));
#11450=CARTESIAN_POINT('',(-1.34506504051387,-43.3764351904392,0.));
#11451=CARTESIAN_POINT('Origin',(-1.21040551923215,-43.0000006407499,0.));
#11452=CARTESIAN_POINT('',(-1.21040551923215,-43.0000006407499,0.));
#11453=CARTESIAN_POINT('',(-1.21040551923215,-43.0000006407499,0.));
#11454=CARTESIAN_POINT('',(-1.21040551923215,-43.0000006407499,0.2));
#11455=CARTESIAN_POINT('',(-1.21040551923215,-43.0000006407499,0.2));
#11456=CARTESIAN_POINT('',(-1.21040551923215,-43.0000006407499,0.));
#11457=CARTESIAN_POINT('Origin',(-1.04896712116897,-43.0000006407499,0.));
#11458=CARTESIAN_POINT('',(-1.04896712116897,-43.0000006407499,0.));
#11459=CARTESIAN_POINT('',(-1.04896712116897,-43.0000006407499,0.));
#11460=CARTESIAN_POINT('',(-1.04896712116897,-43.0000006407499,0.2));
#11461=CARTESIAN_POINT('',(-1.04896712116897,-43.0000006407499,0.2));
#11462=CARTESIAN_POINT('',(-1.04896712116897,-43.0000006407499,0.));
#11463=CARTESIAN_POINT('Origin',(-1.00000001490116,-44.0000006556511,0.));
#11464=CARTESIAN_POINT('',(-1.00000001490116,-44.0000006556511,0.));
#11465=CARTESIAN_POINT('',(-1.00000001490116,-44.0000006556511,0.));
#11466=CARTESIAN_POINT('',(-1.00000001490116,-44.0000006556511,0.2));
#11467=CARTESIAN_POINT('',(-1.00000001490116,-44.0000006556511,0.2));
#11468=CARTESIAN_POINT('',(-1.00000001490116,-44.0000006556511,0.));
#11469=CARTESIAN_POINT('Origin',(-1.12853865139186,-44.0000006556511,0.));
#11470=CARTESIAN_POINT('',(-1.12853865139186,-44.0000006556511,0.));
#11471=CARTESIAN_POINT('',(-1.12853865139186,-44.0000006556511,0.));
#11472=CARTESIAN_POINT('',(-1.12853865139186,-44.0000006556511,0.2));
#11473=CARTESIAN_POINT('',(-1.12853865139186,-44.0000006556511,0.2));
#11474=CARTESIAN_POINT('',(-1.12853865139186,-44.0000006556511,0.));
#11475=CARTESIAN_POINT('Origin',(-1.14613621495664,-43.3871467411518,0.));
#11476=CARTESIAN_POINT('',(-1.14613621495664,-43.3871467411518,0.));
#11477=CARTESIAN_POINT('',(-1.14613621495664,-43.3871467411518,0.));
#11478=CARTESIAN_POINT('',(-1.14613621495664,-43.3871467411518,0.2));
#11479=CARTESIAN_POINT('',(-1.14613621495664,-43.3871467411518,0.2));
#11480=CARTESIAN_POINT('',(-1.14613621495664,-43.3871467411518,0.));
#11481=CARTESIAN_POINT('Origin',(-1.14919665269554,-43.136955499649,0.));
#11482=CARTESIAN_POINT('',(-1.14919665269554,-43.136955499649,0.));
#11483=CARTESIAN_POINT('',(-1.14919665269554,-43.136955499649,0.));
#11484=CARTESIAN_POINT('',(-1.14919665269554,-43.136955499649,0.2));
#11485=CARTESIAN_POINT('',(-1.14919665269554,-43.136955499649,0.2));
#11486=CARTESIAN_POINT('',(-1.14919665269554,-43.136955499649,0.));
#11487=CARTESIAN_POINT('Origin',(-1.19586843065917,-43.29150788486,0.));
#11488=CARTESIAN_POINT('',(-1.19586843065917,-43.29150788486,0.));
#11489=CARTESIAN_POINT('',(-1.19586843065917,-43.29150788486,0.));
#11490=CARTESIAN_POINT('',(-1.19586843065917,-43.29150788486,0.2));
#11491=CARTESIAN_POINT('',(-1.19586843065917,-43.29150788486,0.2));
#11492=CARTESIAN_POINT('',(-1.19586843065917,-43.29150788486,0.));
#11493=CARTESIAN_POINT('Origin',(-1.33664882741868,-43.6740633845329,0.));
#11494=CARTESIAN_POINT('',(-1.33664882741868,-43.6740633845329,0.));
#11495=CARTESIAN_POINT('',(-1.33664882741868,-43.6740633845329,0.));
#11496=CARTESIAN_POINT('',(-1.33664882741868,-43.6740633845329,0.2));
#11497=CARTESIAN_POINT('',(-1.33664882741868,-43.6740633845329,0.2));
#11498=CARTESIAN_POINT('',(-1.33664882741868,-43.6740633845329,0.));
#11499=CARTESIAN_POINT('Origin',(-1.43075748346746,-43.6740633845329,0.));
#11500=CARTESIAN_POINT('',(-1.43075748346746,-43.6740633845329,0.));
#11501=CARTESIAN_POINT('',(-1.43075748346746,-43.6740633845329,0.));
#11502=CARTESIAN_POINT('',(-1.43075748346746,-43.6740633845329,0.2));
#11503=CARTESIAN_POINT('',(-1.43075748346746,-43.6740633845329,0.2));
#11504=CARTESIAN_POINT('',(-1.43075748346746,-43.6740633845329,0.));
#11505=CARTESIAN_POINT('Origin',(-1.57842389307916,-43.2762056589127,0.));
#11506=CARTESIAN_POINT('',(-1.57842389307916,-43.2762056589127,0.));
#11507=CARTESIAN_POINT('',(-1.57842389307916,-43.2762056589127,0.));
#11508=CARTESIAN_POINT('',(-1.57842389307916,-43.2762056589127,0.2));
#11509=CARTESIAN_POINT('',(-1.57842389307916,-43.2762056589127,0.2));
#11510=CARTESIAN_POINT('',(-1.57842389307916,-43.2762056589127,0.));
#11511=CARTESIAN_POINT('Origin',(-1.6250956710428,-43.136955499649,0.));
#11512=CARTESIAN_POINT('',(-1.6250956710428,-43.136955499649,0.));
#11513=CARTESIAN_POINT('',(-1.6250956710428,-43.136955499649,0.));
#11514=CARTESIAN_POINT('',(-1.6250956710428,-43.136955499649,0.2));
#11515=CARTESIAN_POINT('',(-1.6250956710428,-43.136955499649,0.2));
#11516=CARTESIAN_POINT('',(-1.6250956710428,-43.136955499649,0.));
#11517=CARTESIAN_POINT('Origin',(-1.63351184688509,-43.3764351904392,0.));
#11518=CARTESIAN_POINT('',(-1.63351184688509,-43.3764351904392,0.));
#11519=CARTESIAN_POINT('',(-1.63351184688509,-43.3764351904392,0.));
#11520=CARTESIAN_POINT('',(-1.63351184688509,-43.3764351904392,0.2));
#11521=CARTESIAN_POINT('',(-1.63351184688509,-43.3764351904392,0.2));
#11522=CARTESIAN_POINT('',(-1.63351184688509,-43.3764351904392,0.));
#11523=CARTESIAN_POINT('Origin',(-1.65340474806726,-44.0000006556511,0.));
#11524=CARTESIAN_POINT('',(-1.65340474806726,-44.0000006556511,0.));
#11525=CARTESIAN_POINT('',(-1.65340474806726,-44.0000006556511,0.));
#11526=CARTESIAN_POINT('',(-1.65340474806726,-44.0000006556511,0.2));
#11527=CARTESIAN_POINT('',(-1.65340474806726,-44.0000006556511,0.2));
#11528=CARTESIAN_POINT('',(-1.65340474806726,-44.0000006556511,0.));
#11529=CARTESIAN_POINT('Origin',(-1.78653410635889,-44.0000006556511,0.));
#11530=CARTESIAN_POINT('',(-1.78653410635889,-44.0000006556511,0.));
#11531=CARTESIAN_POINT('',(-1.78653410635889,-44.0000006556511,0.));
#11532=CARTESIAN_POINT('',(-1.78653410635889,-44.0000006556511,0.2));
#11533=CARTESIAN_POINT('',(-1.78653410635889,-44.0000006556511,0.2));
#11534=CARTESIAN_POINT('',(-1.78653410635889,-44.0000006556511,0.));
#11535=CARTESIAN_POINT('Origin',(-1.73833205364645,-43.0000006407499,0.));
#11536=CARTESIAN_POINT('',(-1.73833205364645,-43.0000006407499,0.));
#11537=CARTESIAN_POINT('',(-1.73833205364645,-43.0000006407499,0.2));
#11538=CARTESIAN_POINT('Origin',(-5.65952591132373,-43.6140021681786,0.));
#11539=CARTESIAN_POINT('Origin',(-5.65952591132373,-43.6140021681786,0.2));
#11540=UNCERTAINTY_MEASURE_WITH_UNIT(LENGTH_MEASURE(0.01),#11544,
'DISTANCE_ACCURACY_VALUE',
'Maximum model space distance between geometric entities at asserted c
onnectivities');
#11541=UNCERTAINTY_MEASURE_WITH_UNIT(LENGTH_MEASURE(0.01),#11544,
'DISTANCE_ACCURACY_VALUE',
'Maximum model space distance between geometric entities at asserted c
onnectivities');
#11542=(
GEOMETRIC_REPRESENTATION_CONTEXT(3)
GLOBAL_UNCERTAINTY_ASSIGNED_CONTEXT((#11540))
GLOBAL_UNIT_ASSIGNED_CONTEXT((#11544,#11546,#11547))
REPRESENTATION_CONTEXT('','3D')
);
#11543=(
GEOMETRIC_REPRESENTATION_CONTEXT(3)
GLOBAL_UNCERTAINTY_ASSIGNED_CONTEXT((#11541))
GLOBAL_UNIT_ASSIGNED_CONTEXT((#11544,#11546,#11547))
REPRESENTATION_CONTEXT('','3D')
);
#11544=(
LENGTH_UNIT()
NAMED_UNIT(*)
SI_UNIT(.MILLI.,.METRE.)
);
#11545=(
LENGTH_UNIT()
NAMED_UNIT(*)
SI_UNIT($,.METRE.)
);
#11546=(
NAMED_UNIT(*)
PLANE_ANGLE_UNIT()
SI_UNIT($,.RADIAN.)
);
#11547=(
NAMED_UNIT(*)
SI_UNIT($,.STERADIAN.)
SOLID_ANGLE_UNIT()
);
#11548=SHAPE_DEFINITION_REPRESENTATION(#11549,#11550);
#11549=PRODUCT_DEFINITION_SHAPE('',$,#11552);
#11550=SHAPE_REPRESENTATION('',(#6060),#11542);
#11551=PRODUCT_DEFINITION_CONTEXT('part definition',#11556,'design');
#11552=PRODUCT_DEFINITION('2026-02-03-21-46-33-309','dorppadfront',#11553,
#11551);
#11553=PRODUCT_DEFINITION_FORMATION('',$,#11558);
#11554=PRODUCT_RELATED_PRODUCT_CATEGORY('dorppadfront','dorppadfront',(#11558));
#11555=APPLICATION_PROTOCOL_DEFINITION('international standard',
'automotive_design',2009,#11556);
#11556=APPLICATION_CONTEXT(
'Core Data for Automotive Mechanical Design Process');
#11557=PRODUCT_CONTEXT('part definition',#11556,'mechanical');
#11558=PRODUCT('2026-02-03-21-46-33-309','dorppadfront',$,(#11557));
#11559=PRESENTATION_STYLE_ASSIGNMENT((#11560));
#11560=SURFACE_STYLE_USAGE(.BOTH.,#11561);
#11561=SURFACE_SIDE_STYLE('',(#11562));
#11562=SURFACE_STYLE_FILL_AREA(#11563);
#11563=FILL_AREA_STYLE('Steel - Satin',(#11564));
#11564=FILL_AREA_STYLE_COLOUR('Steel - Satin',#11565);
#11565=COLOUR_RGB('Steel - Satin',0.627450980392157,0.627450980392157,0.627450980392157);
ENDSEC;
END-ISO-10303-21;
