ISO-10303-21;
HEADER;
/* Generated by software containing ST-Developer
 * from STEP Tools, Inc. (www.steptools.com) 
 */

FILE_DESCRIPTION(
/* description */ (''),
/* implementation_level */ '2;1');

FILE_NAME(
/* name */ 'finisheddsign.step',
/* time_stamp */ '2026-02-03T23:12:44+05:30',
/* author */ (''),
/* organization */ (''),
/* preprocessor_version */ 'ST-DEVELOPER v20.1',
/* originating_system */ 'Autodesk Translation Framework v14.24.0.0',
/* authorisation */ '');

FILE_SCHEMA (('AUTOMOTIVE_DESIGN { 1 0 10303 214 3 1 1 }'));
ENDSEC;

DATA;
#10=MECHANICAL_DESIGN_GEOMETRIC_PRESENTATION_REPRESENTATION('',(#453,#454,
#455,#456,#457,#458,#459,#460,#461,#462,#463,#464,#465),#12500);
#11=ITEM_DEFINED_TRANSFORMATION($,$,#6628,#6930);
#12=ITEM_DEFINED_TRANSFORMATION($,$,#6629,#6931);
#13=ITEM_DEFINED_TRANSFORMATION($,$,#6684,#6932);
#14=(
REPRESENTATION_RELATIONSHIP($,$,#12517,#12516)
REPRESENTATION_RELATIONSHIP_WITH_TRANSFORMATION(#11)
SHAPE_REPRESENTATION_RELATIONSHIP()
);
#15=(
REPRESENTATION_RELATIONSHIP($,$,#12518,#12516)
REPRESENTATION_RELATIONSHIP_WITH_TRANSFORMATION(#12)
SHAPE_REPRESENTATION_RELATIONSHIP()
);
#16=(
REPRESENTATION_RELATIONSHIP($,$,#12519,#12516)
REPRESENTATION_RELATIONSHIP_WITH_TRANSFORMATION(#13)
SHAPE_REPRESENTATION_RELATIONSHIP()
);
#17=CONTEXT_DEPENDENT_SHAPE_REPRESENTATION(#14,#12513);
#18=CONTEXT_DEPENDENT_SHAPE_REPRESENTATION(#15,#12514);
#19=CONTEXT_DEPENDENT_SHAPE_REPRESENTATION(#16,#12515);
#20=NEXT_ASSEMBLY_USAGE_OCCURRENCE('finisheddsign:1','finisheddsign:1',
'finisheddsign:1',#12521,#12522,'finisheddsign:1');
#21=NEXT_ASSEMBLY_USAGE_OCCURRENCE('dorppadback:1','dorppadback:1',
'dorppadback:1',#12521,#12523,'dorppadback:1');
#22=NEXT_ASSEMBLY_USAGE_OCCURRENCE('dorppadfront:1','dorppadfront:1',
'dorppadfront:1',#12521,#12524,'dorppadfront:1');
#23=B_SPLINE_CURVE_WITH_KNOTS('',3,(#8668,#8669,#8670,#8671,#8672),
 .UNSPECIFIED.,.F.,.F.,(4,1,4),(0.,0.00707921207429007,0.0153587364792599),
 .UNSPECIFIED.);
#24=B_SPLINE_CURVE_WITH_KNOTS('',3,(#8676,#8677,#8678,#8679,#8680),
 .UNSPECIFIED.,.F.,.F.,(4,1,4),(0.,0.00707921207429007,0.0153587364792599),
 .UNSPECIFIED.);
#25=B_SPLINE_CURVE_WITH_KNOTS('',3,(#8693,#8694,#8695,#8696,#8697),
 .UNSPECIFIED.,.F.,.F.,(4,1,4),(0.,0.00497462813364955,0.010948703245174),
 .UNSPECIFIED.);
#26=B_SPLINE_CURVE_WITH_KNOTS('',3,(#8699,#8700,#8701,#8702,#8703),
 .UNSPECIFIED.,.F.,.F.,(4,1,4),(0.,0.00497462813364955,0.010948703245174),
 .UNSPECIFIED.);
#27=B_SPLINE_CURVE_WITH_KNOTS('',3,(#8716,#8717,#8718,#8719,#8720),
 .UNSPECIFIED.,.F.,.F.,(4,1,4),(0.,0.00280206663799465,0.00606188198143887),
 .UNSPECIFIED.);
#28=B_SPLINE_CURVE_WITH_KNOTS('',3,(#8722,#8723,#8724,#8725,#8726),
 .UNSPECIFIED.,.F.,.F.,(4,1,4),(0.,0.00280206663799465,0.00606188198143887),
 .UNSPECIFIED.);
#29=B_SPLINE_CURVE_WITH_KNOTS('',3,(#8739,#8740,#8741,#8742,#8743),
 .UNSPECIFIED.,.F.,.F.,(4,1,4),(0.,0.00225238262515595,0.00472040919606402),
 .UNSPECIFIED.);
#30=B_SPLINE_CURVE_WITH_KNOTS('',3,(#8745,#8746,#8747,#8748,#8749),
 .UNSPECIFIED.,.F.,.F.,(4,1,4),(0.,0.00225238262515595,0.00472040919606402),
 .UNSPECIFIED.);
#31=B_SPLINE_CURVE_WITH_KNOTS('',3,(#8762,#8763,#8764,#8765,#8766),
 .UNSPECIFIED.,.F.,.F.,(4,1,4),(0.,0.00211350508597583,0.00425248869377628),
 .UNSPECIFIED.);
#32=B_SPLINE_CURVE_WITH_KNOTS('',3,(#8768,#8769,#8770,#8771,#8772),
 .UNSPECIFIED.,.F.,.F.,(4,1,4),(0.,0.00211350508597583,0.00425248869377628),
 .UNSPECIFIED.);
#33=B_SPLINE_CURVE_WITH_KNOTS('',3,(#8785,#8786,#8787,#8788,#8789),
 .UNSPECIFIED.,.F.,.F.,(4,1,4),(0.,0.00217782463837412,0.00431647626459629),
 .UNSPECIFIED.);
#34=B_SPLINE_CURVE_WITH_KNOTS('',3,(#8791,#8792,#8793,#8794,#8795),
 .UNSPECIFIED.,.F.,.F.,(4,1,4),(0.,0.00217782463837412,0.00431647626459629),
 .UNSPECIFIED.);
#35=B_SPLINE_CURVE_WITH_KNOTS('',3,(#8808,#8809,#8810,#8811,#8812),
 .UNSPECIFIED.,.F.,.F.,(4,1,4),(0.,0.00284987575632085,0.00591333496729579),
 .UNSPECIFIED.);
#36=B_SPLINE_CURVE_WITH_KNOTS('',3,(#8814,#8815,#8816,#8817,#8818),
 .UNSPECIFIED.,.F.,.F.,(4,1,4),(0.,0.00284987575632085,0.00591333496729579),
 .UNSPECIFIED.);
#37=B_SPLINE_CURVE_WITH_KNOTS('',3,(#8831,#8832,#8833,#8834,#8835),
 .UNSPECIFIED.,.F.,.F.,(4,1,4),(0.,0.00284036102572353,0.00560579734809833),
 .UNSPECIFIED.);
#38=B_SPLINE_CURVE_WITH_KNOTS('',3,(#8837,#8838,#8839,#8840,#8841),
 .UNSPECIFIED.,.F.,.F.,(4,1,4),(0.,0.00284036102572353,0.00560579734809833),
 .UNSPECIFIED.);
#39=B_SPLINE_CURVE_WITH_KNOTS('',3,(#8854,#8855,#8856,#8857,#8858),
 .UNSPECIFIED.,.F.,.F.,(4,1,4),(0.,0.00348576867333408,0.00656967477538632),
 .UNSPECIFIED.);
#40=B_SPLINE_CURVE_WITH_KNOTS('',3,(#8860,#8861,#8862,#8863,#8864),
 .UNSPECIFIED.,.F.,.F.,(4,1,4),(0.,0.00348576867333408,0.00656967477538632),
 .UNSPECIFIED.);
#41=B_SPLINE_CURVE_WITH_KNOTS('',3,(#8877,#8878,#8879,#8880,#8881),
 .UNSPECIFIED.,.F.,.F.,(4,1,4),(0.,0.00463559288073633,0.00864591017964594),
 .UNSPECIFIED.);
#42=B_SPLINE_CURVE_WITH_KNOTS('',3,(#8883,#8884,#8885,#8886,#8887),
 .UNSPECIFIED.,.F.,.F.,(4,1,4),(0.,0.00463559288073633,0.00864591017964594),
 .UNSPECIFIED.);
#43=B_SPLINE_CURVE_WITH_KNOTS('',3,(#8918,#8919,#8920,#8921,#8922),
 .UNSPECIFIED.,.F.,.F.,(4,1,4),(0.,0.00539189253338738,0.0114201768634502),
 .UNSPECIFIED.);
#44=B_SPLINE_CURVE_WITH_KNOTS('',3,(#8924,#8925,#8926,#8927,#8928),
 .UNSPECIFIED.,.F.,.F.,(4,1,4),(0.,0.00539189253338738,0.0114201768634502),
 .UNSPECIFIED.);
#45=B_SPLINE_CURVE_WITH_KNOTS('',3,(#8941,#8942,#8943,#8944,#8945),
 .UNSPECIFIED.,.F.,.F.,(4,1,4),(0.,0.00491725805820566,0.00993520774581272),
 .UNSPECIFIED.);
#46=B_SPLINE_CURVE_WITH_KNOTS('',3,(#8947,#8948,#8949,#8950,#8951),
 .UNSPECIFIED.,.F.,.F.,(4,1,4),(0.,0.00491725805820566,0.00993520774581272),
 .UNSPECIFIED.);
#47=B_SPLINE_CURVE_WITH_KNOTS('',3,(#8964,#8965,#8966,#8967,#8968),
 .UNSPECIFIED.,.F.,.F.,(4,1,4),(0.,0.00550505328889026,0.0105963943423262),
 .UNSPECIFIED.);
#48=B_SPLINE_CURVE_WITH_KNOTS('',3,(#8970,#8971,#8972,#8973,#8974),
 .UNSPECIFIED.,.F.,.F.,(4,1,4),(0.,0.00550505328889026,0.0105963943423262),
 .UNSPECIFIED.);
#49=B_SPLINE_CURVE_WITH_KNOTS('',3,(#8987,#8988,#8989,#8990,#8991),
 .UNSPECIFIED.,.F.,.F.,(4,1,4),(0.,0.00662924915984716,0.0126689111954955),
 .UNSPECIFIED.);
#50=B_SPLINE_CURVE_WITH_KNOTS('',3,(#8993,#8994,#8995,#8996,#8997),
 .UNSPECIFIED.,.F.,.F.,(4,1,4),(0.,0.00662924915984716,0.0126689111954955),
 .UNSPECIFIED.);
#51=B_SPLINE_CURVE_WITH_KNOTS('',3,(#9010,#9011,#9012,#9013,#9014),
 .UNSPECIFIED.,.F.,.F.,(4,1,4),(0.,0.00378136968388934,0.00758923542351891),
 .UNSPECIFIED.);
#52=B_SPLINE_CURVE_WITH_KNOTS('',3,(#9016,#9017,#9018,#9019,#9020),
 .UNSPECIFIED.,.F.,.F.,(4,1,4),(0.,0.00378136968388934,0.00758923542351891),
 .UNSPECIFIED.);
#53=B_SPLINE_CURVE_WITH_KNOTS('',3,(#9033,#9034,#9035,#9036,#9037),
 .UNSPECIFIED.,.F.,.F.,(4,1,4),(0.,0.00357399266204185,0.00727877419949904),
 .UNSPECIFIED.);
#54=B_SPLINE_CURVE_WITH_KNOTS('',3,(#9039,#9040,#9041,#9042,#9043),
 .UNSPECIFIED.,.F.,.F.,(4,1,4),(0.,0.00357399266204185,0.00727877419949904),
 .UNSPECIFIED.);
#55=B_SPLINE_CURVE_WITH_KNOTS('',3,(#9056,#9057,#9058,#9059,#9060),
 .UNSPECIFIED.,.F.,.F.,(4,1,4),(0.,0.00329167860304513,0.00672842280791173),
 .UNSPECIFIED.);
#56=B_SPLINE_CURVE_WITH_KNOTS('',3,(#9062,#9063,#9064,#9065,#9066),
 .UNSPECIFIED.,.F.,.F.,(4,1,4),(0.,0.00329167860304513,0.00672842280791173),
 .UNSPECIFIED.);
#57=B_SPLINE_CURVE_WITH_KNOTS('',3,(#9079,#9080,#9081,#9082,#9083),
 .UNSPECIFIED.,.F.,.F.,(4,1,4),(0.,0.00281877174492832,0.00590495477662444),
 .UNSPECIFIED.);
#58=B_SPLINE_CURVE_WITH_KNOTS('',3,(#9085,#9086,#9087,#9088,#9089),
 .UNSPECIFIED.,.F.,.F.,(4,1,4),(0.,0.00281877174492832,0.00590495477662444),
 .UNSPECIFIED.);
#59=B_SPLINE_CURVE_WITH_KNOTS('',3,(#9108,#9109,#9110,#9111,#9112),
 .UNSPECIFIED.,.F.,.F.,(4,1,4),(0.,0.00665427562879915,0.0136936604160543),
 .UNSPECIFIED.);
#60=B_SPLINE_CURVE_WITH_KNOTS('',3,(#9114,#9115,#9116,#9117,#9118),
 .UNSPECIFIED.,.F.,.F.,(4,1,4),(0.,0.00665427562879915,0.0136936604160543),
 .UNSPECIFIED.);
#61=B_SPLINE_CURVE_WITH_KNOTS('',3,(#9131,#9132,#9133,#9134,#9135),
 .UNSPECIFIED.,.F.,.F.,(4,1,4),(0.,0.00646583713494428,0.0129185998125005),
 .UNSPECIFIED.);
#62=B_SPLINE_CURVE_WITH_KNOTS('',3,(#9137,#9138,#9139,#9140,#9141),
 .UNSPECIFIED.,.F.,.F.,(4,1,4),(0.,0.00646583713494428,0.0129185998125005),
 .UNSPECIFIED.);
#63=B_SPLINE_CURVE_WITH_KNOTS('',3,(#9154,#9155,#9156,#9157,#9158),
 .UNSPECIFIED.,.F.,.F.,(4,1,4),(0.,0.00630648498383676,0.0141774332912511),
 .UNSPECIFIED.);
#64=B_SPLINE_CURVE_WITH_KNOTS('',3,(#9160,#9161,#9162,#9163,#9164),
 .UNSPECIFIED.,.F.,.F.,(4,1,4),(0.,0.00630648498383676,0.0141774332912511),
 .UNSPECIFIED.);
#65=B_SPLINE_CURVE_WITH_KNOTS('',3,(#9177,#9178,#9179,#9180,#9181),
 .UNSPECIFIED.,.F.,.F.,(4,1,4),(0.,0.0062266474950993,0.0120123253138219),
 .UNSPECIFIED.);
#66=B_SPLINE_CURVE_WITH_KNOTS('',3,(#9183,#9184,#9185,#9186,#9187),
 .UNSPECIFIED.,.F.,.F.,(4,1,4),(0.,0.0062266474950993,0.0120123253138219),
 .UNSPECIFIED.);
#67=B_SPLINE_CURVE_WITH_KNOTS('',3,(#9212,#9213,#9214,#9215,#9216),
 .UNSPECIFIED.,.F.,.F.,(4,1,4),(0.,0.0117382622417061,0.0266046975293902),
 .UNSPECIFIED.);
#68=B_SPLINE_CURVE_WITH_KNOTS('',3,(#9218,#9219,#9220,#9221,#9222),
 .UNSPECIFIED.,.F.,.F.,(4,1,4),(0.,0.0117382622417061,0.0266046975293902),
 .UNSPECIFIED.);
#69=B_SPLINE_CURVE_WITH_KNOTS('',3,(#9235,#9236,#9237,#9238,#9239),
 .UNSPECIFIED.,.F.,.F.,(4,1,4),(0.,0.010522677521541,0.020643475012549),
 .UNSPECIFIED.);
#70=B_SPLINE_CURVE_WITH_KNOTS('',3,(#9241,#9242,#9243,#9244,#9245),
 .UNSPECIFIED.,.F.,.F.,(4,1,4),(0.,0.010522677521541,0.020643475012549),
 .UNSPECIFIED.);
#71=B_SPLINE_CURVE_WITH_KNOTS('',3,(#9258,#9259,#9260,#9261,#9262),
 .UNSPECIFIED.,.F.,.F.,(4,1,4),(0.,0.00428434048296641,0.00879326444530997),
 .UNSPECIFIED.);
#72=B_SPLINE_CURVE_WITH_KNOTS('',3,(#9264,#9265,#9266,#9267,#9268),
 .UNSPECIFIED.,.F.,.F.,(4,1,4),(0.,0.00428434048296641,0.00879326444530997),
 .UNSPECIFIED.);
#73=B_SPLINE_CURVE_WITH_KNOTS('',3,(#9281,#9282,#9283,#9284,#9285),
 .UNSPECIFIED.,.F.,.F.,(4,1,4),(0.,0.00413908725494617,0.00827950397800679),
 .UNSPECIFIED.);
#74=B_SPLINE_CURVE_WITH_KNOTS('',3,(#9287,#9288,#9289,#9290,#9291),
 .UNSPECIFIED.,.F.,.F.,(4,1,4),(0.,0.00413908725494617,0.00827950397800679),
 .UNSPECIFIED.);
#75=B_SPLINE_CURVE_WITH_KNOTS('',3,(#9304,#9305,#9306,#9307,#9308),
 .UNSPECIFIED.,.F.,.F.,(4,1,4),(0.,0.00470195192948782,0.00902696652580962),
 .UNSPECIFIED.);
#76=B_SPLINE_CURVE_WITH_KNOTS('',3,(#9310,#9311,#9312,#9313,#9314),
 .UNSPECIFIED.,.F.,.F.,(4,1,4),(0.,0.00470195192948782,0.00902696652580962),
 .UNSPECIFIED.);
#77=B_SPLINE_CURVE_WITH_KNOTS('',3,(#9327,#9328,#9329,#9330,#9331),
 .UNSPECIFIED.,.F.,.F.,(4,1,4),(0.,0.00611625808515725,0.0114142280739525),
 .UNSPECIFIED.);
#78=B_SPLINE_CURVE_WITH_KNOTS('',3,(#9333,#9334,#9335,#9336,#9337),
 .UNSPECIFIED.,.F.,.F.,(4,1,4),(0.,0.00611625808515725,0.0114142280739525),
 .UNSPECIFIED.);
#79=B_SPLINE_CURVE_WITH_KNOTS('',3,(#9350,#9351,#9352,#9353,#9354),
 .UNSPECIFIED.,.F.,.F.,(4,1,4),(0.,0.00694224832056156,0.0139292122223133),
 .UNSPECIFIED.);
#80=B_SPLINE_CURVE_WITH_KNOTS('',3,(#9356,#9357,#9358,#9359,#9360),
 .UNSPECIFIED.,.F.,.F.,(4,1,4),(0.,0.00694224832056156,0.0139292122223133),
 .UNSPECIFIED.);
#81=B_SPLINE_CURVE_WITH_KNOTS('',3,(#9373,#9374,#9375,#9376,#9377),
 .UNSPECIFIED.,.F.,.F.,(4,1,4),(0.,0.00827308881107547,0.0156386784527372),
 .UNSPECIFIED.);
#82=B_SPLINE_CURVE_WITH_KNOTS('',3,(#9379,#9380,#9381,#9382,#9383),
 .UNSPECIFIED.,.F.,.F.,(4,1,4),(0.,0.00827308881107547,0.0156386784527372),
 .UNSPECIFIED.);
#83=B_SPLINE_CURVE_WITH_KNOTS('',3,(#9408,#9409,#9410,#9411,#9412),
 .UNSPECIFIED.,.F.,.F.,(4,1,4),(0.,0.00467942817177562,0.00964327268599369),
 .UNSPECIFIED.);
#84=B_SPLINE_CURVE_WITH_KNOTS('',3,(#9416,#9417,#9418,#9419,#9420),
 .UNSPECIFIED.,.F.,.F.,(4,1,4),(0.,0.00467942817177562,0.00964327268599369),
 .UNSPECIFIED.);
#85=B_SPLINE_CURVE_WITH_KNOTS('',3,(#9433,#9434,#9435,#9436,#9437),
 .UNSPECIFIED.,.F.,.F.,(4,1,4),(0.,0.00410713266437691,0.00849705883700031),
 .UNSPECIFIED.);
#86=B_SPLINE_CURVE_WITH_KNOTS('',3,(#9439,#9440,#9441,#9442,#9443),
 .UNSPECIFIED.,.F.,.F.,(4,1,4),(0.,0.00410713266437691,0.00849705883700031),
 .UNSPECIFIED.);
#87=B_SPLINE_CURVE_WITH_KNOTS('',3,(#9456,#9457,#9458,#9459,#9460),
 .UNSPECIFIED.,.F.,.F.,(4,1,4),(0.,0.00391351386387378,0.00785054679571864),
 .UNSPECIFIED.);
#88=B_SPLINE_CURVE_WITH_KNOTS('',3,(#9462,#9463,#9464,#9465,#9466),
 .UNSPECIFIED.,.F.,.F.,(4,1,4),(0.,0.00391351386387378,0.00785054679571864),
 .UNSPECIFIED.);
#89=B_SPLINE_CURVE_WITH_KNOTS('',3,(#9479,#9480,#9481,#9482,#9483),
 .UNSPECIFIED.,.F.,.F.,(4,1,4),(0.,0.00419103112823449,0.0081832044847972),
 .UNSPECIFIED.);
#90=B_SPLINE_CURVE_WITH_KNOTS('',3,(#9485,#9486,#9487,#9488,#9489),
 .UNSPECIFIED.,.F.,.F.,(4,1,4),(0.,0.00419103112823449,0.0081832044847972),
 .UNSPECIFIED.);
#91=B_SPLINE_CURVE_WITH_KNOTS('',3,(#9502,#9503,#9504,#9505,#9506),
 .UNSPECIFIED.,.F.,.F.,(4,1,4),(0.,0.00432865455158311,0.00909183286468121),
 .UNSPECIFIED.);
#92=B_SPLINE_CURVE_WITH_KNOTS('',3,(#9508,#9509,#9510,#9511,#9512),
 .UNSPECIFIED.,.F.,.F.,(4,1,4),(0.,0.00432865455158311,0.00909183286468121),
 .UNSPECIFIED.);
#93=B_SPLINE_CURVE_WITH_KNOTS('',3,(#9525,#9526,#9527,#9528,#9529),
 .UNSPECIFIED.,.F.,.F.,(4,1,4),(0.,0.00396440804742633,0.00803230263208609),
 .UNSPECIFIED.);
#94=B_SPLINE_CURVE_WITH_KNOTS('',3,(#9531,#9532,#9533,#9534,#9535),
 .UNSPECIFIED.,.F.,.F.,(4,1,4),(0.,0.00396440804742633,0.00803230263208609),
 .UNSPECIFIED.);
#95=B_SPLINE_CURVE_WITH_KNOTS('',3,(#9548,#9549,#9550,#9551,#9552),
 .UNSPECIFIED.,.F.,.F.,(4,1,4),(0.,0.00424638887842268,0.00827561054155076),
 .UNSPECIFIED.);
#96=B_SPLINE_CURVE_WITH_KNOTS('',3,(#9554,#9555,#9556,#9557,#9558),
 .UNSPECIFIED.,.F.,.F.,(4,1,4),(0.,0.00424638887842268,0.00827561054155076),
 .UNSPECIFIED.);
#97=B_SPLINE_CURVE_WITH_KNOTS('',3,(#9571,#9572,#9573,#9574,#9575),
 .UNSPECIFIED.,.F.,.F.,(4,1,4),(0.,0.00490810125979889,0.00945662112151184),
 .UNSPECIFIED.);
#98=B_SPLINE_CURVE_WITH_KNOTS('',3,(#9577,#9578,#9579,#9580,#9581),
 .UNSPECIFIED.,.F.,.F.,(4,1,4),(0.,0.00490810125979889,0.00945662112151184),
 .UNSPECIFIED.);
#99=B_SPLINE_CURVE_WITH_KNOTS('',3,(#9598,#9599,#9600,#9601,#9602),
 .UNSPECIFIED.,.F.,.F.,(4,1,4),(0.,0.00633962455198319,0.0130283372001394),
 .UNSPECIFIED.);
#100=B_SPLINE_CURVE_WITH_KNOTS('',3,(#9606,#9607,#9608,#9609,#9610),
 .UNSPECIFIED.,.F.,.F.,(4,1,4),(0.,0.00633962455198319,0.0130283372001394),
 .UNSPECIFIED.);
#101=B_SPLINE_CURVE_WITH_KNOTS('',3,(#9623,#9624,#9625,#9626,#9627),
 .UNSPECIFIED.,.F.,.F.,(4,1,4),(0.,0.0064736379074671,0.0127382645661396),
 .UNSPECIFIED.);
#102=B_SPLINE_CURVE_WITH_KNOTS('',3,(#9629,#9630,#9631,#9632,#9633),
 .UNSPECIFIED.,.F.,.F.,(4,1,4),(0.,0.0064736379074671,0.0127382645661396),
 .UNSPECIFIED.);
#103=B_SPLINE_CURVE_WITH_KNOTS('',3,(#9646,#9647,#9648,#9649,#9650),
 .UNSPECIFIED.,.F.,.F.,(4,1,4),(0.,0.00760084300412514,0.0145214256469109),
 .UNSPECIFIED.);
#104=B_SPLINE_CURVE_WITH_KNOTS('',3,(#9652,#9653,#9654,#9655,#9656),
 .UNSPECIFIED.,.F.,.F.,(4,1,4),(0.,0.00760084300412514,0.0145214256469109),
 .UNSPECIFIED.);
#105=B_SPLINE_CURVE_WITH_KNOTS('',3,(#9669,#9670,#9671,#9672,#9673),
 .UNSPECIFIED.,.F.,.F.,(4,1,4),(0.,0.00734979218970629,0.0152141912856657),
 .UNSPECIFIED.);
#106=B_SPLINE_CURVE_WITH_KNOTS('',3,(#9675,#9676,#9677,#9678,#9679),
 .UNSPECIFIED.,.F.,.F.,(4,1,4),(0.,0.00734979218970629,0.0152141912856657),
 .UNSPECIFIED.);
#107=B_SPLINE_CURVE_WITH_KNOTS('',3,(#9692,#9693,#9694,#9695,#9696),
 .UNSPECIFIED.,.F.,.F.,(4,1,4),(0.,0.00699284041399748,0.0140801245741273),
 .UNSPECIFIED.);
#108=B_SPLINE_CURVE_WITH_KNOTS('',3,(#9698,#9699,#9700,#9701,#9702),
 .UNSPECIFIED.,.F.,.F.,(4,1,4),(0.,0.00699284041399748,0.0140801245741273),
 .UNSPECIFIED.);
#109=B_SPLINE_CURVE_WITH_KNOTS('',3,(#9715,#9716,#9717,#9718,#9719),
 .UNSPECIFIED.,.F.,.F.,(4,1,4),(0.,0.00737164116162666,0.0144751660747146),
 .UNSPECIFIED.);
#110=B_SPLINE_CURVE_WITH_KNOTS('',3,(#9721,#9722,#9723,#9724,#9725),
 .UNSPECIFIED.,.F.,.F.,(4,1,4),(0.,0.00737164116162666,0.0144751660747146),
 .UNSPECIFIED.);
#111=B_SPLINE_CURVE_WITH_KNOTS('',3,(#9738,#9739,#9740,#9741,#9742),
 .UNSPECIFIED.,.F.,.F.,(4,1,4),(0.,0.00791174170417027,0.0155648187041533),
 .UNSPECIFIED.);
#112=B_SPLINE_CURVE_WITH_KNOTS('',3,(#9744,#9745,#9746,#9747,#9748),
 .UNSPECIFIED.,.F.,.F.,(4,1,4),(0.,0.00791174170417027,0.0155648187041533),
 .UNSPECIFIED.);
#113=B_SPLINE_CURVE_WITH_KNOTS('',3,(#9761,#9762,#9763,#9764,#9765),
 .UNSPECIFIED.,.F.,.F.,(4,1,4),(0.,0.00803919154039937,0.0169025679169742),
 .UNSPECIFIED.);
#114=B_SPLINE_CURVE_WITH_KNOTS('',3,(#9767,#9768,#9769,#9770,#9771),
 .UNSPECIFIED.,.F.,.F.,(4,1,4),(0.,0.00803919154039937,0.0169025679169742),
 .UNSPECIFIED.);
#115=B_SPLINE_CURVE_WITH_KNOTS('',3,(#9784,#9785,#9786,#9787,#9788),
 .UNSPECIFIED.,.F.,.F.,(4,1,4),(0.,0.00690893446030424,0.0142615909636123),
 .UNSPECIFIED.);
#116=B_SPLINE_CURVE_WITH_KNOTS('',3,(#9790,#9791,#9792,#9793,#9794),
 .UNSPECIFIED.,.F.,.F.,(4,1,4),(0.,0.00690893446030424,0.0142615909636123),
 .UNSPECIFIED.);
#117=B_SPLINE_CURVE_WITH_KNOTS('',3,(#9807,#9808,#9809,#9810,#9811),
 .UNSPECIFIED.,.F.,.F.,(4,1,4),(0.,0.00725835297473095,0.0141204510277828),
 .UNSPECIFIED.);
#118=B_SPLINE_CURVE_WITH_KNOTS('',3,(#9813,#9814,#9815,#9816,#9817),
 .UNSPECIFIED.,.F.,.F.,(4,1,4),(0.,0.00725835297473095,0.0141204510277828),
 .UNSPECIFIED.);
#119=B_SPLINE_CURVE_WITH_KNOTS('',3,(#9830,#9831,#9832,#9833,#9834),
 .UNSPECIFIED.,.F.,.F.,(4,1,4),(0.,0.00920569562121059,0.0172641448833178),
 .UNSPECIFIED.);
#120=B_SPLINE_CURVE_WITH_KNOTS('',3,(#9836,#9837,#9838,#9839,#9840),
 .UNSPECIFIED.,.F.,.F.,(4,1,4),(0.,0.00920569562121059,0.0172641448833178),
 .UNSPECIFIED.);
#121=B_SPLINE_CURVE_WITH_KNOTS('',3,(#9853,#9854,#9855,#9856,#9857),
 .UNSPECIFIED.,.F.,.F.,(4,1,4),(0.,0.00700887414963703,0.0142335471495711),
 .UNSPECIFIED.);
#122=B_SPLINE_CURVE_WITH_KNOTS('',3,(#9859,#9860,#9861,#9862,#9863),
 .UNSPECIFIED.,.F.,.F.,(4,1,4),(0.,0.00700887414963703,0.0142335471495711),
 .UNSPECIFIED.);
#123=B_SPLINE_CURVE_WITH_KNOTS('',3,(#9876,#9877,#9878,#9879,#9880),
 .UNSPECIFIED.,.F.,.F.,(4,1,4),(0.,0.00595001241754265,0.0125363874488731),
 .UNSPECIFIED.);
#124=B_SPLINE_CURVE_WITH_KNOTS('',3,(#9882,#9883,#9884,#9885,#9886),
 .UNSPECIFIED.,.F.,.F.,(4,1,4),(0.,0.00595001241754265,0.0125363874488731),
 .UNSPECIFIED.);
#125=B_SPLINE_CURVE_WITH_KNOTS('',3,(#9905,#9906,#9907,#9908,#9909),
 .UNSPECIFIED.,.F.,.F.,(4,1,4),(0.,0.00282889456078015,0.0054663392976836),
 .UNSPECIFIED.);
#126=B_SPLINE_CURVE_WITH_KNOTS('',3,(#9911,#9912,#9913,#9914,#9915),
 .UNSPECIFIED.,.F.,.F.,(4,1,4),(0.,0.00282889456078015,0.0054663392976836),
 .UNSPECIFIED.);
#127=B_SPLINE_CURVE_WITH_KNOTS('',3,(#9928,#9929,#9930,#9931,#9932),
 .UNSPECIFIED.,.F.,.F.,(4,1,4),(0.,0.00310850287013267,0.00609480675955116),
 .UNSPECIFIED.);
#128=B_SPLINE_CURVE_WITH_KNOTS('',3,(#9934,#9935,#9936,#9937,#9938),
 .UNSPECIFIED.,.F.,.F.,(4,1,4),(0.,0.00310850287013267,0.00609480675955116),
 .UNSPECIFIED.);
#129=B_SPLINE_CURVE_WITH_KNOTS('',3,(#9951,#9952,#9953,#9954,#9955),
 .UNSPECIFIED.,.F.,.F.,(4,1,4),(0.,0.00332411733633084,0.00654481258676683),
 .UNSPECIFIED.);
#130=B_SPLINE_CURVE_WITH_KNOTS('',3,(#9957,#9958,#9959,#9960,#9961),
 .UNSPECIFIED.,.F.,.F.,(4,1,4),(0.,0.00332411733633084,0.00654481258676683),
 .UNSPECIFIED.);
#131=B_SPLINE_CURVE_WITH_KNOTS('',3,(#9974,#9975,#9976,#9977,#9978),
 .UNSPECIFIED.,.F.,.F.,(4,1,4),(0.,0.00336713601665304,0.00673962160293816),
 .UNSPECIFIED.);
#132=B_SPLINE_CURVE_WITH_KNOTS('',3,(#9980,#9981,#9982,#9983,#9984),
 .UNSPECIFIED.,.F.,.F.,(4,1,4),(0.,0.00336713601665304,0.00673962160293816),
 .UNSPECIFIED.);
#133=B_SPLINE_CURVE_WITH_KNOTS('',3,(#9997,#9998,#9999,#10000,#10001),
 .UNSPECIFIED.,.F.,.F.,(4,1,4),(0.,0.00932479042273438,0.020379092709515),
 .UNSPECIFIED.);
#134=B_SPLINE_CURVE_WITH_KNOTS('',3,(#10003,#10004,#10005,#10006,#10007),
 .UNSPECIFIED.,.F.,.F.,(4,1,4),(0.,0.00932479042273438,0.020379092709515),
 .UNSPECIFIED.);
#135=B_SPLINE_CURVE_WITH_KNOTS('',3,(#10020,#10021,#10022,#10023,#10024),
 .UNSPECIFIED.,.F.,.F.,(4,1,4),(0.,0.0105441858051981,0.0196728871279789),
 .UNSPECIFIED.);
#136=B_SPLINE_CURVE_WITH_KNOTS('',3,(#10026,#10027,#10028,#10029,#10030),
 .UNSPECIFIED.,.F.,.F.,(4,1,4),(0.,0.0105441858051981,0.0196728871279789),
 .UNSPECIFIED.);
#137=B_SPLINE_CURVE_WITH_KNOTS('',3,(#10049,#10050,#10051,#10052,#10053),
 .UNSPECIFIED.,.F.,.F.,(4,1,4),(0.,0.00185785885064863,0.00360362860132131),
 .UNSPECIFIED.);
#138=B_SPLINE_CURVE_WITH_KNOTS('',3,(#10055,#10056,#10057,#10058,#10059),
 .UNSPECIFIED.,.F.,.F.,(4,1,4),(0.,0.00185785885064863,0.00360362860132131),
 .UNSPECIFIED.);
#139=B_SPLINE_CURVE_WITH_KNOTS('',3,(#10072,#10073,#10074,#10075,#10076),
 .UNSPECIFIED.,.F.,.F.,(4,1,4),(0.,0.00260144802683349,0.00474452618753787),
 .UNSPECIFIED.);
#140=B_SPLINE_CURVE_WITH_KNOTS('',3,(#10078,#10079,#10080,#10081,#10082),
 .UNSPECIFIED.,.F.,.F.,(4,1,4),(0.,0.00260144802683349,0.00474452618753787),
 .UNSPECIFIED.);
#141=B_SPLINE_CURVE_WITH_KNOTS('',3,(#10094,#10095,#10096,#10097,#10098),
 .UNSPECIFIED.,.F.,.F.,(4,1,4),(0.,0.0071985773053459,0.0150121764826539),
 .UNSPECIFIED.);
#142=B_SPLINE_CURVE_WITH_KNOTS('',3,(#10099,#10100,#10101,#10102,#10103),
 .UNSPECIFIED.,.F.,.F.,(4,1,4),(0.,0.0071985773053459,0.0150121764826539),
 .UNSPECIFIED.);
#143=B_SPLINE_CURVE_WITH_KNOTS('',3,(#10118,#10119,#10120,#10121,#10122),
 .UNSPECIFIED.,.F.,.F.,(4,1,4),(0.,0.00451719225712705,0.00928497007818188),
 .UNSPECIFIED.);
#144=B_SPLINE_CURVE_WITH_KNOTS('',3,(#10126,#10127,#10128,#10129,#10130),
 .UNSPECIFIED.,.F.,.F.,(4,1,4),(0.,0.00451719225712705,0.00928497007818188),
 .UNSPECIFIED.);
#145=B_SPLINE_CURVE_WITH_KNOTS('',3,(#10143,#10144,#10145,#10146,#10147),
 .UNSPECIFIED.,.F.,.F.,(4,1,4),(0.,0.003847353754853,0.00805835903867975),
 .UNSPECIFIED.);
#146=B_SPLINE_CURVE_WITH_KNOTS('',3,(#10149,#10150,#10151,#10152,#10153),
 .UNSPECIFIED.,.F.,.F.,(4,1,4),(0.,0.003847353754853,0.00805835903867975),
 .UNSPECIFIED.);
#147=B_SPLINE_CURVE_WITH_KNOTS('',3,(#10166,#10167,#10168,#10169,#10170),
 .UNSPECIFIED.,.F.,.F.,(4,1,4),(0.,0.00624809116579478,0.0138441534497502),
 .UNSPECIFIED.);
#148=B_SPLINE_CURVE_WITH_KNOTS('',3,(#10172,#10173,#10174,#10175,#10176),
 .UNSPECIFIED.,.F.,.F.,(4,1,4),(0.,0.00624809116579478,0.0138441534497502),
 .UNSPECIFIED.);
#149=B_SPLINE_CURVE_WITH_KNOTS('',3,(#10189,#10190,#10191,#10192,#10193),
 .UNSPECIFIED.,.F.,.F.,(4,1,4),(0.,0.00730401717082902,0.0134083937746192),
 .UNSPECIFIED.);
#150=B_SPLINE_CURVE_WITH_KNOTS('',3,(#10195,#10196,#10197,#10198,#10199),
 .UNSPECIFIED.,.F.,.F.,(4,1,4),(0.,0.00730401717082902,0.0134083937746192),
 .UNSPECIFIED.);
#151=B_SPLINE_CURVE_WITH_KNOTS('',3,(#10278,#10279,#10280,#10281,#10282),
 .UNSPECIFIED.,.F.,.F.,(4,1,4),(0.,0.00986078657001521,0.021786487800356),
 .UNSPECIFIED.);
#152=B_SPLINE_CURVE_WITH_KNOTS('',3,(#10284,#10285,#10286,#10287,#10288),
 .UNSPECIFIED.,.F.,.F.,(4,1,4),(0.,0.00986078657001521,0.021786487800356),
 .UNSPECIFIED.);
#153=B_SPLINE_CURVE_WITH_KNOTS('',3,(#10301,#10302,#10303,#10304,#10305),
 .UNSPECIFIED.,.F.,.F.,(4,1,4),(0.,0.0127298145754069,0.02293794257578),
 .UNSPECIFIED.);
#154=B_SPLINE_CURVE_WITH_KNOTS('',3,(#10307,#10308,#10309,#10310,#10311),
 .UNSPECIFIED.,.F.,.F.,(4,1,4),(0.,0.0127298145754069,0.02293794257578),
 .UNSPECIFIED.);
#155=B_SPLINE_CURVE_WITH_KNOTS('',3,(#10324,#10325,#10326,#10327,#10328),
 .UNSPECIFIED.,.F.,.F.,(4,1,4),(0.,0.00487279019794201,0.00980926322666861),
 .UNSPECIFIED.);
#156=B_SPLINE_CURVE_WITH_KNOTS('',3,(#10330,#10331,#10332,#10333,#10334),
 .UNSPECIFIED.,.F.,.F.,(4,1,4),(0.,0.00487279019794201,0.00980926322666861),
 .UNSPECIFIED.);
#157=B_SPLINE_CURVE_WITH_KNOTS('',3,(#10347,#10348,#10349,#10350,#10351),
 .UNSPECIFIED.,.F.,.F.,(4,1,4),(0.,0.00469519225178602,0.00948456694798098),
 .UNSPECIFIED.);
#158=B_SPLINE_CURVE_WITH_KNOTS('',3,(#10353,#10354,#10355,#10356,#10357),
 .UNSPECIFIED.,.F.,.F.,(4,1,4),(0.,0.00469519225178602,0.00948456694798098),
 .UNSPECIFIED.);
#159=B_SPLINE_CURVE_WITH_KNOTS('',3,(#10492,#10493,#10494,#10495,#10496),
 .UNSPECIFIED.,.F.,.F.,(4,1,4),(0.,0.00200949059780952,0.00404211775672066),
 .UNSPECIFIED.);
#160=B_SPLINE_CURVE_WITH_KNOTS('',3,(#10500,#10501,#10502,#10503,#10504),
 .UNSPECIFIED.,.F.,.F.,(4,1,4),(0.,0.00200949059780952,0.00404211775672066),
 .UNSPECIFIED.);
#161=B_SPLINE_CURVE_WITH_KNOTS('',3,(#10517,#10518,#10519,#10520,#10521),
 .UNSPECIFIED.,.F.,.F.,(4,1,4),(0.,0.00201124542327921,0.00401722041038931),
 .UNSPECIFIED.);
#162=B_SPLINE_CURVE_WITH_KNOTS('',3,(#10523,#10524,#10525,#10526,#10527),
 .UNSPECIFIED.,.F.,.F.,(4,1,4),(0.,0.00201124542327921,0.00401722041038931),
 .UNSPECIFIED.);
#163=B_SPLINE_CURVE_WITH_KNOTS('',3,(#10540,#10541,#10542,#10543,#10544),
 .UNSPECIFIED.,.F.,.F.,(4,1,4),(0.,0.00214218926452954,0.00419328720119221),
 .UNSPECIFIED.);
#164=B_SPLINE_CURVE_WITH_KNOTS('',3,(#10546,#10547,#10548,#10549,#10550),
 .UNSPECIFIED.,.F.,.F.,(4,1,4),(0.,0.00214218926452954,0.00419328720119221),
 .UNSPECIFIED.);
#165=B_SPLINE_CURVE_WITH_KNOTS('',3,(#10563,#10564,#10565,#10566,#10567),
 .UNSPECIFIED.,.F.,.F.,(4,1,4),(0.,0.00206023717214601,0.00415481667256041),
 .UNSPECIFIED.);
#166=B_SPLINE_CURVE_WITH_KNOTS('',3,(#10569,#10570,#10571,#10572,#10573),
 .UNSPECIFIED.,.F.,.F.,(4,1,4),(0.,0.00206023717214601,0.00415481667256041),
 .UNSPECIFIED.);
#167=B_SPLINE_CURVE_WITH_KNOTS('',3,(#10586,#10587,#10588,#10589,#10590),
 .UNSPECIFIED.,.F.,.F.,(4,1,4),(0.,0.00201341849251973,0.0040499505113164),
 .UNSPECIFIED.);
#168=B_SPLINE_CURVE_WITH_KNOTS('',3,(#10592,#10593,#10594,#10595,#10596),
 .UNSPECIFIED.,.F.,.F.,(4,1,4),(0.,0.00201341849251973,0.0040499505113164),
 .UNSPECIFIED.);
#169=B_SPLINE_CURVE_WITH_KNOTS('',3,(#10609,#10610,#10611,#10612,#10613),
 .UNSPECIFIED.,.F.,.F.,(4,1,4),(0.,0.00203262538856705,0.00404211837991626),
 .UNSPECIFIED.);
#170=B_SPLINE_CURVE_WITH_KNOTS('',3,(#10615,#10616,#10617,#10618,#10619),
 .UNSPECIFIED.,.F.,.F.,(4,1,4),(0.,0.00203262538856705,0.00404211837991626),
 .UNSPECIFIED.);
#171=B_SPLINE_CURVE_WITH_KNOTS('',3,(#10632,#10633,#10634,#10635,#10636),
 .UNSPECIFIED.,.F.,.F.,(4,1,4),(0.,0.00215170434347429,0.0042302555207723),
 .UNSPECIFIED.);
#172=B_SPLINE_CURVE_WITH_KNOTS('',3,(#10638,#10639,#10640,#10641,#10642),
 .UNSPECIFIED.,.F.,.F.,(4,1,4),(0.,0.00215170434347429,0.0042302555207723),
 .UNSPECIFIED.);
#173=B_SPLINE_CURVE_WITH_KNOTS('',3,(#10655,#10656,#10657,#10658,#10659),
 .UNSPECIFIED.,.F.,.F.,(4,1,4),(0.,0.00207855117729801,0.00423019617636472),
 .UNSPECIFIED.);
#174=B_SPLINE_CURVE_WITH_KNOTS('',3,(#10661,#10662,#10663,#10664,#10665),
 .UNSPECIFIED.,.F.,.F.,(4,1,4),(0.,0.00207855117729801,0.00423019617636472),
 .UNSPECIFIED.);
#175=B_SPLINE_CURVE_WITH_KNOTS('',3,(#10678,#10679,#10680,#10681,#10682),
 .UNSPECIFIED.,.F.,.F.,(4,1,4),(0.,0.00200949059780952,0.00404211775672066),
 .UNSPECIFIED.);
#176=B_SPLINE_CURVE_WITH_KNOTS('',3,(#10684,#10685,#10686,#10687,#10688),
 .UNSPECIFIED.,.F.,.F.,(4,1,4),(0.,0.00200949059780952,0.00404211775672066),
 .UNSPECIFIED.);
#177=B_SPLINE_CURVE_WITH_KNOTS('',3,(#10701,#10702,#10703,#10704,#10705),
 .UNSPECIFIED.,.F.,.F.,(4,1,4),(0.,0.00203653530777801,0.00404995089824555),
 .UNSPECIFIED.);
#178=B_SPLINE_CURVE_WITH_KNOTS('',3,(#10707,#10708,#10709,#10710,#10711),
 .UNSPECIFIED.,.F.,.F.,(4,1,4),(0.,0.00203653530777801,0.00404995089824555),
 .UNSPECIFIED.);
#179=B_SPLINE_CURVE_WITH_KNOTS('',3,(#10724,#10725,#10726,#10727,#10728),
 .UNSPECIFIED.,.F.,.F.,(4,1,4),(0.,0.00209457950041439,0.00415481667256041),
 .UNSPECIFIED.);
#180=B_SPLINE_CURVE_WITH_KNOTS('',3,(#10730,#10731,#10732,#10733,#10734),
 .UNSPECIFIED.,.F.,.F.,(4,1,4),(0.,0.00209457950041439,0.00415481667256041),
 .UNSPECIFIED.);
#181=B_SPLINE_CURVE_WITH_KNOTS('',3,(#10747,#10748,#10749,#10750,#10751),
 .UNSPECIFIED.,.F.,.F.,(4,1,4),(0.,0.0020511154472871,0.00419329912366224),
 .UNSPECIFIED.);
#182=B_SPLINE_CURVE_WITH_KNOTS('',3,(#10753,#10754,#10755,#10756,#10757),
 .UNSPECIFIED.,.F.,.F.,(4,1,4),(0.,0.0020511154472871,0.00419329912366224),
 .UNSPECIFIED.);
#183=B_SPLINE_CURVE_WITH_KNOTS('',3,(#10770,#10771,#10772,#10773,#10774),
 .UNSPECIFIED.,.F.,.F.,(4,1,4),(0.,0.0020059749871101,0.00401722041038931),
 .UNSPECIFIED.);
#184=B_SPLINE_CURVE_WITH_KNOTS('',3,(#10776,#10777,#10778,#10779,#10780),
 .UNSPECIFIED.,.F.,.F.,(4,1,4),(0.,0.0020059749871101,0.00401722041038931),
 .UNSPECIFIED.);
#185=B_SPLINE_CURVE_WITH_KNOTS('',3,(#10793,#10794,#10795,#10796,#10797),
 .UNSPECIFIED.,.F.,.F.,(4,1,4),(0.,0.0020326796031455,0.00404212452765257),
 .UNSPECIFIED.);
#186=B_SPLINE_CURVE_WITH_KNOTS('',3,(#10799,#10800,#10801,#10802,#10803),
 .UNSPECIFIED.,.F.,.F.,(4,1,4),(0.,0.0020326796031455,0.00404212452765257),
 .UNSPECIFIED.);
#187=B_SPLINE_CURVE_WITH_KNOTS('',3,(#10816,#10817,#10818,#10819,#10820),
 .UNSPECIFIED.,.F.,.F.,(4,1,4),(0.,0.00215170399574986,0.0042301970477923),
 .UNSPECIFIED.);
#188=B_SPLINE_CURVE_WITH_KNOTS('',3,(#10822,#10823,#10824,#10825,#10826),
 .UNSPECIFIED.,.F.,.F.,(4,1,4),(0.,0.00215170399574986,0.0042301970477923),
 .UNSPECIFIED.);
#189=B_SPLINE_CURVE_WITH_KNOTS('',3,(#10838,#10839,#10840,#10841,#10842),
 .UNSPECIFIED.,.F.,.F.,(4,1,4),(0.,0.00207855009741743,0.00423025409316729),
 .UNSPECIFIED.);
#190=B_SPLINE_CURVE_WITH_KNOTS('',3,(#10843,#10844,#10845,#10846,#10847),
 .UNSPECIFIED.,.F.,.F.,(4,1,4),(0.,0.00207855009741743,0.00423025409316729),
 .UNSPECIFIED.);
#191=B_SPLINE_CURVE_WITH_KNOTS('',3,(#10962,#10963,#10964,#10965,#10966),
 .UNSPECIFIED.,.F.,.F.,(4,1,4),(0.,0.00494359202802596,0.0105551935317553),
 .UNSPECIFIED.);
#192=B_SPLINE_CURVE_WITH_KNOTS('',3,(#10968,#10969,#10970,#10971,#10972),
 .UNSPECIFIED.,.F.,.F.,(4,1,4),(0.,0.00494359202802596,0.0105551935317553),
 .UNSPECIFIED.);
#193=B_SPLINE_CURVE_WITH_KNOTS('',3,(#10985,#10986,#10987,#10988,#10989),
 .UNSPECIFIED.,.F.,.F.,(4,1,4),(0.,0.0039156378036836,0.00828845549942084),
 .UNSPECIFIED.);
#194=B_SPLINE_CURVE_WITH_KNOTS('',3,(#10991,#10992,#10993,#10994,#10995),
 .UNSPECIFIED.,.F.,.F.,(4,1,4),(0.,0.0039156378036836,0.00828845549942084),
 .UNSPECIFIED.);
#195=B_SPLINE_CURVE_WITH_KNOTS('',3,(#11008,#11009,#11010,#11011,#11012),
 .UNSPECIFIED.,.F.,.F.,(4,1,4),(0.,0.00339399791680381,0.00697394462098095),
 .UNSPECIFIED.);
#196=B_SPLINE_CURVE_WITH_KNOTS('',3,(#11014,#11015,#11016,#11017,#11018),
 .UNSPECIFIED.,.F.,.F.,(4,1,4),(0.,0.00339399791680381,0.00697394462098095),
 .UNSPECIFIED.);
#197=B_SPLINE_CURVE_WITH_KNOTS('',3,(#11031,#11032,#11033,#11034,#11035),
 .UNSPECIFIED.,.F.,.F.,(4,1,4),(0.,0.00355829577582849,0.00695422335925144),
 .UNSPECIFIED.);
#198=B_SPLINE_CURVE_WITH_KNOTS('',3,(#11037,#11038,#11039,#11040,#11041),
 .UNSPECIFIED.,.F.,.F.,(4,1,4),(0.,0.00355829577582849,0.00695422335925144),
 .UNSPECIFIED.);
#199=B_SPLINE_CURVE_WITH_KNOTS('',3,(#11054,#11055,#11056,#11057,#11058),
 .UNSPECIFIED.,.F.,.F.,(4,1,4),(0.,0.00205172545938584,0.00421363797740072),
 .UNSPECIFIED.);
#200=B_SPLINE_CURVE_WITH_KNOTS('',3,(#11060,#11061,#11062,#11063,#11064),
 .UNSPECIFIED.,.F.,.F.,(4,1,4),(0.,0.00205172545938584,0.00421363797740072),
 .UNSPECIFIED.);
#201=B_SPLINE_CURVE_WITH_KNOTS('',3,(#11077,#11078,#11079,#11080,#11081),
 .UNSPECIFIED.,.F.,.F.,(4,1,4),(0.,0.00177346242786025,0.00369675155314986),
 .UNSPECIFIED.);
#202=B_SPLINE_CURVE_WITH_KNOTS('',3,(#11083,#11084,#11085,#11086,#11087),
 .UNSPECIFIED.,.F.,.F.,(4,1,4),(0.,0.00177346242786025,0.00369675155314986),
 .UNSPECIFIED.);
#203=B_SPLINE_CURVE_WITH_KNOTS('',3,(#11106,#11107,#11108,#11109,#11110),
 .UNSPECIFIED.,.F.,.F.,(4,1,4),(0.,0.00168594982439209,0.00352712526693176),
 .UNSPECIFIED.);
#204=B_SPLINE_CURVE_WITH_KNOTS('',3,(#11112,#11113,#11114,#11115,#11116),
 .UNSPECIFIED.,.F.,.F.,(4,1,4),(0.,0.00168594982439209,0.00352712526693176),
 .UNSPECIFIED.);
#205=B_SPLINE_CURVE_WITH_KNOTS('',3,(#11129,#11130,#11131,#11132,#11133),
 .UNSPECIFIED.,.F.,.F.,(4,1,4),(0.,0.00189373607070126,0.00359707122763207),
 .UNSPECIFIED.);
#206=B_SPLINE_CURVE_WITH_KNOTS('',3,(#11135,#11136,#11137,#11138,#11139),
 .UNSPECIFIED.,.F.,.F.,(4,1,4),(0.,0.00189373607070126,0.00359707122763207),
 .UNSPECIFIED.);
#207=B_SPLINE_CURVE_WITH_KNOTS('',3,(#11152,#11153,#11154,#11155,#11156),
 .UNSPECIFIED.,.F.,.F.,(4,1,4),(0.,0.00670889516019855,0.0139428997486439),
 .UNSPECIFIED.);
#208=B_SPLINE_CURVE_WITH_KNOTS('',3,(#11158,#11159,#11160,#11161,#11162),
 .UNSPECIFIED.,.F.,.F.,(4,1,4),(0.,0.00670889516019855,0.0139428997486439),
 .UNSPECIFIED.);
#209=B_SPLINE_CURVE_WITH_KNOTS('',3,(#11175,#11176,#11177,#11178,#11179),
 .UNSPECIFIED.,.F.,.F.,(4,1,4),(0.,0.00683215747128851,0.0133974721421658),
 .UNSPECIFIED.);
#210=B_SPLINE_CURVE_WITH_KNOTS('',3,(#11181,#11182,#11183,#11184,#11185),
 .UNSPECIFIED.,.F.,.F.,(4,1,4),(0.,0.00683215747128851,0.0133974721421658),
 .UNSPECIFIED.);
#211=B_SPLINE_CURVE_WITH_KNOTS('',3,(#11198,#11199,#11200,#11201,#11202),
 .UNSPECIFIED.,.F.,.F.,(4,1,4),(0.,0.00824697029465197,0.0156580235251726),
 .UNSPECIFIED.);
#212=B_SPLINE_CURVE_WITH_KNOTS('',3,(#11204,#11205,#11206,#11207,#11208),
 .UNSPECIFIED.,.F.,.F.,(4,1,4),(0.,0.00824697029465197,0.0156580235251726),
 .UNSPECIFIED.);
#213=B_SPLINE_CURVE_WITH_KNOTS('',3,(#11221,#11222,#11223,#11224,#11225),
 .UNSPECIFIED.,.F.,.F.,(4,1,4),(0.,0.0105902913689367,0.0199191425130165),
 .UNSPECIFIED.);
#214=B_SPLINE_CURVE_WITH_KNOTS('',3,(#11227,#11228,#11229,#11230,#11231),
 .UNSPECIFIED.,.F.,.F.,(4,1,4),(0.,0.0105902913689367,0.0199191425130165),
 .UNSPECIFIED.);
#215=B_SPLINE_CURVE_WITH_KNOTS('',3,(#11256,#11257,#11258,#11259,#11260),
 .UNSPECIFIED.,.F.,.F.,(4,1,4),(0.,0.00487852838055861,0.010404106833838),
 .UNSPECIFIED.);
#216=B_SPLINE_CURVE_WITH_KNOTS('',3,(#11264,#11265,#11266,#11267,#11268),
 .UNSPECIFIED.,.F.,.F.,(4,1,4),(0.,0.00487852838055861,0.010404106833838),
 .UNSPECIFIED.);
#217=B_SPLINE_CURVE_WITH_KNOTS('',3,(#11281,#11282,#11283,#11284,#11285),
 .UNSPECIFIED.,.F.,.F.,(4,1,4),(0.,0.00437549709279274,0.00887345627583418),
 .UNSPECIFIED.);
#218=B_SPLINE_CURVE_WITH_KNOTS('',3,(#11287,#11288,#11289,#11290,#11291),
 .UNSPECIFIED.,.F.,.F.,(4,1,4),(0.,0.00437549709279274,0.00887345627583418),
 .UNSPECIFIED.);
#219=B_SPLINE_CURVE_WITH_KNOTS('',3,(#11304,#11305,#11306,#11307,#11308),
 .UNSPECIFIED.,.F.,.F.,(4,1,4),(0.,0.00450015688566248,0.00891205134867075),
 .UNSPECIFIED.);
#220=B_SPLINE_CURVE_WITH_KNOTS('',3,(#11310,#11311,#11312,#11313,#11314),
 .UNSPECIFIED.,.F.,.F.,(4,1,4),(0.,0.00450015688566248,0.00891205134867075),
 .UNSPECIFIED.);
#221=B_SPLINE_CURVE_WITH_KNOTS('',3,(#11327,#11328,#11329,#11330,#11331),
 .UNSPECIFIED.,.F.,.F.,(4,1,4),(0.,0.00401409055321821,0.00778865169052097),
 .UNSPECIFIED.);
#222=B_SPLINE_CURVE_WITH_KNOTS('',3,(#11333,#11334,#11335,#11336,#11337),
 .UNSPECIFIED.,.F.,.F.,(4,1,4),(0.,0.00401409055321821,0.00778865169052097),
 .UNSPECIFIED.);
#223=B_SPLINE_CURVE_WITH_KNOTS('',3,(#11350,#11351,#11352,#11353,#11354),
 .UNSPECIFIED.,.F.,.F.,(4,1,4),(0.,0.00417094214609589,0.00832082890700875),
 .UNSPECIFIED.);
#224=B_SPLINE_CURVE_WITH_KNOTS('',3,(#11356,#11357,#11358,#11359,#11360),
 .UNSPECIFIED.,.F.,.F.,(4,1,4),(0.,0.00417094214609589,0.00832082890700875),
 .UNSPECIFIED.);
#225=B_SPLINE_CURVE_WITH_KNOTS('',3,(#11379,#11380,#11381,#11382,#11383),
 .UNSPECIFIED.,.F.,.F.,(4,1,4),(0.,0.00472414863553914,0.0101505897491446),
 .UNSPECIFIED.);
#226=B_SPLINE_CURVE_WITH_KNOTS('',3,(#11385,#11386,#11387,#11388,#11389),
 .UNSPECIFIED.,.F.,.F.,(4,1,4),(0.,0.00472414863553914,0.0101505897491446),
 .UNSPECIFIED.);
#227=B_SPLINE_CURVE_WITH_KNOTS('',3,(#11402,#11403,#11404,#11405,#11406),
 .UNSPECIFIED.,.F.,.F.,(4,1,4),(0.,0.00360373714244592,0.00771865948815039),
 .UNSPECIFIED.);
#228=B_SPLINE_CURVE_WITH_KNOTS('',3,(#11408,#11409,#11410,#11411,#11412),
 .UNSPECIFIED.,.F.,.F.,(4,1,4),(0.,0.00360373714244592,0.00771865948815039),
 .UNSPECIFIED.);
#229=B_SPLINE_CURVE_WITH_KNOTS('',3,(#11425,#11426,#11427,#11428,#11429),
 .UNSPECIFIED.,.F.,.F.,(4,1,4),(0.,0.00285754623180455,0.00603808241106231),
 .UNSPECIFIED.);
#230=B_SPLINE_CURVE_WITH_KNOTS('',3,(#11431,#11432,#11433,#11434,#11435),
 .UNSPECIFIED.,.F.,.F.,(4,1,4),(0.,0.00285754623180455,0.00603808241106231),
 .UNSPECIFIED.);
#231=B_SPLINE_CURVE_WITH_KNOTS('',3,(#11448,#11449,#11450,#11451,#11452),
 .UNSPECIFIED.,.F.,.F.,(4,1,4),(0.,0.00255190121575198,0.00520351696096452),
 .UNSPECIFIED.);
#232=B_SPLINE_CURVE_WITH_KNOTS('',3,(#11454,#11455,#11456,#11457,#11458),
 .UNSPECIFIED.,.F.,.F.,(4,1,4),(0.,0.00255190121575198,0.00520351696096452),
 .UNSPECIFIED.);
#233=B_SPLINE_CURVE_WITH_KNOTS('',3,(#11471,#11472,#11473,#11474,#11475),
 .UNSPECIFIED.,.F.,.F.,(4,1,4),(0.,0.0036070693520424,0.00748501787828531),
 .UNSPECIFIED.);
#234=B_SPLINE_CURVE_WITH_KNOTS('',3,(#11477,#11478,#11479,#11480,#11481),
 .UNSPECIFIED.,.F.,.F.,(4,1,4),(0.,0.0036070693520424,0.00748501787828531),
 .UNSPECIFIED.);
#235=B_SPLINE_CURVE_WITH_KNOTS('',3,(#11494,#11495,#11496,#11497,#11498),
 .UNSPECIFIED.,.F.,.F.,(4,1,4),(0.,0.00387553219724521,0.00751315129629521),
 .UNSPECIFIED.);
#236=B_SPLINE_CURVE_WITH_KNOTS('',3,(#11500,#11501,#11502,#11503,#11504),
 .UNSPECIFIED.,.F.,.F.,(4,1,4),(0.,0.00387553219724521,0.00751315129629521),
 .UNSPECIFIED.);
#237=B_SPLINE_CURVE_WITH_KNOTS('',3,(#11517,#11518,#11519,#11520,#11521),
 .UNSPECIFIED.,.F.,.F.,(4,1,4),(0.,0.00482252621152454,0.00911376257466632),
 .UNSPECIFIED.);
#238=B_SPLINE_CURVE_WITH_KNOTS('',3,(#11523,#11524,#11525,#11526,#11527),
 .UNSPECIFIED.,.F.,.F.,(4,1,4),(0.,0.00482252621152454,0.00911376257466632),
 .UNSPECIFIED.);
#239=B_SPLINE_CURVE_WITH_KNOTS('',3,(#11540,#11541,#11542,#11543,#11544),
 .UNSPECIFIED.,.F.,.F.,(4,1,4),(0.,0.00579989013119807,0.0111392263177806),
 .UNSPECIFIED.);
#240=B_SPLINE_CURVE_WITH_KNOTS('',3,(#11546,#11547,#11548,#11549,#11550),
 .UNSPECIFIED.,.F.,.F.,(4,1,4),(0.,0.00579989013119807,0.0111392263177806),
 .UNSPECIFIED.);
#241=B_SPLINE_CURVE_WITH_KNOTS('',3,(#11562,#11563,#11564,#11565,#11566),
 .UNSPECIFIED.,.F.,.F.,(4,1,4),(0.,0.00645750257161027,0.0141324883868124),
 .UNSPECIFIED.);
#242=B_SPLINE_CURVE_WITH_KNOTS('',3,(#11567,#11568,#11569,#11570,#11571),
 .UNSPECIFIED.,.F.,.F.,(4,1,4),(0.,0.00645750257161027,0.0141324883868124),
 .UNSPECIFIED.);
#243=B_SPLINE_CURVE_WITH_KNOTS('',3,(#11584,#11585,#11586,#11587,#11588),
 .UNSPECIFIED.,.F.,.F.,(4,1,4),(0.,0.00626380605359288,0.0131537569383719),
 .UNSPECIFIED.);
#244=B_SPLINE_CURVE_WITH_KNOTS('',3,(#11592,#11593,#11594,#11595,#11596),
 .UNSPECIFIED.,.F.,.F.,(4,1,4),(0.,0.00626380605359288,0.0131537569383719),
 .UNSPECIFIED.);
#245=B_SPLINE_CURVE_WITH_KNOTS('',3,(#11609,#11610,#11611,#11612,#11613),
 .UNSPECIFIED.,.F.,.F.,(4,1,4),(0.,0.00564913154437955,0.0114780742764428),
 .UNSPECIFIED.);
#246=B_SPLINE_CURVE_WITH_KNOTS('',3,(#11615,#11616,#11617,#11618,#11619),
 .UNSPECIFIED.,.F.,.F.,(4,1,4),(0.,0.00564913154437955,0.0114780742764428),
 .UNSPECIFIED.);
#247=B_SPLINE_CURVE_WITH_KNOTS('',3,(#11632,#11633,#11634,#11635,#11636),
 .UNSPECIFIED.,.F.,.F.,(4,1,4),(0.,0.00621654482988363,0.0119747433872879),
 .UNSPECIFIED.);
#248=B_SPLINE_CURVE_WITH_KNOTS('',3,(#11638,#11639,#11640,#11641,#11642),
 .UNSPECIFIED.,.F.,.F.,(4,1,4),(0.,0.00621654482988363,0.0119747433872879),
 .UNSPECIFIED.);
#249=B_SPLINE_CURVE_WITH_KNOTS('',3,(#11655,#11656,#11657,#11658,#11659),
 .UNSPECIFIED.,.F.,.F.,(4,1,4),(0.,0.00718682058166114,0.0144890757116688),
 .UNSPECIFIED.);
#250=B_SPLINE_CURVE_WITH_KNOTS('',3,(#11661,#11662,#11663,#11664,#11665),
 .UNSPECIFIED.,.F.,.F.,(4,1,4),(0.,0.00718682058166114,0.0144890757116688),
 .UNSPECIFIED.);
#251=B_SPLINE_CURVE_WITH_KNOTS('',3,(#11678,#11679,#11680,#11681,#11682),
 .UNSPECIFIED.,.F.,.F.,(4,1,4),(0.,0.00887105743862264,0.0165398780007164),
 .UNSPECIFIED.);
#252=B_SPLINE_CURVE_WITH_KNOTS('',3,(#11684,#11685,#11686,#11687,#11688),
 .UNSPECIFIED.,.F.,.F.,(4,1,4),(0.,0.00887105743862264,0.0165398780007164),
 .UNSPECIFIED.);
#253=B_SPLINE_CURVE_WITH_KNOTS('',3,(#11725,#11726,#11727,#11728,#11729),
 .UNSPECIFIED.,.F.,.F.,(4,1,4),(0.,0.00727469424649622,0.0146912471715018),
 .UNSPECIFIED.);
#254=B_SPLINE_CURVE_WITH_KNOTS('',3,(#11731,#11732,#11733,#11734,#11735),
 .UNSPECIFIED.,.F.,.F.,(4,1,4),(0.,0.00727469424649622,0.0146912471715018),
 .UNSPECIFIED.);
#255=B_SPLINE_CURVE_WITH_KNOTS('',3,(#11748,#11749,#11750,#11751,#11752),
 .UNSPECIFIED.,.F.,.F.,(4,1,4),(0.,0.00689367884091793,0.0139999653045943),
 .UNSPECIFIED.);
#256=B_SPLINE_CURVE_WITH_KNOTS('',3,(#11754,#11755,#11756,#11757,#11758),
 .UNSPECIFIED.,.F.,.F.,(4,1,4),(0.,0.00689367884091793,0.0139999653045943),
 .UNSPECIFIED.);
#257=B_SPLINE_CURVE_WITH_KNOTS('',3,(#11771,#11772,#11773,#11774,#11775),
 .UNSPECIFIED.,.F.,.F.,(4,1,4),(0.,0.00769303064921862,0.0160047382466908),
 .UNSPECIFIED.);
#258=B_SPLINE_CURVE_WITH_KNOTS('',3,(#11777,#11778,#11779,#11780,#11781),
 .UNSPECIFIED.,.F.,.F.,(4,1,4),(0.,0.00769303064921862,0.0160047382466908),
 .UNSPECIFIED.);
#259=B_SPLINE_CURVE_WITH_KNOTS('',3,(#11794,#11795,#11796,#11797,#11798),
 .UNSPECIFIED.,.F.,.F.,(4,1,4),(0.,0.00710067121011844,0.0143822042936649),
 .UNSPECIFIED.);
#260=B_SPLINE_CURVE_WITH_KNOTS('',3,(#11800,#11801,#11802,#11803,#11804),
 .UNSPECIFIED.,.F.,.F.,(4,1,4),(0.,0.00710067121011844,0.0143822042936649),
 .UNSPECIFIED.);
#261=B_SPLINE_CURVE_WITH_KNOTS('',3,(#11817,#11818,#11819,#11820,#11821),
 .UNSPECIFIED.,.F.,.F.,(4,1,4),(0.,0.00766030514066652,0.0148945830926045),
 .UNSPECIFIED.);
#262=B_SPLINE_CURVE_WITH_KNOTS('',3,(#11823,#11824,#11825,#11826,#11827),
 .UNSPECIFIED.,.F.,.F.,(4,1,4),(0.,0.00766030514066652,0.0148945830926045),
 .UNSPECIFIED.);
#263=B_SPLINE_CURVE_WITH_KNOTS('',3,(#11840,#11841,#11842,#11843,#11844),
 .UNSPECIFIED.,.F.,.F.,(4,1,4),(0.,0.00908101939719762,0.01736429584111),
 .UNSPECIFIED.);
#264=B_SPLINE_CURVE_WITH_KNOTS('',3,(#11846,#11847,#11848,#11849,#11850),
 .UNSPECIFIED.,.F.,.F.,(4,1,4),(0.,0.00908101939719762,0.01736429584111),
 .UNSPECIFIED.);
#265=B_SPLINE_CURVE_WITH_KNOTS('',3,(#11862,#11863,#11864,#11865,#11866),
 .UNSPECIFIED.,.F.,.F.,(4,1,4),(0.,0.00759418438477558,0.0159158492432035),
 .UNSPECIFIED.);
#266=B_SPLINE_CURVE_WITH_KNOTS('',3,(#11867,#11868,#11869,#11870,#11871),
 .UNSPECIFIED.,.F.,.F.,(4,1,4),(0.,0.00759418438477558,0.0159158492432035),
 .UNSPECIFIED.);
#267=B_SPLINE_CURVE_WITH_KNOTS('',3,(#11886,#11887,#11888,#11889,#11890),
 .UNSPECIFIED.,.F.,.F.,(4,1,4),(0.,0.00982792617055498,0.0188191215350524),
 .UNSPECIFIED.);
#268=B_SPLINE_CURVE_WITH_KNOTS('',3,(#11894,#11895,#11896,#11897,#11898),
 .UNSPECIFIED.,.F.,.F.,(4,1,4),(0.,0.00982792617055498,0.0188191215350524),
 .UNSPECIFIED.);
#269=B_SPLINE_CURVE_WITH_KNOTS('',3,(#11911,#11912,#11913,#11914,#11915),
 .UNSPECIFIED.,.F.,.F.,(4,1,4),(0.,0.0040050148855817,0.00793136595306449),
 .UNSPECIFIED.);
#270=B_SPLINE_CURVE_WITH_KNOTS('',3,(#11917,#11918,#11919,#11920,#11921),
 .UNSPECIFIED.,.F.,.F.,(4,1,4),(0.,0.0040050148855817,0.00793136595306449),
 .UNSPECIFIED.);
#271=B_SPLINE_CURVE_WITH_KNOTS('',3,(#11934,#11935,#11936,#11937,#11938),
 .UNSPECIFIED.,.F.,.F.,(4,1,4),(0.,0.00371548710180297,0.00764731455309341),
 .UNSPECIFIED.);
#272=B_SPLINE_CURVE_WITH_KNOTS('',3,(#11940,#11941,#11942,#11943,#11944),
 .UNSPECIFIED.,.F.,.F.,(4,1,4),(0.,0.00371548710180297,0.00764731455309341),
 .UNSPECIFIED.);
#273=B_SPLINE_CURVE_WITH_KNOTS('',3,(#11963,#11964,#11965,#11966,#11967),
 .UNSPECIFIED.,.F.,.F.,(4,1,4),(0.,0.00804165547323072,0.0179035309023747),
 .UNSPECIFIED.);
#274=B_SPLINE_CURVE_WITH_KNOTS('',3,(#11969,#11970,#11971,#11972,#11973),
 .UNSPECIFIED.,.F.,.F.,(4,1,4),(0.,0.00804165547323072,0.0179035309023747),
 .UNSPECIFIED.);
#275=B_SPLINE_CURVE_WITH_KNOTS('',3,(#11986,#11987,#11988,#11989,#11990),
 .UNSPECIFIED.,.F.,.F.,(4,1,4),(0.,0.00531439658350235,0.0117559821146161),
 .UNSPECIFIED.);
#276=B_SPLINE_CURVE_WITH_KNOTS('',3,(#11992,#11993,#11994,#11995,#11996),
 .UNSPECIFIED.,.F.,.F.,(4,1,4),(0.,0.00531439658350235,0.0117559821146161),
 .UNSPECIFIED.);
#277=B_SPLINE_CURVE_WITH_KNOTS('',3,(#12009,#12010,#12011,#12012,#12013),
 .UNSPECIFIED.,.F.,.F.,(4,1,4),(0.,0.00712914772611577,0.0139929672594921),
 .UNSPECIFIED.);
#278=B_SPLINE_CURVE_WITH_KNOTS('',3,(#12015,#12016,#12017,#12018,#12019),
 .UNSPECIFIED.,.F.,.F.,(4,1,4),(0.,0.00712914772611577,0.0139929672594921),
 .UNSPECIFIED.);
#279=B_SPLINE_CURVE_WITH_KNOTS('',3,(#12032,#12033,#12034,#12035,#12036),
 .UNSPECIFIED.,.F.,.F.,(4,1,4),(0.,0.0121987033622999,0.0213463148463411),
 .UNSPECIFIED.);
#280=B_SPLINE_CURVE_WITH_KNOTS('',3,(#12038,#12039,#12040,#12041,#12042),
 .UNSPECIFIED.,.F.,.F.,(4,1,4),(0.,0.0121987033622999,0.0213463148463411),
 .UNSPECIFIED.);
#281=B_SPLINE_CURVE_WITH_KNOTS('',3,(#12054,#12055,#12056,#12057,#12058),
 .UNSPECIFIED.,.F.,.F.,(4,1,4),(0.,0.0101154321196334,0.0232109033860934),
 .UNSPECIFIED.);
#282=B_SPLINE_CURVE_WITH_KNOTS('',3,(#12059,#12060,#12061,#12062,#12063),
 .UNSPECIFIED.,.F.,.F.,(4,1,4),(0.,0.0101154321196334,0.0232109033860934),
 .UNSPECIFIED.);
#283=B_SPLINE_CURVE_WITH_KNOTS('',3,(#12076,#12077,#12078,#12079,#12080),
 .UNSPECIFIED.,.F.,.F.,(4,1,4),(0.,0.00624189366415271,0.0131016060998878),
 .UNSPECIFIED.);
#284=B_SPLINE_CURVE_WITH_KNOTS('',3,(#12084,#12085,#12086,#12087,#12088),
 .UNSPECIFIED.,.F.,.F.,(4,1,4),(0.,0.00624189366415271,0.0131016060998878),
 .UNSPECIFIED.);
#285=B_SPLINE_CURVE_WITH_KNOTS('',3,(#12101,#12102,#12103,#12104,#12105),
 .UNSPECIFIED.,.F.,.F.,(4,1,4),(0.,0.00566462279465685,0.0114812229880306),
 .UNSPECIFIED.);
#286=B_SPLINE_CURVE_WITH_KNOTS('',3,(#12107,#12108,#12109,#12110,#12111),
 .UNSPECIFIED.,.F.,.F.,(4,1,4),(0.,0.00566462279465685,0.0114812229880306),
 .UNSPECIFIED.);
#287=B_SPLINE_CURVE_WITH_KNOTS('',3,(#12124,#12125,#12126,#12127,#12128),
 .UNSPECIFIED.,.F.,.F.,(4,1,4),(0.,0.00622603778549797,0.0120110319634644),
 .UNSPECIFIED.);
#288=B_SPLINE_CURVE_WITH_KNOTS('',3,(#12130,#12131,#12132,#12133,#12134),
 .UNSPECIFIED.,.F.,.F.,(4,1,4),(0.,0.00622603778549797,0.0120110319634644),
 .UNSPECIFIED.);
#289=B_SPLINE_CURVE_WITH_KNOTS('',3,(#12147,#12148,#12149,#12150,#12151),
 .UNSPECIFIED.,.F.,.F.,(4,1,4),(0.,0.0073766050381305,0.0147482515162195),
 .UNSPECIFIED.);
#290=B_SPLINE_CURVE_WITH_KNOTS('',3,(#12153,#12154,#12155,#12156,#12157),
 .UNSPECIFIED.,.F.,.F.,(4,1,4),(0.,0.0073766050381305,0.0147482515162195),
 .UNSPECIFIED.);
#291=B_SPLINE_CURVE_WITH_KNOTS('',3,(#12170,#12171,#12172,#12173,#12174),
 .UNSPECIFIED.,.F.,.F.,(4,1,4),(0.,0.0091449276852662,0.0171389914291452),
 .UNSPECIFIED.);
#292=B_SPLINE_CURVE_WITH_KNOTS('',3,(#12176,#12177,#12178,#12179,#12180),
 .UNSPECIFIED.,.F.,.F.,(4,1,4),(0.,0.0091449276852662,0.0171389914291452),
 .UNSPECIFIED.);
#293=B_SPLINE_CURVE_WITH_KNOTS('',3,(#12223,#12224,#12225,#12226,#12227),
 .UNSPECIFIED.,.F.,.F.,(4,1,4),(0.,0.00357854043552024,0.00715535589671349),
 .UNSPECIFIED.);
#294=B_SPLINE_CURVE_WITH_KNOTS('',3,(#12229,#12230,#12231,#12232,#12233),
 .UNSPECIFIED.,.F.,.F.,(4,1,4),(0.,0.00357854043552024,0.00715535589671349),
 .UNSPECIFIED.);
#295=B_SPLINE_CURVE_WITH_KNOTS('',3,(#12246,#12247,#12248,#12249,#12250),
 .UNSPECIFIED.,.F.,.F.,(4,1,4),(0.,0.00364566217762199,0.00724859191517029),
 .UNSPECIFIED.);
#296=B_SPLINE_CURVE_WITH_KNOTS('',3,(#12252,#12253,#12254,#12255,#12256),
 .UNSPECIFIED.,.F.,.F.,(4,1,4),(0.,0.00364566217762199,0.00724859191517029),
 .UNSPECIFIED.);
#297=B_SPLINE_CURVE_WITH_KNOTS('',3,(#12269,#12270,#12271,#12272,#12273),
 .UNSPECIFIED.,.F.,.F.,(4,1,4),(0.,0.00759466836000607,0.0157236928790479),
 .UNSPECIFIED.);
#298=B_SPLINE_CURVE_WITH_KNOTS('',3,(#12275,#12276,#12277,#12278,#12279),
 .UNSPECIFIED.,.F.,.F.,(4,1,4),(0.,0.00759466836000607,0.0157236928790479),
 .UNSPECIFIED.);
#299=B_SPLINE_CURVE_WITH_KNOTS('',3,(#12292,#12293,#12294,#12295,#12296),
 .UNSPECIFIED.,.F.,.F.,(4,1,4),(0.,0.00712459393891569,0.0143710028795192),
 .UNSPECIFIED.);
#300=B_SPLINE_CURVE_WITH_KNOTS('',3,(#12298,#12299,#12300,#12301,#12302),
 .UNSPECIFIED.,.F.,.F.,(4,1,4),(0.,0.00712459393891569,0.0143710028795192),
 .UNSPECIFIED.);
#301=B_SPLINE_CURVE_WITH_KNOTS('',3,(#12315,#12316,#12317,#12318,#12319),
 .UNSPECIFIED.,.F.,.F.,(4,1,4),(0.,0.00773243307828921,0.0150220225356179),
 .UNSPECIFIED.);
#302=B_SPLINE_CURVE_WITH_KNOTS('',3,(#12321,#12322,#12323,#12324,#12325),
 .UNSPECIFIED.,.F.,.F.,(4,1,4),(0.,0.00773243307828921,0.0150220225356179),
 .UNSPECIFIED.);
#303=B_SPLINE_CURVE_WITH_KNOTS('',3,(#12338,#12339,#12340,#12341,#12342),
 .UNSPECIFIED.,.F.,.F.,(4,1,4),(0.,0.00927247797442009,0.0176740671355534),
 .UNSPECIFIED.);
#304=B_SPLINE_CURVE_WITH_KNOTS('',3,(#12344,#12345,#12346,#12347,#12348),
 .UNSPECIFIED.,.F.,.F.,(4,1,4),(0.,0.00927247797442009,0.0176740671355534),
 .UNSPECIFIED.);
#305=B_SPLINE_CURVE_WITH_KNOTS('',3,(#12360,#12361,#12362,#12363,#12364),
 .UNSPECIFIED.,.F.,.F.,(4,1,4),(0.,0.00752817574803494,0.0157256742405569),
 .UNSPECIFIED.);
#306=B_SPLINE_CURVE_WITH_KNOTS('',3,(#12365,#12366,#12367,#12368,#12369),
 .UNSPECIFIED.,.F.,.F.,(4,1,4),(0.,0.00752817574803494,0.0157256742405569),
 .UNSPECIFIED.);
#307=B_SPLINE_SURFACE_WITH_KNOTS('',3,1,((#8656,#8657),(#8658,#8659),(#8660,
#8661),(#8662,#8663),(#8664,#8665)),.UNSPECIFIED.,.F.,.F.,.F.,(4,1,4),(2,
2),(0.,0.00707921207429007,0.0153587364792599),(0.,0.02),.UNSPECIFIED.);
#308=B_SPLINE_SURFACE_WITH_KNOTS('',3,1,((#8682,#8683),(#8684,#8685),(#8686,
#8687),(#8688,#8689),(#8690,#8691)),.UNSPECIFIED.,.F.,.F.,.F.,(4,1,4),(2,
2),(0.,0.00497462813364955,0.010948703245174),(0.,0.02),.UNSPECIFIED.);
#309=B_SPLINE_SURFACE_WITH_KNOTS('',3,1,((#8705,#8706),(#8707,#8708),(#8709,
#8710),(#8711,#8712),(#8713,#8714)),.UNSPECIFIED.,.F.,.F.,.F.,(4,1,4),(2,
2),(0.,0.00280206663799465,0.00606188198143887),(0.,0.02),.UNSPECIFIED.);
#310=B_SPLINE_SURFACE_WITH_KNOTS('',3,1,((#8728,#8729),(#8730,#8731),(#8732,
#8733),(#8734,#8735),(#8736,#8737)),.UNSPECIFIED.,.F.,.F.,.F.,(4,1,4),(2,
2),(0.,0.00225238262515595,0.00472040919606402),(0.,0.02),.UNSPECIFIED.);
#311=B_SPLINE_SURFACE_WITH_KNOTS('',3,1,((#8751,#8752),(#8753,#8754),(#8755,
#8756),(#8757,#8758),(#8759,#8760)),.UNSPECIFIED.,.F.,.F.,.F.,(4,1,4),(2,
2),(0.,0.00211350508597583,0.00425248869377628),(0.,0.02),.UNSPECIFIED.);
#312=B_SPLINE_SURFACE_WITH_KNOTS('',3,1,((#8774,#8775),(#8776,#8777),(#8778,
#8779),(#8780,#8781),(#8782,#8783)),.UNSPECIFIED.,.F.,.F.,.F.,(4,1,4),(2,
2),(0.,0.00217782463837412,0.00431647626459629),(0.,0.02),.UNSPECIFIED.);
#313=B_SPLINE_SURFACE_WITH_KNOTS('',3,1,((#8797,#8798),(#8799,#8800),(#8801,
#8802),(#8803,#8804),(#8805,#8806)),.UNSPECIFIED.,.F.,.F.,.F.,(4,1,4),(2,
2),(0.,0.00284987575632085,0.00591333496729579),(0.,0.02),.UNSPECIFIED.);
#314=B_SPLINE_SURFACE_WITH_KNOTS('',3,1,((#8820,#8821),(#8822,#8823),(#8824,
#8825),(#8826,#8827),(#8828,#8829)),.UNSPECIFIED.,.F.,.F.,.F.,(4,1,4),(2,
2),(0.,0.00284036102572353,0.00560579734809833),(0.,0.02),.UNSPECIFIED.);
#315=B_SPLINE_SURFACE_WITH_KNOTS('',3,1,((#8843,#8844),(#8845,#8846),(#8847,
#8848),(#8849,#8850),(#8851,#8852)),.UNSPECIFIED.,.F.,.F.,.F.,(4,1,4),(2,
2),(0.,0.00348576867333408,0.00656967477538632),(0.,0.02),.UNSPECIFIED.);
#316=B_SPLINE_SURFACE_WITH_KNOTS('',3,1,((#8866,#8867),(#8868,#8869),(#8870,
#8871),(#8872,#8873),(#8874,#8875)),.UNSPECIFIED.,.F.,.F.,.F.,(4,1,4),(2,
2),(0.,0.00463559288073633,0.00864591017964594),(0.,0.02),.UNSPECIFIED.);
#317=B_SPLINE_SURFACE_WITH_KNOTS('',3,1,((#8907,#8908),(#8909,#8910),(#8911,
#8912),(#8913,#8914),(#8915,#8916)),.UNSPECIFIED.,.F.,.F.,.F.,(4,1,4),(2,
2),(0.,0.00539189253338738,0.0114201768634502),(0.,0.02),.UNSPECIFIED.);
#318=B_SPLINE_SURFACE_WITH_KNOTS('',3,1,((#8930,#8931),(#8932,#8933),(#8934,
#8935),(#8936,#8937),(#8938,#8939)),.UNSPECIFIED.,.F.,.F.,.F.,(4,1,4),(2,
2),(0.,0.00491725805820566,0.00993520774581272),(0.,0.02),.UNSPECIFIED.);
#319=B_SPLINE_SURFACE_WITH_KNOTS('',3,1,((#8953,#8954),(#8955,#8956),(#8957,
#8958),(#8959,#8960),(#8961,#8962)),.UNSPECIFIED.,.F.,.F.,.F.,(4,1,4),(2,
2),(0.,0.00550505328889026,0.0105963943423262),(0.,0.02),.UNSPECIFIED.);
#320=B_SPLINE_SURFACE_WITH_KNOTS('',3,1,((#8976,#8977),(#8978,#8979),(#8980,
#8981),(#8982,#8983),(#8984,#8985)),.UNSPECIFIED.,.F.,.F.,.F.,(4,1,4),(2,
2),(0.,0.00662924915984716,0.0126689111954955),(0.,0.02),.UNSPECIFIED.);
#321=B_SPLINE_SURFACE_WITH_KNOTS('',3,1,((#8999,#9000),(#9001,#9002),(#9003,
#9004),(#9005,#9006),(#9007,#9008)),.UNSPECIFIED.,.F.,.F.,.F.,(4,1,4),(2,
2),(0.,0.00378136968388934,0.00758923542351891),(0.,0.02),.UNSPECIFIED.);
#322=B_SPLINE_SURFACE_WITH_KNOTS('',3,1,((#9022,#9023),(#9024,#9025),(#9026,
#9027),(#9028,#9029),(#9030,#9031)),.UNSPECIFIED.,.F.,.F.,.F.,(4,1,4),(2,
2),(0.,0.00357399266204185,0.00727877419949904),(0.,0.02),.UNSPECIFIED.);
#323=B_SPLINE_SURFACE_WITH_KNOTS('',3,1,((#9045,#9046),(#9047,#9048),(#9049,
#9050),(#9051,#9052),(#9053,#9054)),.UNSPECIFIED.,.F.,.F.,.F.,(4,1,4),(2,
2),(0.,0.00329167860304513,0.00672842280791173),(0.,0.02),.UNSPECIFIED.);
#324=B_SPLINE_SURFACE_WITH_KNOTS('',3,1,((#9068,#9069),(#9070,#9071),(#9072,
#9073),(#9074,#9075),(#9076,#9077)),.UNSPECIFIED.,.F.,.F.,.F.,(4,1,4),(2,
2),(0.,0.00281877174492832,0.00590495477662444),(0.,0.02),.UNSPECIFIED.);
#325=B_SPLINE_SURFACE_WITH_KNOTS('',3,1,((#9097,#9098),(#9099,#9100),(#9101,
#9102),(#9103,#9104),(#9105,#9106)),.UNSPECIFIED.,.F.,.F.,.F.,(4,1,4),(2,
2),(0.,0.00665427562879915,0.0136936604160543),(0.,0.02),.UNSPECIFIED.);
#326=B_SPLINE_SURFACE_WITH_KNOTS('',3,1,((#9120,#9121),(#9122,#9123),(#9124,
#9125),(#9126,#9127),(#9128,#9129)),.UNSPECIFIED.,.F.,.F.,.F.,(4,1,4),(2,
2),(0.,0.00646583713494428,0.0129185998125005),(0.,0.02),.UNSPECIFIED.);
#327=B_SPLINE_SURFACE_WITH_KNOTS('',3,1,((#9143,#9144),(#9145,#9146),(#9147,
#9148),(#9149,#9150),(#9151,#9152)),.UNSPECIFIED.,.F.,.F.,.F.,(4,1,4),(2,
2),(0.,0.00630648498383676,0.0141774332912511),(0.,0.02),.UNSPECIFIED.);
#328=B_SPLINE_SURFACE_WITH_KNOTS('',3,1,((#9166,#9167),(#9168,#9169),(#9170,
#9171),(#9172,#9173),(#9174,#9175)),.UNSPECIFIED.,.F.,.F.,.F.,(4,1,4),(2,
2),(0.,0.0062266474950993,0.0120123253138219),(0.,0.02),.UNSPECIFIED.);
#329=B_SPLINE_SURFACE_WITH_KNOTS('',3,1,((#9201,#9202),(#9203,#9204),(#9205,
#9206),(#9207,#9208),(#9209,#9210)),.UNSPECIFIED.,.F.,.F.,.F.,(4,1,4),(2,
2),(0.,0.0117382622417061,0.0266046975293902),(0.,0.02),.UNSPECIFIED.);
#330=B_SPLINE_SURFACE_WITH_KNOTS('',3,1,((#9224,#9225),(#9226,#9227),(#9228,
#9229),(#9230,#9231),(#9232,#9233)),.UNSPECIFIED.,.F.,.F.,.F.,(4,1,4),(2,
2),(0.,0.010522677521541,0.020643475012549),(0.,0.02),.UNSPECIFIED.);
#331=B_SPLINE_SURFACE_WITH_KNOTS('',3,1,((#9247,#9248),(#9249,#9250),(#9251,
#9252),(#9253,#9254),(#9255,#9256)),.UNSPECIFIED.,.F.,.F.,.F.,(4,1,4),(2,
2),(0.,0.00428434048296641,0.00879326444530997),(0.,0.02),.UNSPECIFIED.);
#332=B_SPLINE_SURFACE_WITH_KNOTS('',3,1,((#9270,#9271),(#9272,#9273),(#9274,
#9275),(#9276,#9277),(#9278,#9279)),.UNSPECIFIED.,.F.,.F.,.F.,(4,1,4),(2,
2),(0.,0.00413908725494617,0.00827950397800679),(0.,0.02),.UNSPECIFIED.);
#333=B_SPLINE_SURFACE_WITH_KNOTS('',3,1,((#9293,#9294),(#9295,#9296),(#9297,
#9298),(#9299,#9300),(#9301,#9302)),.UNSPECIFIED.,.F.,.F.,.F.,(4,1,4),(2,
2),(0.,0.00470195192948782,0.00902696652580962),(0.,0.02),.UNSPECIFIED.);
#334=B_SPLINE_SURFACE_WITH_KNOTS('',3,1,((#9316,#9317),(#9318,#9319),(#9320,
#9321),(#9322,#9323),(#9324,#9325)),.UNSPECIFIED.,.F.,.F.,.F.,(4,1,4),(2,
2),(0.,0.00611625808515725,0.0114142280739525),(0.,0.02),.UNSPECIFIED.);
#335=B_SPLINE_SURFACE_WITH_KNOTS('',3,1,((#9339,#9340),(#9341,#9342),(#9343,
#9344),(#9345,#9346),(#9347,#9348)),.UNSPECIFIED.,.F.,.F.,.F.,(4,1,4),(2,
2),(0.,0.00694224832056156,0.0139292122223133),(0.,0.02),.UNSPECIFIED.);
#336=B_SPLINE_SURFACE_WITH_KNOTS('',3,1,((#9362,#9363),(#9364,#9365),(#9366,
#9367),(#9368,#9369),(#9370,#9371)),.UNSPECIFIED.,.F.,.F.,.F.,(4,1,4),(2,
2),(0.,0.00827308881107547,0.0156386784527372),(0.,0.02),.UNSPECIFIED.);
#337=B_SPLINE_SURFACE_WITH_KNOTS('',3,1,((#9396,#9397),(#9398,#9399),(#9400,
#9401),(#9402,#9403),(#9404,#9405)),.UNSPECIFIED.,.F.,.F.,.F.,(4,1,4),(2,
2),(0.,0.00467942817177562,0.00964327268599369),(0.,0.02),.UNSPECIFIED.);
#338=B_SPLINE_SURFACE_WITH_KNOTS('',3,1,((#9422,#9423),(#9424,#9425),(#9426,
#9427),(#9428,#9429),(#9430,#9431)),.UNSPECIFIED.,.F.,.F.,.F.,(4,1,4),(2,
2),(0.,0.00410713266437691,0.00849705883700031),(0.,0.02),.UNSPECIFIED.);
#339=B_SPLINE_SURFACE_WITH_KNOTS('',3,1,((#9445,#9446),(#9447,#9448),(#9449,
#9450),(#9451,#9452),(#9453,#9454)),.UNSPECIFIED.,.F.,.F.,.F.,(4,1,4),(2,
2),(0.,0.00391351386387378,0.00785054679571864),(0.,0.02),.UNSPECIFIED.);
#340=B_SPLINE_SURFACE_WITH_KNOTS('',3,1,((#9468,#9469),(#9470,#9471),(#9472,
#9473),(#9474,#9475),(#9476,#9477)),.UNSPECIFIED.,.F.,.F.,.F.,(4,1,4),(2,
2),(0.,0.00419103112823449,0.0081832044847972),(0.,0.02),.UNSPECIFIED.);
#341=B_SPLINE_SURFACE_WITH_KNOTS('',3,1,((#9491,#9492),(#9493,#9494),(#9495,
#9496),(#9497,#9498),(#9499,#9500)),.UNSPECIFIED.,.F.,.F.,.F.,(4,1,4),(2,
2),(0.,0.00432865455158311,0.00909183286468121),(0.,0.02),.UNSPECIFIED.);
#342=B_SPLINE_SURFACE_WITH_KNOTS('',3,1,((#9514,#9515),(#9516,#9517),(#9518,
#9519),(#9520,#9521),(#9522,#9523)),.UNSPECIFIED.,.F.,.F.,.F.,(4,1,4),(2,
2),(0.,0.00396440804742633,0.00803230263208609),(0.,0.02),.UNSPECIFIED.);
#343=B_SPLINE_SURFACE_WITH_KNOTS('',3,1,((#9537,#9538),(#9539,#9540),(#9541,
#9542),(#9543,#9544),(#9545,#9546)),.UNSPECIFIED.,.F.,.F.,.F.,(4,1,4),(2,
2),(0.,0.00424638887842268,0.00827561054155076),(0.,0.02),.UNSPECIFIED.);
#344=B_SPLINE_SURFACE_WITH_KNOTS('',3,1,((#9560,#9561),(#9562,#9563),(#9564,
#9565),(#9566,#9567),(#9568,#9569)),.UNSPECIFIED.,.F.,.F.,.F.,(4,1,4),(2,
2),(0.,0.00490810125979889,0.00945662112151184),(0.,0.02),.UNSPECIFIED.);
#345=B_SPLINE_SURFACE_WITH_KNOTS('',3,1,((#9586,#9587),(#9588,#9589),(#9590,
#9591),(#9592,#9593),(#9594,#9595)),.UNSPECIFIED.,.F.,.F.,.F.,(4,1,4),(2,
2),(0.,0.00633962455198319,0.0130283372001394),(0.,0.02),.UNSPECIFIED.);
#346=B_SPLINE_SURFACE_WITH_KNOTS('',3,1,((#9612,#9613),(#9614,#9615),(#9616,
#9617),(#9618,#9619),(#9620,#9621)),.UNSPECIFIED.,.F.,.F.,.F.,(4,1,4),(2,
2),(0.,0.0064736379074671,0.0127382645661396),(0.,0.02),.UNSPECIFIED.);
#347=B_SPLINE_SURFACE_WITH_KNOTS('',3,1,((#9635,#9636),(#9637,#9638),(#9639,
#9640),(#9641,#9642),(#9643,#9644)),.UNSPECIFIED.,.F.,.F.,.F.,(4,1,4),(2,
2),(0.,0.00760084300412514,0.0145214256469109),(0.,0.02),.UNSPECIFIED.);
#348=B_SPLINE_SURFACE_WITH_KNOTS('',3,1,((#9658,#9659),(#9660,#9661),(#9662,
#9663),(#9664,#9665),(#9666,#9667)),.UNSPECIFIED.,.F.,.F.,.F.,(4,1,4),(2,
2),(0.,0.00734979218970629,0.0152141912856657),(0.,0.02),.UNSPECIFIED.);
#349=B_SPLINE_SURFACE_WITH_KNOTS('',3,1,((#9681,#9682),(#9683,#9684),(#9685,
#9686),(#9687,#9688),(#9689,#9690)),.UNSPECIFIED.,.F.,.F.,.F.,(4,1,4),(2,
2),(0.,0.00699284041399748,0.0140801245741273),(0.,0.02),.UNSPECIFIED.);
#350=B_SPLINE_SURFACE_WITH_KNOTS('',3,1,((#9704,#9705),(#9706,#9707),(#9708,
#9709),(#9710,#9711),(#9712,#9713)),.UNSPECIFIED.,.F.,.F.,.F.,(4,1,4),(2,
2),(0.,0.00737164116162666,0.0144751660747146),(0.,0.02),.UNSPECIFIED.);
#351=B_SPLINE_SURFACE_WITH_KNOTS('',3,1,((#9727,#9728),(#9729,#9730),(#9731,
#9732),(#9733,#9734),(#9735,#9736)),.UNSPECIFIED.,.F.,.F.,.F.,(4,1,4),(2,
2),(0.,0.00791174170417027,0.0155648187041533),(0.,0.02),.UNSPECIFIED.);
#352=B_SPLINE_SURFACE_WITH_KNOTS('',3,1,((#9750,#9751),(#9752,#9753),(#9754,
#9755),(#9756,#9757),(#9758,#9759)),.UNSPECIFIED.,.F.,.F.,.F.,(4,1,4),(2,
2),(0.,0.00803919154039937,0.0169025679169742),(0.,0.02),.UNSPECIFIED.);
#353=B_SPLINE_SURFACE_WITH_KNOTS('',3,1,((#9773,#9774),(#9775,#9776),(#9777,
#9778),(#9779,#9780),(#9781,#9782)),.UNSPECIFIED.,.F.,.F.,.F.,(4,1,4),(2,
2),(0.,0.00690893446030424,0.0142615909636123),(0.,0.02),.UNSPECIFIED.);
#354=B_SPLINE_SURFACE_WITH_KNOTS('',3,1,((#9796,#9797),(#9798,#9799),(#9800,
#9801),(#9802,#9803),(#9804,#9805)),.UNSPECIFIED.,.F.,.F.,.F.,(4,1,4),(2,
2),(0.,0.00725835297473095,0.0141204510277828),(0.,0.02),.UNSPECIFIED.);
#355=B_SPLINE_SURFACE_WITH_KNOTS('',3,1,((#9819,#9820),(#9821,#9822),(#9823,
#9824),(#9825,#9826),(#9827,#9828)),.UNSPECIFIED.,.F.,.F.,.F.,(4,1,4),(2,
2),(0.,0.00920569562121059,0.0172641448833178),(0.,0.02),.UNSPECIFIED.);
#356=B_SPLINE_SURFACE_WITH_KNOTS('',3,1,((#9842,#9843),(#9844,#9845),(#9846,
#9847),(#9848,#9849),(#9850,#9851)),.UNSPECIFIED.,.F.,.F.,.F.,(4,1,4),(2,
2),(0.,0.00700887414963703,0.0142335471495711),(0.,0.02),.UNSPECIFIED.);
#357=B_SPLINE_SURFACE_WITH_KNOTS('',3,1,((#9865,#9866),(#9867,#9868),(#9869,
#9870),(#9871,#9872),(#9873,#9874)),.UNSPECIFIED.,.F.,.F.,.F.,(4,1,4),(2,
2),(0.,0.00595001241754265,0.0125363874488731),(0.,0.02),.UNSPECIFIED.);
#358=B_SPLINE_SURFACE_WITH_KNOTS('',3,1,((#9894,#9895),(#9896,#9897),(#9898,
#9899),(#9900,#9901),(#9902,#9903)),.UNSPECIFIED.,.F.,.F.,.F.,(4,1,4),(2,
2),(0.,0.00282889456078015,0.0054663392976836),(0.,0.02),.UNSPECIFIED.);
#359=B_SPLINE_SURFACE_WITH_KNOTS('',3,1,((#9917,#9918),(#9919,#9920),(#9921,
#9922),(#9923,#9924),(#9925,#9926)),.UNSPECIFIED.,.F.,.F.,.F.,(4,1,4),(2,
2),(0.,0.00310850287013267,0.00609480675955116),(0.,0.02),.UNSPECIFIED.);
#360=B_SPLINE_SURFACE_WITH_KNOTS('',3,1,((#9940,#9941),(#9942,#9943),(#9944,
#9945),(#9946,#9947),(#9948,#9949)),.UNSPECIFIED.,.F.,.F.,.F.,(4,1,4),(2,
2),(0.,0.00332411733633084,0.00654481258676683),(0.,0.02),.UNSPECIFIED.);
#361=B_SPLINE_SURFACE_WITH_KNOTS('',3,1,((#9963,#9964),(#9965,#9966),(#9967,
#9968),(#9969,#9970),(#9971,#9972)),.UNSPECIFIED.,.F.,.F.,.F.,(4,1,4),(2,
2),(0.,0.00336713601665304,0.00673962160293816),(0.,0.02),.UNSPECIFIED.);
#362=B_SPLINE_SURFACE_WITH_KNOTS('',3,1,((#9986,#9987),(#9988,#9989),(#9990,
#9991),(#9992,#9993),(#9994,#9995)),.UNSPECIFIED.,.F.,.F.,.F.,(4,1,4),(2,
2),(0.,0.00932479042273438,0.020379092709515),(0.,0.02),.UNSPECIFIED.);
#363=B_SPLINE_SURFACE_WITH_KNOTS('',3,1,((#10009,#10010),(#10011,#10012),
(#10013,#10014),(#10015,#10016),(#10017,#10018)),.UNSPECIFIED.,.F.,.F.,
 .F.,(4,1,4),(2,2),(0.,0.0105441858051981,0.0196728871279789),(0.,0.02),
 .UNSPECIFIED.);
#364=B_SPLINE_SURFACE_WITH_KNOTS('',3,1,((#10038,#10039),(#10040,#10041),
(#10042,#10043),(#10044,#10045),(#10046,#10047)),.UNSPECIFIED.,.F.,.F.,
 .F.,(4,1,4),(2,2),(0.,0.00185785885064863,0.00360362860132131),(0.,0.02),
 .UNSPECIFIED.);
#365=B_SPLINE_SURFACE_WITH_KNOTS('',3,1,((#10061,#10062),(#10063,#10064),
(#10065,#10066),(#10067,#10068),(#10069,#10070)),.UNSPECIFIED.,.F.,.F.,
 .F.,(4,1,4),(2,2),(0.,0.00260144802683349,0.00474452618753787),(0.,0.02),
 .UNSPECIFIED.);
#366=B_SPLINE_SURFACE_WITH_KNOTS('',3,1,((#10084,#10085),(#10086,#10087),
(#10088,#10089),(#10090,#10091),(#10092,#10093)),.UNSPECIFIED.,.F.,.F.,
 .F.,(4,1,4),(2,2),(0.,0.0071985773053459,0.0150121764826539),(0.,0.02),
 .UNSPECIFIED.);
#367=B_SPLINE_SURFACE_WITH_KNOTS('',3,1,((#10106,#10107),(#10108,#10109),
(#10110,#10111),(#10112,#10113),(#10114,#10115)),.UNSPECIFIED.,.F.,.F.,
 .F.,(4,1,4),(2,2),(0.,0.00451719225712705,0.00928497007818188),(0.,0.02),
 .UNSPECIFIED.);
#368=B_SPLINE_SURFACE_WITH_KNOTS('',3,1,((#10132,#10133),(#10134,#10135),
(#10136,#10137),(#10138,#10139),(#10140,#10141)),.UNSPECIFIED.,.F.,.F.,
 .F.,(4,1,4),(2,2),(0.,0.003847353754853,0.00805835903867975),(0.,0.02),
 .UNSPECIFIED.);
#369=B_SPLINE_SURFACE_WITH_KNOTS('',3,1,((#10155,#10156),(#10157,#10158),
(#10159,#10160),(#10161,#10162),(#10163,#10164)),.UNSPECIFIED.,.F.,.F.,
 .F.,(4,1,4),(2,2),(0.,0.00624809116579478,0.0138441534497502),(0.,0.02),
 .UNSPECIFIED.);
#370=B_SPLINE_SURFACE_WITH_KNOTS('',3,1,((#10178,#10179),(#10180,#10181),
(#10182,#10183),(#10184,#10185),(#10186,#10187)),.UNSPECIFIED.,.F.,.F.,
 .F.,(4,1,4),(2,2),(0.,0.00730401717082902,0.0134083937746192),(0.,0.02),
 .UNSPECIFIED.);
#371=B_SPLINE_SURFACE_WITH_KNOTS('',3,1,((#10267,#10268),(#10269,#10270),
(#10271,#10272),(#10273,#10274),(#10275,#10276)),.UNSPECIFIED.,.F.,.F.,
 .F.,(4,1,4),(2,2),(0.,0.00986078657001521,0.021786487800356),(0.,0.02),
 .UNSPECIFIED.);
#372=B_SPLINE_SURFACE_WITH_KNOTS('',3,1,((#10290,#10291),(#10292,#10293),
(#10294,#10295),(#10296,#10297),(#10298,#10299)),.UNSPECIFIED.,.F.,.F.,
 .F.,(4,1,4),(2,2),(0.,0.0127298145754069,0.02293794257578),(0.,0.02),
 .UNSPECIFIED.);
#373=B_SPLINE_SURFACE_WITH_KNOTS('',3,1,((#10313,#10314),(#10315,#10316),
(#10317,#10318),(#10319,#10320),(#10321,#10322)),.UNSPECIFIED.,.F.,.F.,
 .F.,(4,1,4),(2,2),(0.,0.00487279019794201,0.00980926322666861),(0.,0.02),
 .UNSPECIFIED.);
#374=B_SPLINE_SURFACE_WITH_KNOTS('',3,1,((#10336,#10337),(#10338,#10339),
(#10340,#10341),(#10342,#10343),(#10344,#10345)),.UNSPECIFIED.,.F.,.F.,
 .F.,(4,1,4),(2,2),(0.,0.00469519225178602,0.00948456694798098),(0.,0.02),
 .UNSPECIFIED.);
#375=B_SPLINE_SURFACE_WITH_KNOTS('',3,1,((#10480,#10481),(#10482,#10483),
(#10484,#10485),(#10486,#10487),(#10488,#10489)),.UNSPECIFIED.,.F.,.F.,
 .F.,(4,1,4),(2,2),(0.,0.00200949059780952,0.00404211775672066),(0.,0.02),
 .UNSPECIFIED.);
#376=B_SPLINE_SURFACE_WITH_KNOTS('',3,1,((#10506,#10507),(#10508,#10509),
(#10510,#10511),(#10512,#10513),(#10514,#10515)),.UNSPECIFIED.,.F.,.F.,
 .F.,(4,1,4),(2,2),(0.,0.00201124542327921,0.00401722041038931),(0.,0.02),
 .UNSPECIFIED.);
#377=B_SPLINE_SURFACE_WITH_KNOTS('',3,1,((#10529,#10530),(#10531,#10532),
(#10533,#10534),(#10535,#10536),(#10537,#10538)),.UNSPECIFIED.,.F.,.F.,
 .F.,(4,1,4),(2,2),(0.,0.00214218926452954,0.00419328720119221),(0.,0.02),
 .UNSPECIFIED.);
#378=B_SPLINE_SURFACE_WITH_KNOTS('',3,1,((#10552,#10553),(#10554,#10555),
(#10556,#10557),(#10558,#10559),(#10560,#10561)),.UNSPECIFIED.,.F.,.F.,
 .F.,(4,1,4),(2,2),(0.,0.00206023717214601,0.00415481667256041),(0.,0.02),
 .UNSPECIFIED.);
#379=B_SPLINE_SURFACE_WITH_KNOTS('',3,1,((#10575,#10576),(#10577,#10578),
(#10579,#10580),(#10581,#10582),(#10583,#10584)),.UNSPECIFIED.,.F.,.F.,
 .F.,(4,1,4),(2,2),(0.,0.00201341849251973,0.0040499505113164),(0.,0.02),
 .UNSPECIFIED.);
#380=B_SPLINE_SURFACE_WITH_KNOTS('',3,1,((#10598,#10599),(#10600,#10601),
(#10602,#10603),(#10604,#10605),(#10606,#10607)),.UNSPECIFIED.,.F.,.F.,
 .F.,(4,1,4),(2,2),(0.,0.00203262538856705,0.00404211837991626),(0.,0.02),
 .UNSPECIFIED.);
#381=B_SPLINE_SURFACE_WITH_KNOTS('',3,1,((#10621,#10622),(#10623,#10624),
(#10625,#10626),(#10627,#10628),(#10629,#10630)),.UNSPECIFIED.,.F.,.F.,
 .F.,(4,1,4),(2,2),(0.,0.00215170434347429,0.0042302555207723),(0.,0.02),
 .UNSPECIFIED.);
#382=B_SPLINE_SURFACE_WITH_KNOTS('',3,1,((#10644,#10645),(#10646,#10647),
(#10648,#10649),(#10650,#10651),(#10652,#10653)),.UNSPECIFIED.,.F.,.F.,
 .F.,(4,1,4),(2,2),(0.,0.00207855117729801,0.00423019617636472),(0.,0.02),
 .UNSPECIFIED.);
#383=B_SPLINE_SURFACE_WITH_KNOTS('',3,1,((#10667,#10668),(#10669,#10670),
(#10671,#10672),(#10673,#10674),(#10675,#10676)),.UNSPECIFIED.,.F.,.F.,
 .F.,(4,1,4),(2,2),(0.,0.00200949059780952,0.00404211775672066),(0.,0.02),
 .UNSPECIFIED.);
#384=B_SPLINE_SURFACE_WITH_KNOTS('',3,1,((#10690,#10691),(#10692,#10693),
(#10694,#10695),(#10696,#10697),(#10698,#10699)),.UNSPECIFIED.,.F.,.F.,
 .F.,(4,1,4),(2,2),(0.,0.00203653530777801,0.00404995089824555),(0.,0.02),
 .UNSPECIFIED.);
#385=B_SPLINE_SURFACE_WITH_KNOTS('',3,1,((#10713,#10714),(#10715,#10716),
(#10717,#10718),(#10719,#10720),(#10721,#10722)),.UNSPECIFIED.,.F.,.F.,
 .F.,(4,1,4),(2,2),(0.,0.00209457950041439,0.00415481667256041),(0.,0.02),
 .UNSPECIFIED.);
#386=B_SPLINE_SURFACE_WITH_KNOTS('',3,1,((#10736,#10737),(#10738,#10739),
(#10740,#10741),(#10742,#10743),(#10744,#10745)),.UNSPECIFIED.,.F.,.F.,
 .F.,(4,1,4),(2,2),(0.,0.0020511154472871,0.00419329912366224),(0.,0.02),
 .UNSPECIFIED.);
#387=B_SPLINE_SURFACE_WITH_KNOTS('',3,1,((#10759,#10760),(#10761,#10762),
(#10763,#10764),(#10765,#10766),(#10767,#10768)),.UNSPECIFIED.,.F.,.F.,
 .F.,(4,1,4),(2,2),(0.,0.0020059749871101,0.00401722041038931),(0.,0.02),
 .UNSPECIFIED.);
#388=B_SPLINE_SURFACE_WITH_KNOTS('',3,1,((#10782,#10783),(#10784,#10785),
(#10786,#10787),(#10788,#10789),(#10790,#10791)),.UNSPECIFIED.,.F.,.F.,
 .F.,(4,1,4),(2,2),(0.,0.0020326796031455,0.00404212452765257),(0.,0.02),
 .UNSPECIFIED.);
#389=B_SPLINE_SURFACE_WITH_KNOTS('',3,1,((#10805,#10806),(#10807,#10808),
(#10809,#10810),(#10811,#10812),(#10813,#10814)),.UNSPECIFIED.,.F.,.F.,
 .F.,(4,1,4),(2,2),(0.,0.00215170399574986,0.0042301970477923),(0.,0.02),
 .UNSPECIFIED.);
#390=B_SPLINE_SURFACE_WITH_KNOTS('',3,1,((#10828,#10829),(#10830,#10831),
(#10832,#10833),(#10834,#10835),(#10836,#10837)),.UNSPECIFIED.,.F.,.F.,
 .F.,(4,1,4),(2,2),(0.,0.00207855009741743,0.00423025409316729),(0.,0.02),
 .UNSPECIFIED.);
#391=B_SPLINE_SURFACE_WITH_KNOTS('',3,1,((#10951,#10952),(#10953,#10954),
(#10955,#10956),(#10957,#10958),(#10959,#10960)),.UNSPECIFIED.,.F.,.F.,
 .F.,(4,1,4),(2,2),(0.,0.00494359202802596,0.0105551935317553),(0.,0.02),
 .UNSPECIFIED.);
#392=B_SPLINE_SURFACE_WITH_KNOTS('',3,1,((#10974,#10975),(#10976,#10977),
(#10978,#10979),(#10980,#10981),(#10982,#10983)),.UNSPECIFIED.,.F.,.F.,
 .F.,(4,1,4),(2,2),(0.,0.0039156378036836,0.00828845549942084),(0.,0.02),
 .UNSPECIFIED.);
#393=B_SPLINE_SURFACE_WITH_KNOTS('',3,1,((#10997,#10998),(#10999,#11000),
(#11001,#11002),(#11003,#11004),(#11005,#11006)),.UNSPECIFIED.,.F.,.F.,
 .F.,(4,1,4),(2,2),(0.,0.00339399791680381,0.00697394462098095),(0.,0.02),
 .UNSPECIFIED.);
#394=B_SPLINE_SURFACE_WITH_KNOTS('',3,1,((#11020,#11021),(#11022,#11023),
(#11024,#11025),(#11026,#11027),(#11028,#11029)),.UNSPECIFIED.,.F.,.F.,
 .F.,(4,1,4),(2,2),(0.,0.00355829577582849,0.00695422335925144),(0.,0.02),
 .UNSPECIFIED.);
#395=B_SPLINE_SURFACE_WITH_KNOTS('',3,1,((#11043,#11044),(#11045,#11046),
(#11047,#11048),(#11049,#11050),(#11051,#11052)),.UNSPECIFIED.,.F.,.F.,
 .F.,(4,1,4),(2,2),(0.,0.00205172545938584,0.00421363797740072),(0.,0.02),
 .UNSPECIFIED.);
#396=B_SPLINE_SURFACE_WITH_KNOTS('',3,1,((#11066,#11067),(#11068,#11069),
(#11070,#11071),(#11072,#11073),(#11074,#11075)),.UNSPECIFIED.,.F.,.F.,
 .F.,(4,1,4),(2,2),(0.,0.00177346242786025,0.00369675155314986),(0.,0.02),
 .UNSPECIFIED.);
#397=B_SPLINE_SURFACE_WITH_KNOTS('',3,1,((#11095,#11096),(#11097,#11098),
(#11099,#11100),(#11101,#11102),(#11103,#11104)),.UNSPECIFIED.,.F.,.F.,
 .F.,(4,1,4),(2,2),(0.,0.00168594982439209,0.00352712526693176),(0.,0.02),
 .UNSPECIFIED.);
#398=B_SPLINE_SURFACE_WITH_KNOTS('',3,1,((#11118,#11119),(#11120,#11121),
(#11122,#11123),(#11124,#11125),(#11126,#11127)),.UNSPECIFIED.,.F.,.F.,
 .F.,(4,1,4),(2,2),(0.,0.00189373607070126,0.00359707122763207),(0.,0.02),
 .UNSPECIFIED.);
#399=B_SPLINE_SURFACE_WITH_KNOTS('',3,1,((#11141,#11142),(#11143,#11144),
(#11145,#11146),(#11147,#11148),(#11149,#11150)),.UNSPECIFIED.,.F.,.F.,
 .F.,(4,1,4),(2,2),(0.,0.00670889516019855,0.0139428997486439),(0.,0.02),
 .UNSPECIFIED.);
#400=B_SPLINE_SURFACE_WITH_KNOTS('',3,1,((#11164,#11165),(#11166,#11167),
(#11168,#11169),(#11170,#11171),(#11172,#11173)),.UNSPECIFIED.,.F.,.F.,
 .F.,(4,1,4),(2,2),(0.,0.00683215747128851,0.0133974721421658),(0.,0.02),
 .UNSPECIFIED.);
#401=B_SPLINE_SURFACE_WITH_KNOTS('',3,1,((#11187,#11188),(#11189,#11190),
(#11191,#11192),(#11193,#11194),(#11195,#11196)),.UNSPECIFIED.,.F.,.F.,
 .F.,(4,1,4),(2,2),(0.,0.00824697029465197,0.0156580235251726),(0.,0.02),
 .UNSPECIFIED.);
#402=B_SPLINE_SURFACE_WITH_KNOTS('',3,1,((#11210,#11211),(#11212,#11213),
(#11214,#11215),(#11216,#11217),(#11218,#11219)),.UNSPECIFIED.,.F.,.F.,
 .F.,(4,1,4),(2,2),(0.,0.0105902913689367,0.0199191425130165),(0.,0.02),
 .UNSPECIFIED.);
#403=B_SPLINE_SURFACE_WITH_KNOTS('',3,1,((#11244,#11245),(#11246,#11247),
(#11248,#11249),(#11250,#11251),(#11252,#11253)),.UNSPECIFIED.,.F.,.F.,
 .F.,(4,1,4),(2,2),(0.,0.00487852838055861,0.010404106833838),(0.,0.02),
 .UNSPECIFIED.);
#404=B_SPLINE_SURFACE_WITH_KNOTS('',3,1,((#11270,#11271),(#11272,#11273),
(#11274,#11275),(#11276,#11277),(#11278,#11279)),.UNSPECIFIED.,.F.,.F.,
 .F.,(4,1,4),(2,2),(0.,0.00437549709279274,0.00887345627583418),(0.,0.02),
 .UNSPECIFIED.);
#405=B_SPLINE_SURFACE_WITH_KNOTS('',3,1,((#11293,#11294),(#11295,#11296),
(#11297,#11298),(#11299,#11300),(#11301,#11302)),.UNSPECIFIED.,.F.,.F.,
 .F.,(4,1,4),(2,2),(0.,0.00450015688566248,0.00891205134867075),(0.,0.02),
 .UNSPECIFIED.);
#406=B_SPLINE_SURFACE_WITH_KNOTS('',3,1,((#11316,#11317),(#11318,#11319),
(#11320,#11321),(#11322,#11323),(#11324,#11325)),.UNSPECIFIED.,.F.,.F.,
 .F.,(4,1,4),(2,2),(0.,0.00401409055321821,0.00778865169052097),(0.,0.02),
 .UNSPECIFIED.);
#407=B_SPLINE_SURFACE_WITH_KNOTS('',3,1,((#11339,#11340),(#11341,#11342),
(#11343,#11344),(#11345,#11346),(#11347,#11348)),.UNSPECIFIED.,.F.,.F.,
 .F.,(4,1,4),(2,2),(0.,0.00417094214609589,0.00832082890700875),(0.,0.02),
 .UNSPECIFIED.);
#408=B_SPLINE_SURFACE_WITH_KNOTS('',3,1,((#11368,#11369),(#11370,#11371),
(#11372,#11373),(#11374,#11375),(#11376,#11377)),.UNSPECIFIED.,.F.,.F.,
 .F.,(4,1,4),(2,2),(0.,0.00472414863553914,0.0101505897491446),(0.,0.02),
 .UNSPECIFIED.);
#409=B_SPLINE_SURFACE_WITH_KNOTS('',3,1,((#11391,#11392),(#11393,#11394),
(#11395,#11396),(#11397,#11398),(#11399,#11400)),.UNSPECIFIED.,.F.,.F.,
 .F.,(4,1,4),(2,2),(0.,0.00360373714244592,0.00771865948815039),(0.,0.02),
 .UNSPECIFIED.);
#410=B_SPLINE_SURFACE_WITH_KNOTS('',3,1,((#11414,#11415),(#11416,#11417),
(#11418,#11419),(#11420,#11421),(#11422,#11423)),.UNSPECIFIED.,.F.,.F.,
 .F.,(4,1,4),(2,2),(0.,0.00285754623180455,0.00603808241106231),(0.,0.02),
 .UNSPECIFIED.);
#411=B_SPLINE_SURFACE_WITH_KNOTS('',3,1,((#11437,#11438),(#11439,#11440),
(#11441,#11442),(#11443,#11444),(#11445,#11446)),.UNSPECIFIED.,.F.,.F.,
 .F.,(4,1,4),(2,2),(0.,0.00255190121575198,0.00520351696096452),(0.,0.02),
 .UNSPECIFIED.);
#412=B_SPLINE_SURFACE_WITH_KNOTS('',3,1,((#11460,#11461),(#11462,#11463),
(#11464,#11465),(#11466,#11467),(#11468,#11469)),.UNSPECIFIED.,.F.,.F.,
 .F.,(4,1,4),(2,2),(0.,0.0036070693520424,0.00748501787828531),(0.,0.02),
 .UNSPECIFIED.);
#413=B_SPLINE_SURFACE_WITH_KNOTS('',3,1,((#11483,#11484),(#11485,#11486),
(#11487,#11488),(#11489,#11490),(#11491,#11492)),.UNSPECIFIED.,.F.,.F.,
 .F.,(4,1,4),(2,2),(0.,0.00387553219724521,0.00751315129629521),(0.,0.02),
 .UNSPECIFIED.);
#414=B_SPLINE_SURFACE_WITH_KNOTS('',3,1,((#11506,#11507),(#11508,#11509),
(#11510,#11511),(#11512,#11513),(#11514,#11515)),.UNSPECIFIED.,.F.,.F.,
 .F.,(4,1,4),(2,2),(0.,0.00482252621152454,0.00911376257466632),(0.,0.02),
 .UNSPECIFIED.);
#415=B_SPLINE_SURFACE_WITH_KNOTS('',3,1,((#11529,#11530),(#11531,#11532),
(#11533,#11534),(#11535,#11536),(#11537,#11538)),.UNSPECIFIED.,.F.,.F.,
 .F.,(4,1,4),(2,2),(0.,0.00579989013119807,0.0111392263177806),(0.,0.02),
 .UNSPECIFIED.);
#416=B_SPLINE_SURFACE_WITH_KNOTS('',3,1,((#11552,#11553),(#11554,#11555),
(#11556,#11557),(#11558,#11559),(#11560,#11561)),.UNSPECIFIED.,.F.,.F.,
 .F.,(4,1,4),(2,2),(0.,0.00645750257161027,0.0141324883868124),(0.,0.02),
 .UNSPECIFIED.);
#417=B_SPLINE_SURFACE_WITH_KNOTS('',3,1,((#11572,#11573),(#11574,#11575),
(#11576,#11577),(#11578,#11579),(#11580,#11581)),.UNSPECIFIED.,.F.,.F.,
 .F.,(4,1,4),(2,2),(0.,0.00626380605359288,0.0131537569383719),(0.,0.02),
 .UNSPECIFIED.);
#418=B_SPLINE_SURFACE_WITH_KNOTS('',3,1,((#11598,#11599),(#11600,#11601),
(#11602,#11603),(#11604,#11605),(#11606,#11607)),.UNSPECIFIED.,.F.,.F.,
 .F.,(4,1,4),(2,2),(0.,0.00564913154437955,0.0114780742764428),(0.,0.02),
 .UNSPECIFIED.);
#419=B_SPLINE_SURFACE_WITH_KNOTS('',3,1,((#11621,#11622),(#11623,#11624),
(#11625,#11626),(#11627,#11628),(#11629,#11630)),.UNSPECIFIED.,.F.,.F.,
 .F.,(4,1,4),(2,2),(0.,0.00621654482988363,0.0119747433872879),(0.,0.02),
 .UNSPECIFIED.);
#420=B_SPLINE_SURFACE_WITH_KNOTS('',3,1,((#11644,#11645),(#11646,#11647),
(#11648,#11649),(#11650,#11651),(#11652,#11653)),.UNSPECIFIED.,.F.,.F.,
 .F.,(4,1,4),(2,2),(0.,0.00718682058166114,0.0144890757116688),(0.,0.02),
 .UNSPECIFIED.);
#421=B_SPLINE_SURFACE_WITH_KNOTS('',3,1,((#11667,#11668),(#11669,#11670),
(#11671,#11672),(#11673,#11674),(#11675,#11676)),.UNSPECIFIED.,.F.,.F.,
 .F.,(4,1,4),(2,2),(0.,0.00887105743862264,0.0165398780007164),(0.,0.02),
 .UNSPECIFIED.);
#422=B_SPLINE_SURFACE_WITH_KNOTS('',3,1,((#11714,#11715),(#11716,#11717),
(#11718,#11719),(#11720,#11721),(#11722,#11723)),.UNSPECIFIED.,.F.,.F.,
 .F.,(4,1,4),(2,2),(0.,0.00727469424649622,0.0146912471715018),(0.,0.02),
 .UNSPECIFIED.);
#423=B_SPLINE_SURFACE_WITH_KNOTS('',3,1,((#11737,#11738),(#11739,#11740),
(#11741,#11742),(#11743,#11744),(#11745,#11746)),.UNSPECIFIED.,.F.,.F.,
 .F.,(4,1,4),(2,2),(0.,0.00689367884091793,0.0139999653045943),(0.,0.02),
 .UNSPECIFIED.);
#424=B_SPLINE_SURFACE_WITH_KNOTS('',3,1,((#11760,#11761),(#11762,#11763),
(#11764,#11765),(#11766,#11767),(#11768,#11769)),.UNSPECIFIED.,.F.,.F.,
 .F.,(4,1,4),(2,2),(0.,0.00769303064921862,0.0160047382466908),(0.,0.02),
 .UNSPECIFIED.);
#425=B_SPLINE_SURFACE_WITH_KNOTS('',3,1,((#11783,#11784),(#11785,#11786),
(#11787,#11788),(#11789,#11790),(#11791,#11792)),.UNSPECIFIED.,.F.,.F.,
 .F.,(4,1,4),(2,2),(0.,0.00710067121011844,0.0143822042936649),(0.,0.02),
 .UNSPECIFIED.);
#426=B_SPLINE_SURFACE_WITH_KNOTS('',3,1,((#11806,#11807),(#11808,#11809),
(#11810,#11811),(#11812,#11813),(#11814,#11815)),.UNSPECIFIED.,.F.,.F.,
 .F.,(4,1,4),(2,2),(0.,0.00766030514066652,0.0148945830926045),(0.,0.02),
 .UNSPECIFIED.);
#427=B_SPLINE_SURFACE_WITH_KNOTS('',3,1,((#11829,#11830),(#11831,#11832),
(#11833,#11834),(#11835,#11836),(#11837,#11838)),.UNSPECIFIED.,.F.,.F.,
 .F.,(4,1,4),(2,2),(0.,0.00908101939719762,0.01736429584111),(0.,0.02),
 .UNSPECIFIED.);
#428=B_SPLINE_SURFACE_WITH_KNOTS('',3,1,((#11852,#11853),(#11854,#11855),
(#11856,#11857),(#11858,#11859),(#11860,#11861)),.UNSPECIFIED.,.F.,.F.,
 .F.,(4,1,4),(2,2),(0.,0.00759418438477558,0.0159158492432035),(0.,0.02),
 .UNSPECIFIED.);
#429=B_SPLINE_SURFACE_WITH_KNOTS('',3,1,((#11874,#11875),(#11876,#11877),
(#11878,#11879),(#11880,#11881),(#11882,#11883)),.UNSPECIFIED.,.F.,.F.,
 .F.,(4,1,4),(2,2),(0.,0.00982792617055498,0.0188191215350524),(0.,0.02),
 .UNSPECIFIED.);
#430=B_SPLINE_SURFACE_WITH_KNOTS('',3,1,((#11900,#11901),(#11902,#11903),
(#11904,#11905),(#11906,#11907),(#11908,#11909)),.UNSPECIFIED.,.F.,.F.,
 .F.,(4,1,4),(2,2),(0.,0.0040050148855817,0.00793136595306449),(0.,0.02),
 .UNSPECIFIED.);
#431=B_SPLINE_SURFACE_WITH_KNOTS('',3,1,((#11923,#11924),(#11925,#11926),
(#11927,#11928),(#11929,#11930),(#11931,#11932)),.UNSPECIFIED.,.F.,.F.,
 .F.,(4,1,4),(2,2),(0.,0.00371548710180297,0.00764731455309341),(0.,0.02),
 .UNSPECIFIED.);
#432=B_SPLINE_SURFACE_WITH_KNOTS('',3,1,((#11952,#11953),(#11954,#11955),
(#11956,#11957),(#11958,#11959),(#11960,#11961)),.UNSPECIFIED.,.F.,.F.,
 .F.,(4,1,4),(2,2),(0.,0.00804165547323072,0.0179035309023747),(0.,0.02),
 .UNSPECIFIED.);
#433=B_SPLINE_SURFACE_WITH_KNOTS('',3,1,((#11975,#11976),(#11977,#11978),
(#11979,#11980),(#11981,#11982),(#11983,#11984)),.UNSPECIFIED.,.F.,.F.,
 .F.,(4,1,4),(2,2),(0.,0.00531439658350235,0.0117559821146161),(0.,0.02),
 .UNSPECIFIED.);
#434=B_SPLINE_SURFACE_WITH_KNOTS('',3,1,((#11998,#11999),(#12000,#12001),
(#12002,#12003),(#12004,#12005),(#12006,#12007)),.UNSPECIFIED.,.F.,.F.,
 .F.,(4,1,4),(2,2),(0.,0.00712914772611577,0.0139929672594921),(0.,0.02),
 .UNSPECIFIED.);
#435=B_SPLINE_SURFACE_WITH_KNOTS('',3,1,((#12021,#12022),(#12023,#12024),
(#12025,#12026),(#12027,#12028),(#12029,#12030)),.UNSPECIFIED.,.F.,.F.,
 .F.,(4,1,4),(2,2),(0.,0.0121987033622999,0.0213463148463411),(0.,0.02),
 .UNSPECIFIED.);
#436=B_SPLINE_SURFACE_WITH_KNOTS('',3,1,((#12044,#12045),(#12046,#12047),
(#12048,#12049),(#12050,#12051),(#12052,#12053)),.UNSPECIFIED.,.F.,.F.,
 .F.,(4,1,4),(2,2),(0.,0.0101154321196334,0.0232109033860934),(0.,0.02),
 .UNSPECIFIED.);
#437=B_SPLINE_SURFACE_WITH_KNOTS('',3,1,((#12064,#12065),(#12066,#12067),
(#12068,#12069),(#12070,#12071),(#12072,#12073)),.UNSPECIFIED.,.F.,.F.,
 .F.,(4,1,4),(2,2),(0.,0.00624189366415271,0.0131016060998878),(0.,0.02),
 .UNSPECIFIED.);
#438=B_SPLINE_SURFACE_WITH_KNOTS('',3,1,((#12090,#12091),(#12092,#12093),
(#12094,#12095),(#12096,#12097),(#12098,#12099)),.UNSPECIFIED.,.F.,.F.,
 .F.,(4,1,4),(2,2),(0.,0.00566462279465685,0.0114812229880306),(0.,0.02),
 .UNSPECIFIED.);
#439=B_SPLINE_SURFACE_WITH_KNOTS('',3,1,((#12113,#12114),(#12115,#12116),
(#12117,#12118),(#12119,#12120),(#12121,#12122)),.UNSPECIFIED.,.F.,.F.,
 .F.,(4,1,4),(2,2),(0.,0.00622603778549797,0.0120110319634644),(0.,0.02),
 .UNSPECIFIED.);
#440=B_SPLINE_SURFACE_WITH_KNOTS('',3,1,((#12136,#12137),(#12138,#12139),
(#12140,#12141),(#12142,#12143),(#12144,#12145)),.UNSPECIFIED.,.F.,.F.,
 .F.,(4,1,4),(2,2),(0.,0.0073766050381305,0.0147482515162195),(0.,0.02),
 .UNSPECIFIED.);
#441=B_SPLINE_SURFACE_WITH_KNOTS('',3,1,((#12159,#12160),(#12161,#12162),
(#12163,#12164),(#12165,#12166),(#12167,#12168)),.UNSPECIFIED.,.F.,.F.,
 .F.,(4,1,4),(2,2),(0.,0.0091449276852662,0.0171389914291452),(0.,0.02),
 .UNSPECIFIED.);
#442=B_SPLINE_SURFACE_WITH_KNOTS('',3,1,((#12212,#12213),(#12214,#12215),
(#12216,#12217),(#12218,#12219),(#12220,#12221)),.UNSPECIFIED.,.F.,.F.,
 .F.,(4,1,4),(2,2),(0.,0.00357854043552024,0.00715535589671349),(0.,0.02),
 .UNSPECIFIED.);
#443=B_SPLINE_SURFACE_WITH_KNOTS('',3,1,((#12235,#12236),(#12237,#12238),
(#12239,#12240),(#12241,#12242),(#12243,#12244)),.UNSPECIFIED.,.F.,.F.,
 .F.,(4,1,4),(2,2),(0.,0.00364566217762199,0.00724859191517029),(0.,0.02),
 .UNSPECIFIED.);
#444=B_SPLINE_SURFACE_WITH_KNOTS('',3,1,((#12258,#12259),(#12260,#12261),
(#12262,#12263),(#12264,#12265),(#12266,#12267)),.UNSPECIFIED.,.F.,.F.,
 .F.,(4,1,4),(2,2),(0.,0.00759466836000607,0.0157236928790479),(0.,0.02),
 .UNSPECIFIED.);
#445=B_SPLINE_SURFACE_WITH_KNOTS('',3,1,((#12281,#12282),(#12283,#12284),
(#12285,#12286),(#12287,#12288),(#12289,#12290)),.UNSPECIFIED.,.F.,.F.,
 .F.,(4,1,4),(2,2),(0.,0.00712459393891569,0.0143710028795192),(0.,0.02),
 .UNSPECIFIED.);
#446=B_SPLINE_SURFACE_WITH_KNOTS('',3,1,((#12304,#12305),(#12306,#12307),
(#12308,#12309),(#12310,#12311),(#12312,#12313)),.UNSPECIFIED.,.F.,.F.,
 .F.,(4,1,4),(2,2),(0.,0.00773243307828921,0.0150220225356179),(0.,0.02),
 .UNSPECIFIED.);
#447=B_SPLINE_SURFACE_WITH_KNOTS('',3,1,((#12327,#12328),(#12329,#12330),
(#12331,#12332),(#12333,#12334),(#12335,#12336)),.UNSPECIFIED.,.F.,.F.,
 .F.,(4,1,4),(2,2),(0.,0.00927247797442009,0.0176740671355534),(0.,0.02),
 .UNSPECIFIED.);
#448=B_SPLINE_SURFACE_WITH_KNOTS('',3,1,((#12350,#12351),(#12352,#12353),
(#12354,#12355),(#12356,#12357),(#12358,#12359)),.UNSPECIFIED.,.F.,.F.,
 .F.,(4,1,4),(2,2),(0.,0.00752817574803494,0.0157256742405569),(0.,0.02),
 .UNSPECIFIED.);
#449=SHAPE_REPRESENTATION_RELATIONSHIP('SRR','None',#12518,#451);
#450=SHAPE_REPRESENTATION_RELATIONSHIP('SRR','None',#12519,#452);
#451=ADVANCED_BREP_SHAPE_REPRESENTATION('',(#466),#12498);
#452=ADVANCED_BREP_SHAPE_REPRESENTATION('',(#467,#468,#469,#470,#471,#472,
#473,#474,#475,#476,#477,#478),#12499);
#453=STYLED_ITEM('',(#12540),#466);
#454=STYLED_ITEM('',(#12540),#467);
#455=STYLED_ITEM('',(#12540),#468);
#456=STYLED_ITEM('',(#12540),#469);
#457=STYLED_ITEM('',(#12540),#470);
#458=STYLED_ITEM('',(#12540),#471);
#459=STYLED_ITEM('',(#12540),#472);
#460=STYLED_ITEM('',(#12540),#473);
#461=STYLED_ITEM('',(#12540),#474);
#462=STYLED_ITEM('',(#12540),#475);
#463=STYLED_ITEM('',(#12540),#476);
#464=STYLED_ITEM('',(#12540),#477);
#465=STYLED_ITEM('',(#12540),#478);
#466=MANIFOLD_SOLID_BREP('Body1',#6580);
#467=MANIFOLD_SOLID_BREP('Body1',#6581);
#468=MANIFOLD_SOLID_BREP('Body1',#6582);
#469=MANIFOLD_SOLID_BREP('Body4',#6583);
#470=MANIFOLD_SOLID_BREP('Body5',#6584);
#471=MANIFOLD_SOLID_BREP('Body6',#6585);
#472=MANIFOLD_SOLID_BREP('Body7',#6586);
#473=MANIFOLD_SOLID_BREP('Body8',#6587);
#474=MANIFOLD_SOLID_BREP('Body9',#6588);
#475=MANIFOLD_SOLID_BREP('Body10',#6589);
#476=MANIFOLD_SOLID_BREP('Body11',#6590);
#477=MANIFOLD_SOLID_BREP('Body12',#6591);
#478=MANIFOLD_SOLID_BREP('Body13',#6592);
#479=CYLINDRICAL_SURFACE('',#6643,5.);
#480=CYLINDRICAL_SURFACE('',#6654,5.);
#481=CYLINDRICAL_SURFACE('',#6656,5.);
#482=CYLINDRICAL_SURFACE('',#6657,5.);
#483=CYLINDRICAL_SURFACE('',#6661,3.);
#484=CYLINDRICAL_SURFACE('',#6663,3.);
#485=CYLINDRICAL_SURFACE('',#6665,3.00000000000001);
#486=CYLINDRICAL_SURFACE('',#6667,3.00000000000001);
#487=CYLINDRICAL_SURFACE('',#6672,1.7);
#488=CYLINDRICAL_SURFACE('',#6675,1.7);
#489=CYLINDRICAL_SURFACE('',#6678,1.7);
#490=CYLINDRICAL_SURFACE('',#6681,1.7);
#491=CYLINDRICAL_SURFACE('',#6685,5.);
#492=CYLINDRICAL_SURFACE('',#6722,5.);
#493=CYLINDRICAL_SURFACE('',#6725,5.);
#494=CYLINDRICAL_SURFACE('',#6728,5.);
#495=CYLINDRICAL_SURFACE('',#6731,0.5);
#496=CYLINDRICAL_SURFACE('',#6734,0.500000000000003);
#497=CYLINDRICAL_SURFACE('',#6737,0.499999999999998);
#498=CYLINDRICAL_SURFACE('',#6740,0.499999999999998);
#499=CYLINDRICAL_SURFACE('',#6743,0.5);
#500=CYLINDRICAL_SURFACE('',#6746,0.499999999999998);
#501=CYLINDRICAL_SURFACE('',#6749,0.499999999999998);
#502=CYLINDRICAL_SURFACE('',#6752,0.5);
#503=CYLINDRICAL_SURFACE('',#6755,0.499999999999998);
#504=CYLINDRICAL_SURFACE('',#6758,0.500000000000003);
#505=CYLINDRICAL_SURFACE('',#6761,0.500000000000003);
#506=CYLINDRICAL_SURFACE('',#6764,0.499999999999998);
#507=CYLINDRICAL_SURFACE('',#6766,1.6);
#508=CYLINDRICAL_SURFACE('',#6769,0.499999999999998);
#509=CYLINDRICAL_SURFACE('',#6772,0.500000000000003);
#510=CYLINDRICAL_SURFACE('',#6775,0.499999999999998);
#511=CYLINDRICAL_SURFACE('',#6778,0.499999999999998);
#512=CYLINDRICAL_SURFACE('',#6781,0.499999999999998);
#513=CYLINDRICAL_SURFACE('',#6784,0.499999999999998);
#514=CYLINDRICAL_SURFACE('',#6787,0.500000000000003);
#515=CYLINDRICAL_SURFACE('',#6790,0.5);
#516=CYLINDRICAL_SURFACE('',#6792,1.7);
#517=CYLINDRICAL_SURFACE('',#6794,1.7);
#518=CYLINDRICAL_SURFACE('',#6797,0.499999999999998);
#519=CYLINDRICAL_SURFACE('',#6800,0.499999999999998);
#520=CYLINDRICAL_SURFACE('',#6803,0.499999999999998);
#521=CYLINDRICAL_SURFACE('',#6806,0.5);
#522=CYLINDRICAL_SURFACE('',#6808,1.7);
#523=CYLINDRICAL_SURFACE('',#6810,1.7);
#524=CYLINDRICAL_SURFACE('',#6818,1.6);
#525=FACE_BOUND('',#1012,.T.);
#526=FACE_BOUND('',#1013,.T.);
#527=FACE_BOUND('',#1014,.T.);
#528=FACE_BOUND('',#1015,.T.);
#529=FACE_BOUND('',#1020,.T.);
#530=FACE_BOUND('',#1021,.T.);
#531=FACE_BOUND('',#1022,.T.);
#532=FACE_BOUND('',#1023,.T.);
#533=FACE_BOUND('',#1040,.T.);
#534=FACE_BOUND('',#1043,.T.);
#535=FACE_BOUND('',#1046,.T.);
#536=FACE_BOUND('',#1049,.T.);
#537=FACE_BOUND('',#1053,.T.);
#538=FACE_BOUND('',#1054,.T.);
#539=FACE_BOUND('',#1055,.T.);
#540=FACE_BOUND('',#1056,.T.);
#541=FACE_BOUND('',#1057,.T.);
#542=FACE_BOUND('',#1058,.T.);
#543=FACE_BOUND('',#1059,.T.);
#544=FACE_BOUND('',#1060,.T.);
#545=FACE_BOUND('',#1061,.T.);
#546=FACE_BOUND('',#1062,.T.);
#547=FACE_BOUND('',#1063,.T.);
#548=FACE_BOUND('',#1124,.T.);
#549=FACE_BOUND('',#1125,.T.);
#550=FACE_BOUND('',#1126,.T.);
#551=FACE_BOUND('',#1127,.T.);
#552=FACE_BOUND('',#1128,.T.);
#553=FACE_BOUND('',#1129,.T.);
#554=FACE_BOUND('',#1130,.T.);
#555=FACE_BOUND('',#1131,.T.);
#556=FACE_BOUND('',#1132,.T.);
#557=FACE_BOUND('',#1133,.T.);
#558=FACE_BOUND('',#1134,.T.);
#559=FACE_BOUND('',#1177,.T.);
#560=FACE_BOUND('',#1179,.T.);
#561=FACE_BOUND('',#1214,.T.);
#562=FACE_BOUND('',#1216,.T.);
#563=FACE_BOUND('',#1345,.T.);
#564=FACE_BOUND('',#1347,.T.);
#565=FACE_BOUND('',#1375,.T.);
#566=FACE_BOUND('',#1377,.T.);
#567=CIRCLE('',#6634,5.);
#568=CIRCLE('',#6635,5.);
#569=CIRCLE('',#6636,5.);
#570=CIRCLE('',#6637,5.);
#571=CIRCLE('',#6638,1.7);
#572=CIRCLE('',#6639,1.7);
#573=CIRCLE('',#6640,1.7);
#574=CIRCLE('',#6641,1.7);
#575=CIRCLE('',#6644,5.);
#576=CIRCLE('',#6647,5.);
#577=CIRCLE('',#6648,5.);
#578=CIRCLE('',#6649,5.);
#579=CIRCLE('',#6650,3.);
#580=CIRCLE('',#6651,3.);
#581=CIRCLE('',#6652,3.00000000000001);
#582=CIRCLE('',#6653,3.00000000000001);
#583=CIRCLE('',#6662,3.);
#584=CIRCLE('',#6664,3.);
#585=CIRCLE('',#6666,3.00000000000001);
#586=CIRCLE('',#6668,3.00000000000001);
#587=CIRCLE('',#6673,1.7);
#588=CIRCLE('',#6676,1.7);
#589=CIRCLE('',#6679,1.7);
#590=CIRCLE('',#6682,1.7);
#591=CIRCLE('',#6686,5.);
#592=CIRCLE('',#6687,5.);
#593=CIRCLE('',#6690,5.);
#594=CIRCLE('',#6691,5.);
#595=CIRCLE('',#6692,5.);
#596=CIRCLE('',#6693,1.7);
#597=CIRCLE('',#6694,1.7);
#598=CIRCLE('',#6695,0.5);
#599=CIRCLE('',#6696,0.499999999999998);
#600=CIRCLE('',#6697,0.499999999999998);
#601=CIRCLE('',#6698,0.499999999999998);
#602=CIRCLE('',#6699,1.7);
#603=CIRCLE('',#6700,1.7);
#604=CIRCLE('',#6701,0.5);
#605=CIRCLE('',#6702,0.500000000000003);
#606=CIRCLE('',#6703,0.499999999999998);
#607=CIRCLE('',#6704,0.499999999999998);
#608=CIRCLE('',#6705,0.499999999999998);
#609=CIRCLE('',#6706,0.499999999999998);
#610=CIRCLE('',#6707,0.500000000000003);
#611=CIRCLE('',#6708,0.499999999999998);
#612=CIRCLE('',#6709,1.6);
#613=CIRCLE('',#6710,0.499999999999998);
#614=CIRCLE('',#6711,0.500000000000003);
#615=CIRCLE('',#6712,0.500000000000003);
#616=CIRCLE('',#6713,0.499999999999998);
#617=CIRCLE('',#6714,0.5);
#618=CIRCLE('',#6715,0.499999999999998);
#619=CIRCLE('',#6716,0.499999999999998);
#620=CIRCLE('',#6717,0.5);
#621=CIRCLE('',#6718,0.499999999999998);
#622=CIRCLE('',#6719,0.499999999999998);
#623=CIRCLE('',#6720,0.500000000000003);
#624=CIRCLE('',#6721,0.5);
#625=CIRCLE('',#6723,5.);
#626=CIRCLE('',#6726,5.);
#627=CIRCLE('',#6729,5.);
#628=CIRCLE('',#6732,0.5);
#629=CIRCLE('',#6735,0.500000000000003);
#630=CIRCLE('',#6738,0.499999999999998);
#631=CIRCLE('',#6741,0.499999999999998);
#632=CIRCLE('',#6744,0.5);
#633=CIRCLE('',#6747,0.499999999999998);
#634=CIRCLE('',#6750,0.499999999999998);
#635=CIRCLE('',#6753,0.5);
#636=CIRCLE('',#6756,0.499999999999998);
#637=CIRCLE('',#6759,0.500000000000003);
#638=CIRCLE('',#6762,0.500000000000003);
#639=CIRCLE('',#6765,0.499999999999998);
#640=CIRCLE('',#6767,1.6);
#641=CIRCLE('',#6770,0.499999999999998);
#642=CIRCLE('',#6773,0.500000000000003);
#643=CIRCLE('',#6776,0.499999999999998);
#644=CIRCLE('',#6779,0.499999999999998);
#645=CIRCLE('',#6782,0.499999999999998);
#646=CIRCLE('',#6785,0.499999999999998);
#647=CIRCLE('',#6788,0.500000000000003);
#648=CIRCLE('',#6791,0.5);
#649=CIRCLE('',#6793,1.7);
#650=CIRCLE('',#6795,1.7);
#651=CIRCLE('',#6798,0.499999999999998);
#652=CIRCLE('',#6801,0.499999999999998);
#653=CIRCLE('',#6804,0.499999999999998);
#654=CIRCLE('',#6807,0.5);
#655=CIRCLE('',#6809,1.7);
#656=CIRCLE('',#6811,1.7);
#657=CIRCLE('',#6815,1.6);
#658=CIRCLE('',#6817,1.6);
#659=FACE_OUTER_BOUND('',#1008,.T.);
#660=FACE_OUTER_BOUND('',#1009,.T.);
#661=FACE_OUTER_BOUND('',#1010,.T.);
#662=FACE_OUTER_BOUND('',#1011,.T.);
#663=FACE_OUTER_BOUND('',#1016,.T.);
#664=FACE_OUTER_BOUND('',#1017,.T.);
#665=FACE_OUTER_BOUND('',#1018,.T.);
#666=FACE_OUTER_BOUND('',#1019,.T.);
#667=FACE_OUTER_BOUND('',#1024,.T.);
#668=FACE_OUTER_BOUND('',#1025,.T.);
#669=FACE_OUTER_BOUND('',#1026,.T.);
#670=FACE_OUTER_BOUND('',#1027,.T.);
#671=FACE_OUTER_BOUND('',#1028,.T.);
#672=FACE_OUTER_BOUND('',#1029,.T.);
#673=FACE_OUTER_BOUND('',#1030,.T.);
#674=FACE_OUTER_BOUND('',#1031,.T.);
#675=FACE_OUTER_BOUND('',#1032,.T.);
#676=FACE_OUTER_BOUND('',#1033,.T.);
#677=FACE_OUTER_BOUND('',#1034,.T.);
#678=FACE_OUTER_BOUND('',#1035,.T.);
#679=FACE_OUTER_BOUND('',#1036,.T.);
#680=FACE_OUTER_BOUND('',#1037,.T.);
#681=FACE_OUTER_BOUND('',#1038,.T.);
#682=FACE_OUTER_BOUND('',#1039,.T.);
#683=FACE_OUTER_BOUND('',#1041,.T.);
#684=FACE_OUTER_BOUND('',#1042,.T.);
#685=FACE_OUTER_BOUND('',#1044,.T.);
#686=FACE_OUTER_BOUND('',#1045,.T.);
#687=FACE_OUTER_BOUND('',#1047,.T.);
#688=FACE_OUTER_BOUND('',#1048,.T.);
#689=FACE_OUTER_BOUND('',#1050,.T.);
#690=FACE_OUTER_BOUND('',#1051,.T.);
#691=FACE_OUTER_BOUND('',#1052,.T.);
#692=FACE_OUTER_BOUND('',#1064,.T.);
#693=FACE_OUTER_BOUND('',#1065,.T.);
#694=FACE_OUTER_BOUND('',#1066,.T.);
#695=FACE_OUTER_BOUND('',#1067,.T.);
#696=FACE_OUTER_BOUND('',#1068,.T.);
#697=FACE_OUTER_BOUND('',#1069,.T.);
#698=FACE_OUTER_BOUND('',#1070,.T.);
#699=FACE_OUTER_BOUND('',#1071,.T.);
#700=FACE_OUTER_BOUND('',#1072,.T.);
#701=FACE_OUTER_BOUND('',#1073,.T.);
#702=FACE_OUTER_BOUND('',#1074,.T.);
#703=FACE_OUTER_BOUND('',#1075,.T.);
#704=FACE_OUTER_BOUND('',#1076,.T.);
#705=FACE_OUTER_BOUND('',#1077,.T.);
#706=FACE_OUTER_BOUND('',#1078,.T.);
#707=FACE_OUTER_BOUND('',#1079,.T.);
#708=FACE_OUTER_BOUND('',#1080,.T.);
#709=FACE_OUTER_BOUND('',#1081,.T.);
#710=FACE_OUTER_BOUND('',#1082,.T.);
#711=FACE_OUTER_BOUND('',#1083,.T.);
#712=FACE_OUTER_BOUND('',#1084,.T.);
#713=FACE_OUTER_BOUND('',#1085,.T.);
#714=FACE_OUTER_BOUND('',#1086,.T.);
#715=FACE_OUTER_BOUND('',#1087,.T.);
#716=FACE_OUTER_BOUND('',#1088,.T.);
#717=FACE_OUTER_BOUND('',#1089,.T.);
#718=FACE_OUTER_BOUND('',#1090,.T.);
#719=FACE_OUTER_BOUND('',#1091,.T.);
#720=FACE_OUTER_BOUND('',#1092,.T.);
#721=FACE_OUTER_BOUND('',#1093,.T.);
#722=FACE_OUTER_BOUND('',#1094,.T.);
#723=FACE_OUTER_BOUND('',#1095,.T.);
#724=FACE_OUTER_BOUND('',#1096,.T.);
#725=FACE_OUTER_BOUND('',#1097,.T.);
#726=FACE_OUTER_BOUND('',#1098,.T.);
#727=FACE_OUTER_BOUND('',#1099,.T.);
#728=FACE_OUTER_BOUND('',#1100,.T.);
#729=FACE_OUTER_BOUND('',#1101,.T.);
#730=FACE_OUTER_BOUND('',#1102,.T.);
#731=FACE_OUTER_BOUND('',#1103,.T.);
#732=FACE_OUTER_BOUND('',#1104,.T.);
#733=FACE_OUTER_BOUND('',#1105,.T.);
#734=FACE_OUTER_BOUND('',#1106,.T.);
#735=FACE_OUTER_BOUND('',#1107,.T.);
#736=FACE_OUTER_BOUND('',#1108,.T.);
#737=FACE_OUTER_BOUND('',#1109,.T.);
#738=FACE_OUTER_BOUND('',#1110,.T.);
#739=FACE_OUTER_BOUND('',#1111,.T.);
#740=FACE_OUTER_BOUND('',#1112,.T.);
#741=FACE_OUTER_BOUND('',#1113,.T.);
#742=FACE_OUTER_BOUND('',#1114,.T.);
#743=FACE_OUTER_BOUND('',#1115,.T.);
#744=FACE_OUTER_BOUND('',#1116,.T.);
#745=FACE_OUTER_BOUND('',#1117,.T.);
#746=FACE_OUTER_BOUND('',#1118,.T.);
#747=FACE_OUTER_BOUND('',#1119,.T.);
#748=FACE_OUTER_BOUND('',#1120,.T.);
#749=FACE_OUTER_BOUND('',#1121,.T.);
#750=FACE_OUTER_BOUND('',#1122,.T.);
#751=FACE_OUTER_BOUND('',#1123,.T.);
#752=FACE_OUTER_BOUND('',#1135,.T.);
#753=FACE_OUTER_BOUND('',#1136,.T.);
#754=FACE_OUTER_BOUND('',#1137,.T.);
#755=FACE_OUTER_BOUND('',#1138,.T.);
#756=FACE_OUTER_BOUND('',#1139,.T.);
#757=FACE_OUTER_BOUND('',#1140,.T.);
#758=FACE_OUTER_BOUND('',#1141,.T.);
#759=FACE_OUTER_BOUND('',#1142,.T.);
#760=FACE_OUTER_BOUND('',#1143,.T.);
#761=FACE_OUTER_BOUND('',#1144,.T.);
#762=FACE_OUTER_BOUND('',#1145,.T.);
#763=FACE_OUTER_BOUND('',#1146,.T.);
#764=FACE_OUTER_BOUND('',#1147,.T.);
#765=FACE_OUTER_BOUND('',#1148,.T.);
#766=FACE_OUTER_BOUND('',#1149,.T.);
#767=FACE_OUTER_BOUND('',#1150,.T.);
#768=FACE_OUTER_BOUND('',#1151,.T.);
#769=FACE_OUTER_BOUND('',#1152,.T.);
#770=FACE_OUTER_BOUND('',#1153,.T.);
#771=FACE_OUTER_BOUND('',#1154,.T.);
#772=FACE_OUTER_BOUND('',#1155,.T.);
#773=FACE_OUTER_BOUND('',#1156,.T.);
#774=FACE_OUTER_BOUND('',#1157,.T.);
#775=FACE_OUTER_BOUND('',#1158,.T.);
#776=FACE_OUTER_BOUND('',#1159,.T.);
#777=FACE_OUTER_BOUND('',#1160,.T.);
#778=FACE_OUTER_BOUND('',#1161,.T.);
#779=FACE_OUTER_BOUND('',#1162,.T.);
#780=FACE_OUTER_BOUND('',#1163,.T.);
#781=FACE_OUTER_BOUND('',#1164,.T.);
#782=FACE_OUTER_BOUND('',#1165,.T.);
#783=FACE_OUTER_BOUND('',#1166,.T.);
#784=FACE_OUTER_BOUND('',#1167,.T.);
#785=FACE_OUTER_BOUND('',#1168,.T.);
#786=FACE_OUTER_BOUND('',#1169,.T.);
#787=FACE_OUTER_BOUND('',#1170,.T.);
#788=FACE_OUTER_BOUND('',#1171,.T.);
#789=FACE_OUTER_BOUND('',#1172,.T.);
#790=FACE_OUTER_BOUND('',#1173,.T.);
#791=FACE_OUTER_BOUND('',#1174,.T.);
#792=FACE_OUTER_BOUND('',#1175,.T.);
#793=FACE_OUTER_BOUND('',#1176,.T.);
#794=FACE_OUTER_BOUND('',#1178,.T.);
#795=FACE_OUTER_BOUND('',#1180,.T.);
#796=FACE_OUTER_BOUND('',#1181,.T.);
#797=FACE_OUTER_BOUND('',#1182,.T.);
#798=FACE_OUTER_BOUND('',#1183,.T.);
#799=FACE_OUTER_BOUND('',#1184,.T.);
#800=FACE_OUTER_BOUND('',#1185,.T.);
#801=FACE_OUTER_BOUND('',#1186,.T.);
#802=FACE_OUTER_BOUND('',#1187,.T.);
#803=FACE_OUTER_BOUND('',#1188,.T.);
#804=FACE_OUTER_BOUND('',#1189,.T.);
#805=FACE_OUTER_BOUND('',#1190,.T.);
#806=FACE_OUTER_BOUND('',#1191,.T.);
#807=FACE_OUTER_BOUND('',#1192,.T.);
#808=FACE_OUTER_BOUND('',#1193,.T.);
#809=FACE_OUTER_BOUND('',#1194,.T.);
#810=FACE_OUTER_BOUND('',#1195,.T.);
#811=FACE_OUTER_BOUND('',#1196,.T.);
#812=FACE_OUTER_BOUND('',#1197,.T.);
#813=FACE_OUTER_BOUND('',#1198,.T.);
#814=FACE_OUTER_BOUND('',#1199,.T.);
#815=FACE_OUTER_BOUND('',#1200,.T.);
#816=FACE_OUTER_BOUND('',#1201,.T.);
#817=FACE_OUTER_BOUND('',#1202,.T.);
#818=FACE_OUTER_BOUND('',#1203,.T.);
#819=FACE_OUTER_BOUND('',#1204,.T.);
#820=FACE_OUTER_BOUND('',#1205,.T.);
#821=FACE_OUTER_BOUND('',#1206,.T.);
#822=FACE_OUTER_BOUND('',#1207,.T.);
#823=FACE_OUTER_BOUND('',#1208,.T.);
#824=FACE_OUTER_BOUND('',#1209,.T.);
#825=FACE_OUTER_BOUND('',#1210,.T.);
#826=FACE_OUTER_BOUND('',#1211,.T.);
#827=FACE_OUTER_BOUND('',#1212,.T.);
#828=FACE_OUTER_BOUND('',#1213,.T.);
#829=FACE_OUTER_BOUND('',#1215,.T.);
#830=FACE_OUTER_BOUND('',#1217,.T.);
#831=FACE_OUTER_BOUND('',#1218,.T.);
#832=FACE_OUTER_BOUND('',#1219,.T.);
#833=FACE_OUTER_BOUND('',#1220,.T.);
#834=FACE_OUTER_BOUND('',#1221,.T.);
#835=FACE_OUTER_BOUND('',#1222,.T.);
#836=FACE_OUTER_BOUND('',#1223,.T.);
#837=FACE_OUTER_BOUND('',#1224,.T.);
#838=FACE_OUTER_BOUND('',#1225,.T.);
#839=FACE_OUTER_BOUND('',#1226,.T.);
#840=FACE_OUTER_BOUND('',#1227,.T.);
#841=FACE_OUTER_BOUND('',#1228,.T.);
#842=FACE_OUTER_BOUND('',#1229,.T.);
#843=FACE_OUTER_BOUND('',#1230,.T.);
#844=FACE_OUTER_BOUND('',#1231,.T.);
#845=FACE_OUTER_BOUND('',#1232,.T.);
#846=FACE_OUTER_BOUND('',#1233,.T.);
#847=FACE_OUTER_BOUND('',#1234,.T.);
#848=FACE_OUTER_BOUND('',#1235,.T.);
#849=FACE_OUTER_BOUND('',#1236,.T.);
#850=FACE_OUTER_BOUND('',#1237,.T.);
#851=FACE_OUTER_BOUND('',#1238,.T.);
#852=FACE_OUTER_BOUND('',#1239,.T.);
#853=FACE_OUTER_BOUND('',#1240,.T.);
#854=FACE_OUTER_BOUND('',#1241,.T.);
#855=FACE_OUTER_BOUND('',#1242,.T.);
#856=FACE_OUTER_BOUND('',#1243,.T.);
#857=FACE_OUTER_BOUND('',#1244,.T.);
#858=FACE_OUTER_BOUND('',#1245,.T.);
#859=FACE_OUTER_BOUND('',#1246,.T.);
#860=FACE_OUTER_BOUND('',#1247,.T.);
#861=FACE_OUTER_BOUND('',#1248,.T.);
#862=FACE_OUTER_BOUND('',#1249,.T.);
#863=FACE_OUTER_BOUND('',#1250,.T.);
#864=FACE_OUTER_BOUND('',#1251,.T.);
#865=FACE_OUTER_BOUND('',#1252,.T.);
#866=FACE_OUTER_BOUND('',#1253,.T.);
#867=FACE_OUTER_BOUND('',#1254,.T.);
#868=FACE_OUTER_BOUND('',#1255,.T.);
#869=FACE_OUTER_BOUND('',#1256,.T.);
#870=FACE_OUTER_BOUND('',#1257,.T.);
#871=FACE_OUTER_BOUND('',#1258,.T.);
#872=FACE_OUTER_BOUND('',#1259,.T.);
#873=FACE_OUTER_BOUND('',#1260,.T.);
#874=FACE_OUTER_BOUND('',#1261,.T.);
#875=FACE_OUTER_BOUND('',#1262,.T.);
#876=FACE_OUTER_BOUND('',#1263,.T.);
#877=FACE_OUTER_BOUND('',#1264,.T.);
#878=FACE_OUTER_BOUND('',#1265,.T.);
#879=FACE_OUTER_BOUND('',#1266,.T.);
#880=FACE_OUTER_BOUND('',#1267,.T.);
#881=FACE_OUTER_BOUND('',#1268,.T.);
#882=FACE_OUTER_BOUND('',#1269,.T.);
#883=FACE_OUTER_BOUND('',#1270,.T.);
#884=FACE_OUTER_BOUND('',#1271,.T.);
#885=FACE_OUTER_BOUND('',#1272,.T.);
#886=FACE_OUTER_BOUND('',#1273,.T.);
#887=FACE_OUTER_BOUND('',#1274,.T.);
#888=FACE_OUTER_BOUND('',#1275,.T.);
#889=FACE_OUTER_BOUND('',#1276,.T.);
#890=FACE_OUTER_BOUND('',#1277,.T.);
#891=FACE_OUTER_BOUND('',#1278,.T.);
#892=FACE_OUTER_BOUND('',#1279,.T.);
#893=FACE_OUTER_BOUND('',#1280,.T.);
#894=FACE_OUTER_BOUND('',#1281,.T.);
#895=FACE_OUTER_BOUND('',#1282,.T.);
#896=FACE_OUTER_BOUND('',#1283,.T.);
#897=FACE_OUTER_BOUND('',#1284,.T.);
#898=FACE_OUTER_BOUND('',#1285,.T.);
#899=FACE_OUTER_BOUND('',#1286,.T.);
#900=FACE_OUTER_BOUND('',#1287,.T.);
#901=FACE_OUTER_BOUND('',#1288,.T.);
#902=FACE_OUTER_BOUND('',#1289,.T.);
#903=FACE_OUTER_BOUND('',#1290,.T.);
#904=FACE_OUTER_BOUND('',#1291,.T.);
#905=FACE_OUTER_BOUND('',#1292,.T.);
#906=FACE_OUTER_BOUND('',#1293,.T.);
#907=FACE_OUTER_BOUND('',#1294,.T.);
#908=FACE_OUTER_BOUND('',#1295,.T.);
#909=FACE_OUTER_BOUND('',#1296,.T.);
#910=FACE_OUTER_BOUND('',#1297,.T.);
#911=FACE_OUTER_BOUND('',#1298,.T.);
#912=FACE_OUTER_BOUND('',#1299,.T.);
#913=FACE_OUTER_BOUND('',#1300,.T.);
#914=FACE_OUTER_BOUND('',#1301,.T.);
#915=FACE_OUTER_BOUND('',#1302,.T.);
#916=FACE_OUTER_BOUND('',#1303,.T.);
#917=FACE_OUTER_BOUND('',#1304,.T.);
#918=FACE_OUTER_BOUND('',#1305,.T.);
#919=FACE_OUTER_BOUND('',#1306,.T.);
#920=FACE_OUTER_BOUND('',#1307,.T.);
#921=FACE_OUTER_BOUND('',#1308,.T.);
#922=FACE_OUTER_BOUND('',#1309,.T.);
#923=FACE_OUTER_BOUND('',#1310,.T.);
#924=FACE_OUTER_BOUND('',#1311,.T.);
#925=FACE_OUTER_BOUND('',#1312,.T.);
#926=FACE_OUTER_BOUND('',#1313,.T.);
#927=FACE_OUTER_BOUND('',#1314,.T.);
#928=FACE_OUTER_BOUND('',#1315,.T.);
#929=FACE_OUTER_BOUND('',#1316,.T.);
#930=FACE_OUTER_BOUND('',#1317,.T.);
#931=FACE_OUTER_BOUND('',#1318,.T.);
#932=FACE_OUTER_BOUND('',#1319,.T.);
#933=FACE_OUTER_BOUND('',#1320,.T.);
#934=FACE_OUTER_BOUND('',#1321,.T.);
#935=FACE_OUTER_BOUND('',#1322,.T.);
#936=FACE_OUTER_BOUND('',#1323,.T.);
#937=FACE_OUTER_BOUND('',#1324,.T.);
#938=FACE_OUTER_BOUND('',#1325,.T.);
#939=FACE_OUTER_BOUND('',#1326,.T.);
#940=FACE_OUTER_BOUND('',#1327,.T.);
#941=FACE_OUTER_BOUND('',#1328,.T.);
#942=FACE_OUTER_BOUND('',#1329,.T.);
#943=FACE_OUTER_BOUND('',#1330,.T.);
#944=FACE_OUTER_BOUND('',#1331,.T.);
#945=FACE_OUTER_BOUND('',#1332,.T.);
#946=FACE_OUTER_BOUND('',#1333,.T.);
#947=FACE_OUTER_BOUND('',#1334,.T.);
#948=FACE_OUTER_BOUND('',#1335,.T.);
#949=FACE_OUTER_BOUND('',#1336,.T.);
#950=FACE_OUTER_BOUND('',#1337,.T.);
#951=FACE_OUTER_BOUND('',#1338,.T.);
#952=FACE_OUTER_BOUND('',#1339,.T.);
#953=FACE_OUTER_BOUND('',#1340,.T.);
#954=FACE_OUTER_BOUND('',#1341,.T.);
#955=FACE_OUTER_BOUND('',#1342,.T.);
#956=FACE_OUTER_BOUND('',#1343,.T.);
#957=FACE_OUTER_BOUND('',#1344,.T.);
#958=FACE_OUTER_BOUND('',#1346,.T.);
#959=FACE_OUTER_BOUND('',#1348,.T.);
#960=FACE_OUTER_BOUND('',#1349,.T.);
#961=FACE_OUTER_BOUND('',#1350,.T.);
#962=FACE_OUTER_BOUND('',#1351,.T.);
#963=FACE_OUTER_BOUND('',#1352,.T.);
#964=FACE_OUTER_BOUND('',#1353,.T.);
#965=FACE_OUTER_BOUND('',#1354,.T.);
#966=FACE_OUTER_BOUND('',#1355,.T.);
#967=FACE_OUTER_BOUND('',#1356,.T.);
#968=FACE_OUTER_BOUND('',#1357,.T.);
#969=FACE_OUTER_BOUND('',#1358,.T.);
#970=FACE_OUTER_BOUND('',#1359,.T.);
#971=FACE_OUTER_BOUND('',#1360,.T.);
#972=FACE_OUTER_BOUND('',#1361,.T.);
#973=FACE_OUTER_BOUND('',#1362,.T.);
#974=FACE_OUTER_BOUND('',#1363,.T.);
#975=FACE_OUTER_BOUND('',#1364,.T.);
#976=FACE_OUTER_BOUND('',#1365,.T.);
#977=FACE_OUTER_BOUND('',#1366,.T.);
#978=FACE_OUTER_BOUND('',#1367,.T.);
#979=FACE_OUTER_BOUND('',#1368,.T.);
#980=FACE_OUTER_BOUND('',#1369,.T.);
#981=FACE_OUTER_BOUND('',#1370,.T.);
#982=FACE_OUTER_BOUND('',#1371,.T.);
#983=FACE_OUTER_BOUND('',#1372,.T.);
#984=FACE_OUTER_BOUND('',#1373,.T.);
#985=FACE_OUTER_BOUND('',#1374,.T.);
#986=FACE_OUTER_BOUND('',#1376,.T.);
#987=FACE_OUTER_BOUND('',#1378,.T.);
#988=FACE_OUTER_BOUND('',#1379,.T.);
#989=FACE_OUTER_BOUND('',#1380,.T.);
#990=FACE_OUTER_BOUND('',#1381,.T.);
#991=FACE_OUTER_BOUND('',#1382,.T.);
#992=FACE_OUTER_BOUND('',#1383,.T.);
#993=FACE_OUTER_BOUND('',#1384,.T.);
#994=FACE_OUTER_BOUND('',#1385,.T.);
#995=FACE_OUTER_BOUND('',#1386,.T.);
#996=FACE_OUTER_BOUND('',#1387,.T.);
#997=FACE_OUTER_BOUND('',#1388,.T.);
#998=FACE_OUTER_BOUND('',#1389,.T.);
#999=FACE_OUTER_BOUND('',#1390,.T.);
#1000=FACE_OUTER_BOUND('',#1391,.T.);
#1001=FACE_OUTER_BOUND('',#1392,.T.);
#1002=FACE_OUTER_BOUND('',#1393,.T.);
#1003=FACE_OUTER_BOUND('',#1394,.T.);
#1004=FACE_OUTER_BOUND('',#1395,.T.);
#1005=FACE_OUTER_BOUND('',#1396,.T.);
#1006=FACE_OUTER_BOUND('',#1397,.T.);
#1007=FACE_OUTER_BOUND('',#1398,.T.);
#1008=EDGE_LOOP('',(#4156,#4157,#4158,#4159));
#1009=EDGE_LOOP('',(#4160,#4161,#4162,#4163));
#1010=EDGE_LOOP('',(#4164,#4165,#4166,#4167));
#1011=EDGE_LOOP('',(#4168,#4169,#4170,#4171,#4172,#4173,#4174,#4175,#4176,
#4177,#4178,#4179,#4180,#4181,#4182,#4183));
#1012=EDGE_LOOP('',(#4184));
#1013=EDGE_LOOP('',(#4185));
#1014=EDGE_LOOP('',(#4186));
#1015=EDGE_LOOP('',(#4187));
#1016=EDGE_LOOP('',(#4188,#4189,#4190,#4191,#4192,#4193,#4194,#4195));
#1017=EDGE_LOOP('',(#4196,#4197,#4198,#4199));
#1018=EDGE_LOOP('',(#4200,#4201,#4202,#4203));
#1019=EDGE_LOOP('',(#4204,#4205,#4206,#4207,#4208,#4209,#4210,#4211));
#1020=EDGE_LOOP('',(#4212));
#1021=EDGE_LOOP('',(#4213));
#1022=EDGE_LOOP('',(#4214));
#1023=EDGE_LOOP('',(#4215));
#1024=EDGE_LOOP('',(#4216,#4217,#4218,#4219));
#1025=EDGE_LOOP('',(#4220,#4221,#4222,#4223));
#1026=EDGE_LOOP('',(#4224,#4225,#4226,#4227));
#1027=EDGE_LOOP('',(#4228,#4229,#4230,#4231));
#1028=EDGE_LOOP('',(#4232,#4233,#4234,#4235));
#1029=EDGE_LOOP('',(#4236,#4237,#4238,#4239));
#1030=EDGE_LOOP('',(#4240,#4241,#4242,#4243));
#1031=EDGE_LOOP('',(#4244,#4245,#4246,#4247));
#1032=EDGE_LOOP('',(#4248,#4249,#4250,#4251));
#1033=EDGE_LOOP('',(#4252,#4253,#4254,#4255));
#1034=EDGE_LOOP('',(#4256,#4257,#4258,#4259));
#1035=EDGE_LOOP('',(#4260,#4261,#4262,#4263,#4264,#4265,#4266,#4267));
#1036=EDGE_LOOP('',(#4268,#4269,#4270,#4271));
#1037=EDGE_LOOP('',(#4272,#4273,#4274,#4275));
#1038=EDGE_LOOP('',(#4276,#4277,#4278,#4279));
#1039=EDGE_LOOP('',(#4280));
#1040=EDGE_LOOP('',(#4281));
#1041=EDGE_LOOP('',(#4282,#4283,#4284,#4285));
#1042=EDGE_LOOP('',(#4286));
#1043=EDGE_LOOP('',(#4287));
#1044=EDGE_LOOP('',(#4288,#4289,#4290,#4291));
#1045=EDGE_LOOP('',(#4292));
#1046=EDGE_LOOP('',(#4293));
#1047=EDGE_LOOP('',(#4294,#4295,#4296,#4297));
#1048=EDGE_LOOP('',(#4298));
#1049=EDGE_LOOP('',(#4299));
#1050=EDGE_LOOP('',(#4300,#4301,#4302,#4303));
#1051=EDGE_LOOP('',(#4304,#4305,#4306,#4307));
#1052=EDGE_LOOP('',(#4308,#4309,#4310,#4311,#4312,#4313,#4314,#4315));
#1053=EDGE_LOOP('',(#4316));
#1054=EDGE_LOOP('',(#4317));
#1055=EDGE_LOOP('',(#4318,#4319,#4320,#4321,#4322,#4323,#4324,#4325));
#1056=EDGE_LOOP('',(#4326));
#1057=EDGE_LOOP('',(#4327));
#1058=EDGE_LOOP('',(#4328,#4329,#4330,#4331,#4332,#4333,#4334,#4335));
#1059=EDGE_LOOP('',(#4336,#4337,#4338,#4339,#4340,#4341,#4342,#4343));
#1060=EDGE_LOOP('',(#4344));
#1061=EDGE_LOOP('',(#4345,#4346,#4347,#4348,#4349,#4350,#4351,#4352));
#1062=EDGE_LOOP('',(#4353,#4354,#4355,#4356,#4357,#4358,#4359,#4360));
#1063=EDGE_LOOP('',(#4361,#4362,#4363,#4364,#4365,#4366,#4367,#4368));
#1064=EDGE_LOOP('',(#4369,#4370,#4371,#4372));
#1065=EDGE_LOOP('',(#4373,#4374,#4375,#4376));
#1066=EDGE_LOOP('',(#4377,#4378,#4379,#4380));
#1067=EDGE_LOOP('',(#4381,#4382,#4383,#4384));
#1068=EDGE_LOOP('',(#4385,#4386,#4387,#4388));
#1069=EDGE_LOOP('',(#4389,#4390,#4391,#4392));
#1070=EDGE_LOOP('',(#4393,#4394,#4395,#4396));
#1071=EDGE_LOOP('',(#4397,#4398,#4399,#4400));
#1072=EDGE_LOOP('',(#4401,#4402,#4403,#4404));
#1073=EDGE_LOOP('',(#4405,#4406,#4407,#4408));
#1074=EDGE_LOOP('',(#4409,#4410,#4411,#4412));
#1075=EDGE_LOOP('',(#4413,#4414,#4415,#4416));
#1076=EDGE_LOOP('',(#4417,#4418,#4419,#4420));
#1077=EDGE_LOOP('',(#4421,#4422,#4423,#4424));
#1078=EDGE_LOOP('',(#4425,#4426,#4427,#4428));
#1079=EDGE_LOOP('',(#4429,#4430,#4431,#4432));
#1080=EDGE_LOOP('',(#4433,#4434,#4435,#4436));
#1081=EDGE_LOOP('',(#4437,#4438,#4439,#4440));
#1082=EDGE_LOOP('',(#4441,#4442,#4443,#4444));
#1083=EDGE_LOOP('',(#4445,#4446,#4447,#4448));
#1084=EDGE_LOOP('',(#4449,#4450,#4451,#4452));
#1085=EDGE_LOOP('',(#4453,#4454,#4455,#4456));
#1086=EDGE_LOOP('',(#4457,#4458,#4459,#4460));
#1087=EDGE_LOOP('',(#4461,#4462,#4463,#4464));
#1088=EDGE_LOOP('',(#4465,#4466,#4467,#4468));
#1089=EDGE_LOOP('',(#4469,#4470,#4471,#4472));
#1090=EDGE_LOOP('',(#4473,#4474,#4475,#4476));
#1091=EDGE_LOOP('',(#4477,#4478,#4479,#4480));
#1092=EDGE_LOOP('',(#4481,#4482,#4483,#4484));
#1093=EDGE_LOOP('',(#4485,#4486,#4487,#4488));
#1094=EDGE_LOOP('',(#4489,#4490,#4491,#4492));
#1095=EDGE_LOOP('',(#4493,#4494,#4495,#4496));
#1096=EDGE_LOOP('',(#4497,#4498,#4499,#4500));
#1097=EDGE_LOOP('',(#4501,#4502,#4503,#4504));
#1098=EDGE_LOOP('',(#4505,#4506,#4507,#4508));
#1099=EDGE_LOOP('',(#4509,#4510,#4511,#4512));
#1100=EDGE_LOOP('',(#4513,#4514,#4515,#4516));
#1101=EDGE_LOOP('',(#4517,#4518,#4519,#4520));
#1102=EDGE_LOOP('',(#4521,#4522,#4523,#4524));
#1103=EDGE_LOOP('',(#4525,#4526,#4527,#4528));
#1104=EDGE_LOOP('',(#4529,#4530,#4531,#4532));
#1105=EDGE_LOOP('',(#4533,#4534,#4535,#4536));
#1106=EDGE_LOOP('',(#4537,#4538,#4539,#4540));
#1107=EDGE_LOOP('',(#4541,#4542,#4543,#4544));
#1108=EDGE_LOOP('',(#4545,#4546,#4547,#4548));
#1109=EDGE_LOOP('',(#4549,#4550,#4551,#4552));
#1110=EDGE_LOOP('',(#4553,#4554,#4555,#4556));
#1111=EDGE_LOOP('',(#4557,#4558,#4559,#4560));
#1112=EDGE_LOOP('',(#4561,#4562,#4563,#4564));
#1113=EDGE_LOOP('',(#4565,#4566,#4567,#4568));
#1114=EDGE_LOOP('',(#4569,#4570,#4571,#4572));
#1115=EDGE_LOOP('',(#4573,#4574,#4575,#4576));
#1116=EDGE_LOOP('',(#4577,#4578,#4579,#4580));
#1117=EDGE_LOOP('',(#4581,#4582,#4583,#4584));
#1118=EDGE_LOOP('',(#4585,#4586,#4587,#4588));
#1119=EDGE_LOOP('',(#4589,#4590,#4591,#4592));
#1120=EDGE_LOOP('',(#4593,#4594,#4595,#4596));
#1121=EDGE_LOOP('',(#4597,#4598,#4599,#4600));
#1122=EDGE_LOOP('',(#4601,#4602,#4603,#4604));
#1123=EDGE_LOOP('',(#4605,#4606,#4607,#4608,#4609,#4610,#4611,#4612));
#1124=EDGE_LOOP('',(#4613));
#1125=EDGE_LOOP('',(#4614));
#1126=EDGE_LOOP('',(#4615,#4616,#4617,#4618,#4619,#4620,#4621,#4622));
#1127=EDGE_LOOP('',(#4623));
#1128=EDGE_LOOP('',(#4624));
#1129=EDGE_LOOP('',(#4625,#4626,#4627,#4628,#4629,#4630,#4631,#4632));
#1130=EDGE_LOOP('',(#4633,#4634,#4635,#4636,#4637,#4638,#4639,#4640));
#1131=EDGE_LOOP('',(#4641));
#1132=EDGE_LOOP('',(#4642,#4643,#4644,#4645,#4646,#4647,#4648,#4649));
#1133=EDGE_LOOP('',(#4650,#4651,#4652,#4653,#4654,#4655,#4656,#4657));
#1134=EDGE_LOOP('',(#4658,#4659,#4660,#4661,#4662,#4663,#4664,#4665));
#1135=EDGE_LOOP('',(#4666));
#1136=EDGE_LOOP('',(#4667));
#1137=EDGE_LOOP('',(#4668,#4669,#4670,#4671));
#1138=EDGE_LOOP('',(#4672,#4673,#4674,#4675));
#1139=EDGE_LOOP('',(#4676,#4677,#4678,#4679));
#1140=EDGE_LOOP('',(#4680,#4681,#4682,#4683));
#1141=EDGE_LOOP('',(#4684,#4685,#4686,#4687));
#1142=EDGE_LOOP('',(#4688,#4689,#4690,#4691));
#1143=EDGE_LOOP('',(#4692,#4693,#4694,#4695));
#1144=EDGE_LOOP('',(#4696,#4697,#4698,#4699));
#1145=EDGE_LOOP('',(#4700,#4701,#4702,#4703));
#1146=EDGE_LOOP('',(#4704,#4705,#4706,#4707));
#1147=EDGE_LOOP('',(#4708,#4709,#4710,#4711));
#1148=EDGE_LOOP('',(#4712,#4713,#4714,#4715));
#1149=EDGE_LOOP('',(#4716,#4717,#4718,#4719));
#1150=EDGE_LOOP('',(#4720,#4721,#4722,#4723));
#1151=EDGE_LOOP('',(#4724,#4725,#4726,#4727));
#1152=EDGE_LOOP('',(#4728,#4729,#4730,#4731));
#1153=EDGE_LOOP('',(#4732,#4733,#4734,#4735));
#1154=EDGE_LOOP('',(#4736,#4737,#4738,#4739));
#1155=EDGE_LOOP('',(#4740,#4741,#4742,#4743));
#1156=EDGE_LOOP('',(#4744,#4745,#4746,#4747));
#1157=EDGE_LOOP('',(#4748,#4749,#4750,#4751));
#1158=EDGE_LOOP('',(#4752,#4753,#4754,#4755));
#1159=EDGE_LOOP('',(#4756,#4757,#4758,#4759));
#1160=EDGE_LOOP('',(#4760,#4761,#4762,#4763));
#1161=EDGE_LOOP('',(#4764,#4765,#4766,#4767));
#1162=EDGE_LOOP('',(#4768,#4769,#4770,#4771));
#1163=EDGE_LOOP('',(#4772,#4773,#4774,#4775));
#1164=EDGE_LOOP('',(#4776,#4777,#4778,#4779));
#1165=EDGE_LOOP('',(#4780,#4781,#4782,#4783));
#1166=EDGE_LOOP('',(#4784,#4785,#4786,#4787));
#1167=EDGE_LOOP('',(#4788,#4789,#4790,#4791));
#1168=EDGE_LOOP('',(#4792,#4793,#4794,#4795));
#1169=EDGE_LOOP('',(#4796,#4797,#4798,#4799));
#1170=EDGE_LOOP('',(#4800,#4801,#4802,#4803));
#1171=EDGE_LOOP('',(#4804,#4805,#4806,#4807));
#1172=EDGE_LOOP('',(#4808,#4809,#4810,#4811));
#1173=EDGE_LOOP('',(#4812,#4813,#4814,#4815));
#1174=EDGE_LOOP('',(#4816,#4817,#4818,#4819));
#1175=EDGE_LOOP('',(#4820,#4821,#4822,#4823));
#1176=EDGE_LOOP('',(#4824,#4825,#4826,#4827,#4828,#4829,#4830,#4831,#4832,
#4833,#4834,#4835,#4836,#4837,#4838,#4839,#4840,#4841,#4842,#4843,#4844,
#4845,#4846,#4847,#4848,#4849));
#1177=EDGE_LOOP('',(#4850,#4851,#4852,#4853,#4854,#4855,#4856,#4857,#4858,
#4859,#4860,#4861));
#1178=EDGE_LOOP('',(#4862,#4863,#4864,#4865,#4866,#4867,#4868,#4869,#4870,
#4871,#4872,#4873,#4874,#4875,#4876,#4877,#4878,#4879,#4880,#4881,#4882,
#4883,#4884,#4885,#4886,#4887));
#1179=EDGE_LOOP('',(#4888,#4889,#4890,#4891,#4892,#4893,#4894,#4895,#4896,
#4897,#4898,#4899));
#1180=EDGE_LOOP('',(#4900,#4901,#4902,#4903));
#1181=EDGE_LOOP('',(#4904,#4905,#4906,#4907));
#1182=EDGE_LOOP('',(#4908,#4909,#4910,#4911));
#1183=EDGE_LOOP('',(#4912,#4913,#4914,#4915));
#1184=EDGE_LOOP('',(#4916,#4917,#4918,#4919));
#1185=EDGE_LOOP('',(#4920,#4921,#4922,#4923));
#1186=EDGE_LOOP('',(#4924,#4925,#4926,#4927));
#1187=EDGE_LOOP('',(#4928,#4929,#4930,#4931));
#1188=EDGE_LOOP('',(#4932,#4933,#4934,#4935));
#1189=EDGE_LOOP('',(#4936,#4937,#4938,#4939));
#1190=EDGE_LOOP('',(#4940,#4941,#4942,#4943));
#1191=EDGE_LOOP('',(#4944,#4945,#4946,#4947));
#1192=EDGE_LOOP('',(#4948,#4949,#4950,#4951));
#1193=EDGE_LOOP('',(#4952,#4953,#4954,#4955));
#1194=EDGE_LOOP('',(#4956,#4957,#4958,#4959));
#1195=EDGE_LOOP('',(#4960,#4961,#4962,#4963));
#1196=EDGE_LOOP('',(#4964,#4965,#4966,#4967));
#1197=EDGE_LOOP('',(#4968,#4969,#4970,#4971));
#1198=EDGE_LOOP('',(#4972,#4973,#4974,#4975));
#1199=EDGE_LOOP('',(#4976,#4977,#4978,#4979));
#1200=EDGE_LOOP('',(#4980,#4981,#4982,#4983));
#1201=EDGE_LOOP('',(#4984,#4985,#4986,#4987));
#1202=EDGE_LOOP('',(#4988,#4989,#4990,#4991));
#1203=EDGE_LOOP('',(#4992,#4993,#4994,#4995));
#1204=EDGE_LOOP('',(#4996,#4997,#4998,#4999));
#1205=EDGE_LOOP('',(#5000,#5001,#5002,#5003));
#1206=EDGE_LOOP('',(#5004,#5005,#5006,#5007));
#1207=EDGE_LOOP('',(#5008,#5009,#5010,#5011));
#1208=EDGE_LOOP('',(#5012,#5013,#5014,#5015));
#1209=EDGE_LOOP('',(#5016,#5017,#5018,#5019));
#1210=EDGE_LOOP('',(#5020,#5021,#5022,#5023));
#1211=EDGE_LOOP('',(#5024,#5025,#5026,#5027));
#1212=EDGE_LOOP('',(#5028,#5029,#5030,#5031));
#1213=EDGE_LOOP('',(#5032,#5033,#5034,#5035,#5036,#5037,#5038,#5039,#5040,
#5041,#5042,#5043,#5044,#5045,#5046,#5047,#5048,#5049,#5050,#5051,#5052,
#5053,#5054,#5055));
#1214=EDGE_LOOP('',(#5056,#5057,#5058,#5059,#5060,#5061,#5062,#5063,#5064));
#1215=EDGE_LOOP('',(#5065,#5066,#5067,#5068,#5069,#5070,#5071,#5072,#5073,
#5074,#5075,#5076,#5077,#5078,#5079,#5080,#5081,#5082,#5083,#5084,#5085,
#5086,#5087,#5088));
#1216=EDGE_LOOP('',(#5089,#5090,#5091,#5092,#5093,#5094,#5095,#5096,#5097));
#1217=EDGE_LOOP('',(#5098,#5099,#5100,#5101));
#1218=EDGE_LOOP('',(#5102,#5103,#5104,#5105));
#1219=EDGE_LOOP('',(#5106,#5107,#5108,#5109));
#1220=EDGE_LOOP('',(#5110,#5111,#5112,#5113));
#1221=EDGE_LOOP('',(#5114,#5115,#5116,#5117));
#1222=EDGE_LOOP('',(#5118,#5119,#5120,#5121));
#1223=EDGE_LOOP('',(#5122,#5123,#5124,#5125));
#1224=EDGE_LOOP('',(#5126,#5127,#5128,#5129));
#1225=EDGE_LOOP('',(#5130,#5131,#5132,#5133));
#1226=EDGE_LOOP('',(#5134,#5135,#5136,#5137));
#1227=EDGE_LOOP('',(#5138,#5139,#5140,#5141));
#1228=EDGE_LOOP('',(#5142,#5143,#5144,#5145));
#1229=EDGE_LOOP('',(#5146,#5147,#5148,#5149));
#1230=EDGE_LOOP('',(#5150,#5151,#5152,#5153));
#1231=EDGE_LOOP('',(#5154,#5155,#5156,#5157));
#1232=EDGE_LOOP('',(#5158,#5159,#5160,#5161));
#1233=EDGE_LOOP('',(#5162,#5163,#5164,#5165));
#1234=EDGE_LOOP('',(#5166,#5167,#5168,#5169));
#1235=EDGE_LOOP('',(#5170,#5171,#5172,#5173));
#1236=EDGE_LOOP('',(#5174,#5175,#5176,#5177));
#1237=EDGE_LOOP('',(#5178,#5179,#5180,#5181,#5182,#5183,#5184,#5185,#5186,
#5187,#5188,#5189,#5190,#5191,#5192,#5193,#5194,#5195,#5196,#5197));
#1238=EDGE_LOOP('',(#5198,#5199,#5200,#5201,#5202,#5203,#5204,#5205,#5206,
#5207,#5208,#5209,#5210,#5211,#5212,#5213,#5214,#5215,#5216,#5217));
#1239=EDGE_LOOP('',(#5218,#5219,#5220,#5221));
#1240=EDGE_LOOP('',(#5222,#5223,#5224,#5225));
#1241=EDGE_LOOP('',(#5226,#5227,#5228,#5229));
#1242=EDGE_LOOP('',(#5230,#5231,#5232,#5233));
#1243=EDGE_LOOP('',(#5234,#5235,#5236,#5237));
#1244=EDGE_LOOP('',(#5238,#5239,#5240,#5241));
#1245=EDGE_LOOP('',(#5242,#5243,#5244,#5245));
#1246=EDGE_LOOP('',(#5246,#5247,#5248,#5249));
#1247=EDGE_LOOP('',(#5250,#5251,#5252,#5253));
#1248=EDGE_LOOP('',(#5254,#5255,#5256,#5257));
#1249=EDGE_LOOP('',(#5258,#5259,#5260,#5261));
#1250=EDGE_LOOP('',(#5262,#5263,#5264,#5265));
#1251=EDGE_LOOP('',(#5266,#5267,#5268,#5269));
#1252=EDGE_LOOP('',(#5270,#5271,#5272,#5273));
#1253=EDGE_LOOP('',(#5274,#5275,#5276,#5277));
#1254=EDGE_LOOP('',(#5278,#5279,#5280,#5281));
#1255=EDGE_LOOP('',(#5282,#5283,#5284,#5285));
#1256=EDGE_LOOP('',(#5286,#5287,#5288,#5289));
#1257=EDGE_LOOP('',(#5290,#5291,#5292,#5293));
#1258=EDGE_LOOP('',(#5294,#5295,#5296,#5297,#5298,#5299,#5300,#5301,#5302,
#5303,#5304,#5305,#5306,#5307,#5308,#5309,#5310,#5311,#5312));
#1259=EDGE_LOOP('',(#5313,#5314,#5315,#5316,#5317,#5318,#5319,#5320,#5321,
#5322,#5323,#5324,#5325,#5326,#5327,#5328,#5329,#5330,#5331));
#1260=EDGE_LOOP('',(#5332,#5333,#5334,#5335));
#1261=EDGE_LOOP('',(#5336,#5337,#5338,#5339));
#1262=EDGE_LOOP('',(#5340,#5341,#5342,#5343));
#1263=EDGE_LOOP('',(#5344,#5345,#5346,#5347));
#1264=EDGE_LOOP('',(#5348,#5349,#5350,#5351));
#1265=EDGE_LOOP('',(#5352,#5353,#5354,#5355));
#1266=EDGE_LOOP('',(#5356,#5357,#5358,#5359));
#1267=EDGE_LOOP('',(#5360,#5361,#5362,#5363));
#1268=EDGE_LOOP('',(#5364,#5365,#5366,#5367));
#1269=EDGE_LOOP('',(#5368,#5369,#5370,#5371));
#1270=EDGE_LOOP('',(#5372,#5373,#5374,#5375));
#1271=EDGE_LOOP('',(#5376,#5377,#5378,#5379));
#1272=EDGE_LOOP('',(#5380,#5381,#5382,#5383));
#1273=EDGE_LOOP('',(#5384,#5385,#5386,#5387));
#1274=EDGE_LOOP('',(#5388,#5389,#5390,#5391));
#1275=EDGE_LOOP('',(#5392,#5393,#5394,#5395));
#1276=EDGE_LOOP('',(#5396,#5397,#5398,#5399,#5400,#5401,#5402,#5403,#5404,
#5405,#5406,#5407,#5408,#5409,#5410,#5411));
#1277=EDGE_LOOP('',(#5412,#5413,#5414,#5415,#5416,#5417,#5418,#5419,#5420,
#5421,#5422,#5423,#5424,#5425,#5426,#5427));
#1278=EDGE_LOOP('',(#5428,#5429,#5430,#5431));
#1279=EDGE_LOOP('',(#5432,#5433,#5434,#5435));
#1280=EDGE_LOOP('',(#5436,#5437,#5438,#5439));
#1281=EDGE_LOOP('',(#5440,#5441,#5442,#5443));
#1282=EDGE_LOOP('',(#5444,#5445,#5446,#5447));
#1283=EDGE_LOOP('',(#5448,#5449,#5450,#5451));
#1284=EDGE_LOOP('',(#5452,#5453,#5454,#5455));
#1285=EDGE_LOOP('',(#5456,#5457,#5458,#5459));
#1286=EDGE_LOOP('',(#5460,#5461,#5462,#5463));
#1287=EDGE_LOOP('',(#5464,#5465,#5466,#5467));
#1288=EDGE_LOOP('',(#5468,#5469,#5470,#5471,#5472,#5473,#5474,#5475,#5476,
#5477));
#1289=EDGE_LOOP('',(#5478,#5479,#5480,#5481,#5482,#5483,#5484,#5485,#5486,
#5487));
#1290=EDGE_LOOP('',(#5488,#5489,#5490,#5491));
#1291=EDGE_LOOP('',(#5492,#5493,#5494,#5495));
#1292=EDGE_LOOP('',(#5496,#5497,#5498,#5499));
#1293=EDGE_LOOP('',(#5500,#5501,#5502,#5503));
#1294=EDGE_LOOP('',(#5504,#5505,#5506,#5507));
#1295=EDGE_LOOP('',(#5508,#5509,#5510,#5511));
#1296=EDGE_LOOP('',(#5512,#5513,#5514,#5515));
#1297=EDGE_LOOP('',(#5516,#5517,#5518,#5519));
#1298=EDGE_LOOP('',(#5520,#5521,#5522,#5523));
#1299=EDGE_LOOP('',(#5524,#5525,#5526,#5527));
#1300=EDGE_LOOP('',(#5528,#5529,#5530,#5531));
#1301=EDGE_LOOP('',(#5532,#5533,#5534,#5535));
#1302=EDGE_LOOP('',(#5536,#5537,#5538,#5539));
#1303=EDGE_LOOP('',(#5540,#5541,#5542,#5543));
#1304=EDGE_LOOP('',(#5544,#5545,#5546,#5547));
#1305=EDGE_LOOP('',(#5548,#5549,#5550,#5551));
#1306=EDGE_LOOP('',(#5552,#5553,#5554,#5555));
#1307=EDGE_LOOP('',(#5556,#5557,#5558,#5559));
#1308=EDGE_LOOP('',(#5560,#5561,#5562,#5563));
#1309=EDGE_LOOP('',(#5564,#5565,#5566,#5567));
#1310=EDGE_LOOP('',(#5568,#5569,#5570,#5571));
#1311=EDGE_LOOP('',(#5572,#5573,#5574,#5575,#5576,#5577,#5578,#5579,#5580,
#5581,#5582,#5583,#5584,#5585,#5586,#5587,#5588,#5589,#5590,#5591,#5592));
#1312=EDGE_LOOP('',(#5593,#5594,#5595,#5596,#5597,#5598,#5599,#5600,#5601,
#5602,#5603,#5604,#5605,#5606,#5607,#5608,#5609,#5610,#5611,#5612,#5613));
#1313=EDGE_LOOP('',(#5614,#5615,#5616,#5617));
#1314=EDGE_LOOP('',(#5618,#5619,#5620,#5621));
#1315=EDGE_LOOP('',(#5622,#5623,#5624,#5625));
#1316=EDGE_LOOP('',(#5626,#5627,#5628,#5629));
#1317=EDGE_LOOP('',(#5630,#5631,#5632,#5633));
#1318=EDGE_LOOP('',(#5634,#5635,#5636,#5637));
#1319=EDGE_LOOP('',(#5638,#5639,#5640,#5641));
#1320=EDGE_LOOP('',(#5642,#5643,#5644,#5645));
#1321=EDGE_LOOP('',(#5646,#5647,#5648,#5649));
#1322=EDGE_LOOP('',(#5650,#5651,#5652,#5653));
#1323=EDGE_LOOP('',(#5654,#5655,#5656,#5657));
#1324=EDGE_LOOP('',(#5658,#5659,#5660,#5661));
#1325=EDGE_LOOP('',(#5662,#5663,#5664,#5665));
#1326=EDGE_LOOP('',(#5666,#5667,#5668,#5669));
#1327=EDGE_LOOP('',(#5670,#5671,#5672,#5673));
#1328=EDGE_LOOP('',(#5674,#5675,#5676,#5677));
#1329=EDGE_LOOP('',(#5678,#5679,#5680,#5681));
#1330=EDGE_LOOP('',(#5682,#5683,#5684,#5685));
#1331=EDGE_LOOP('',(#5686,#5687,#5688,#5689));
#1332=EDGE_LOOP('',(#5690,#5691,#5692,#5693));
#1333=EDGE_LOOP('',(#5694,#5695,#5696,#5697));
#1334=EDGE_LOOP('',(#5698,#5699,#5700,#5701));
#1335=EDGE_LOOP('',(#5702,#5703,#5704,#5705));
#1336=EDGE_LOOP('',(#5706,#5707,#5708,#5709));
#1337=EDGE_LOOP('',(#5710,#5711,#5712,#5713));
#1338=EDGE_LOOP('',(#5714,#5715,#5716,#5717));
#1339=EDGE_LOOP('',(#5718,#5719,#5720,#5721));
#1340=EDGE_LOOP('',(#5722,#5723,#5724,#5725));
#1341=EDGE_LOOP('',(#5726,#5727,#5728,#5729));
#1342=EDGE_LOOP('',(#5730,#5731,#5732,#5733));
#1343=EDGE_LOOP('',(#5734,#5735,#5736,#5737));
#1344=EDGE_LOOP('',(#5738,#5739,#5740,#5741,#5742,#5743,#5744,#5745,#5746,
#5747,#5748,#5749,#5750,#5751,#5752,#5753));
#1345=EDGE_LOOP('',(#5754,#5755,#5756,#5757,#5758,#5759,#5760,#5761,#5762,
#5763,#5764,#5765,#5766,#5767,#5768));
#1346=EDGE_LOOP('',(#5769,#5770,#5771,#5772,#5773,#5774,#5775,#5776,#5777,
#5778,#5779,#5780,#5781,#5782,#5783,#5784));
#1347=EDGE_LOOP('',(#5785,#5786,#5787,#5788,#5789,#5790,#5791,#5792,#5793,
#5794,#5795,#5796,#5797,#5798,#5799));
#1348=EDGE_LOOP('',(#5800,#5801,#5802,#5803));
#1349=EDGE_LOOP('',(#5804,#5805,#5806,#5807));
#1350=EDGE_LOOP('',(#5808,#5809,#5810,#5811));
#1351=EDGE_LOOP('',(#5812,#5813,#5814,#5815));
#1352=EDGE_LOOP('',(#5816,#5817,#5818,#5819));
#1353=EDGE_LOOP('',(#5820,#5821,#5822,#5823));
#1354=EDGE_LOOP('',(#5824,#5825,#5826,#5827));
#1355=EDGE_LOOP('',(#5828,#5829,#5830,#5831));
#1356=EDGE_LOOP('',(#5832,#5833,#5834,#5835));
#1357=EDGE_LOOP('',(#5836,#5837,#5838,#5839));
#1358=EDGE_LOOP('',(#5840,#5841,#5842,#5843));
#1359=EDGE_LOOP('',(#5844,#5845,#5846,#5847));
#1360=EDGE_LOOP('',(#5848,#5849,#5850,#5851));
#1361=EDGE_LOOP('',(#5852,#5853,#5854,#5855));
#1362=EDGE_LOOP('',(#5856,#5857,#5858,#5859));
#1363=EDGE_LOOP('',(#5860,#5861,#5862,#5863));
#1364=EDGE_LOOP('',(#5864,#5865,#5866,#5867));
#1365=EDGE_LOOP('',(#5868,#5869,#5870,#5871));
#1366=EDGE_LOOP('',(#5872,#5873,#5874,#5875));
#1367=EDGE_LOOP('',(#5876,#5877,#5878,#5879));
#1368=EDGE_LOOP('',(#5880,#5881,#5882,#5883));
#1369=EDGE_LOOP('',(#5884,#5885,#5886,#5887));
#1370=EDGE_LOOP('',(#5888,#5889,#5890,#5891));
#1371=EDGE_LOOP('',(#5892,#5893,#5894,#5895));
#1372=EDGE_LOOP('',(#5896,#5897,#5898,#5899));
#1373=EDGE_LOOP('',(#5900,#5901,#5902,#5903));
#1374=EDGE_LOOP('',(#5904,#5905,#5906,#5907,#5908,#5909,#5910,#5911,#5912,
#5913,#5914,#5915,#5916,#5917,#5918,#5919,#5920));
#1375=EDGE_LOOP('',(#5921,#5922,#5923,#5924,#5925,#5926,#5927,#5928,#5929));
#1376=EDGE_LOOP('',(#5930,#5931,#5932,#5933,#5934,#5935,#5936,#5937,#5938,
#5939,#5940,#5941,#5942,#5943,#5944,#5945,#5946));
#1377=EDGE_LOOP('',(#5947,#5948,#5949,#5950,#5951,#5952,#5953,#5954,#5955));
#1378=EDGE_LOOP('',(#5956,#5957,#5958,#5959));
#1379=EDGE_LOOP('',(#5960,#5961,#5962,#5963));
#1380=EDGE_LOOP('',(#5964,#5965,#5966,#5967));
#1381=EDGE_LOOP('',(#5968,#5969,#5970,#5971));
#1382=EDGE_LOOP('',(#5972,#5973,#5974,#5975));
#1383=EDGE_LOOP('',(#5976,#5977,#5978,#5979));
#1384=EDGE_LOOP('',(#5980,#5981,#5982,#5983));
#1385=EDGE_LOOP('',(#5984,#5985,#5986,#5987));
#1386=EDGE_LOOP('',(#5988,#5989,#5990,#5991));
#1387=EDGE_LOOP('',(#5992,#5993,#5994,#5995));
#1388=EDGE_LOOP('',(#5996,#5997,#5998,#5999));
#1389=EDGE_LOOP('',(#6000,#6001,#6002,#6003));
#1390=EDGE_LOOP('',(#6004,#6005,#6006,#6007));
#1391=EDGE_LOOP('',(#6008,#6009,#6010,#6011));
#1392=EDGE_LOOP('',(#6012,#6013,#6014,#6015));
#1393=EDGE_LOOP('',(#6016,#6017,#6018,#6019));
#1394=EDGE_LOOP('',(#6020,#6021,#6022,#6023));
#1395=EDGE_LOOP('',(#6024,#6025,#6026,#6027));
#1396=EDGE_LOOP('',(#6028,#6029,#6030,#6031));
#1397=EDGE_LOOP('',(#6032,#6033,#6034,#6035,#6036,#6037,#6038,#6039,#6040,
#6041,#6042,#6043,#6044,#6045,#6046,#6047,#6048,#6049,#6050));
#1398=EDGE_LOOP('',(#6051,#6052,#6053,#6054,#6055,#6056,#6057,#6058,#6059,
#6060,#6061,#6062,#6063,#6064,#6065,#6066,#6067,#6068,#6069));
#1399=LINE('',#8132,#1980);
#1400=LINE('',#8134,#1981);
#1401=LINE('',#8136,#1982);
#1402=LINE('',#8137,#1983);
#1403=LINE('',#8141,#1984);
#1404=LINE('',#8143,#1985);
#1405=LINE('',#8145,#1986);
#1406=LINE('',#8146,#1987);
#1407=LINE('',#8148,#1988);
#1408=LINE('',#8149,#1989);
#1409=LINE('',#8152,#1990);
#1410=LINE('',#8156,#1991);
#1411=LINE('',#8160,#1992);
#1412=LINE('',#8164,#1993);
#1413=LINE('',#8167,#1994);
#1414=LINE('',#8169,#1995);
#1415=LINE('',#8171,#1996);
#1416=LINE('',#8173,#1997);
#1417=LINE('',#8175,#1998);
#1418=LINE('',#8176,#1999);
#1419=LINE('',#8187,#2000);
#1420=LINE('',#8189,#2001);
#1421=LINE('',#8190,#2002);
#1422=LINE('',#8194,#2003);
#1423=LINE('',#8197,#2004);
#1424=LINE('',#8198,#2005);
#1425=LINE('',#8203,#2006);
#1426=LINE('',#8207,#2007);
#1427=LINE('',#8218,#2008);
#1428=LINE('',#8220,#2009);
#1429=LINE('',#8222,#2010);
#1430=LINE('',#8224,#2011);
#1431=LINE('',#8228,#2012);
#1432=LINE('',#8230,#2013);
#1433=LINE('',#8232,#2014);
#1434=LINE('',#8233,#2015);
#1435=LINE('',#8235,#2016);
#1436=LINE('',#8236,#2017);
#1437=LINE('',#8238,#2018);
#1438=LINE('',#8242,#2019);
#1439=LINE('',#8246,#2020);
#1440=LINE('',#8250,#2021);
#1441=LINE('',#8254,#2022);
#1442=LINE('',#8256,#2023);
#1443=LINE('',#8261,#2024);
#1444=LINE('',#8266,#2025);
#1445=LINE('',#8271,#2026);
#1446=LINE('',#8276,#2027);
#1447=LINE('',#8285,#2028);
#1448=LINE('',#8288,#2029);
#1449=LINE('',#8291,#2030);
#1450=LINE('',#8293,#2031);
#1451=LINE('',#8294,#2032);
#1452=LINE('',#8297,#2033);
#1453=LINE('',#8301,#2034);
#1454=LINE('',#8305,#2035);
#1455=LINE('',#8315,#2036);
#1456=LINE('',#8319,#2037);
#1457=LINE('',#8323,#2038);
#1458=LINE('',#8326,#2039);
#1459=LINE('',#8335,#2040);
#1460=LINE('',#8339,#2041);
#1461=LINE('',#8343,#2042);
#1462=LINE('',#8346,#2043);
#1463=LINE('',#8351,#2044);
#1464=LINE('',#8355,#2045);
#1465=LINE('',#8359,#2046);
#1466=LINE('',#8362,#2047);
#1467=LINE('',#8369,#2048);
#1468=LINE('',#8373,#2049);
#1469=LINE('',#8377,#2050);
#1470=LINE('',#8380,#2051);
#1471=LINE('',#8385,#2052);
#1472=LINE('',#8389,#2053);
#1473=LINE('',#8393,#2054);
#1474=LINE('',#8396,#2055);
#1475=LINE('',#8401,#2056);
#1476=LINE('',#8405,#2057);
#1477=LINE('',#8409,#2058);
#1478=LINE('',#8412,#2059);
#1479=LINE('',#8415,#2060);
#1480=LINE('',#8419,#2061);
#1481=LINE('',#8420,#2062);
#1482=LINE('',#8423,#2063);
#1483=LINE('',#8427,#2064);
#1484=LINE('',#8428,#2065);
#1485=LINE('',#8431,#2066);
#1486=LINE('',#8436,#2067);
#1487=LINE('',#8437,#2068);
#1488=LINE('',#8438,#2069);
#1489=LINE('',#8442,#2070);
#1490=LINE('',#8445,#2071);
#1491=LINE('',#8446,#2072);
#1492=LINE('',#8450,#2073);
#1493=LINE('',#8453,#2074);
#1494=LINE('',#8454,#2075);
#1495=LINE('',#8458,#2076);
#1496=LINE('',#8461,#2077);
#1497=LINE('',#8462,#2078);
#1498=LINE('',#8468,#2079);
#1499=LINE('',#8469,#2080);
#1500=LINE('',#8470,#2081);
#1501=LINE('',#8474,#2082);
#1502=LINE('',#8477,#2083);
#1503=LINE('',#8478,#2084);
#1504=LINE('',#8482,#2085);
#1505=LINE('',#8485,#2086);
#1506=LINE('',#8486,#2087);
#1507=LINE('',#8490,#2088);
#1508=LINE('',#8493,#2089);
#1509=LINE('',#8494,#2090);
#1510=LINE('',#8500,#2091);
#1511=LINE('',#8501,#2092);
#1512=LINE('',#8502,#2093);
#1513=LINE('',#8506,#2094);
#1514=LINE('',#8509,#2095);
#1515=LINE('',#8510,#2096);
#1516=LINE('',#8514,#2097);
#1517=LINE('',#8517,#2098);
#1518=LINE('',#8518,#2099);
#1519=LINE('',#8522,#2100);
#1520=LINE('',#8525,#2101);
#1521=LINE('',#8526,#2102);
#1522=LINE('',#8531,#2103);
#1523=LINE('',#8536,#2104);
#1524=LINE('',#8537,#2105);
#1525=LINE('',#8538,#2106);
#1526=LINE('',#8542,#2107);
#1527=LINE('',#8545,#2108);
#1528=LINE('',#8546,#2109);
#1529=LINE('',#8550,#2110);
#1530=LINE('',#8553,#2111);
#1531=LINE('',#8554,#2112);
#1532=LINE('',#8558,#2113);
#1533=LINE('',#8561,#2114);
#1534=LINE('',#8562,#2115);
#1535=LINE('',#8568,#2116);
#1536=LINE('',#8569,#2117);
#1537=LINE('',#8570,#2118);
#1538=LINE('',#8574,#2119);
#1539=LINE('',#8577,#2120);
#1540=LINE('',#8578,#2121);
#1541=LINE('',#8582,#2122);
#1542=LINE('',#8585,#2123);
#1543=LINE('',#8586,#2124);
#1544=LINE('',#8590,#2125);
#1545=LINE('',#8593,#2126);
#1546=LINE('',#8594,#2127);
#1547=LINE('',#8599,#2128);
#1548=LINE('',#8603,#2129);
#1549=LINE('',#8608,#2130);
#1550=LINE('',#8609,#2131);
#1551=LINE('',#8610,#2132);
#1552=LINE('',#8614,#2133);
#1553=LINE('',#8617,#2134);
#1554=LINE('',#8618,#2135);
#1555=LINE('',#8622,#2136);
#1556=LINE('',#8625,#2137);
#1557=LINE('',#8626,#2138);
#1558=LINE('',#8630,#2139);
#1559=LINE('',#8633,#2140);
#1560=LINE('',#8634,#2141);
#1561=LINE('',#8639,#2142);
#1562=LINE('',#8643,#2143);
#1563=LINE('',#8646,#2144);
#1564=LINE('',#8655,#2145);
#1565=LINE('',#8674,#2146);
#1566=LINE('',#8681,#2147);
#1567=LINE('',#8704,#2148);
#1568=LINE('',#8727,#2149);
#1569=LINE('',#8750,#2150);
#1570=LINE('',#8773,#2151);
#1571=LINE('',#8796,#2152);
#1572=LINE('',#8819,#2153);
#1573=LINE('',#8842,#2154);
#1574=LINE('',#8865,#2155);
#1575=LINE('',#8888,#2156);
#1576=LINE('',#8891,#2157);
#1577=LINE('',#8893,#2158);
#1578=LINE('',#8894,#2159);
#1579=LINE('',#8896,#2160);
#1580=LINE('',#8897,#2161);
#1581=LINE('',#8901,#2162);
#1582=LINE('',#8903,#2163);
#1583=LINE('',#8905,#2164);
#1584=LINE('',#8906,#2165);
#1585=LINE('',#8929,#2166);
#1586=LINE('',#8952,#2167);
#1587=LINE('',#8975,#2168);
#1588=LINE('',#8998,#2169);
#1589=LINE('',#9021,#2170);
#1590=LINE('',#9044,#2171);
#1591=LINE('',#9067,#2172);
#1592=LINE('',#9090,#2173);
#1593=LINE('',#9093,#2174);
#1594=LINE('',#9095,#2175);
#1595=LINE('',#9096,#2176);
#1596=LINE('',#9119,#2177);
#1597=LINE('',#9142,#2178);
#1598=LINE('',#9165,#2179);
#1599=LINE('',#9188,#2180);
#1600=LINE('',#9191,#2181);
#1601=LINE('',#9193,#2182);
#1602=LINE('',#9194,#2183);
#1603=LINE('',#9197,#2184);
#1604=LINE('',#9199,#2185);
#1605=LINE('',#9200,#2186);
#1606=LINE('',#9223,#2187);
#1607=LINE('',#9246,#2188);
#1608=LINE('',#9269,#2189);
#1609=LINE('',#9292,#2190);
#1610=LINE('',#9315,#2191);
#1611=LINE('',#9338,#2192);
#1612=LINE('',#9361,#2193);
#1613=LINE('',#9384,#2194);
#1614=LINE('',#9387,#2195);
#1615=LINE('',#9389,#2196);
#1616=LINE('',#9390,#2197);
#1617=LINE('',#9392,#2198);
#1618=LINE('',#9393,#2199);
#1619=LINE('',#9414,#2200);
#1620=LINE('',#9421,#2201);
#1621=LINE('',#9444,#2202);
#1622=LINE('',#9467,#2203);
#1623=LINE('',#9490,#2204);
#1624=LINE('',#9513,#2205);
#1625=LINE('',#9536,#2206);
#1626=LINE('',#9559,#2207);
#1627=LINE('',#9582,#2208);
#1628=LINE('',#9584,#2209);
#1629=LINE('',#9585,#2210);
#1630=LINE('',#9604,#2211);
#1631=LINE('',#9611,#2212);
#1632=LINE('',#9634,#2213);
#1633=LINE('',#9657,#2214);
#1634=LINE('',#9680,#2215);
#1635=LINE('',#9703,#2216);
#1636=LINE('',#9726,#2217);
#1637=LINE('',#9749,#2218);
#1638=LINE('',#9772,#2219);
#1639=LINE('',#9795,#2220);
#1640=LINE('',#9818,#2221);
#1641=LINE('',#9841,#2222);
#1642=LINE('',#9864,#2223);
#1643=LINE('',#9887,#2224);
#1644=LINE('',#9890,#2225);
#1645=LINE('',#9892,#2226);
#1646=LINE('',#9893,#2227);
#1647=LINE('',#9916,#2228);
#1648=LINE('',#9939,#2229);
#1649=LINE('',#9962,#2230);
#1650=LINE('',#9985,#2231);
#1651=LINE('',#10008,#2232);
#1652=LINE('',#10031,#2233);
#1653=LINE('',#10034,#2234);
#1654=LINE('',#10036,#2235);
#1655=LINE('',#10037,#2236);
#1656=LINE('',#10060,#2237);
#1657=LINE('',#10083,#2238);
#1658=LINE('',#10124,#2239);
#1659=LINE('',#10131,#2240);
#1660=LINE('',#10154,#2241);
#1661=LINE('',#10177,#2242);
#1662=LINE('',#10200,#2243);
#1663=LINE('',#10203,#2244);
#1664=LINE('',#10205,#2245);
#1665=LINE('',#10206,#2246);
#1666=LINE('',#10209,#2247);
#1667=LINE('',#10211,#2248);
#1668=LINE('',#10212,#2249);
#1669=LINE('',#10215,#2250);
#1670=LINE('',#10217,#2251);
#1671=LINE('',#10218,#2252);
#1672=LINE('',#10221,#2253);
#1673=LINE('',#10223,#2254);
#1674=LINE('',#10224,#2255);
#1675=LINE('',#10227,#2256);
#1676=LINE('',#10229,#2257);
#1677=LINE('',#10230,#2258);
#1678=LINE('',#10233,#2259);
#1679=LINE('',#10235,#2260);
#1680=LINE('',#10236,#2261);
#1681=LINE('',#10239,#2262);
#1682=LINE('',#10241,#2263);
#1683=LINE('',#10242,#2264);
#1684=LINE('',#10245,#2265);
#1685=LINE('',#10247,#2266);
#1686=LINE('',#10248,#2267);
#1687=LINE('',#10251,#2268);
#1688=LINE('',#10253,#2269);
#1689=LINE('',#10254,#2270);
#1690=LINE('',#10257,#2271);
#1691=LINE('',#10259,#2272);
#1692=LINE('',#10260,#2273);
#1693=LINE('',#10263,#2274);
#1694=LINE('',#10265,#2275);
#1695=LINE('',#10266,#2276);
#1696=LINE('',#10289,#2277);
#1697=LINE('',#10312,#2278);
#1698=LINE('',#10335,#2279);
#1699=LINE('',#10358,#2280);
#1700=LINE('',#10360,#2281);
#1701=LINE('',#10361,#2282);
#1702=LINE('',#10367,#2283);
#1703=LINE('',#10369,#2284);
#1704=LINE('',#10371,#2285);
#1705=LINE('',#10372,#2286);
#1706=LINE('',#10375,#2287);
#1707=LINE('',#10377,#2288);
#1708=LINE('',#10378,#2289);
#1709=LINE('',#10381,#2290);
#1710=LINE('',#10383,#2291);
#1711=LINE('',#10384,#2292);
#1712=LINE('',#10387,#2293);
#1713=LINE('',#10389,#2294);
#1714=LINE('',#10390,#2295);
#1715=LINE('',#10393,#2296);
#1716=LINE('',#10395,#2297);
#1717=LINE('',#10396,#2298);
#1718=LINE('',#10399,#2299);
#1719=LINE('',#10401,#2300);
#1720=LINE('',#10402,#2301);
#1721=LINE('',#10405,#2302);
#1722=LINE('',#10407,#2303);
#1723=LINE('',#10408,#2304);
#1724=LINE('',#10411,#2305);
#1725=LINE('',#10413,#2306);
#1726=LINE('',#10414,#2307);
#1727=LINE('',#10417,#2308);
#1728=LINE('',#10419,#2309);
#1729=LINE('',#10420,#2310);
#1730=LINE('',#10423,#2311);
#1731=LINE('',#10425,#2312);
#1732=LINE('',#10426,#2313);
#1733=LINE('',#10429,#2314);
#1734=LINE('',#10431,#2315);
#1735=LINE('',#10432,#2316);
#1736=LINE('',#10435,#2317);
#1737=LINE('',#10437,#2318);
#1738=LINE('',#10438,#2319);
#1739=LINE('',#10441,#2320);
#1740=LINE('',#10443,#2321);
#1741=LINE('',#10444,#2322);
#1742=LINE('',#10447,#2323);
#1743=LINE('',#10449,#2324);
#1744=LINE('',#10450,#2325);
#1745=LINE('',#10453,#2326);
#1746=LINE('',#10455,#2327);
#1747=LINE('',#10456,#2328);
#1748=LINE('',#10459,#2329);
#1749=LINE('',#10461,#2330);
#1750=LINE('',#10462,#2331);
#1751=LINE('',#10465,#2332);
#1752=LINE('',#10467,#2333);
#1753=LINE('',#10468,#2334);
#1754=LINE('',#10471,#2335);
#1755=LINE('',#10473,#2336);
#1756=LINE('',#10474,#2337);
#1757=LINE('',#10476,#2338);
#1758=LINE('',#10477,#2339);
#1759=LINE('',#10498,#2340);
#1760=LINE('',#10505,#2341);
#1761=LINE('',#10528,#2342);
#1762=LINE('',#10551,#2343);
#1763=LINE('',#10574,#2344);
#1764=LINE('',#10597,#2345);
#1765=LINE('',#10620,#2346);
#1766=LINE('',#10643,#2347);
#1767=LINE('',#10666,#2348);
#1768=LINE('',#10689,#2349);
#1769=LINE('',#10712,#2350);
#1770=LINE('',#10735,#2351);
#1771=LINE('',#10758,#2352);
#1772=LINE('',#10781,#2353);
#1773=LINE('',#10804,#2354);
#1774=LINE('',#10827,#2355);
#1775=LINE('',#10853,#2356);
#1776=LINE('',#10855,#2357);
#1777=LINE('',#10857,#2358);
#1778=LINE('',#10858,#2359);
#1779=LINE('',#10861,#2360);
#1780=LINE('',#10863,#2361);
#1781=LINE('',#10864,#2362);
#1782=LINE('',#10867,#2363);
#1783=LINE('',#10869,#2364);
#1784=LINE('',#10870,#2365);
#1785=LINE('',#10873,#2366);
#1786=LINE('',#10875,#2367);
#1787=LINE('',#10876,#2368);
#1788=LINE('',#10879,#2369);
#1789=LINE('',#10881,#2370);
#1790=LINE('',#10882,#2371);
#1791=LINE('',#10885,#2372);
#1792=LINE('',#10887,#2373);
#1793=LINE('',#10888,#2374);
#1794=LINE('',#10891,#2375);
#1795=LINE('',#10893,#2376);
#1796=LINE('',#10894,#2377);
#1797=LINE('',#10897,#2378);
#1798=LINE('',#10899,#2379);
#1799=LINE('',#10900,#2380);
#1800=LINE('',#10903,#2381);
#1801=LINE('',#10905,#2382);
#1802=LINE('',#10906,#2383);
#1803=LINE('',#10908,#2384);
#1804=LINE('',#10909,#2385);
#1805=LINE('',#10915,#2386);
#1806=LINE('',#10917,#2387);
#1807=LINE('',#10919,#2388);
#1808=LINE('',#10920,#2389);
#1809=LINE('',#10923,#2390);
#1810=LINE('',#10925,#2391);
#1811=LINE('',#10926,#2392);
#1812=LINE('',#10929,#2393);
#1813=LINE('',#10931,#2394);
#1814=LINE('',#10932,#2395);
#1815=LINE('',#10935,#2396);
#1816=LINE('',#10937,#2397);
#1817=LINE('',#10938,#2398);
#1818=LINE('',#10941,#2399);
#1819=LINE('',#10943,#2400);
#1820=LINE('',#10944,#2401);
#1821=LINE('',#10947,#2402);
#1822=LINE('',#10949,#2403);
#1823=LINE('',#10950,#2404);
#1824=LINE('',#10973,#2405);
#1825=LINE('',#10996,#2406);
#1826=LINE('',#11019,#2407);
#1827=LINE('',#11042,#2408);
#1828=LINE('',#11065,#2409);
#1829=LINE('',#11088,#2410);
#1830=LINE('',#11091,#2411);
#1831=LINE('',#11093,#2412);
#1832=LINE('',#11094,#2413);
#1833=LINE('',#11117,#2414);
#1834=LINE('',#11140,#2415);
#1835=LINE('',#11163,#2416);
#1836=LINE('',#11186,#2417);
#1837=LINE('',#11209,#2418);
#1838=LINE('',#11232,#2419);
#1839=LINE('',#11235,#2420);
#1840=LINE('',#11237,#2421);
#1841=LINE('',#11238,#2422);
#1842=LINE('',#11240,#2423);
#1843=LINE('',#11241,#2424);
#1844=LINE('',#11262,#2425);
#1845=LINE('',#11269,#2426);
#1846=LINE('',#11292,#2427);
#1847=LINE('',#11315,#2428);
#1848=LINE('',#11338,#2429);
#1849=LINE('',#11361,#2430);
#1850=LINE('',#11364,#2431);
#1851=LINE('',#11366,#2432);
#1852=LINE('',#11367,#2433);
#1853=LINE('',#11390,#2434);
#1854=LINE('',#11413,#2435);
#1855=LINE('',#11436,#2436);
#1856=LINE('',#11459,#2437);
#1857=LINE('',#11482,#2438);
#1858=LINE('',#11505,#2439);
#1859=LINE('',#11528,#2440);
#1860=LINE('',#11551,#2441);
#1861=LINE('',#11590,#2442);
#1862=LINE('',#11597,#2443);
#1863=LINE('',#11620,#2444);
#1864=LINE('',#11643,#2445);
#1865=LINE('',#11666,#2446);
#1866=LINE('',#11689,#2447);
#1867=LINE('',#11692,#2448);
#1868=LINE('',#11694,#2449);
#1869=LINE('',#11695,#2450);
#1870=LINE('',#11698,#2451);
#1871=LINE('',#11700,#2452);
#1872=LINE('',#11701,#2453);
#1873=LINE('',#11704,#2454);
#1874=LINE('',#11706,#2455);
#1875=LINE('',#11707,#2456);
#1876=LINE('',#11710,#2457);
#1877=LINE('',#11712,#2458);
#1878=LINE('',#11713,#2459);
#1879=LINE('',#11736,#2460);
#1880=LINE('',#11759,#2461);
#1881=LINE('',#11782,#2462);
#1882=LINE('',#11805,#2463);
#1883=LINE('',#11828,#2464);
#1884=LINE('',#11851,#2465);
#1885=LINE('',#11892,#2466);
#1886=LINE('',#11899,#2467);
#1887=LINE('',#11922,#2468);
#1888=LINE('',#11945,#2469);
#1889=LINE('',#11948,#2470);
#1890=LINE('',#11950,#2471);
#1891=LINE('',#11951,#2472);
#1892=LINE('',#11974,#2473);
#1893=LINE('',#11997,#2474);
#1894=LINE('',#12020,#2475);
#1895=LINE('',#12043,#2476);
#1896=LINE('',#12082,#2477);
#1897=LINE('',#12089,#2478);
#1898=LINE('',#12112,#2479);
#1899=LINE('',#12135,#2480);
#1900=LINE('',#12158,#2481);
#1901=LINE('',#12181,#2482);
#1902=LINE('',#12184,#2483);
#1903=LINE('',#12186,#2484);
#1904=LINE('',#12187,#2485);
#1905=LINE('',#12190,#2486);
#1906=LINE('',#12192,#2487);
#1907=LINE('',#12193,#2488);
#1908=LINE('',#12196,#2489);
#1909=LINE('',#12198,#2490);
#1910=LINE('',#12199,#2491);
#1911=LINE('',#12202,#2492);
#1912=LINE('',#12204,#2493);
#1913=LINE('',#12205,#2494);
#1914=LINE('',#12208,#2495);
#1915=LINE('',#12210,#2496);
#1916=LINE('',#12211,#2497);
#1917=LINE('',#12234,#2498);
#1918=LINE('',#12257,#2499);
#1919=LINE('',#12280,#2500);
#1920=LINE('',#12303,#2501);
#1921=LINE('',#12326,#2502);
#1922=LINE('',#12349,#2503);
#1923=LINE('',#12375,#2504);
#1924=LINE('',#12377,#2505);
#1925=LINE('',#12379,#2506);
#1926=LINE('',#12380,#2507);
#1927=LINE('',#12383,#2508);
#1928=LINE('',#12385,#2509);
#1929=LINE('',#12386,#2510);
#1930=LINE('',#12389,#2511);
#1931=LINE('',#12391,#2512);
#1932=LINE('',#12392,#2513);
#1933=LINE('',#12395,#2514);
#1934=LINE('',#12397,#2515);
#1935=LINE('',#12398,#2516);
#1936=LINE('',#12401,#2517);
#1937=LINE('',#12403,#2518);
#1938=LINE('',#12404,#2519);
#1939=LINE('',#12407,#2520);
#1940=LINE('',#12409,#2521);
#1941=LINE('',#12410,#2522);
#1942=LINE('',#12413,#2523);
#1943=LINE('',#12415,#2524);
#1944=LINE('',#12416,#2525);
#1945=LINE('',#12419,#2526);
#1946=LINE('',#12421,#2527);
#1947=LINE('',#12422,#2528);
#1948=LINE('',#12425,#2529);
#1949=LINE('',#12427,#2530);
#1950=LINE('',#12428,#2531);
#1951=LINE('',#12431,#2532);
#1952=LINE('',#12433,#2533);
#1953=LINE('',#12434,#2534);
#1954=LINE('',#12437,#2535);
#1955=LINE('',#12439,#2536);
#1956=LINE('',#12440,#2537);
#1957=LINE('',#12443,#2538);
#1958=LINE('',#12445,#2539);
#1959=LINE('',#12446,#2540);
#1960=LINE('',#12449,#2541);
#1961=LINE('',#12451,#2542);
#1962=LINE('',#12452,#2543);
#1963=LINE('',#12455,#2544);
#1964=LINE('',#12457,#2545);
#1965=LINE('',#12458,#2546);
#1966=LINE('',#12461,#2547);
#1967=LINE('',#12463,#2548);
#1968=LINE('',#12464,#2549);
#1969=LINE('',#12467,#2550);
#1970=LINE('',#12469,#2551);
#1971=LINE('',#12470,#2552);
#1972=LINE('',#12473,#2553);
#1973=LINE('',#12475,#2554);
#1974=LINE('',#12476,#2555);
#1975=LINE('',#12479,#2556);
#1976=LINE('',#12481,#2557);
#1977=LINE('',#12482,#2558);
#1978=LINE('',#12484,#2559);
#1979=LINE('',#12485,#2560);
#1980=VECTOR('',#6941,10.);
#1981=VECTOR('',#6942,10.);
#1982=VECTOR('',#6943,10.);
#1983=VECTOR('',#6944,10.);
#1984=VECTOR('',#6947,10.);
#1985=VECTOR('',#6948,10.);
#1986=VECTOR('',#6949,10.);
#1987=VECTOR('',#6950,10.);
#1988=VECTOR('',#6953,10.);
#1989=VECTOR('',#6954,10.);
#1990=VECTOR('',#6957,10.);
#1991=VECTOR('',#6960,10.);
#1992=VECTOR('',#6963,10.);
#1993=VECTOR('',#6966,10.);
#1994=VECTOR('',#6969,10.);
#1995=VECTOR('',#6970,10.);
#1996=VECTOR('',#6971,10.);
#1997=VECTOR('',#6972,10.);
#1998=VECTOR('',#6973,10.);
#1999=VECTOR('',#6974,10.);
#2000=VECTOR('',#6985,10.);
#2001=VECTOR('',#6986,10.);
#2002=VECTOR('',#6987,10.);
#2003=VECTOR('',#6992,10.);
#2004=VECTOR('',#6995,10.);
#2005=VECTOR('',#6996,10.);
#2006=VECTOR('',#7001,10.);
#2007=VECTOR('',#7004,10.);
#2008=VECTOR('',#7017,10.);
#2009=VECTOR('',#7020,10.);
#2010=VECTOR('',#7023,10.);
#2011=VECTOR('',#7026,10.);
#2012=VECTOR('',#7029,10.);
#2013=VECTOR('',#7030,10.);
#2014=VECTOR('',#7031,10.);
#2015=VECTOR('',#7032,10.);
#2016=VECTOR('',#7035,10.);
#2017=VECTOR('',#7036,10.);
#2018=VECTOR('',#7039,10.);
#2019=VECTOR('',#7044,3.);
#2020=VECTOR('',#7049,3.);
#2021=VECTOR('',#7054,3.00000000000001);
#2022=VECTOR('',#7059,3.00000000000001);
#2023=VECTOR('',#7062,10.);
#2024=VECTOR('',#7069,1.7);
#2025=VECTOR('',#7076,1.7);
#2026=VECTOR('',#7083,1.7);
#2027=VECTOR('',#7090,1.7);
#2028=VECTOR('',#7101,10.);
#2029=VECTOR('',#7104,10.);
#2030=VECTOR('',#7107,10.);
#2031=VECTOR('',#7108,10.);
#2032=VECTOR('',#7109,10.);
#2033=VECTOR('',#7112,10.);
#2034=VECTOR('',#7115,10.);
#2035=VECTOR('',#7118,10.);
#2036=VECTOR('',#7127,10.);
#2037=VECTOR('',#7130,10.);
#2038=VECTOR('',#7133,10.);
#2039=VECTOR('',#7136,10.);
#2040=VECTOR('',#7143,10.);
#2041=VECTOR('',#7146,10.);
#2042=VECTOR('',#7149,10.);
#2043=VECTOR('',#7152,10.);
#2044=VECTOR('',#7155,10.);
#2045=VECTOR('',#7158,10.);
#2046=VECTOR('',#7161,10.);
#2047=VECTOR('',#7164,10.);
#2048=VECTOR('',#7169,10.);
#2049=VECTOR('',#7172,10.);
#2050=VECTOR('',#7175,10.);
#2051=VECTOR('',#7178,10.);
#2052=VECTOR('',#7181,10.);
#2053=VECTOR('',#7184,10.);
#2054=VECTOR('',#7187,10.);
#2055=VECTOR('',#7190,10.);
#2056=VECTOR('',#7193,10.);
#2057=VECTOR('',#7196,10.);
#2058=VECTOR('',#7199,10.);
#2059=VECTOR('',#7202,10.);
#2060=VECTOR('',#7205,10.);
#2061=VECTOR('',#7210,10.);
#2062=VECTOR('',#7211,10.);
#2063=VECTOR('',#7214,10.);
#2064=VECTOR('',#7219,10.);
#2065=VECTOR('',#7220,10.);
#2066=VECTOR('',#7223,10.);
#2067=VECTOR('',#7228,10.);
#2068=VECTOR('',#7229,10.);
#2069=VECTOR('',#7230,10.);
#2070=VECTOR('',#7235,10.);
#2071=VECTOR('',#7238,10.);
#2072=VECTOR('',#7239,10.);
#2073=VECTOR('',#7244,10.);
#2074=VECTOR('',#7247,10.);
#2075=VECTOR('',#7248,10.);
#2076=VECTOR('',#7253,10.);
#2077=VECTOR('',#7256,10.);
#2078=VECTOR('',#7257,10.);
#2079=VECTOR('',#7264,10.);
#2080=VECTOR('',#7265,10.);
#2081=VECTOR('',#7266,10.);
#2082=VECTOR('',#7271,10.);
#2083=VECTOR('',#7274,10.);
#2084=VECTOR('',#7275,10.);
#2085=VECTOR('',#7280,10.);
#2086=VECTOR('',#7283,10.);
#2087=VECTOR('',#7284,10.);
#2088=VECTOR('',#7289,10.);
#2089=VECTOR('',#7292,10.);
#2090=VECTOR('',#7293,10.);
#2091=VECTOR('',#7300,10.);
#2092=VECTOR('',#7301,10.);
#2093=VECTOR('',#7302,10.);
#2094=VECTOR('',#7307,10.);
#2095=VECTOR('',#7310,10.);
#2096=VECTOR('',#7311,10.);
#2097=VECTOR('',#7316,10.);
#2098=VECTOR('',#7319,10.);
#2099=VECTOR('',#7320,10.);
#2100=VECTOR('',#7325,10.);
#2101=VECTOR('',#7328,10.);
#2102=VECTOR('',#7329,10.);
#2103=VECTOR('',#7336,1.6);
#2104=VECTOR('',#7341,10.);
#2105=VECTOR('',#7342,10.);
#2106=VECTOR('',#7343,10.);
#2107=VECTOR('',#7348,10.);
#2108=VECTOR('',#7351,10.);
#2109=VECTOR('',#7352,10.);
#2110=VECTOR('',#7357,10.);
#2111=VECTOR('',#7360,10.);
#2112=VECTOR('',#7361,10.);
#2113=VECTOR('',#7366,10.);
#2114=VECTOR('',#7369,10.);
#2115=VECTOR('',#7370,10.);
#2116=VECTOR('',#7377,10.);
#2117=VECTOR('',#7378,10.);
#2118=VECTOR('',#7379,10.);
#2119=VECTOR('',#7384,10.);
#2120=VECTOR('',#7387,10.);
#2121=VECTOR('',#7388,10.);
#2122=VECTOR('',#7393,10.);
#2123=VECTOR('',#7396,10.);
#2124=VECTOR('',#7397,10.);
#2125=VECTOR('',#7402,10.);
#2126=VECTOR('',#7405,10.);
#2127=VECTOR('',#7406,10.);
#2128=VECTOR('',#7413,1.7);
#2129=VECTOR('',#7418,1.7);
#2130=VECTOR('',#7423,10.);
#2131=VECTOR('',#7424,10.);
#2132=VECTOR('',#7425,10.);
#2133=VECTOR('',#7430,10.);
#2134=VECTOR('',#7433,10.);
#2135=VECTOR('',#7434,10.);
#2136=VECTOR('',#7439,10.);
#2137=VECTOR('',#7442,10.);
#2138=VECTOR('',#7443,10.);
#2139=VECTOR('',#7448,10.);
#2140=VECTOR('',#7451,10.);
#2141=VECTOR('',#7452,10.);
#2142=VECTOR('',#7459,1.7);
#2143=VECTOR('',#7464,1.7);
#2144=VECTOR('',#7469,10.);
#2145=VECTOR('',#7482,1.6);
#2146=VECTOR('',#7483,10.);
#2147=VECTOR('',#7484,10.);
#2148=VECTOR('',#7485,10.);
#2149=VECTOR('',#7486,10.);
#2150=VECTOR('',#7487,10.);
#2151=VECTOR('',#7488,10.);
#2152=VECTOR('',#7489,10.);
#2153=VECTOR('',#7490,10.);
#2154=VECTOR('',#7491,10.);
#2155=VECTOR('',#7492,10.);
#2156=VECTOR('',#7493,10.);
#2157=VECTOR('',#7496,10.);
#2158=VECTOR('',#7497,10.);
#2159=VECTOR('',#7498,10.);
#2160=VECTOR('',#7501,10.);
#2161=VECTOR('',#7502,10.);
#2162=VECTOR('',#7505,10.);
#2163=VECTOR('',#7506,10.);
#2164=VECTOR('',#7507,10.);
#2165=VECTOR('',#7508,10.);
#2166=VECTOR('',#7509,10.);
#2167=VECTOR('',#7510,10.);
#2168=VECTOR('',#7511,10.);
#2169=VECTOR('',#7512,10.);
#2170=VECTOR('',#7513,10.);
#2171=VECTOR('',#7514,10.);
#2172=VECTOR('',#7515,10.);
#2173=VECTOR('',#7516,10.);
#2174=VECTOR('',#7519,10.);
#2175=VECTOR('',#7520,10.);
#2176=VECTOR('',#7521,10.);
#2177=VECTOR('',#7522,10.);
#2178=VECTOR('',#7523,10.);
#2179=VECTOR('',#7524,10.);
#2180=VECTOR('',#7525,10.);
#2181=VECTOR('',#7528,10.);
#2182=VECTOR('',#7529,10.);
#2183=VECTOR('',#7530,10.);
#2184=VECTOR('',#7533,10.);
#2185=VECTOR('',#7534,10.);
#2186=VECTOR('',#7535,10.);
#2187=VECTOR('',#7536,10.);
#2188=VECTOR('',#7537,10.);
#2189=VECTOR('',#7538,10.);
#2190=VECTOR('',#7539,10.);
#2191=VECTOR('',#7540,10.);
#2192=VECTOR('',#7541,10.);
#2193=VECTOR('',#7542,10.);
#2194=VECTOR('',#7543,10.);
#2195=VECTOR('',#7546,10.);
#2196=VECTOR('',#7547,10.);
#2197=VECTOR('',#7548,10.);
#2198=VECTOR('',#7551,10.);
#2199=VECTOR('',#7552,10.);
#2200=VECTOR('',#7557,10.);
#2201=VECTOR('',#7558,10.);
#2202=VECTOR('',#7559,10.);
#2203=VECTOR('',#7560,10.);
#2204=VECTOR('',#7561,10.);
#2205=VECTOR('',#7562,10.);
#2206=VECTOR('',#7563,10.);
#2207=VECTOR('',#7564,10.);
#2208=VECTOR('',#7565,10.);
#2209=VECTOR('',#7568,10.);
#2210=VECTOR('',#7569,10.);
#2211=VECTOR('',#7570,10.);
#2212=VECTOR('',#7571,10.);
#2213=VECTOR('',#7572,10.);
#2214=VECTOR('',#7573,10.);
#2215=VECTOR('',#7574,10.);
#2216=VECTOR('',#7575,10.);
#2217=VECTOR('',#7576,10.);
#2218=VECTOR('',#7577,10.);
#2219=VECTOR('',#7578,10.);
#2220=VECTOR('',#7579,10.);
#2221=VECTOR('',#7580,10.);
#2222=VECTOR('',#7581,10.);
#2223=VECTOR('',#7582,10.);
#2224=VECTOR('',#7583,10.);
#2225=VECTOR('',#7586,10.);
#2226=VECTOR('',#7587,10.);
#2227=VECTOR('',#7588,10.);
#2228=VECTOR('',#7589,10.);
#2229=VECTOR('',#7590,10.);
#2230=VECTOR('',#7591,10.);
#2231=VECTOR('',#7592,10.);
#2232=VECTOR('',#7593,10.);
#2233=VECTOR('',#7594,10.);
#2234=VECTOR('',#7597,10.);
#2235=VECTOR('',#7598,10.);
#2236=VECTOR('',#7599,10.);
#2237=VECTOR('',#7600,10.);
#2238=VECTOR('',#7601,10.);
#2239=VECTOR('',#7606,10.);
#2240=VECTOR('',#7607,10.);
#2241=VECTOR('',#7608,10.);
#2242=VECTOR('',#7609,10.);
#2243=VECTOR('',#7610,10.);
#2244=VECTOR('',#7613,10.);
#2245=VECTOR('',#7614,10.);
#2246=VECTOR('',#7615,10.);
#2247=VECTOR('',#7618,10.);
#2248=VECTOR('',#7619,10.);
#2249=VECTOR('',#7620,10.);
#2250=VECTOR('',#7623,10.);
#2251=VECTOR('',#7624,10.);
#2252=VECTOR('',#7625,10.);
#2253=VECTOR('',#7628,10.);
#2254=VECTOR('',#7629,10.);
#2255=VECTOR('',#7630,10.);
#2256=VECTOR('',#7633,10.);
#2257=VECTOR('',#7634,10.);
#2258=VECTOR('',#7635,10.);
#2259=VECTOR('',#7638,10.);
#2260=VECTOR('',#7639,10.);
#2261=VECTOR('',#7640,10.);
#2262=VECTOR('',#7643,10.);
#2263=VECTOR('',#7644,10.);
#2264=VECTOR('',#7645,10.);
#2265=VECTOR('',#7648,10.);
#2266=VECTOR('',#7649,10.);
#2267=VECTOR('',#7650,10.);
#2268=VECTOR('',#7653,10.);
#2269=VECTOR('',#7654,10.);
#2270=VECTOR('',#7655,10.);
#2271=VECTOR('',#7658,10.);
#2272=VECTOR('',#7659,10.);
#2273=VECTOR('',#7660,10.);
#2274=VECTOR('',#7663,10.);
#2275=VECTOR('',#7664,10.);
#2276=VECTOR('',#7665,10.);
#2277=VECTOR('',#7666,10.);
#2278=VECTOR('',#7667,10.);
#2279=VECTOR('',#7668,10.);
#2280=VECTOR('',#7669,10.);
#2281=VECTOR('',#7672,10.);
#2282=VECTOR('',#7673,10.);
#2283=VECTOR('',#7680,10.);
#2284=VECTOR('',#7681,10.);
#2285=VECTOR('',#7682,10.);
#2286=VECTOR('',#7683,10.);
#2287=VECTOR('',#7686,10.);
#2288=VECTOR('',#7687,10.);
#2289=VECTOR('',#7688,10.);
#2290=VECTOR('',#7691,10.);
#2291=VECTOR('',#7692,10.);
#2292=VECTOR('',#7693,10.);
#2293=VECTOR('',#7696,10.);
#2294=VECTOR('',#7697,10.);
#2295=VECTOR('',#7698,10.);
#2296=VECTOR('',#7701,10.);
#2297=VECTOR('',#7702,10.);
#2298=VECTOR('',#7703,10.);
#2299=VECTOR('',#7706,10.);
#2300=VECTOR('',#7707,10.);
#2301=VECTOR('',#7708,10.);
#2302=VECTOR('',#7711,10.);
#2303=VECTOR('',#7712,10.);
#2304=VECTOR('',#7713,10.);
#2305=VECTOR('',#7716,10.);
#2306=VECTOR('',#7717,10.);
#2307=VECTOR('',#7718,10.);
#2308=VECTOR('',#7721,10.);
#2309=VECTOR('',#7722,10.);
#2310=VECTOR('',#7723,10.);
#2311=VECTOR('',#7726,10.);
#2312=VECTOR('',#7727,10.);
#2313=VECTOR('',#7728,10.);
#2314=VECTOR('',#7731,10.);
#2315=VECTOR('',#7732,10.);
#2316=VECTOR('',#7733,10.);
#2317=VECTOR('',#7736,10.);
#2318=VECTOR('',#7737,10.);
#2319=VECTOR('',#7738,10.);
#2320=VECTOR('',#7741,10.);
#2321=VECTOR('',#7742,10.);
#2322=VECTOR('',#7743,10.);
#2323=VECTOR('',#7746,10.);
#2324=VECTOR('',#7747,10.);
#2325=VECTOR('',#7748,10.);
#2326=VECTOR('',#7751,10.);
#2327=VECTOR('',#7752,10.);
#2328=VECTOR('',#7753,10.);
#2329=VECTOR('',#7756,10.);
#2330=VECTOR('',#7757,10.);
#2331=VECTOR('',#7758,10.);
#2332=VECTOR('',#7761,10.);
#2333=VECTOR('',#7762,10.);
#2334=VECTOR('',#7763,10.);
#2335=VECTOR('',#7766,10.);
#2336=VECTOR('',#7767,10.);
#2337=VECTOR('',#7768,10.);
#2338=VECTOR('',#7771,10.);
#2339=VECTOR('',#7772,10.);
#2340=VECTOR('',#7777,10.);
#2341=VECTOR('',#7778,10.);
#2342=VECTOR('',#7779,10.);
#2343=VECTOR('',#7780,10.);
#2344=VECTOR('',#7781,10.);
#2345=VECTOR('',#7782,10.);
#2346=VECTOR('',#7783,10.);
#2347=VECTOR('',#7784,10.);
#2348=VECTOR('',#7785,10.);
#2349=VECTOR('',#7786,10.);
#2350=VECTOR('',#7787,10.);
#2351=VECTOR('',#7788,10.);
#2352=VECTOR('',#7789,10.);
#2353=VECTOR('',#7790,10.);
#2354=VECTOR('',#7791,10.);
#2355=VECTOR('',#7792,10.);
#2356=VECTOR('',#7799,10.);
#2357=VECTOR('',#7800,10.);
#2358=VECTOR('',#7801,10.);
#2359=VECTOR('',#7802,10.);
#2360=VECTOR('',#7805,10.);
#2361=VECTOR('',#7806,10.);
#2362=VECTOR('',#7807,10.);
#2363=VECTOR('',#7810,10.);
#2364=VECTOR('',#7811,10.);
#2365=VECTOR('',#7812,10.);
#2366=VECTOR('',#7815,10.);
#2367=VECTOR('',#7816,10.);
#2368=VECTOR('',#7817,10.);
#2369=VECTOR('',#7820,10.);
#2370=VECTOR('',#7821,10.);
#2371=VECTOR('',#7822,10.);
#2372=VECTOR('',#7825,10.);
#2373=VECTOR('',#7826,10.);
#2374=VECTOR('',#7827,10.);
#2375=VECTOR('',#7830,10.);
#2376=VECTOR('',#7831,10.);
#2377=VECTOR('',#7832,10.);
#2378=VECTOR('',#7835,10.);
#2379=VECTOR('',#7836,10.);
#2380=VECTOR('',#7837,10.);
#2381=VECTOR('',#7840,10.);
#2382=VECTOR('',#7841,10.);
#2383=VECTOR('',#7842,10.);
#2384=VECTOR('',#7845,10.);
#2385=VECTOR('',#7846,10.);
#2386=VECTOR('',#7853,10.);
#2387=VECTOR('',#7854,10.);
#2388=VECTOR('',#7855,10.);
#2389=VECTOR('',#7856,10.);
#2390=VECTOR('',#7859,10.);
#2391=VECTOR('',#7860,10.);
#2392=VECTOR('',#7861,10.);
#2393=VECTOR('',#7864,10.);
#2394=VECTOR('',#7865,10.);
#2395=VECTOR('',#7866,10.);
#2396=VECTOR('',#7869,10.);
#2397=VECTOR('',#7870,10.);
#2398=VECTOR('',#7871,10.);
#2399=VECTOR('',#7874,10.);
#2400=VECTOR('',#7875,10.);
#2401=VECTOR('',#7876,10.);
#2402=VECTOR('',#7879,10.);
#2403=VECTOR('',#7880,10.);
#2404=VECTOR('',#7881,10.);
#2405=VECTOR('',#7882,10.);
#2406=VECTOR('',#7883,10.);
#2407=VECTOR('',#7884,10.);
#2408=VECTOR('',#7885,10.);
#2409=VECTOR('',#7886,10.);
#2410=VECTOR('',#7887,10.);
#2411=VECTOR('',#7890,10.);
#2412=VECTOR('',#7891,10.);
#2413=VECTOR('',#7892,10.);
#2414=VECTOR('',#7893,10.);
#2415=VECTOR('',#7894,10.);
#2416=VECTOR('',#7895,10.);
#2417=VECTOR('',#7896,10.);
#2418=VECTOR('',#7897,10.);
#2419=VECTOR('',#7898,10.);
#2420=VECTOR('',#7901,10.);
#2421=VECTOR('',#7902,10.);
#2422=VECTOR('',#7903,10.);
#2423=VECTOR('',#7906,10.);
#2424=VECTOR('',#7907,10.);
#2425=VECTOR('',#7912,10.);
#2426=VECTOR('',#7913,10.);
#2427=VECTOR('',#7914,10.);
#2428=VECTOR('',#7915,10.);
#2429=VECTOR('',#7916,10.);
#2430=VECTOR('',#7917,10.);
#2431=VECTOR('',#7920,10.);
#2432=VECTOR('',#7921,10.);
#2433=VECTOR('',#7922,10.);
#2434=VECTOR('',#7923,10.);
#2435=VECTOR('',#7924,10.);
#2436=VECTOR('',#7925,10.);
#2437=VECTOR('',#7926,10.);
#2438=VECTOR('',#7927,10.);
#2439=VECTOR('',#7928,10.);
#2440=VECTOR('',#7929,10.);
#2441=VECTOR('',#7930,10.);
#2442=VECTOR('',#7931,10.);
#2443=VECTOR('',#7932,10.);
#2444=VECTOR('',#7933,10.);
#2445=VECTOR('',#7934,10.);
#2446=VECTOR('',#7935,10.);
#2447=VECTOR('',#7936,10.);
#2448=VECTOR('',#7939,10.);
#2449=VECTOR('',#7940,10.);
#2450=VECTOR('',#7941,10.);
#2451=VECTOR('',#7944,10.);
#2452=VECTOR('',#7945,10.);
#2453=VECTOR('',#7946,10.);
#2454=VECTOR('',#7949,10.);
#2455=VECTOR('',#7950,10.);
#2456=VECTOR('',#7951,10.);
#2457=VECTOR('',#7954,10.);
#2458=VECTOR('',#7955,10.);
#2459=VECTOR('',#7956,10.);
#2460=VECTOR('',#7957,10.);
#2461=VECTOR('',#7958,10.);
#2462=VECTOR('',#7959,10.);
#2463=VECTOR('',#7960,10.);
#2464=VECTOR('',#7961,10.);
#2465=VECTOR('',#7962,10.);
#2466=VECTOR('',#7967,10.);
#2467=VECTOR('',#7968,10.);
#2468=VECTOR('',#7969,10.);
#2469=VECTOR('',#7970,10.);
#2470=VECTOR('',#7973,10.);
#2471=VECTOR('',#7974,10.);
#2472=VECTOR('',#7975,10.);
#2473=VECTOR('',#7976,10.);
#2474=VECTOR('',#7977,10.);
#2475=VECTOR('',#7978,10.);
#2476=VECTOR('',#7979,10.);
#2477=VECTOR('',#7980,10.);
#2478=VECTOR('',#7981,10.);
#2479=VECTOR('',#7982,10.);
#2480=VECTOR('',#7983,10.);
#2481=VECTOR('',#7984,10.);
#2482=VECTOR('',#7985,10.);
#2483=VECTOR('',#7988,10.);
#2484=VECTOR('',#7989,10.);
#2485=VECTOR('',#7990,10.);
#2486=VECTOR('',#7993,10.);
#2487=VECTOR('',#7994,10.);
#2488=VECTOR('',#7995,10.);
#2489=VECTOR('',#7998,10.);
#2490=VECTOR('',#7999,10.);
#2491=VECTOR('',#8000,10.);
#2492=VECTOR('',#8003,10.);
#2493=VECTOR('',#8004,10.);
#2494=VECTOR('',#8005,10.);
#2495=VECTOR('',#8008,10.);
#2496=VECTOR('',#8009,10.);
#2497=VECTOR('',#8010,10.);
#2498=VECTOR('',#8011,10.);
#2499=VECTOR('',#8012,10.);
#2500=VECTOR('',#8013,10.);
#2501=VECTOR('',#8014,10.);
#2502=VECTOR('',#8015,10.);
#2503=VECTOR('',#8016,10.);
#2504=VECTOR('',#8023,10.);
#2505=VECTOR('',#8024,10.);
#2506=VECTOR('',#8025,10.);
#2507=VECTOR('',#8026,10.);
#2508=VECTOR('',#8029,10.);
#2509=VECTOR('',#8030,10.);
#2510=VECTOR('',#8031,10.);
#2511=VECTOR('',#8034,10.);
#2512=VECTOR('',#8035,10.);
#2513=VECTOR('',#8036,10.);
#2514=VECTOR('',#8039,10.);
#2515=VECTOR('',#8040,10.);
#2516=VECTOR('',#8041,10.);
#2517=VECTOR('',#8044,10.);
#2518=VECTOR('',#8045,10.);
#2519=VECTOR('',#8046,10.);
#2520=VECTOR('',#8049,10.);
#2521=VECTOR('',#8050,10.);
#2522=VECTOR('',#8051,10.);
#2523=VECTOR('',#8054,10.);
#2524=VECTOR('',#8055,10.);
#2525=VECTOR('',#8056,10.);
#2526=VECTOR('',#8059,10.);
#2527=VECTOR('',#8060,10.);
#2528=VECTOR('',#8061,10.);
#2529=VECTOR('',#8064,10.);
#2530=VECTOR('',#8065,10.);
#2531=VECTOR('',#8066,10.);
#2532=VECTOR('',#8069,10.);
#2533=VECTOR('',#8070,10.);
#2534=VECTOR('',#8071,10.);
#2535=VECTOR('',#8074,10.);
#2536=VECTOR('',#8075,10.);
#2537=VECTOR('',#8076,10.);
#2538=VECTOR('',#8079,10.);
#2539=VECTOR('',#8080,10.);
#2540=VECTOR('',#8081,10.);
#2541=VECTOR('',#8084,10.);
#2542=VECTOR('',#8085,10.);
#2543=VECTOR('',#8086,10.);
#2544=VECTOR('',#8089,10.);
#2545=VECTOR('',#8090,10.);
#2546=VECTOR('',#8091,10.);
#2547=VECTOR('',#8094,10.);
#2548=VECTOR('',#8095,10.);
#2549=VECTOR('',#8096,10.);
#2550=VECTOR('',#8099,10.);
#2551=VECTOR('',#8100,10.);
#2552=VECTOR('',#8101,10.);
#2553=VECTOR('',#8104,10.);
#2554=VECTOR('',#8105,10.);
#2555=VECTOR('',#8106,10.);
#2556=VECTOR('',#8109,10.);
#2557=VECTOR('',#8110,10.);
#2558=VECTOR('',#8111,10.);
#2559=VECTOR('',#8114,10.);
#2560=VECTOR('',#8115,10.);
#2561=VERTEX_POINT('',#8130);
#2562=VERTEX_POINT('',#8131);
#2563=VERTEX_POINT('',#8133);
#2564=VERTEX_POINT('',#8135);
#2565=VERTEX_POINT('',#8139);
#2566=VERTEX_POINT('',#8140);
#2567=VERTEX_POINT('',#8142);
#2568=VERTEX_POINT('',#8144);
#2569=VERTEX_POINT('',#8151);
#2570=VERTEX_POINT('',#8153);
#2571=VERTEX_POINT('',#8155);
#2572=VERTEX_POINT('',#8157);
#2573=VERTEX_POINT('',#8159);
#2574=VERTEX_POINT('',#8161);
#2575=VERTEX_POINT('',#8163);
#2576=VERTEX_POINT('',#8165);
#2577=VERTEX_POINT('',#8168);
#2578=VERTEX_POINT('',#8170);
#2579=VERTEX_POINT('',#8172);
#2580=VERTEX_POINT('',#8174);
#2581=VERTEX_POINT('',#8177);
#2582=VERTEX_POINT('',#8179);
#2583=VERTEX_POINT('',#8181);
#2584=VERTEX_POINT('',#8183);
#2585=VERTEX_POINT('',#8186);
#2586=VERTEX_POINT('',#8188);
#2587=VERTEX_POINT('',#8192);
#2588=VERTEX_POINT('',#8196);
#2589=VERTEX_POINT('',#8200);
#2590=VERTEX_POINT('',#8202);
#2591=VERTEX_POINT('',#8204);
#2592=VERTEX_POINT('',#8206);
#2593=VERTEX_POINT('',#8209);
#2594=VERTEX_POINT('',#8211);
#2595=VERTEX_POINT('',#8213);
#2596=VERTEX_POINT('',#8215);
#2597=VERTEX_POINT('',#8226);
#2598=VERTEX_POINT('',#8227);
#2599=VERTEX_POINT('',#8229);
#2600=VERTEX_POINT('',#8231);
#2601=VERTEX_POINT('',#8240);
#2602=VERTEX_POINT('',#8244);
#2603=VERTEX_POINT('',#8248);
#2604=VERTEX_POINT('',#8252);
#2605=VERTEX_POINT('',#8260);
#2606=VERTEX_POINT('',#8265);
#2607=VERTEX_POINT('',#8270);
#2608=VERTEX_POINT('',#8275);
#2609=VERTEX_POINT('',#8281);
#2610=VERTEX_POINT('',#8282);
#2611=VERTEX_POINT('',#8284);
#2612=VERTEX_POINT('',#8286);
#2613=VERTEX_POINT('',#8290);
#2614=VERTEX_POINT('',#8292);
#2615=VERTEX_POINT('',#8296);
#2616=VERTEX_POINT('',#8298);
#2617=VERTEX_POINT('',#8300);
#2618=VERTEX_POINT('',#8302);
#2619=VERTEX_POINT('',#8304);
#2620=VERTEX_POINT('',#8307);
#2621=VERTEX_POINT('',#8309);
#2622=VERTEX_POINT('',#8311);
#2623=VERTEX_POINT('',#8312);
#2624=VERTEX_POINT('',#8314);
#2625=VERTEX_POINT('',#8316);
#2626=VERTEX_POINT('',#8318);
#2627=VERTEX_POINT('',#8320);
#2628=VERTEX_POINT('',#8322);
#2629=VERTEX_POINT('',#8324);
#2630=VERTEX_POINT('',#8327);
#2631=VERTEX_POINT('',#8329);
#2632=VERTEX_POINT('',#8331);
#2633=VERTEX_POINT('',#8332);
#2634=VERTEX_POINT('',#8334);
#2635=VERTEX_POINT('',#8336);
#2636=VERTEX_POINT('',#8338);
#2637=VERTEX_POINT('',#8340);
#2638=VERTEX_POINT('',#8342);
#2639=VERTEX_POINT('',#8344);
#2640=VERTEX_POINT('',#8347);
#2641=VERTEX_POINT('',#8348);
#2642=VERTEX_POINT('',#8350);
#2643=VERTEX_POINT('',#8352);
#2644=VERTEX_POINT('',#8354);
#2645=VERTEX_POINT('',#8356);
#2646=VERTEX_POINT('',#8358);
#2647=VERTEX_POINT('',#8360);
#2648=VERTEX_POINT('',#8363);
#2649=VERTEX_POINT('',#8365);
#2650=VERTEX_POINT('',#8366);
#2651=VERTEX_POINT('',#8368);
#2652=VERTEX_POINT('',#8370);
#2653=VERTEX_POINT('',#8372);
#2654=VERTEX_POINT('',#8374);
#2655=VERTEX_POINT('',#8376);
#2656=VERTEX_POINT('',#8378);
#2657=VERTEX_POINT('',#8381);
#2658=VERTEX_POINT('',#8382);
#2659=VERTEX_POINT('',#8384);
#2660=VERTEX_POINT('',#8386);
#2661=VERTEX_POINT('',#8388);
#2662=VERTEX_POINT('',#8390);
#2663=VERTEX_POINT('',#8392);
#2664=VERTEX_POINT('',#8394);
#2665=VERTEX_POINT('',#8397);
#2666=VERTEX_POINT('',#8398);
#2667=VERTEX_POINT('',#8400);
#2668=VERTEX_POINT('',#8402);
#2669=VERTEX_POINT('',#8404);
#2670=VERTEX_POINT('',#8406);
#2671=VERTEX_POINT('',#8408);
#2672=VERTEX_POINT('',#8410);
#2673=VERTEX_POINT('',#8414);
#2674=VERTEX_POINT('',#8418);
#2675=VERTEX_POINT('',#8422);
#2676=VERTEX_POINT('',#8426);
#2677=VERTEX_POINT('',#8430);
#2678=VERTEX_POINT('',#8434);
#2679=VERTEX_POINT('',#8435);
#2680=VERTEX_POINT('',#8440);
#2681=VERTEX_POINT('',#8444);
#2682=VERTEX_POINT('',#8448);
#2683=VERTEX_POINT('',#8452);
#2684=VERTEX_POINT('',#8456);
#2685=VERTEX_POINT('',#8460);
#2686=VERTEX_POINT('',#8466);
#2687=VERTEX_POINT('',#8467);
#2688=VERTEX_POINT('',#8472);
#2689=VERTEX_POINT('',#8476);
#2690=VERTEX_POINT('',#8480);
#2691=VERTEX_POINT('',#8484);
#2692=VERTEX_POINT('',#8488);
#2693=VERTEX_POINT('',#8492);
#2694=VERTEX_POINT('',#8498);
#2695=VERTEX_POINT('',#8499);
#2696=VERTEX_POINT('',#8504);
#2697=VERTEX_POINT('',#8508);
#2698=VERTEX_POINT('',#8512);
#2699=VERTEX_POINT('',#8516);
#2700=VERTEX_POINT('',#8520);
#2701=VERTEX_POINT('',#8524);
#2702=VERTEX_POINT('',#8530);
#2703=VERTEX_POINT('',#8534);
#2704=VERTEX_POINT('',#8535);
#2705=VERTEX_POINT('',#8540);
#2706=VERTEX_POINT('',#8544);
#2707=VERTEX_POINT('',#8548);
#2708=VERTEX_POINT('',#8552);
#2709=VERTEX_POINT('',#8556);
#2710=VERTEX_POINT('',#8560);
#2711=VERTEX_POINT('',#8566);
#2712=VERTEX_POINT('',#8567);
#2713=VERTEX_POINT('',#8572);
#2714=VERTEX_POINT('',#8576);
#2715=VERTEX_POINT('',#8580);
#2716=VERTEX_POINT('',#8584);
#2717=VERTEX_POINT('',#8588);
#2718=VERTEX_POINT('',#8592);
#2719=VERTEX_POINT('',#8598);
#2720=VERTEX_POINT('',#8602);
#2721=VERTEX_POINT('',#8606);
#2722=VERTEX_POINT('',#8607);
#2723=VERTEX_POINT('',#8612);
#2724=VERTEX_POINT('',#8616);
#2725=VERTEX_POINT('',#8620);
#2726=VERTEX_POINT('',#8624);
#2727=VERTEX_POINT('',#8628);
#2728=VERTEX_POINT('',#8632);
#2729=VERTEX_POINT('',#8638);
#2730=VERTEX_POINT('',#8642);
#2731=VERTEX_POINT('',#8649);
#2732=VERTEX_POINT('',#8652);
#2733=VERTEX_POINT('',#8666);
#2734=VERTEX_POINT('',#8667);
#2735=VERTEX_POINT('',#8673);
#2736=VERTEX_POINT('',#8675);
#2737=VERTEX_POINT('',#8692);
#2738=VERTEX_POINT('',#8698);
#2739=VERTEX_POINT('',#8715);
#2740=VERTEX_POINT('',#8721);
#2741=VERTEX_POINT('',#8738);
#2742=VERTEX_POINT('',#8744);
#2743=VERTEX_POINT('',#8761);
#2744=VERTEX_POINT('',#8767);
#2745=VERTEX_POINT('',#8784);
#2746=VERTEX_POINT('',#8790);
#2747=VERTEX_POINT('',#8807);
#2748=VERTEX_POINT('',#8813);
#2749=VERTEX_POINT('',#8830);
#2750=VERTEX_POINT('',#8836);
#2751=VERTEX_POINT('',#8853);
#2752=VERTEX_POINT('',#8859);
#2753=VERTEX_POINT('',#8876);
#2754=VERTEX_POINT('',#8882);
#2755=VERTEX_POINT('',#8890);
#2756=VERTEX_POINT('',#8892);
#2757=VERTEX_POINT('',#8899);
#2758=VERTEX_POINT('',#8900);
#2759=VERTEX_POINT('',#8902);
#2760=VERTEX_POINT('',#8904);
#2761=VERTEX_POINT('',#8917);
#2762=VERTEX_POINT('',#8923);
#2763=VERTEX_POINT('',#8940);
#2764=VERTEX_POINT('',#8946);
#2765=VERTEX_POINT('',#8963);
#2766=VERTEX_POINT('',#8969);
#2767=VERTEX_POINT('',#8986);
#2768=VERTEX_POINT('',#8992);
#2769=VERTEX_POINT('',#9009);
#2770=VERTEX_POINT('',#9015);
#2771=VERTEX_POINT('',#9032);
#2772=VERTEX_POINT('',#9038);
#2773=VERTEX_POINT('',#9055);
#2774=VERTEX_POINT('',#9061);
#2775=VERTEX_POINT('',#9078);
#2776=VERTEX_POINT('',#9084);
#2777=VERTEX_POINT('',#9092);
#2778=VERTEX_POINT('',#9094);
#2779=VERTEX_POINT('',#9107);
#2780=VERTEX_POINT('',#9113);
#2781=VERTEX_POINT('',#9130);
#2782=VERTEX_POINT('',#9136);
#2783=VERTEX_POINT('',#9153);
#2784=VERTEX_POINT('',#9159);
#2785=VERTEX_POINT('',#9176);
#2786=VERTEX_POINT('',#9182);
#2787=VERTEX_POINT('',#9190);
#2788=VERTEX_POINT('',#9192);
#2789=VERTEX_POINT('',#9196);
#2790=VERTEX_POINT('',#9198);
#2791=VERTEX_POINT('',#9211);
#2792=VERTEX_POINT('',#9217);
#2793=VERTEX_POINT('',#9234);
#2794=VERTEX_POINT('',#9240);
#2795=VERTEX_POINT('',#9257);
#2796=VERTEX_POINT('',#9263);
#2797=VERTEX_POINT('',#9280);
#2798=VERTEX_POINT('',#9286);
#2799=VERTEX_POINT('',#9303);
#2800=VERTEX_POINT('',#9309);
#2801=VERTEX_POINT('',#9326);
#2802=VERTEX_POINT('',#9332);
#2803=VERTEX_POINT('',#9349);
#2804=VERTEX_POINT('',#9355);
#2805=VERTEX_POINT('',#9372);
#2806=VERTEX_POINT('',#9378);
#2807=VERTEX_POINT('',#9386);
#2808=VERTEX_POINT('',#9388);
#2809=VERTEX_POINT('',#9406);
#2810=VERTEX_POINT('',#9407);
#2811=VERTEX_POINT('',#9413);
#2812=VERTEX_POINT('',#9415);
#2813=VERTEX_POINT('',#9432);
#2814=VERTEX_POINT('',#9438);
#2815=VERTEX_POINT('',#9455);
#2816=VERTEX_POINT('',#9461);
#2817=VERTEX_POINT('',#9478);
#2818=VERTEX_POINT('',#9484);
#2819=VERTEX_POINT('',#9501);
#2820=VERTEX_POINT('',#9507);
#2821=VERTEX_POINT('',#9524);
#2822=VERTEX_POINT('',#9530);
#2823=VERTEX_POINT('',#9547);
#2824=VERTEX_POINT('',#9553);
#2825=VERTEX_POINT('',#9570);
#2826=VERTEX_POINT('',#9576);
#2827=VERTEX_POINT('',#9596);
#2828=VERTEX_POINT('',#9597);
#2829=VERTEX_POINT('',#9603);
#2830=VERTEX_POINT('',#9605);
#2831=VERTEX_POINT('',#9622);
#2832=VERTEX_POINT('',#9628);
#2833=VERTEX_POINT('',#9645);
#2834=VERTEX_POINT('',#9651);
#2835=VERTEX_POINT('',#9668);
#2836=VERTEX_POINT('',#9674);
#2837=VERTEX_POINT('',#9691);
#2838=VERTEX_POINT('',#9697);
#2839=VERTEX_POINT('',#9714);
#2840=VERTEX_POINT('',#9720);
#2841=VERTEX_POINT('',#9737);
#2842=VERTEX_POINT('',#9743);
#2843=VERTEX_POINT('',#9760);
#2844=VERTEX_POINT('',#9766);
#2845=VERTEX_POINT('',#9783);
#2846=VERTEX_POINT('',#9789);
#2847=VERTEX_POINT('',#9806);
#2848=VERTEX_POINT('',#9812);
#2849=VERTEX_POINT('',#9829);
#2850=VERTEX_POINT('',#9835);
#2851=VERTEX_POINT('',#9852);
#2852=VERTEX_POINT('',#9858);
#2853=VERTEX_POINT('',#9875);
#2854=VERTEX_POINT('',#9881);
#2855=VERTEX_POINT('',#9889);
#2856=VERTEX_POINT('',#9891);
#2857=VERTEX_POINT('',#9904);
#2858=VERTEX_POINT('',#9910);
#2859=VERTEX_POINT('',#9927);
#2860=VERTEX_POINT('',#9933);
#2861=VERTEX_POINT('',#9950);
#2862=VERTEX_POINT('',#9956);
#2863=VERTEX_POINT('',#9973);
#2864=VERTEX_POINT('',#9979);
#2865=VERTEX_POINT('',#9996);
#2866=VERTEX_POINT('',#10002);
#2867=VERTEX_POINT('',#10019);
#2868=VERTEX_POINT('',#10025);
#2869=VERTEX_POINT('',#10033);
#2870=VERTEX_POINT('',#10035);
#2871=VERTEX_POINT('',#10048);
#2872=VERTEX_POINT('',#10054);
#2873=VERTEX_POINT('',#10071);
#2874=VERTEX_POINT('',#10077);
#2875=VERTEX_POINT('',#10116);
#2876=VERTEX_POINT('',#10117);
#2877=VERTEX_POINT('',#10123);
#2878=VERTEX_POINT('',#10125);
#2879=VERTEX_POINT('',#10142);
#2880=VERTEX_POINT('',#10148);
#2881=VERTEX_POINT('',#10165);
#2882=VERTEX_POINT('',#10171);
#2883=VERTEX_POINT('',#10188);
#2884=VERTEX_POINT('',#10194);
#2885=VERTEX_POINT('',#10202);
#2886=VERTEX_POINT('',#10204);
#2887=VERTEX_POINT('',#10208);
#2888=VERTEX_POINT('',#10210);
#2889=VERTEX_POINT('',#10214);
#2890=VERTEX_POINT('',#10216);
#2891=VERTEX_POINT('',#10220);
#2892=VERTEX_POINT('',#10222);
#2893=VERTEX_POINT('',#10226);
#2894=VERTEX_POINT('',#10228);
#2895=VERTEX_POINT('',#10232);
#2896=VERTEX_POINT('',#10234);
#2897=VERTEX_POINT('',#10238);
#2898=VERTEX_POINT('',#10240);
#2899=VERTEX_POINT('',#10244);
#2900=VERTEX_POINT('',#10246);
#2901=VERTEX_POINT('',#10250);
#2902=VERTEX_POINT('',#10252);
#2903=VERTEX_POINT('',#10256);
#2904=VERTEX_POINT('',#10258);
#2905=VERTEX_POINT('',#10262);
#2906=VERTEX_POINT('',#10264);
#2907=VERTEX_POINT('',#10277);
#2908=VERTEX_POINT('',#10283);
#2909=VERTEX_POINT('',#10300);
#2910=VERTEX_POINT('',#10306);
#2911=VERTEX_POINT('',#10323);
#2912=VERTEX_POINT('',#10329);
#2913=VERTEX_POINT('',#10346);
#2914=VERTEX_POINT('',#10352);
#2915=VERTEX_POINT('',#10365);
#2916=VERTEX_POINT('',#10366);
#2917=VERTEX_POINT('',#10368);
#2918=VERTEX_POINT('',#10370);
#2919=VERTEX_POINT('',#10374);
#2920=VERTEX_POINT('',#10376);
#2921=VERTEX_POINT('',#10380);
#2922=VERTEX_POINT('',#10382);
#2923=VERTEX_POINT('',#10386);
#2924=VERTEX_POINT('',#10388);
#2925=VERTEX_POINT('',#10392);
#2926=VERTEX_POINT('',#10394);
#2927=VERTEX_POINT('',#10398);
#2928=VERTEX_POINT('',#10400);
#2929=VERTEX_POINT('',#10404);
#2930=VERTEX_POINT('',#10406);
#2931=VERTEX_POINT('',#10410);
#2932=VERTEX_POINT('',#10412);
#2933=VERTEX_POINT('',#10416);
#2934=VERTEX_POINT('',#10418);
#2935=VERTEX_POINT('',#10422);
#2936=VERTEX_POINT('',#10424);
#2937=VERTEX_POINT('',#10428);
#2938=VERTEX_POINT('',#10430);
#2939=VERTEX_POINT('',#10434);
#2940=VERTEX_POINT('',#10436);
#2941=VERTEX_POINT('',#10440);
#2942=VERTEX_POINT('',#10442);
#2943=VERTEX_POINT('',#10446);
#2944=VERTEX_POINT('',#10448);
#2945=VERTEX_POINT('',#10452);
#2946=VERTEX_POINT('',#10454);
#2947=VERTEX_POINT('',#10458);
#2948=VERTEX_POINT('',#10460);
#2949=VERTEX_POINT('',#10464);
#2950=VERTEX_POINT('',#10466);
#2951=VERTEX_POINT('',#10470);
#2952=VERTEX_POINT('',#10472);
#2953=VERTEX_POINT('',#10490);
#2954=VERTEX_POINT('',#10491);
#2955=VERTEX_POINT('',#10497);
#2956=VERTEX_POINT('',#10499);
#2957=VERTEX_POINT('',#10516);
#2958=VERTEX_POINT('',#10522);
#2959=VERTEX_POINT('',#10539);
#2960=VERTEX_POINT('',#10545);
#2961=VERTEX_POINT('',#10562);
#2962=VERTEX_POINT('',#10568);
#2963=VERTEX_POINT('',#10585);
#2964=VERTEX_POINT('',#10591);
#2965=VERTEX_POINT('',#10608);
#2966=VERTEX_POINT('',#10614);
#2967=VERTEX_POINT('',#10631);
#2968=VERTEX_POINT('',#10637);
#2969=VERTEX_POINT('',#10654);
#2970=VERTEX_POINT('',#10660);
#2971=VERTEX_POINT('',#10677);
#2972=VERTEX_POINT('',#10683);
#2973=VERTEX_POINT('',#10700);
#2974=VERTEX_POINT('',#10706);
#2975=VERTEX_POINT('',#10723);
#2976=VERTEX_POINT('',#10729);
#2977=VERTEX_POINT('',#10746);
#2978=VERTEX_POINT('',#10752);
#2979=VERTEX_POINT('',#10769);
#2980=VERTEX_POINT('',#10775);
#2981=VERTEX_POINT('',#10792);
#2982=VERTEX_POINT('',#10798);
#2983=VERTEX_POINT('',#10815);
#2984=VERTEX_POINT('',#10821);
#2985=VERTEX_POINT('',#10851);
#2986=VERTEX_POINT('',#10852);
#2987=VERTEX_POINT('',#10854);
#2988=VERTEX_POINT('',#10856);
#2989=VERTEX_POINT('',#10860);
#2990=VERTEX_POINT('',#10862);
#2991=VERTEX_POINT('',#10866);
#2992=VERTEX_POINT('',#10868);
#2993=VERTEX_POINT('',#10872);
#2994=VERTEX_POINT('',#10874);
#2995=VERTEX_POINT('',#10878);
#2996=VERTEX_POINT('',#10880);
#2997=VERTEX_POINT('',#10884);
#2998=VERTEX_POINT('',#10886);
#2999=VERTEX_POINT('',#10890);
#3000=VERTEX_POINT('',#10892);
#3001=VERTEX_POINT('',#10896);
#3002=VERTEX_POINT('',#10898);
#3003=VERTEX_POINT('',#10902);
#3004=VERTEX_POINT('',#10904);
#3005=VERTEX_POINT('',#10913);
#3006=VERTEX_POINT('',#10914);
#3007=VERTEX_POINT('',#10916);
#3008=VERTEX_POINT('',#10918);
#3009=VERTEX_POINT('',#10922);
#3010=VERTEX_POINT('',#10924);
#3011=VERTEX_POINT('',#10928);
#3012=VERTEX_POINT('',#10930);
#3013=VERTEX_POINT('',#10934);
#3014=VERTEX_POINT('',#10936);
#3015=VERTEX_POINT('',#10940);
#3016=VERTEX_POINT('',#10942);
#3017=VERTEX_POINT('',#10946);
#3018=VERTEX_POINT('',#10948);
#3019=VERTEX_POINT('',#10961);
#3020=VERTEX_POINT('',#10967);
#3021=VERTEX_POINT('',#10984);
#3022=VERTEX_POINT('',#10990);
#3023=VERTEX_POINT('',#11007);
#3024=VERTEX_POINT('',#11013);
#3025=VERTEX_POINT('',#11030);
#3026=VERTEX_POINT('',#11036);
#3027=VERTEX_POINT('',#11053);
#3028=VERTEX_POINT('',#11059);
#3029=VERTEX_POINT('',#11076);
#3030=VERTEX_POINT('',#11082);
#3031=VERTEX_POINT('',#11090);
#3032=VERTEX_POINT('',#11092);
#3033=VERTEX_POINT('',#11105);
#3034=VERTEX_POINT('',#11111);
#3035=VERTEX_POINT('',#11128);
#3036=VERTEX_POINT('',#11134);
#3037=VERTEX_POINT('',#11151);
#3038=VERTEX_POINT('',#11157);
#3039=VERTEX_POINT('',#11174);
#3040=VERTEX_POINT('',#11180);
#3041=VERTEX_POINT('',#11197);
#3042=VERTEX_POINT('',#11203);
#3043=VERTEX_POINT('',#11220);
#3044=VERTEX_POINT('',#11226);
#3045=VERTEX_POINT('',#11234);
#3046=VERTEX_POINT('',#11236);
#3047=VERTEX_POINT('',#11254);
#3048=VERTEX_POINT('',#11255);
#3049=VERTEX_POINT('',#11261);
#3050=VERTEX_POINT('',#11263);
#3051=VERTEX_POINT('',#11280);
#3052=VERTEX_POINT('',#11286);
#3053=VERTEX_POINT('',#11303);
#3054=VERTEX_POINT('',#11309);
#3055=VERTEX_POINT('',#11326);
#3056=VERTEX_POINT('',#11332);
#3057=VERTEX_POINT('',#11349);
#3058=VERTEX_POINT('',#11355);
#3059=VERTEX_POINT('',#11363);
#3060=VERTEX_POINT('',#11365);
#3061=VERTEX_POINT('',#11378);
#3062=VERTEX_POINT('',#11384);
#3063=VERTEX_POINT('',#11401);
#3064=VERTEX_POINT('',#11407);
#3065=VERTEX_POINT('',#11424);
#3066=VERTEX_POINT('',#11430);
#3067=VERTEX_POINT('',#11447);
#3068=VERTEX_POINT('',#11453);
#3069=VERTEX_POINT('',#11470);
#3070=VERTEX_POINT('',#11476);
#3071=VERTEX_POINT('',#11493);
#3072=VERTEX_POINT('',#11499);
#3073=VERTEX_POINT('',#11516);
#3074=VERTEX_POINT('',#11522);
#3075=VERTEX_POINT('',#11539);
#3076=VERTEX_POINT('',#11545);
#3077=VERTEX_POINT('',#11582);
#3078=VERTEX_POINT('',#11583);
#3079=VERTEX_POINT('',#11589);
#3080=VERTEX_POINT('',#11591);
#3081=VERTEX_POINT('',#11608);
#3082=VERTEX_POINT('',#11614);
#3083=VERTEX_POINT('',#11631);
#3084=VERTEX_POINT('',#11637);
#3085=VERTEX_POINT('',#11654);
#3086=VERTEX_POINT('',#11660);
#3087=VERTEX_POINT('',#11677);
#3088=VERTEX_POINT('',#11683);
#3089=VERTEX_POINT('',#11691);
#3090=VERTEX_POINT('',#11693);
#3091=VERTEX_POINT('',#11697);
#3092=VERTEX_POINT('',#11699);
#3093=VERTEX_POINT('',#11703);
#3094=VERTEX_POINT('',#11705);
#3095=VERTEX_POINT('',#11709);
#3096=VERTEX_POINT('',#11711);
#3097=VERTEX_POINT('',#11724);
#3098=VERTEX_POINT('',#11730);
#3099=VERTEX_POINT('',#11747);
#3100=VERTEX_POINT('',#11753);
#3101=VERTEX_POINT('',#11770);
#3102=VERTEX_POINT('',#11776);
#3103=VERTEX_POINT('',#11793);
#3104=VERTEX_POINT('',#11799);
#3105=VERTEX_POINT('',#11816);
#3106=VERTEX_POINT('',#11822);
#3107=VERTEX_POINT('',#11839);
#3108=VERTEX_POINT('',#11845);
#3109=VERTEX_POINT('',#11884);
#3110=VERTEX_POINT('',#11885);
#3111=VERTEX_POINT('',#11891);
#3112=VERTEX_POINT('',#11893);
#3113=VERTEX_POINT('',#11910);
#3114=VERTEX_POINT('',#11916);
#3115=VERTEX_POINT('',#11933);
#3116=VERTEX_POINT('',#11939);
#3117=VERTEX_POINT('',#11947);
#3118=VERTEX_POINT('',#11949);
#3119=VERTEX_POINT('',#11962);
#3120=VERTEX_POINT('',#11968);
#3121=VERTEX_POINT('',#11985);
#3122=VERTEX_POINT('',#11991);
#3123=VERTEX_POINT('',#12008);
#3124=VERTEX_POINT('',#12014);
#3125=VERTEX_POINT('',#12031);
#3126=VERTEX_POINT('',#12037);
#3127=VERTEX_POINT('',#12074);
#3128=VERTEX_POINT('',#12075);
#3129=VERTEX_POINT('',#12081);
#3130=VERTEX_POINT('',#12083);
#3131=VERTEX_POINT('',#12100);
#3132=VERTEX_POINT('',#12106);
#3133=VERTEX_POINT('',#12123);
#3134=VERTEX_POINT('',#12129);
#3135=VERTEX_POINT('',#12146);
#3136=VERTEX_POINT('',#12152);
#3137=VERTEX_POINT('',#12169);
#3138=VERTEX_POINT('',#12175);
#3139=VERTEX_POINT('',#12183);
#3140=VERTEX_POINT('',#12185);
#3141=VERTEX_POINT('',#12189);
#3142=VERTEX_POINT('',#12191);
#3143=VERTEX_POINT('',#12195);
#3144=VERTEX_POINT('',#12197);
#3145=VERTEX_POINT('',#12201);
#3146=VERTEX_POINT('',#12203);
#3147=VERTEX_POINT('',#12207);
#3148=VERTEX_POINT('',#12209);
#3149=VERTEX_POINT('',#12222);
#3150=VERTEX_POINT('',#12228);
#3151=VERTEX_POINT('',#12245);
#3152=VERTEX_POINT('',#12251);
#3153=VERTEX_POINT('',#12268);
#3154=VERTEX_POINT('',#12274);
#3155=VERTEX_POINT('',#12291);
#3156=VERTEX_POINT('',#12297);
#3157=VERTEX_POINT('',#12314);
#3158=VERTEX_POINT('',#12320);
#3159=VERTEX_POINT('',#12337);
#3160=VERTEX_POINT('',#12343);
#3161=VERTEX_POINT('',#12373);
#3162=VERTEX_POINT('',#12374);
#3163=VERTEX_POINT('',#12376);
#3164=VERTEX_POINT('',#12378);
#3165=VERTEX_POINT('',#12382);
#3166=VERTEX_POINT('',#12384);
#3167=VERTEX_POINT('',#12388);
#3168=VERTEX_POINT('',#12390);
#3169=VERTEX_POINT('',#12394);
#3170=VERTEX_POINT('',#12396);
#3171=VERTEX_POINT('',#12400);
#3172=VERTEX_POINT('',#12402);
#3173=VERTEX_POINT('',#12406);
#3174=VERTEX_POINT('',#12408);
#3175=VERTEX_POINT('',#12412);
#3176=VERTEX_POINT('',#12414);
#3177=VERTEX_POINT('',#12418);
#3178=VERTEX_POINT('',#12420);
#3179=VERTEX_POINT('',#12424);
#3180=VERTEX_POINT('',#12426);
#3181=VERTEX_POINT('',#12430);
#3182=VERTEX_POINT('',#12432);
#3183=VERTEX_POINT('',#12436);
#3184=VERTEX_POINT('',#12438);
#3185=VERTEX_POINT('',#12442);
#3186=VERTEX_POINT('',#12444);
#3187=VERTEX_POINT('',#12448);
#3188=VERTEX_POINT('',#12450);
#3189=VERTEX_POINT('',#12454);
#3190=VERTEX_POINT('',#12456);
#3191=VERTEX_POINT('',#12460);
#3192=VERTEX_POINT('',#12462);
#3193=VERTEX_POINT('',#12466);
#3194=VERTEX_POINT('',#12468);
#3195=VERTEX_POINT('',#12472);
#3196=VERTEX_POINT('',#12474);
#3197=VERTEX_POINT('',#12478);
#3198=VERTEX_POINT('',#12480);
#3199=EDGE_CURVE('',#2561,#2562,#1399,.T.);
#3200=EDGE_CURVE('',#2563,#2561,#1400,.T.);
#3201=EDGE_CURVE('',#2563,#2564,#1401,.T.);
#3202=EDGE_CURVE('',#2562,#2564,#1402,.T.);
#3203=EDGE_CURVE('',#2565,#2566,#1403,.T.);
#3204=EDGE_CURVE('',#2567,#2565,#1404,.T.);
#3205=EDGE_CURVE('',#2567,#2568,#1405,.T.);
#3206=EDGE_CURVE('',#2566,#2568,#1406,.T.);
#3207=EDGE_CURVE('',#2564,#2567,#1407,.T.);
#3208=EDGE_CURVE('',#2568,#2563,#1408,.T.);
#3209=EDGE_CURVE('',#2566,#2569,#1409,.T.);
#3210=EDGE_CURVE('',#2570,#2569,#567,.T.);
#3211=EDGE_CURVE('',#2570,#2571,#1410,.T.);
#3212=EDGE_CURVE('',#2572,#2571,#568,.T.);
#3213=EDGE_CURVE('',#2572,#2573,#1411,.T.);
#3214=EDGE_CURVE('',#2574,#2573,#569,.T.);
#3215=EDGE_CURVE('',#2574,#2575,#1412,.T.);
#3216=EDGE_CURVE('',#2576,#2575,#570,.T.);
#3217=EDGE_CURVE('',#2576,#2561,#1413,.T.);
#3218=EDGE_CURVE('',#2562,#2577,#1414,.T.);
#3219=EDGE_CURVE('',#2577,#2578,#1415,.T.);
#3220=EDGE_CURVE('',#2578,#2579,#1416,.T.);
#3221=EDGE_CURVE('',#2579,#2580,#1417,.T.);
#3222=EDGE_CURVE('',#2580,#2565,#1418,.T.);
#3223=EDGE_CURVE('',#2581,#2581,#571,.T.);
#3224=EDGE_CURVE('',#2582,#2582,#572,.T.);
#3225=EDGE_CURVE('',#2583,#2583,#573,.T.);
#3226=EDGE_CURVE('',#2584,#2584,#574,.T.);
#3227=EDGE_CURVE('',#2585,#2576,#1419,.T.);
#3228=EDGE_CURVE('',#2586,#2585,#1420,.T.);
#3229=EDGE_CURVE('',#2569,#2586,#1421,.T.);
#3230=EDGE_CURVE('',#2586,#2587,#575,.T.);
#3231=EDGE_CURVE('',#2587,#2570,#1422,.T.);
#3232=EDGE_CURVE('',#2588,#2587,#1423,.T.);
#3233=EDGE_CURVE('',#2571,#2588,#1424,.T.);
#3234=EDGE_CURVE('',#2589,#2585,#576,.T.);
#3235=EDGE_CURVE('',#2589,#2590,#1425,.T.);
#3236=EDGE_CURVE('',#2591,#2590,#577,.T.);
#3237=EDGE_CURVE('',#2591,#2592,#1426,.T.);
#3238=EDGE_CURVE('',#2588,#2592,#578,.T.);
#3239=EDGE_CURVE('',#2593,#2593,#579,.T.);
#3240=EDGE_CURVE('',#2594,#2594,#580,.T.);
#3241=EDGE_CURVE('',#2595,#2595,#581,.T.);
#3242=EDGE_CURVE('',#2596,#2596,#582,.T.);
#3243=EDGE_CURVE('',#2575,#2589,#1427,.T.);
#3244=EDGE_CURVE('',#2590,#2574,#1428,.T.);
#3245=EDGE_CURVE('',#2573,#2591,#1429,.T.);
#3246=EDGE_CURVE('',#2592,#2572,#1430,.T.);
#3247=EDGE_CURVE('',#2597,#2598,#1431,.T.);
#3248=EDGE_CURVE('',#2599,#2597,#1432,.T.);
#3249=EDGE_CURVE('',#2600,#2599,#1433,.T.);
#3250=EDGE_CURVE('',#2598,#2600,#1434,.T.);
#3251=EDGE_CURVE('',#2599,#2578,#1435,.T.);
#3252=EDGE_CURVE('',#2600,#2577,#1436,.T.);
#3253=EDGE_CURVE('',#2597,#2579,#1437,.T.);
#3254=EDGE_CURVE('',#2601,#2601,#583,.T.);
#3255=EDGE_CURVE('',#2601,#2594,#1438,.T.);
#3256=EDGE_CURVE('',#2602,#2602,#584,.T.);
#3257=EDGE_CURVE('',#2602,#2593,#1439,.T.);
#3258=EDGE_CURVE('',#2603,#2603,#585,.T.);
#3259=EDGE_CURVE('',#2603,#2595,#1440,.T.);
#3260=EDGE_CURVE('',#2604,#2604,#586,.T.);
#3261=EDGE_CURVE('',#2604,#2596,#1441,.T.);
#3262=EDGE_CURVE('',#2598,#2580,#1442,.T.);
#3263=EDGE_CURVE('',#2583,#2605,#1443,.T.);
#3264=EDGE_CURVE('',#2605,#2605,#587,.T.);
#3265=EDGE_CURVE('',#2582,#2606,#1444,.T.);
#3266=EDGE_CURVE('',#2606,#2606,#588,.T.);
#3267=EDGE_CURVE('',#2584,#2607,#1445,.T.);
#3268=EDGE_CURVE('',#2607,#2607,#589,.T.);
#3269=EDGE_CURVE('',#2581,#2608,#1446,.T.);
#3270=EDGE_CURVE('',#2608,#2608,#590,.T.);
#3271=EDGE_CURVE('',#2609,#2610,#591,.T.);
#3272=EDGE_CURVE('',#2610,#2611,#1447,.T.);
#3273=EDGE_CURVE('',#2611,#2612,#592,.T.);
#3274=EDGE_CURVE('',#2612,#2609,#1448,.T.);
#3275=EDGE_CURVE('',#2613,#2610,#1449,.T.);
#3276=EDGE_CURVE('',#2614,#2613,#1450,.T.);
#3277=EDGE_CURVE('',#2611,#2614,#1451,.T.);
#3278=EDGE_CURVE('',#2609,#2615,#1452,.T.);
#3279=EDGE_CURVE('',#2616,#2615,#593,.T.);
#3280=EDGE_CURVE('',#2616,#2617,#1453,.T.);
#3281=EDGE_CURVE('',#2618,#2617,#594,.T.);
#3282=EDGE_CURVE('',#2618,#2619,#1454,.T.);
#3283=EDGE_CURVE('',#2613,#2619,#595,.T.);
#3284=EDGE_CURVE('',#2620,#2620,#596,.T.);
#3285=EDGE_CURVE('',#2621,#2621,#597,.T.);
#3286=EDGE_CURVE('',#2622,#2623,#598,.T.);
#3287=EDGE_CURVE('',#2623,#2624,#1455,.T.);
#3288=EDGE_CURVE('',#2624,#2625,#599,.T.);
#3289=EDGE_CURVE('',#2625,#2626,#1456,.T.);
#3290=EDGE_CURVE('',#2626,#2627,#600,.T.);
#3291=EDGE_CURVE('',#2627,#2628,#1457,.T.);
#3292=EDGE_CURVE('',#2628,#2629,#601,.T.);
#3293=EDGE_CURVE('',#2629,#2622,#1458,.T.);
#3294=EDGE_CURVE('',#2630,#2630,#602,.T.);
#3295=EDGE_CURVE('',#2631,#2631,#603,.T.);
#3296=EDGE_CURVE('',#2632,#2633,#604,.T.);
#3297=EDGE_CURVE('',#2633,#2634,#1459,.T.);
#3298=EDGE_CURVE('',#2634,#2635,#605,.T.);
#3299=EDGE_CURVE('',#2635,#2636,#1460,.T.);
#3300=EDGE_CURVE('',#2636,#2637,#606,.T.);
#3301=EDGE_CURVE('',#2637,#2638,#1461,.T.);
#3302=EDGE_CURVE('',#2638,#2639,#607,.T.);
#3303=EDGE_CURVE('',#2639,#2632,#1462,.T.);
#3304=EDGE_CURVE('',#2640,#2641,#608,.T.);
#3305=EDGE_CURVE('',#2641,#2642,#1463,.T.);
#3306=EDGE_CURVE('',#2642,#2643,#609,.T.);
#3307=EDGE_CURVE('',#2643,#2644,#1464,.T.);
#3308=EDGE_CURVE('',#2644,#2645,#610,.T.);
#3309=EDGE_CURVE('',#2645,#2646,#1465,.T.);
#3310=EDGE_CURVE('',#2646,#2647,#611,.T.);
#3311=EDGE_CURVE('',#2647,#2640,#1466,.T.);
#3312=EDGE_CURVE('',#2648,#2648,#612,.T.);
#3313=EDGE_CURVE('',#2649,#2650,#613,.T.);
#3314=EDGE_CURVE('',#2650,#2651,#1467,.T.);
#3315=EDGE_CURVE('',#2651,#2652,#614,.T.);
#3316=EDGE_CURVE('',#2652,#2653,#1468,.T.);
#3317=EDGE_CURVE('',#2653,#2654,#615,.T.);
#3318=EDGE_CURVE('',#2654,#2655,#1469,.T.);
#3319=EDGE_CURVE('',#2655,#2656,#616,.T.);
#3320=EDGE_CURVE('',#2656,#2649,#1470,.T.);
#3321=EDGE_CURVE('',#2657,#2658,#617,.T.);
#3322=EDGE_CURVE('',#2658,#2659,#1471,.T.);
#3323=EDGE_CURVE('',#2659,#2660,#618,.T.);
#3324=EDGE_CURVE('',#2660,#2661,#1472,.T.);
#3325=EDGE_CURVE('',#2661,#2662,#619,.T.);
#3326=EDGE_CURVE('',#2662,#2663,#1473,.T.);
#3327=EDGE_CURVE('',#2663,#2664,#620,.T.);
#3328=EDGE_CURVE('',#2664,#2657,#1474,.T.);
#3329=EDGE_CURVE('',#2665,#2666,#621,.T.);
#3330=EDGE_CURVE('',#2666,#2667,#1475,.T.);
#3331=EDGE_CURVE('',#2667,#2668,#622,.T.);
#3332=EDGE_CURVE('',#2668,#2669,#1476,.T.);
#3333=EDGE_CURVE('',#2669,#2670,#623,.T.);
#3334=EDGE_CURVE('',#2670,#2671,#1477,.T.);
#3335=EDGE_CURVE('',#2671,#2672,#624,.T.);
#3336=EDGE_CURVE('',#2672,#2665,#1478,.T.);
#3337=EDGE_CURVE('',#2619,#2673,#1479,.T.);
#3338=EDGE_CURVE('',#2673,#2614,#625,.T.);
#3339=EDGE_CURVE('',#2674,#2618,#1480,.T.);
#3340=EDGE_CURVE('',#2673,#2674,#1481,.T.);
#3341=EDGE_CURVE('',#2617,#2675,#1482,.T.);
#3342=EDGE_CURVE('',#2675,#2674,#626,.T.);
#3343=EDGE_CURVE('',#2676,#2616,#1483,.T.);
#3344=EDGE_CURVE('',#2675,#2676,#1484,.T.);
#3345=EDGE_CURVE('',#2615,#2677,#1485,.T.);
#3346=EDGE_CURVE('',#2677,#2676,#627,.T.);
#3347=EDGE_CURVE('',#2678,#2679,#1486,.T.);
#3348=EDGE_CURVE('',#2679,#2665,#1487,.T.);
#3349=EDGE_CURVE('',#2678,#2672,#1488,.T.);
#3350=EDGE_CURVE('',#2680,#2678,#628,.T.);
#3351=EDGE_CURVE('',#2680,#2671,#1489,.T.);
#3352=EDGE_CURVE('',#2681,#2680,#1490,.T.);
#3353=EDGE_CURVE('',#2681,#2670,#1491,.T.);
#3354=EDGE_CURVE('',#2682,#2681,#629,.T.);
#3355=EDGE_CURVE('',#2682,#2669,#1492,.T.);
#3356=EDGE_CURVE('',#2683,#2682,#1493,.T.);
#3357=EDGE_CURVE('',#2683,#2668,#1494,.T.);
#3358=EDGE_CURVE('',#2684,#2683,#630,.T.);
#3359=EDGE_CURVE('',#2684,#2667,#1495,.T.);
#3360=EDGE_CURVE('',#2685,#2684,#1496,.T.);
#3361=EDGE_CURVE('',#2685,#2666,#1497,.T.);
#3362=EDGE_CURVE('',#2679,#2685,#631,.T.);
#3363=EDGE_CURVE('',#2686,#2687,#1498,.T.);
#3364=EDGE_CURVE('',#2687,#2657,#1499,.T.);
#3365=EDGE_CURVE('',#2686,#2664,#1500,.T.);
#3366=EDGE_CURVE('',#2688,#2686,#632,.T.);
#3367=EDGE_CURVE('',#2688,#2663,#1501,.T.);
#3368=EDGE_CURVE('',#2689,#2688,#1502,.T.);
#3369=EDGE_CURVE('',#2689,#2662,#1503,.T.);
#3370=EDGE_CURVE('',#2690,#2689,#633,.T.);
#3371=EDGE_CURVE('',#2690,#2661,#1504,.T.);
#3372=EDGE_CURVE('',#2691,#2690,#1505,.T.);
#3373=EDGE_CURVE('',#2691,#2660,#1506,.T.);
#3374=EDGE_CURVE('',#2692,#2691,#634,.T.);
#3375=EDGE_CURVE('',#2692,#2659,#1507,.T.);
#3376=EDGE_CURVE('',#2693,#2692,#1508,.T.);
#3377=EDGE_CURVE('',#2693,#2658,#1509,.T.);
#3378=EDGE_CURVE('',#2687,#2693,#635,.T.);
#3379=EDGE_CURVE('',#2694,#2695,#1510,.T.);
#3380=EDGE_CURVE('',#2695,#2649,#1511,.T.);
#3381=EDGE_CURVE('',#2694,#2656,#1512,.T.);
#3382=EDGE_CURVE('',#2696,#2694,#636,.T.);
#3383=EDGE_CURVE('',#2696,#2655,#1513,.T.);
#3384=EDGE_CURVE('',#2697,#2696,#1514,.T.);
#3385=EDGE_CURVE('',#2697,#2654,#1515,.T.);
#3386=EDGE_CURVE('',#2698,#2697,#637,.T.);
#3387=EDGE_CURVE('',#2698,#2653,#1516,.T.);
#3388=EDGE_CURVE('',#2699,#2698,#1517,.T.);
#3389=EDGE_CURVE('',#2699,#2652,#1518,.T.);
#3390=EDGE_CURVE('',#2700,#2699,#638,.T.);
#3391=EDGE_CURVE('',#2700,#2651,#1519,.T.);
#3392=EDGE_CURVE('',#2701,#2700,#1520,.T.);
#3393=EDGE_CURVE('',#2701,#2650,#1521,.T.);
#3394=EDGE_CURVE('',#2695,#2701,#639,.T.);
#3395=EDGE_CURVE('',#2648,#2702,#1522,.T.);
#3396=EDGE_CURVE('',#2702,#2702,#640,.T.);
#3397=EDGE_CURVE('',#2703,#2704,#1523,.T.);
#3398=EDGE_CURVE('',#2704,#2640,#1524,.T.);
#3399=EDGE_CURVE('',#2703,#2647,#1525,.T.);
#3400=EDGE_CURVE('',#2705,#2703,#641,.T.);
#3401=EDGE_CURVE('',#2705,#2646,#1526,.T.);
#3402=EDGE_CURVE('',#2706,#2705,#1527,.T.);
#3403=EDGE_CURVE('',#2706,#2645,#1528,.T.);
#3404=EDGE_CURVE('',#2707,#2706,#642,.T.);
#3405=EDGE_CURVE('',#2707,#2644,#1529,.T.);
#3406=EDGE_CURVE('',#2708,#2707,#1530,.T.);
#3407=EDGE_CURVE('',#2708,#2643,#1531,.T.);
#3408=EDGE_CURVE('',#2709,#2708,#643,.T.);
#3409=EDGE_CURVE('',#2709,#2642,#1532,.T.);
#3410=EDGE_CURVE('',#2710,#2709,#1533,.T.);
#3411=EDGE_CURVE('',#2710,#2641,#1534,.T.);
#3412=EDGE_CURVE('',#2704,#2710,#644,.T.);
#3413=EDGE_CURVE('',#2711,#2712,#1535,.T.);
#3414=EDGE_CURVE('',#2712,#2632,#1536,.T.);
#3415=EDGE_CURVE('',#2711,#2639,#1537,.T.);
#3416=EDGE_CURVE('',#2713,#2711,#645,.T.);
#3417=EDGE_CURVE('',#2713,#2638,#1538,.T.);
#3418=EDGE_CURVE('',#2714,#2713,#1539,.T.);
#3419=EDGE_CURVE('',#2714,#2637,#1540,.T.);
#3420=EDGE_CURVE('',#2715,#2714,#646,.T.);
#3421=EDGE_CURVE('',#2715,#2636,#1541,.T.);
#3422=EDGE_CURVE('',#2716,#2715,#1542,.T.);
#3423=EDGE_CURVE('',#2716,#2635,#1543,.T.);
#3424=EDGE_CURVE('',#2717,#2716,#647,.T.);
#3425=EDGE_CURVE('',#2717,#2634,#1544,.T.);
#3426=EDGE_CURVE('',#2718,#2717,#1545,.T.);
#3427=EDGE_CURVE('',#2718,#2633,#1546,.T.);
#3428=EDGE_CURVE('',#2712,#2718,#648,.T.);
#3429=EDGE_CURVE('',#2631,#2719,#1547,.T.);
#3430=EDGE_CURVE('',#2719,#2719,#649,.T.);
#3431=EDGE_CURVE('',#2630,#2720,#1548,.T.);
#3432=EDGE_CURVE('',#2720,#2720,#650,.T.);
#3433=EDGE_CURVE('',#2721,#2722,#1549,.T.);
#3434=EDGE_CURVE('',#2722,#2622,#1550,.T.);
#3435=EDGE_CURVE('',#2721,#2629,#1551,.T.);
#3436=EDGE_CURVE('',#2723,#2721,#651,.T.);
#3437=EDGE_CURVE('',#2723,#2628,#1552,.T.);
#3438=EDGE_CURVE('',#2724,#2723,#1553,.T.);
#3439=EDGE_CURVE('',#2724,#2627,#1554,.T.);
#3440=EDGE_CURVE('',#2725,#2724,#652,.T.);
#3441=EDGE_CURVE('',#2725,#2626,#1555,.T.);
#3442=EDGE_CURVE('',#2726,#2725,#1556,.T.);
#3443=EDGE_CURVE('',#2726,#2625,#1557,.T.);
#3444=EDGE_CURVE('',#2727,#2726,#653,.T.);
#3445=EDGE_CURVE('',#2727,#2624,#1558,.T.);
#3446=EDGE_CURVE('',#2728,#2727,#1559,.T.);
#3447=EDGE_CURVE('',#2728,#2623,#1560,.T.);
#3448=EDGE_CURVE('',#2722,#2728,#654,.T.);
#3449=EDGE_CURVE('',#2621,#2729,#1561,.T.);
#3450=EDGE_CURVE('',#2729,#2729,#655,.T.);
#3451=EDGE_CURVE('',#2620,#2730,#1562,.T.);
#3452=EDGE_CURVE('',#2730,#2730,#656,.T.);
#3453=EDGE_CURVE('',#2677,#2612,#1563,.T.);
#3454=EDGE_CURVE('',#2731,#2731,#657,.T.);
#3455=EDGE_CURVE('',#2732,#2732,#658,.T.);
#3456=EDGE_CURVE('',#2731,#2732,#1564,.T.);
#3457=EDGE_CURVE('',#2733,#2734,#23,.T.);
#3458=EDGE_CURVE('',#2734,#2735,#1565,.T.);
#3459=EDGE_CURVE('',#2736,#2735,#24,.T.);
#3460=EDGE_CURVE('',#2733,#2736,#1566,.T.);
#3461=EDGE_CURVE('',#2737,#2733,#25,.T.);
#3462=EDGE_CURVE('',#2738,#2736,#26,.T.);
#3463=EDGE_CURVE('',#2737,#2738,#1567,.T.);
#3464=EDGE_CURVE('',#2739,#2737,#27,.T.);
#3465=EDGE_CURVE('',#2740,#2738,#28,.T.);
#3466=EDGE_CURVE('',#2739,#2740,#1568,.T.);
#3467=EDGE_CURVE('',#2741,#2739,#29,.T.);
#3468=EDGE_CURVE('',#2742,#2740,#30,.T.);
#3469=EDGE_CURVE('',#2741,#2742,#1569,.T.);
#3470=EDGE_CURVE('',#2743,#2741,#31,.T.);
#3471=EDGE_CURVE('',#2744,#2742,#32,.T.);
#3472=EDGE_CURVE('',#2743,#2744,#1570,.T.);
#3473=EDGE_CURVE('',#2745,#2743,#33,.T.);
#3474=EDGE_CURVE('',#2746,#2744,#34,.T.);
#3475=EDGE_CURVE('',#2745,#2746,#1571,.T.);
#3476=EDGE_CURVE('',#2747,#2745,#35,.T.);
#3477=EDGE_CURVE('',#2748,#2746,#36,.T.);
#3478=EDGE_CURVE('',#2747,#2748,#1572,.T.);
#3479=EDGE_CURVE('',#2749,#2747,#37,.T.);
#3480=EDGE_CURVE('',#2750,#2748,#38,.T.);
#3481=EDGE_CURVE('',#2749,#2750,#1573,.T.);
#3482=EDGE_CURVE('',#2751,#2749,#39,.T.);
#3483=EDGE_CURVE('',#2752,#2750,#40,.T.);
#3484=EDGE_CURVE('',#2751,#2752,#1574,.T.);
#3485=EDGE_CURVE('',#2753,#2751,#41,.T.);
#3486=EDGE_CURVE('',#2754,#2752,#42,.T.);
#3487=EDGE_CURVE('',#2753,#2754,#1575,.T.);
#3488=EDGE_CURVE('',#2755,#2753,#1576,.T.);
#3489=EDGE_CURVE('',#2756,#2754,#1577,.T.);
#3490=EDGE_CURVE('',#2755,#2756,#1578,.T.);
#3491=EDGE_CURVE('',#2734,#2755,#1579,.T.);
#3492=EDGE_CURVE('',#2735,#2756,#1580,.T.);
#3493=EDGE_CURVE('',#2757,#2758,#1581,.T.);
#3494=EDGE_CURVE('',#2758,#2759,#1582,.T.);
#3495=EDGE_CURVE('',#2760,#2759,#1583,.T.);
#3496=EDGE_CURVE('',#2757,#2760,#1584,.T.);
#3497=EDGE_CURVE('',#2761,#2757,#43,.T.);
#3498=EDGE_CURVE('',#2762,#2760,#44,.T.);
#3499=EDGE_CURVE('',#2761,#2762,#1585,.T.);
#3500=EDGE_CURVE('',#2763,#2761,#45,.T.);
#3501=EDGE_CURVE('',#2764,#2762,#46,.T.);
#3502=EDGE_CURVE('',#2763,#2764,#1586,.T.);
#3503=EDGE_CURVE('',#2765,#2763,#47,.T.);
#3504=EDGE_CURVE('',#2766,#2764,#48,.T.);
#3505=EDGE_CURVE('',#2765,#2766,#1587,.T.);
#3506=EDGE_CURVE('',#2767,#2765,#49,.T.);
#3507=EDGE_CURVE('',#2768,#2766,#50,.T.);
#3508=EDGE_CURVE('',#2767,#2768,#1588,.T.);
#3509=EDGE_CURVE('',#2769,#2767,#51,.T.);
#3510=EDGE_CURVE('',#2770,#2768,#52,.T.);
#3511=EDGE_CURVE('',#2769,#2770,#1589,.T.);
#3512=EDGE_CURVE('',#2771,#2769,#53,.T.);
#3513=EDGE_CURVE('',#2772,#2770,#54,.T.);
#3514=EDGE_CURVE('',#2771,#2772,#1590,.T.);
#3515=EDGE_CURVE('',#2773,#2771,#55,.T.);
#3516=EDGE_CURVE('',#2774,#2772,#56,.T.);
#3517=EDGE_CURVE('',#2773,#2774,#1591,.T.);
#3518=EDGE_CURVE('',#2775,#2773,#57,.T.);
#3519=EDGE_CURVE('',#2776,#2774,#58,.T.);
#3520=EDGE_CURVE('',#2775,#2776,#1592,.T.);
#3521=EDGE_CURVE('',#2777,#2775,#1593,.T.);
#3522=EDGE_CURVE('',#2778,#2776,#1594,.T.);
#3523=EDGE_CURVE('',#2777,#2778,#1595,.T.);
#3524=EDGE_CURVE('',#2779,#2777,#59,.T.);
#3525=EDGE_CURVE('',#2780,#2778,#60,.T.);
#3526=EDGE_CURVE('',#2779,#2780,#1596,.T.);
#3527=EDGE_CURVE('',#2781,#2779,#61,.T.);
#3528=EDGE_CURVE('',#2782,#2780,#62,.T.);
#3529=EDGE_CURVE('',#2781,#2782,#1597,.T.);
#3530=EDGE_CURVE('',#2783,#2781,#63,.T.);
#3531=EDGE_CURVE('',#2784,#2782,#64,.T.);
#3532=EDGE_CURVE('',#2783,#2784,#1598,.T.);
#3533=EDGE_CURVE('',#2785,#2783,#65,.T.);
#3534=EDGE_CURVE('',#2786,#2784,#66,.T.);
#3535=EDGE_CURVE('',#2785,#2786,#1599,.T.);
#3536=EDGE_CURVE('',#2787,#2785,#1600,.T.);
#3537=EDGE_CURVE('',#2788,#2786,#1601,.T.);
#3538=EDGE_CURVE('',#2787,#2788,#1602,.T.);
#3539=EDGE_CURVE('',#2789,#2787,#1603,.T.);
#3540=EDGE_CURVE('',#2790,#2788,#1604,.T.);
#3541=EDGE_CURVE('',#2789,#2790,#1605,.T.);
#3542=EDGE_CURVE('',#2791,#2789,#67,.T.);
#3543=EDGE_CURVE('',#2792,#2790,#68,.T.);
#3544=EDGE_CURVE('',#2791,#2792,#1606,.T.);
#3545=EDGE_CURVE('',#2793,#2791,#69,.T.);
#3546=EDGE_CURVE('',#2794,#2792,#70,.T.);
#3547=EDGE_CURVE('',#2793,#2794,#1607,.T.);
#3548=EDGE_CURVE('',#2795,#2793,#71,.T.);
#3549=EDGE_CURVE('',#2796,#2794,#72,.T.);
#3550=EDGE_CURVE('',#2795,#2796,#1608,.T.);
#3551=EDGE_CURVE('',#2797,#2795,#73,.T.);
#3552=EDGE_CURVE('',#2798,#2796,#74,.T.);
#3553=EDGE_CURVE('',#2797,#2798,#1609,.T.);
#3554=EDGE_CURVE('',#2799,#2797,#75,.T.);
#3555=EDGE_CURVE('',#2800,#2798,#76,.T.);
#3556=EDGE_CURVE('',#2799,#2800,#1610,.T.);
#3557=EDGE_CURVE('',#2801,#2799,#77,.T.);
#3558=EDGE_CURVE('',#2802,#2800,#78,.T.);
#3559=EDGE_CURVE('',#2801,#2802,#1611,.T.);
#3560=EDGE_CURVE('',#2803,#2801,#79,.T.);
#3561=EDGE_CURVE('',#2804,#2802,#80,.T.);
#3562=EDGE_CURVE('',#2803,#2804,#1612,.T.);
#3563=EDGE_CURVE('',#2805,#2803,#81,.T.);
#3564=EDGE_CURVE('',#2806,#2804,#82,.T.);
#3565=EDGE_CURVE('',#2805,#2806,#1613,.T.);
#3566=EDGE_CURVE('',#2807,#2805,#1614,.T.);
#3567=EDGE_CURVE('',#2808,#2806,#1615,.T.);
#3568=EDGE_CURVE('',#2807,#2808,#1616,.T.);
#3569=EDGE_CURVE('',#2758,#2807,#1617,.T.);
#3570=EDGE_CURVE('',#2759,#2808,#1618,.T.);
#3571=EDGE_CURVE('',#2809,#2810,#83,.T.);
#3572=EDGE_CURVE('',#2810,#2811,#1619,.T.);
#3573=EDGE_CURVE('',#2812,#2811,#84,.T.);
#3574=EDGE_CURVE('',#2809,#2812,#1620,.T.);
#3575=EDGE_CURVE('',#2813,#2809,#85,.T.);
#3576=EDGE_CURVE('',#2814,#2812,#86,.T.);
#3577=EDGE_CURVE('',#2813,#2814,#1621,.T.);
#3578=EDGE_CURVE('',#2815,#2813,#87,.T.);
#3579=EDGE_CURVE('',#2816,#2814,#88,.T.);
#3580=EDGE_CURVE('',#2815,#2816,#1622,.T.);
#3581=EDGE_CURVE('',#2817,#2815,#89,.T.);
#3582=EDGE_CURVE('',#2818,#2816,#90,.T.);
#3583=EDGE_CURVE('',#2817,#2818,#1623,.T.);
#3584=EDGE_CURVE('',#2819,#2817,#91,.T.);
#3585=EDGE_CURVE('',#2820,#2818,#92,.T.);
#3586=EDGE_CURVE('',#2819,#2820,#1624,.T.);
#3587=EDGE_CURVE('',#2821,#2819,#93,.T.);
#3588=EDGE_CURVE('',#2822,#2820,#94,.T.);
#3589=EDGE_CURVE('',#2821,#2822,#1625,.T.);
#3590=EDGE_CURVE('',#2823,#2821,#95,.T.);
#3591=EDGE_CURVE('',#2824,#2822,#96,.T.);
#3592=EDGE_CURVE('',#2823,#2824,#1626,.T.);
#3593=EDGE_CURVE('',#2825,#2823,#97,.T.);
#3594=EDGE_CURVE('',#2826,#2824,#98,.T.);
#3595=EDGE_CURVE('',#2825,#2826,#1627,.T.);
#3596=EDGE_CURVE('',#2810,#2825,#1628,.T.);
#3597=EDGE_CURVE('',#2811,#2826,#1629,.T.);
#3598=EDGE_CURVE('',#2827,#2828,#99,.T.);
#3599=EDGE_CURVE('',#2828,#2829,#1630,.T.);
#3600=EDGE_CURVE('',#2830,#2829,#100,.T.);
#3601=EDGE_CURVE('',#2827,#2830,#1631,.T.);
#3602=EDGE_CURVE('',#2831,#2827,#101,.T.);
#3603=EDGE_CURVE('',#2832,#2830,#102,.T.);
#3604=EDGE_CURVE('',#2831,#2832,#1632,.T.);
#3605=EDGE_CURVE('',#2833,#2831,#103,.T.);
#3606=EDGE_CURVE('',#2834,#2832,#104,.T.);
#3607=EDGE_CURVE('',#2833,#2834,#1633,.T.);
#3608=EDGE_CURVE('',#2835,#2833,#105,.T.);
#3609=EDGE_CURVE('',#2836,#2834,#106,.T.);
#3610=EDGE_CURVE('',#2835,#2836,#1634,.T.);
#3611=EDGE_CURVE('',#2837,#2835,#107,.T.);
#3612=EDGE_CURVE('',#2838,#2836,#108,.T.);
#3613=EDGE_CURVE('',#2837,#2838,#1635,.T.);
#3614=EDGE_CURVE('',#2839,#2837,#109,.T.);
#3615=EDGE_CURVE('',#2840,#2838,#110,.T.);
#3616=EDGE_CURVE('',#2839,#2840,#1636,.T.);
#3617=EDGE_CURVE('',#2841,#2839,#111,.T.);
#3618=EDGE_CURVE('',#2842,#2840,#112,.T.);
#3619=EDGE_CURVE('',#2841,#2842,#1637,.T.);
#3620=EDGE_CURVE('',#2843,#2841,#113,.T.);
#3621=EDGE_CURVE('',#2844,#2842,#114,.T.);
#3622=EDGE_CURVE('',#2843,#2844,#1638,.T.);
#3623=EDGE_CURVE('',#2845,#2843,#115,.T.);
#3624=EDGE_CURVE('',#2846,#2844,#116,.T.);
#3625=EDGE_CURVE('',#2845,#2846,#1639,.T.);
#3626=EDGE_CURVE('',#2847,#2845,#117,.T.);
#3627=EDGE_CURVE('',#2848,#2846,#118,.T.);
#3628=EDGE_CURVE('',#2847,#2848,#1640,.T.);
#3629=EDGE_CURVE('',#2849,#2847,#119,.T.);
#3630=EDGE_CURVE('',#2850,#2848,#120,.T.);
#3631=EDGE_CURVE('',#2849,#2850,#1641,.T.);
#3632=EDGE_CURVE('',#2851,#2849,#121,.T.);
#3633=EDGE_CURVE('',#2852,#2850,#122,.T.);
#3634=EDGE_CURVE('',#2851,#2852,#1642,.T.);
#3635=EDGE_CURVE('',#2853,#2851,#123,.T.);
#3636=EDGE_CURVE('',#2854,#2852,#124,.T.);
#3637=EDGE_CURVE('',#2853,#2854,#1643,.T.);
#3638=EDGE_CURVE('',#2855,#2853,#1644,.T.);
#3639=EDGE_CURVE('',#2856,#2854,#1645,.T.);
#3640=EDGE_CURVE('',#2855,#2856,#1646,.T.);
#3641=EDGE_CURVE('',#2857,#2855,#125,.T.);
#3642=EDGE_CURVE('',#2858,#2856,#126,.T.);
#3643=EDGE_CURVE('',#2857,#2858,#1647,.T.);
#3644=EDGE_CURVE('',#2859,#2857,#127,.T.);
#3645=EDGE_CURVE('',#2860,#2858,#128,.T.);
#3646=EDGE_CURVE('',#2859,#2860,#1648,.T.);
#3647=EDGE_CURVE('',#2861,#2859,#129,.T.);
#3648=EDGE_CURVE('',#2862,#2860,#130,.T.);
#3649=EDGE_CURVE('',#2861,#2862,#1649,.T.);
#3650=EDGE_CURVE('',#2863,#2861,#131,.T.);
#3651=EDGE_CURVE('',#2864,#2862,#132,.T.);
#3652=EDGE_CURVE('',#2863,#2864,#1650,.T.);
#3653=EDGE_CURVE('',#2865,#2863,#133,.T.);
#3654=EDGE_CURVE('',#2866,#2864,#134,.T.);
#3655=EDGE_CURVE('',#2865,#2866,#1651,.T.);
#3656=EDGE_CURVE('',#2867,#2865,#135,.T.);
#3657=EDGE_CURVE('',#2868,#2866,#136,.T.);
#3658=EDGE_CURVE('',#2867,#2868,#1652,.T.);
#3659=EDGE_CURVE('',#2869,#2867,#1653,.T.);
#3660=EDGE_CURVE('',#2870,#2868,#1654,.T.);
#3661=EDGE_CURVE('',#2869,#2870,#1655,.T.);
#3662=EDGE_CURVE('',#2871,#2869,#137,.T.);
#3663=EDGE_CURVE('',#2872,#2870,#138,.T.);
#3664=EDGE_CURVE('',#2871,#2872,#1656,.T.);
#3665=EDGE_CURVE('',#2873,#2871,#139,.T.);
#3666=EDGE_CURVE('',#2874,#2872,#140,.T.);
#3667=EDGE_CURVE('',#2873,#2874,#1657,.T.);
#3668=EDGE_CURVE('',#2828,#2873,#141,.T.);
#3669=EDGE_CURVE('',#2829,#2874,#142,.T.);
#3670=EDGE_CURVE('',#2875,#2876,#143,.T.);
#3671=EDGE_CURVE('',#2876,#2877,#1658,.T.);
#3672=EDGE_CURVE('',#2878,#2877,#144,.T.);
#3673=EDGE_CURVE('',#2875,#2878,#1659,.T.);
#3674=EDGE_CURVE('',#2879,#2875,#145,.T.);
#3675=EDGE_CURVE('',#2880,#2878,#146,.T.);
#3676=EDGE_CURVE('',#2879,#2880,#1660,.T.);
#3677=EDGE_CURVE('',#2881,#2879,#147,.T.);
#3678=EDGE_CURVE('',#2882,#2880,#148,.T.);
#3679=EDGE_CURVE('',#2881,#2882,#1661,.T.);
#3680=EDGE_CURVE('',#2883,#2881,#149,.T.);
#3681=EDGE_CURVE('',#2884,#2882,#150,.T.);
#3682=EDGE_CURVE('',#2883,#2884,#1662,.T.);
#3683=EDGE_CURVE('',#2885,#2883,#1663,.T.);
#3684=EDGE_CURVE('',#2886,#2884,#1664,.T.);
#3685=EDGE_CURVE('',#2885,#2886,#1665,.T.);
#3686=EDGE_CURVE('',#2887,#2885,#1666,.T.);
#3687=EDGE_CURVE('',#2888,#2886,#1667,.T.);
#3688=EDGE_CURVE('',#2887,#2888,#1668,.T.);
#3689=EDGE_CURVE('',#2889,#2887,#1669,.T.);
#3690=EDGE_CURVE('',#2890,#2888,#1670,.T.);
#3691=EDGE_CURVE('',#2889,#2890,#1671,.T.);
#3692=EDGE_CURVE('',#2891,#2889,#1672,.T.);
#3693=EDGE_CURVE('',#2892,#2890,#1673,.T.);
#3694=EDGE_CURVE('',#2891,#2892,#1674,.T.);
#3695=EDGE_CURVE('',#2893,#2891,#1675,.T.);
#3696=EDGE_CURVE('',#2894,#2892,#1676,.T.);
#3697=EDGE_CURVE('',#2893,#2894,#1677,.T.);
#3698=EDGE_CURVE('',#2895,#2893,#1678,.T.);
#3699=EDGE_CURVE('',#2896,#2894,#1679,.T.);
#3700=EDGE_CURVE('',#2895,#2896,#1680,.T.);
#3701=EDGE_CURVE('',#2897,#2895,#1681,.T.);
#3702=EDGE_CURVE('',#2898,#2896,#1682,.T.);
#3703=EDGE_CURVE('',#2897,#2898,#1683,.T.);
#3704=EDGE_CURVE('',#2899,#2897,#1684,.T.);
#3705=EDGE_CURVE('',#2900,#2898,#1685,.T.);
#3706=EDGE_CURVE('',#2899,#2900,#1686,.T.);
#3707=EDGE_CURVE('',#2901,#2899,#1687,.T.);
#3708=EDGE_CURVE('',#2902,#2900,#1688,.T.);
#3709=EDGE_CURVE('',#2901,#2902,#1689,.T.);
#3710=EDGE_CURVE('',#2903,#2901,#1690,.T.);
#3711=EDGE_CURVE('',#2904,#2902,#1691,.T.);
#3712=EDGE_CURVE('',#2903,#2904,#1692,.T.);
#3713=EDGE_CURVE('',#2905,#2903,#1693,.T.);
#3714=EDGE_CURVE('',#2906,#2904,#1694,.T.);
#3715=EDGE_CURVE('',#2905,#2906,#1695,.T.);
#3716=EDGE_CURVE('',#2907,#2905,#151,.T.);
#3717=EDGE_CURVE('',#2908,#2906,#152,.T.);
#3718=EDGE_CURVE('',#2907,#2908,#1696,.T.);
#3719=EDGE_CURVE('',#2909,#2907,#153,.T.);
#3720=EDGE_CURVE('',#2910,#2908,#154,.T.);
#3721=EDGE_CURVE('',#2909,#2910,#1697,.T.);
#3722=EDGE_CURVE('',#2911,#2909,#155,.T.);
#3723=EDGE_CURVE('',#2912,#2910,#156,.T.);
#3724=EDGE_CURVE('',#2911,#2912,#1698,.T.);
#3725=EDGE_CURVE('',#2913,#2911,#157,.T.);
#3726=EDGE_CURVE('',#2914,#2912,#158,.T.);
#3727=EDGE_CURVE('',#2913,#2914,#1699,.T.);
#3728=EDGE_CURVE('',#2876,#2913,#1700,.T.);
#3729=EDGE_CURVE('',#2877,#2914,#1701,.T.);
#3730=EDGE_CURVE('',#2915,#2916,#1702,.T.);
#3731=EDGE_CURVE('',#2916,#2917,#1703,.T.);
#3732=EDGE_CURVE('',#2918,#2917,#1704,.T.);
#3733=EDGE_CURVE('',#2915,#2918,#1705,.T.);
#3734=EDGE_CURVE('',#2919,#2915,#1706,.T.);
#3735=EDGE_CURVE('',#2920,#2918,#1707,.T.);
#3736=EDGE_CURVE('',#2919,#2920,#1708,.T.);
#3737=EDGE_CURVE('',#2921,#2919,#1709,.T.);
#3738=EDGE_CURVE('',#2922,#2920,#1710,.T.);
#3739=EDGE_CURVE('',#2921,#2922,#1711,.T.);
#3740=EDGE_CURVE('',#2923,#2921,#1712,.T.);
#3741=EDGE_CURVE('',#2924,#2922,#1713,.T.);
#3742=EDGE_CURVE('',#2923,#2924,#1714,.T.);
#3743=EDGE_CURVE('',#2925,#2923,#1715,.T.);
#3744=EDGE_CURVE('',#2926,#2924,#1716,.T.);
#3745=EDGE_CURVE('',#2925,#2926,#1717,.T.);
#3746=EDGE_CURVE('',#2927,#2925,#1718,.T.);
#3747=EDGE_CURVE('',#2928,#2926,#1719,.T.);
#3748=EDGE_CURVE('',#2927,#2928,#1720,.T.);
#3749=EDGE_CURVE('',#2929,#2927,#1721,.T.);
#3750=EDGE_CURVE('',#2930,#2928,#1722,.T.);
#3751=EDGE_CURVE('',#2929,#2930,#1723,.T.);
#3752=EDGE_CURVE('',#2931,#2929,#1724,.T.);
#3753=EDGE_CURVE('',#2932,#2930,#1725,.T.);
#3754=EDGE_CURVE('',#2931,#2932,#1726,.T.);
#3755=EDGE_CURVE('',#2933,#2931,#1727,.T.);
#3756=EDGE_CURVE('',#2934,#2932,#1728,.T.);
#3757=EDGE_CURVE('',#2933,#2934,#1729,.T.);
#3758=EDGE_CURVE('',#2935,#2933,#1730,.T.);
#3759=EDGE_CURVE('',#2936,#2934,#1731,.T.);
#3760=EDGE_CURVE('',#2935,#2936,#1732,.T.);
#3761=EDGE_CURVE('',#2937,#2935,#1733,.T.);
#3762=EDGE_CURVE('',#2938,#2936,#1734,.T.);
#3763=EDGE_CURVE('',#2937,#2938,#1735,.T.);
#3764=EDGE_CURVE('',#2939,#2937,#1736,.T.);
#3765=EDGE_CURVE('',#2940,#2938,#1737,.T.);
#3766=EDGE_CURVE('',#2939,#2940,#1738,.T.);
#3767=EDGE_CURVE('',#2941,#2939,#1739,.T.);
#3768=EDGE_CURVE('',#2942,#2940,#1740,.T.);
#3769=EDGE_CURVE('',#2941,#2942,#1741,.T.);
#3770=EDGE_CURVE('',#2943,#2941,#1742,.T.);
#3771=EDGE_CURVE('',#2944,#2942,#1743,.T.);
#3772=EDGE_CURVE('',#2943,#2944,#1744,.T.);
#3773=EDGE_CURVE('',#2945,#2943,#1745,.T.);
#3774=EDGE_CURVE('',#2946,#2944,#1746,.T.);
#3775=EDGE_CURVE('',#2945,#2946,#1747,.T.);
#3776=EDGE_CURVE('',#2947,#2945,#1748,.T.);
#3777=EDGE_CURVE('',#2948,#2946,#1749,.T.);
#3778=EDGE_CURVE('',#2947,#2948,#1750,.T.);
#3779=EDGE_CURVE('',#2949,#2947,#1751,.T.);
#3780=EDGE_CURVE('',#2950,#2948,#1752,.T.);
#3781=EDGE_CURVE('',#2949,#2950,#1753,.T.);
#3782=EDGE_CURVE('',#2951,#2949,#1754,.T.);
#3783=EDGE_CURVE('',#2952,#2950,#1755,.T.);
#3784=EDGE_CURVE('',#2951,#2952,#1756,.T.);
#3785=EDGE_CURVE('',#2916,#2951,#1757,.T.);
#3786=EDGE_CURVE('',#2917,#2952,#1758,.T.);
#3787=EDGE_CURVE('',#2953,#2954,#159,.T.);
#3788=EDGE_CURVE('',#2954,#2955,#1759,.T.);
#3789=EDGE_CURVE('',#2956,#2955,#160,.T.);
#3790=EDGE_CURVE('',#2953,#2956,#1760,.T.);
#3791=EDGE_CURVE('',#2957,#2953,#161,.T.);
#3792=EDGE_CURVE('',#2958,#2956,#162,.T.);
#3793=EDGE_CURVE('',#2957,#2958,#1761,.T.);
#3794=EDGE_CURVE('',#2959,#2957,#163,.T.);
#3795=EDGE_CURVE('',#2960,#2958,#164,.T.);
#3796=EDGE_CURVE('',#2959,#2960,#1762,.T.);
#3797=EDGE_CURVE('',#2961,#2959,#165,.T.);
#3798=EDGE_CURVE('',#2962,#2960,#166,.T.);
#3799=EDGE_CURVE('',#2961,#2962,#1763,.T.);
#3800=EDGE_CURVE('',#2963,#2961,#167,.T.);
#3801=EDGE_CURVE('',#2964,#2962,#168,.T.);
#3802=EDGE_CURVE('',#2963,#2964,#1764,.T.);
#3803=EDGE_CURVE('',#2965,#2963,#169,.T.);
#3804=EDGE_CURVE('',#2966,#2964,#170,.T.);
#3805=EDGE_CURVE('',#2965,#2966,#1765,.T.);
#3806=EDGE_CURVE('',#2967,#2965,#171,.T.);
#3807=EDGE_CURVE('',#2968,#2966,#172,.T.);
#3808=EDGE_CURVE('',#2967,#2968,#1766,.T.);
#3809=EDGE_CURVE('',#2969,#2967,#173,.T.);
#3810=EDGE_CURVE('',#2970,#2968,#174,.T.);
#3811=EDGE_CURVE('',#2969,#2970,#1767,.T.);
#3812=EDGE_CURVE('',#2971,#2969,#175,.T.);
#3813=EDGE_CURVE('',#2972,#2970,#176,.T.);
#3814=EDGE_CURVE('',#2971,#2972,#1768,.T.);
#3815=EDGE_CURVE('',#2973,#2971,#177,.T.);
#3816=EDGE_CURVE('',#2974,#2972,#178,.T.);
#3817=EDGE_CURVE('',#2973,#2974,#1769,.T.);
#3818=EDGE_CURVE('',#2975,#2973,#179,.T.);
#3819=EDGE_CURVE('',#2976,#2974,#180,.T.);
#3820=EDGE_CURVE('',#2975,#2976,#1770,.T.);
#3821=EDGE_CURVE('',#2977,#2975,#181,.T.);
#3822=EDGE_CURVE('',#2978,#2976,#182,.T.);
#3823=EDGE_CURVE('',#2977,#2978,#1771,.T.);
#3824=EDGE_CURVE('',#2979,#2977,#183,.T.);
#3825=EDGE_CURVE('',#2980,#2978,#184,.T.);
#3826=EDGE_CURVE('',#2979,#2980,#1772,.T.);
#3827=EDGE_CURVE('',#2981,#2979,#185,.T.);
#3828=EDGE_CURVE('',#2982,#2980,#186,.T.);
#3829=EDGE_CURVE('',#2981,#2982,#1773,.T.);
#3830=EDGE_CURVE('',#2983,#2981,#187,.T.);
#3831=EDGE_CURVE('',#2984,#2982,#188,.T.);
#3832=EDGE_CURVE('',#2983,#2984,#1774,.T.);
#3833=EDGE_CURVE('',#2954,#2983,#189,.T.);
#3834=EDGE_CURVE('',#2955,#2984,#190,.T.);
#3835=EDGE_CURVE('',#2985,#2986,#1775,.T.);
#3836=EDGE_CURVE('',#2986,#2987,#1776,.T.);
#3837=EDGE_CURVE('',#2988,#2987,#1777,.T.);
#3838=EDGE_CURVE('',#2985,#2988,#1778,.T.);
#3839=EDGE_CURVE('',#2989,#2985,#1779,.T.);
#3840=EDGE_CURVE('',#2990,#2988,#1780,.T.);
#3841=EDGE_CURVE('',#2989,#2990,#1781,.T.);
#3842=EDGE_CURVE('',#2991,#2989,#1782,.T.);
#3843=EDGE_CURVE('',#2992,#2990,#1783,.T.);
#3844=EDGE_CURVE('',#2991,#2992,#1784,.T.);
#3845=EDGE_CURVE('',#2993,#2991,#1785,.T.);
#3846=EDGE_CURVE('',#2994,#2992,#1786,.T.);
#3847=EDGE_CURVE('',#2993,#2994,#1787,.T.);
#3848=EDGE_CURVE('',#2995,#2993,#1788,.T.);
#3849=EDGE_CURVE('',#2996,#2994,#1789,.T.);
#3850=EDGE_CURVE('',#2995,#2996,#1790,.T.);
#3851=EDGE_CURVE('',#2997,#2995,#1791,.T.);
#3852=EDGE_CURVE('',#2998,#2996,#1792,.T.);
#3853=EDGE_CURVE('',#2997,#2998,#1793,.T.);
#3854=EDGE_CURVE('',#2999,#2997,#1794,.T.);
#3855=EDGE_CURVE('',#3000,#2998,#1795,.T.);
#3856=EDGE_CURVE('',#2999,#3000,#1796,.T.);
#3857=EDGE_CURVE('',#3001,#2999,#1797,.T.);
#3858=EDGE_CURVE('',#3002,#3000,#1798,.T.);
#3859=EDGE_CURVE('',#3001,#3002,#1799,.T.);
#3860=EDGE_CURVE('',#3003,#3001,#1800,.T.);
#3861=EDGE_CURVE('',#3004,#3002,#1801,.T.);
#3862=EDGE_CURVE('',#3003,#3004,#1802,.T.);
#3863=EDGE_CURVE('',#2986,#3003,#1803,.T.);
#3864=EDGE_CURVE('',#2987,#3004,#1804,.T.);
#3865=EDGE_CURVE('',#3005,#3006,#1805,.T.);
#3866=EDGE_CURVE('',#3006,#3007,#1806,.T.);
#3867=EDGE_CURVE('',#3008,#3007,#1807,.T.);
#3868=EDGE_CURVE('',#3005,#3008,#1808,.T.);
#3869=EDGE_CURVE('',#3009,#3005,#1809,.T.);
#3870=EDGE_CURVE('',#3010,#3008,#1810,.T.);
#3871=EDGE_CURVE('',#3009,#3010,#1811,.T.);
#3872=EDGE_CURVE('',#3011,#3009,#1812,.T.);
#3873=EDGE_CURVE('',#3012,#3010,#1813,.T.);
#3874=EDGE_CURVE('',#3011,#3012,#1814,.T.);
#3875=EDGE_CURVE('',#3013,#3011,#1815,.T.);
#3876=EDGE_CURVE('',#3014,#3012,#1816,.T.);
#3877=EDGE_CURVE('',#3013,#3014,#1817,.T.);
#3878=EDGE_CURVE('',#3015,#3013,#1818,.T.);
#3879=EDGE_CURVE('',#3016,#3014,#1819,.T.);
#3880=EDGE_CURVE('',#3015,#3016,#1820,.T.);
#3881=EDGE_CURVE('',#3017,#3015,#1821,.T.);
#3882=EDGE_CURVE('',#3018,#3016,#1822,.T.);
#3883=EDGE_CURVE('',#3017,#3018,#1823,.T.);
#3884=EDGE_CURVE('',#3019,#3017,#191,.T.);
#3885=EDGE_CURVE('',#3020,#3018,#192,.T.);
#3886=EDGE_CURVE('',#3019,#3020,#1824,.T.);
#3887=EDGE_CURVE('',#3021,#3019,#193,.T.);
#3888=EDGE_CURVE('',#3022,#3020,#194,.T.);
#3889=EDGE_CURVE('',#3021,#3022,#1825,.T.);
#3890=EDGE_CURVE('',#3023,#3021,#195,.T.);
#3891=EDGE_CURVE('',#3024,#3022,#196,.T.);
#3892=EDGE_CURVE('',#3023,#3024,#1826,.T.);
#3893=EDGE_CURVE('',#3025,#3023,#197,.T.);
#3894=EDGE_CURVE('',#3026,#3024,#198,.T.);
#3895=EDGE_CURVE('',#3025,#3026,#1827,.T.);
#3896=EDGE_CURVE('',#3027,#3025,#199,.T.);
#3897=EDGE_CURVE('',#3028,#3026,#200,.T.);
#3898=EDGE_CURVE('',#3027,#3028,#1828,.T.);
#3899=EDGE_CURVE('',#3029,#3027,#201,.T.);
#3900=EDGE_CURVE('',#3030,#3028,#202,.T.);
#3901=EDGE_CURVE('',#3029,#3030,#1829,.T.);
#3902=EDGE_CURVE('',#3031,#3029,#1830,.T.);
#3903=EDGE_CURVE('',#3032,#3030,#1831,.T.);
#3904=EDGE_CURVE('',#3031,#3032,#1832,.T.);
#3905=EDGE_CURVE('',#3033,#3031,#203,.T.);
#3906=EDGE_CURVE('',#3034,#3032,#204,.T.);
#3907=EDGE_CURVE('',#3033,#3034,#1833,.T.);
#3908=EDGE_CURVE('',#3035,#3033,#205,.T.);
#3909=EDGE_CURVE('',#3036,#3034,#206,.T.);
#3910=EDGE_CURVE('',#3035,#3036,#1834,.T.);
#3911=EDGE_CURVE('',#3037,#3035,#207,.T.);
#3912=EDGE_CURVE('',#3038,#3036,#208,.T.);
#3913=EDGE_CURVE('',#3037,#3038,#1835,.T.);
#3914=EDGE_CURVE('',#3039,#3037,#209,.T.);
#3915=EDGE_CURVE('',#3040,#3038,#210,.T.);
#3916=EDGE_CURVE('',#3039,#3040,#1836,.T.);
#3917=EDGE_CURVE('',#3041,#3039,#211,.T.);
#3918=EDGE_CURVE('',#3042,#3040,#212,.T.);
#3919=EDGE_CURVE('',#3041,#3042,#1837,.T.);
#3920=EDGE_CURVE('',#3043,#3041,#213,.T.);
#3921=EDGE_CURVE('',#3044,#3042,#214,.T.);
#3922=EDGE_CURVE('',#3043,#3044,#1838,.T.);
#3923=EDGE_CURVE('',#3045,#3043,#1839,.T.);
#3924=EDGE_CURVE('',#3046,#3044,#1840,.T.);
#3925=EDGE_CURVE('',#3045,#3046,#1841,.T.);
#3926=EDGE_CURVE('',#3006,#3045,#1842,.T.);
#3927=EDGE_CURVE('',#3007,#3046,#1843,.T.);
#3928=EDGE_CURVE('',#3047,#3048,#215,.T.);
#3929=EDGE_CURVE('',#3048,#3049,#1844,.T.);
#3930=EDGE_CURVE('',#3050,#3049,#216,.T.);
#3931=EDGE_CURVE('',#3047,#3050,#1845,.T.);
#3932=EDGE_CURVE('',#3051,#3047,#217,.T.);
#3933=EDGE_CURVE('',#3052,#3050,#218,.T.);
#3934=EDGE_CURVE('',#3051,#3052,#1846,.T.);
#3935=EDGE_CURVE('',#3053,#3051,#219,.T.);
#3936=EDGE_CURVE('',#3054,#3052,#220,.T.);
#3937=EDGE_CURVE('',#3053,#3054,#1847,.T.);
#3938=EDGE_CURVE('',#3055,#3053,#221,.T.);
#3939=EDGE_CURVE('',#3056,#3054,#222,.T.);
#3940=EDGE_CURVE('',#3055,#3056,#1848,.T.);
#3941=EDGE_CURVE('',#3057,#3055,#223,.T.);
#3942=EDGE_CURVE('',#3058,#3056,#224,.T.);
#3943=EDGE_CURVE('',#3057,#3058,#1849,.T.);
#3944=EDGE_CURVE('',#3059,#3057,#1850,.T.);
#3945=EDGE_CURVE('',#3060,#3058,#1851,.T.);
#3946=EDGE_CURVE('',#3059,#3060,#1852,.T.);
#3947=EDGE_CURVE('',#3061,#3059,#225,.T.);
#3948=EDGE_CURVE('',#3062,#3060,#226,.T.);
#3949=EDGE_CURVE('',#3061,#3062,#1853,.T.);
#3950=EDGE_CURVE('',#3063,#3061,#227,.T.);
#3951=EDGE_CURVE('',#3064,#3062,#228,.T.);
#3952=EDGE_CURVE('',#3063,#3064,#1854,.T.);
#3953=EDGE_CURVE('',#3065,#3063,#229,.T.);
#3954=EDGE_CURVE('',#3066,#3064,#230,.T.);
#3955=EDGE_CURVE('',#3065,#3066,#1855,.T.);
#3956=EDGE_CURVE('',#3067,#3065,#231,.T.);
#3957=EDGE_CURVE('',#3068,#3066,#232,.T.);
#3958=EDGE_CURVE('',#3067,#3068,#1856,.T.);
#3959=EDGE_CURVE('',#3069,#3067,#233,.T.);
#3960=EDGE_CURVE('',#3070,#3068,#234,.T.);
#3961=EDGE_CURVE('',#3069,#3070,#1857,.T.);
#3962=EDGE_CURVE('',#3071,#3069,#235,.T.);
#3963=EDGE_CURVE('',#3072,#3070,#236,.T.);
#3964=EDGE_CURVE('',#3071,#3072,#1858,.T.);
#3965=EDGE_CURVE('',#3073,#3071,#237,.T.);
#3966=EDGE_CURVE('',#3074,#3072,#238,.T.);
#3967=EDGE_CURVE('',#3073,#3074,#1859,.T.);
#3968=EDGE_CURVE('',#3075,#3073,#239,.T.);
#3969=EDGE_CURVE('',#3076,#3074,#240,.T.);
#3970=EDGE_CURVE('',#3075,#3076,#1860,.T.);
#3971=EDGE_CURVE('',#3048,#3075,#241,.T.);
#3972=EDGE_CURVE('',#3049,#3076,#242,.T.);
#3973=EDGE_CURVE('',#3077,#3078,#243,.T.);
#3974=EDGE_CURVE('',#3078,#3079,#1861,.T.);
#3975=EDGE_CURVE('',#3080,#3079,#244,.T.);
#3976=EDGE_CURVE('',#3077,#3080,#1862,.T.);
#3977=EDGE_CURVE('',#3081,#3077,#245,.T.);
#3978=EDGE_CURVE('',#3082,#3080,#246,.T.);
#3979=EDGE_CURVE('',#3081,#3082,#1863,.T.);
#3980=EDGE_CURVE('',#3083,#3081,#247,.T.);
#3981=EDGE_CURVE('',#3084,#3082,#248,.T.);
#3982=EDGE_CURVE('',#3083,#3084,#1864,.T.);
#3983=EDGE_CURVE('',#3085,#3083,#249,.T.);
#3984=EDGE_CURVE('',#3086,#3084,#250,.T.);
#3985=EDGE_CURVE('',#3085,#3086,#1865,.T.);
#3986=EDGE_CURVE('',#3087,#3085,#251,.T.);
#3987=EDGE_CURVE('',#3088,#3086,#252,.T.);
#3988=EDGE_CURVE('',#3087,#3088,#1866,.T.);
#3989=EDGE_CURVE('',#3089,#3087,#1867,.T.);
#3990=EDGE_CURVE('',#3090,#3088,#1868,.T.);
#3991=EDGE_CURVE('',#3089,#3090,#1869,.T.);
#3992=EDGE_CURVE('',#3091,#3089,#1870,.T.);
#3993=EDGE_CURVE('',#3092,#3090,#1871,.T.);
#3994=EDGE_CURVE('',#3091,#3092,#1872,.T.);
#3995=EDGE_CURVE('',#3093,#3091,#1873,.T.);
#3996=EDGE_CURVE('',#3094,#3092,#1874,.T.);
#3997=EDGE_CURVE('',#3093,#3094,#1875,.T.);
#3998=EDGE_CURVE('',#3095,#3093,#1876,.T.);
#3999=EDGE_CURVE('',#3096,#3094,#1877,.T.);
#4000=EDGE_CURVE('',#3095,#3096,#1878,.T.);
#4001=EDGE_CURVE('',#3097,#3095,#253,.T.);
#4002=EDGE_CURVE('',#3098,#3096,#254,.T.);
#4003=EDGE_CURVE('',#3097,#3098,#1879,.T.);
#4004=EDGE_CURVE('',#3099,#3097,#255,.T.);
#4005=EDGE_CURVE('',#3100,#3098,#256,.T.);
#4006=EDGE_CURVE('',#3099,#3100,#1880,.T.);
#4007=EDGE_CURVE('',#3101,#3099,#257,.T.);
#4008=EDGE_CURVE('',#3102,#3100,#258,.T.);
#4009=EDGE_CURVE('',#3101,#3102,#1881,.T.);
#4010=EDGE_CURVE('',#3103,#3101,#259,.T.);
#4011=EDGE_CURVE('',#3104,#3102,#260,.T.);
#4012=EDGE_CURVE('',#3103,#3104,#1882,.T.);
#4013=EDGE_CURVE('',#3105,#3103,#261,.T.);
#4014=EDGE_CURVE('',#3106,#3104,#262,.T.);
#4015=EDGE_CURVE('',#3105,#3106,#1883,.T.);
#4016=EDGE_CURVE('',#3107,#3105,#263,.T.);
#4017=EDGE_CURVE('',#3108,#3106,#264,.T.);
#4018=EDGE_CURVE('',#3107,#3108,#1884,.T.);
#4019=EDGE_CURVE('',#3078,#3107,#265,.T.);
#4020=EDGE_CURVE('',#3079,#3108,#266,.T.);
#4021=EDGE_CURVE('',#3109,#3110,#267,.T.);
#4022=EDGE_CURVE('',#3110,#3111,#1885,.T.);
#4023=EDGE_CURVE('',#3112,#3111,#268,.T.);
#4024=EDGE_CURVE('',#3109,#3112,#1886,.T.);
#4025=EDGE_CURVE('',#3113,#3109,#269,.T.);
#4026=EDGE_CURVE('',#3114,#3112,#270,.T.);
#4027=EDGE_CURVE('',#3113,#3114,#1887,.T.);
#4028=EDGE_CURVE('',#3115,#3113,#271,.T.);
#4029=EDGE_CURVE('',#3116,#3114,#272,.T.);
#4030=EDGE_CURVE('',#3115,#3116,#1888,.T.);
#4031=EDGE_CURVE('',#3117,#3115,#1889,.T.);
#4032=EDGE_CURVE('',#3118,#3116,#1890,.T.);
#4033=EDGE_CURVE('',#3117,#3118,#1891,.T.);
#4034=EDGE_CURVE('',#3119,#3117,#273,.T.);
#4035=EDGE_CURVE('',#3120,#3118,#274,.T.);
#4036=EDGE_CURVE('',#3119,#3120,#1892,.T.);
#4037=EDGE_CURVE('',#3121,#3119,#275,.T.);
#4038=EDGE_CURVE('',#3122,#3120,#276,.T.);
#4039=EDGE_CURVE('',#3121,#3122,#1893,.T.);
#4040=EDGE_CURVE('',#3123,#3121,#277,.T.);
#4041=EDGE_CURVE('',#3124,#3122,#278,.T.);
#4042=EDGE_CURVE('',#3123,#3124,#1894,.T.);
#4043=EDGE_CURVE('',#3125,#3123,#279,.T.);
#4044=EDGE_CURVE('',#3126,#3124,#280,.T.);
#4045=EDGE_CURVE('',#3125,#3126,#1895,.T.);
#4046=EDGE_CURVE('',#3110,#3125,#281,.T.);
#4047=EDGE_CURVE('',#3111,#3126,#282,.T.);
#4048=EDGE_CURVE('',#3127,#3128,#283,.T.);
#4049=EDGE_CURVE('',#3128,#3129,#1896,.T.);
#4050=EDGE_CURVE('',#3130,#3129,#284,.T.);
#4051=EDGE_CURVE('',#3127,#3130,#1897,.T.);
#4052=EDGE_CURVE('',#3131,#3127,#285,.T.);
#4053=EDGE_CURVE('',#3132,#3130,#286,.T.);
#4054=EDGE_CURVE('',#3131,#3132,#1898,.T.);
#4055=EDGE_CURVE('',#3133,#3131,#287,.T.);
#4056=EDGE_CURVE('',#3134,#3132,#288,.T.);
#4057=EDGE_CURVE('',#3133,#3134,#1899,.T.);
#4058=EDGE_CURVE('',#3135,#3133,#289,.T.);
#4059=EDGE_CURVE('',#3136,#3134,#290,.T.);
#4060=EDGE_CURVE('',#3135,#3136,#1900,.T.);
#4061=EDGE_CURVE('',#3137,#3135,#291,.T.);
#4062=EDGE_CURVE('',#3138,#3136,#292,.T.);
#4063=EDGE_CURVE('',#3137,#3138,#1901,.T.);
#4064=EDGE_CURVE('',#3139,#3137,#1902,.T.);
#4065=EDGE_CURVE('',#3140,#3138,#1903,.T.);
#4066=EDGE_CURVE('',#3139,#3140,#1904,.T.);
#4067=EDGE_CURVE('',#3141,#3139,#1905,.T.);
#4068=EDGE_CURVE('',#3142,#3140,#1906,.T.);
#4069=EDGE_CURVE('',#3141,#3142,#1907,.T.);
#4070=EDGE_CURVE('',#3143,#3141,#1908,.T.);
#4071=EDGE_CURVE('',#3144,#3142,#1909,.T.);
#4072=EDGE_CURVE('',#3143,#3144,#1910,.T.);
#4073=EDGE_CURVE('',#3145,#3143,#1911,.T.);
#4074=EDGE_CURVE('',#3146,#3144,#1912,.T.);
#4075=EDGE_CURVE('',#3145,#3146,#1913,.T.);
#4076=EDGE_CURVE('',#3147,#3145,#1914,.T.);
#4077=EDGE_CURVE('',#3148,#3146,#1915,.T.);
#4078=EDGE_CURVE('',#3147,#3148,#1916,.T.);
#4079=EDGE_CURVE('',#3149,#3147,#293,.T.);
#4080=EDGE_CURVE('',#3150,#3148,#294,.T.);
#4081=EDGE_CURVE('',#3149,#3150,#1917,.T.);
#4082=EDGE_CURVE('',#3151,#3149,#295,.T.);
#4083=EDGE_CURVE('',#3152,#3150,#296,.T.);
#4084=EDGE_CURVE('',#3151,#3152,#1918,.T.);
#4085=EDGE_CURVE('',#3153,#3151,#297,.T.);
#4086=EDGE_CURVE('',#3154,#3152,#298,.T.);
#4087=EDGE_CURVE('',#3153,#3154,#1919,.T.);
#4088=EDGE_CURVE('',#3155,#3153,#299,.T.);
#4089=EDGE_CURVE('',#3156,#3154,#300,.T.);
#4090=EDGE_CURVE('',#3155,#3156,#1920,.T.);
#4091=EDGE_CURVE('',#3157,#3155,#301,.T.);
#4092=EDGE_CURVE('',#3158,#3156,#302,.T.);
#4093=EDGE_CURVE('',#3157,#3158,#1921,.T.);
#4094=EDGE_CURVE('',#3159,#3157,#303,.T.);
#4095=EDGE_CURVE('',#3160,#3158,#304,.T.);
#4096=EDGE_CURVE('',#3159,#3160,#1922,.T.);
#4097=EDGE_CURVE('',#3128,#3159,#305,.T.);
#4098=EDGE_CURVE('',#3129,#3160,#306,.T.);
#4099=EDGE_CURVE('',#3161,#3162,#1923,.T.);
#4100=EDGE_CURVE('',#3162,#3163,#1924,.T.);
#4101=EDGE_CURVE('',#3164,#3163,#1925,.T.);
#4102=EDGE_CURVE('',#3161,#3164,#1926,.T.);
#4103=EDGE_CURVE('',#3165,#3161,#1927,.T.);
#4104=EDGE_CURVE('',#3166,#3164,#1928,.T.);
#4105=EDGE_CURVE('',#3165,#3166,#1929,.T.);
#4106=EDGE_CURVE('',#3167,#3165,#1930,.T.);
#4107=EDGE_CURVE('',#3168,#3166,#1931,.T.);
#4108=EDGE_CURVE('',#3167,#3168,#1932,.T.);
#4109=EDGE_CURVE('',#3169,#3167,#1933,.T.);
#4110=EDGE_CURVE('',#3170,#3168,#1934,.T.);
#4111=EDGE_CURVE('',#3169,#3170,#1935,.T.);
#4112=EDGE_CURVE('',#3171,#3169,#1936,.T.);
#4113=EDGE_CURVE('',#3172,#3170,#1937,.T.);
#4114=EDGE_CURVE('',#3171,#3172,#1938,.T.);
#4115=EDGE_CURVE('',#3173,#3171,#1939,.T.);
#4116=EDGE_CURVE('',#3174,#3172,#1940,.T.);
#4117=EDGE_CURVE('',#3173,#3174,#1941,.T.);
#4118=EDGE_CURVE('',#3175,#3173,#1942,.T.);
#4119=EDGE_CURVE('',#3176,#3174,#1943,.T.);
#4120=EDGE_CURVE('',#3175,#3176,#1944,.T.);
#4121=EDGE_CURVE('',#3177,#3175,#1945,.T.);
#4122=EDGE_CURVE('',#3178,#3176,#1946,.T.);
#4123=EDGE_CURVE('',#3177,#3178,#1947,.T.);
#4124=EDGE_CURVE('',#3179,#3177,#1948,.T.);
#4125=EDGE_CURVE('',#3180,#3178,#1949,.T.);
#4126=EDGE_CURVE('',#3179,#3180,#1950,.T.);
#4127=EDGE_CURVE('',#3181,#3179,#1951,.T.);
#4128=EDGE_CURVE('',#3182,#3180,#1952,.T.);
#4129=EDGE_CURVE('',#3181,#3182,#1953,.T.);
#4130=EDGE_CURVE('',#3183,#3181,#1954,.T.);
#4131=EDGE_CURVE('',#3184,#3182,#1955,.T.);
#4132=EDGE_CURVE('',#3183,#3184,#1956,.T.);
#4133=EDGE_CURVE('',#3185,#3183,#1957,.T.);
#4134=EDGE_CURVE('',#3186,#3184,#1958,.T.);
#4135=EDGE_CURVE('',#3185,#3186,#1959,.T.);
#4136=EDGE_CURVE('',#3187,#3185,#1960,.T.);
#4137=EDGE_CURVE('',#3188,#3186,#1961,.T.);
#4138=EDGE_CURVE('',#3187,#3188,#1962,.T.);
#4139=EDGE_CURVE('',#3189,#3187,#1963,.T.);
#4140=EDGE_CURVE('',#3190,#3188,#1964,.T.);
#4141=EDGE_CURVE('',#3189,#3190,#1965,.T.);
#4142=EDGE_CURVE('',#3191,#3189,#1966,.T.);
#4143=EDGE_CURVE('',#3192,#3190,#1967,.T.);
#4144=EDGE_CURVE('',#3191,#3192,#1968,.T.);
#4145=EDGE_CURVE('',#3193,#3191,#1969,.T.);
#4146=EDGE_CURVE('',#3194,#3192,#1970,.T.);
#4147=EDGE_CURVE('',#3193,#3194,#1971,.T.);
#4148=EDGE_CURVE('',#3195,#3193,#1972,.T.);
#4149=EDGE_CURVE('',#3196,#3194,#1973,.T.);
#4150=EDGE_CURVE('',#3195,#3196,#1974,.T.);
#4151=EDGE_CURVE('',#3197,#3195,#1975,.T.);
#4152=EDGE_CURVE('',#3198,#3196,#1976,.T.);
#4153=EDGE_CURVE('',#3197,#3198,#1977,.T.);
#4154=EDGE_CURVE('',#3162,#3197,#1978,.T.);
#4155=EDGE_CURVE('',#3163,#3198,#1979,.T.);
#4156=ORIENTED_EDGE('',*,*,#3199,.F.);
#4157=ORIENTED_EDGE('',*,*,#3200,.F.);
#4158=ORIENTED_EDGE('',*,*,#3201,.T.);
#4159=ORIENTED_EDGE('',*,*,#3202,.F.);
#4160=ORIENTED_EDGE('',*,*,#3203,.F.);
#4161=ORIENTED_EDGE('',*,*,#3204,.F.);
#4162=ORIENTED_EDGE('',*,*,#3205,.T.);
#4163=ORIENTED_EDGE('',*,*,#3206,.F.);
#4164=ORIENTED_EDGE('',*,*,#3205,.F.);
#4165=ORIENTED_EDGE('',*,*,#3207,.F.);
#4166=ORIENTED_EDGE('',*,*,#3201,.F.);
#4167=ORIENTED_EDGE('',*,*,#3208,.F.);
#4168=ORIENTED_EDGE('',*,*,#3203,.T.);
#4169=ORIENTED_EDGE('',*,*,#3209,.T.);
#4170=ORIENTED_EDGE('',*,*,#3210,.F.);
#4171=ORIENTED_EDGE('',*,*,#3211,.T.);
#4172=ORIENTED_EDGE('',*,*,#3212,.F.);
#4173=ORIENTED_EDGE('',*,*,#3213,.T.);
#4174=ORIENTED_EDGE('',*,*,#3214,.F.);
#4175=ORIENTED_EDGE('',*,*,#3215,.T.);
#4176=ORIENTED_EDGE('',*,*,#3216,.F.);
#4177=ORIENTED_EDGE('',*,*,#3217,.T.);
#4178=ORIENTED_EDGE('',*,*,#3199,.T.);
#4179=ORIENTED_EDGE('',*,*,#3218,.T.);
#4180=ORIENTED_EDGE('',*,*,#3219,.T.);
#4181=ORIENTED_EDGE('',*,*,#3220,.T.);
#4182=ORIENTED_EDGE('',*,*,#3221,.T.);
#4183=ORIENTED_EDGE('',*,*,#3222,.T.);
#4184=ORIENTED_EDGE('',*,*,#3223,.T.);
#4185=ORIENTED_EDGE('',*,*,#3224,.T.);
#4186=ORIENTED_EDGE('',*,*,#3225,.T.);
#4187=ORIENTED_EDGE('',*,*,#3226,.T.);
#4188=ORIENTED_EDGE('',*,*,#3206,.T.);
#4189=ORIENTED_EDGE('',*,*,#3208,.T.);
#4190=ORIENTED_EDGE('',*,*,#3200,.T.);
#4191=ORIENTED_EDGE('',*,*,#3217,.F.);
#4192=ORIENTED_EDGE('',*,*,#3227,.F.);
#4193=ORIENTED_EDGE('',*,*,#3228,.F.);
#4194=ORIENTED_EDGE('',*,*,#3229,.F.);
#4195=ORIENTED_EDGE('',*,*,#3209,.F.);
#4196=ORIENTED_EDGE('',*,*,#3210,.T.);
#4197=ORIENTED_EDGE('',*,*,#3229,.T.);
#4198=ORIENTED_EDGE('',*,*,#3230,.T.);
#4199=ORIENTED_EDGE('',*,*,#3231,.T.);
#4200=ORIENTED_EDGE('',*,*,#3231,.F.);
#4201=ORIENTED_EDGE('',*,*,#3232,.F.);
#4202=ORIENTED_EDGE('',*,*,#3233,.F.);
#4203=ORIENTED_EDGE('',*,*,#3211,.F.);
#4204=ORIENTED_EDGE('',*,*,#3230,.F.);
#4205=ORIENTED_EDGE('',*,*,#3228,.T.);
#4206=ORIENTED_EDGE('',*,*,#3234,.F.);
#4207=ORIENTED_EDGE('',*,*,#3235,.T.);
#4208=ORIENTED_EDGE('',*,*,#3236,.F.);
#4209=ORIENTED_EDGE('',*,*,#3237,.T.);
#4210=ORIENTED_EDGE('',*,*,#3238,.F.);
#4211=ORIENTED_EDGE('',*,*,#3232,.T.);
#4212=ORIENTED_EDGE('',*,*,#3239,.F.);
#4213=ORIENTED_EDGE('',*,*,#3240,.F.);
#4214=ORIENTED_EDGE('',*,*,#3241,.F.);
#4215=ORIENTED_EDGE('',*,*,#3242,.F.);
#4216=ORIENTED_EDGE('',*,*,#3216,.T.);
#4217=ORIENTED_EDGE('',*,*,#3243,.T.);
#4218=ORIENTED_EDGE('',*,*,#3234,.T.);
#4219=ORIENTED_EDGE('',*,*,#3227,.T.);
#4220=ORIENTED_EDGE('',*,*,#3243,.F.);
#4221=ORIENTED_EDGE('',*,*,#3215,.F.);
#4222=ORIENTED_EDGE('',*,*,#3244,.F.);
#4223=ORIENTED_EDGE('',*,*,#3235,.F.);
#4224=ORIENTED_EDGE('',*,*,#3214,.T.);
#4225=ORIENTED_EDGE('',*,*,#3245,.T.);
#4226=ORIENTED_EDGE('',*,*,#3236,.T.);
#4227=ORIENTED_EDGE('',*,*,#3244,.T.);
#4228=ORIENTED_EDGE('',*,*,#3212,.T.);
#4229=ORIENTED_EDGE('',*,*,#3233,.T.);
#4230=ORIENTED_EDGE('',*,*,#3238,.T.);
#4231=ORIENTED_EDGE('',*,*,#3246,.T.);
#4232=ORIENTED_EDGE('',*,*,#3247,.F.);
#4233=ORIENTED_EDGE('',*,*,#3248,.F.);
#4234=ORIENTED_EDGE('',*,*,#3249,.F.);
#4235=ORIENTED_EDGE('',*,*,#3250,.F.);
#4236=ORIENTED_EDGE('',*,*,#3249,.T.);
#4237=ORIENTED_EDGE('',*,*,#3251,.T.);
#4238=ORIENTED_EDGE('',*,*,#3219,.F.);
#4239=ORIENTED_EDGE('',*,*,#3252,.F.);
#4240=ORIENTED_EDGE('',*,*,#3248,.T.);
#4241=ORIENTED_EDGE('',*,*,#3253,.T.);
#4242=ORIENTED_EDGE('',*,*,#3220,.F.);
#4243=ORIENTED_EDGE('',*,*,#3251,.F.);
#4244=ORIENTED_EDGE('',*,*,#3254,.T.);
#4245=ORIENTED_EDGE('',*,*,#3255,.T.);
#4246=ORIENTED_EDGE('',*,*,#3240,.T.);
#4247=ORIENTED_EDGE('',*,*,#3255,.F.);
#4248=ORIENTED_EDGE('',*,*,#3256,.T.);
#4249=ORIENTED_EDGE('',*,*,#3257,.T.);
#4250=ORIENTED_EDGE('',*,*,#3239,.T.);
#4251=ORIENTED_EDGE('',*,*,#3257,.F.);
#4252=ORIENTED_EDGE('',*,*,#3258,.T.);
#4253=ORIENTED_EDGE('',*,*,#3259,.T.);
#4254=ORIENTED_EDGE('',*,*,#3241,.T.);
#4255=ORIENTED_EDGE('',*,*,#3259,.F.);
#4256=ORIENTED_EDGE('',*,*,#3260,.T.);
#4257=ORIENTED_EDGE('',*,*,#3261,.T.);
#4258=ORIENTED_EDGE('',*,*,#3242,.T.);
#4259=ORIENTED_EDGE('',*,*,#3261,.F.);
#4260=ORIENTED_EDGE('',*,*,#3204,.T.);
#4261=ORIENTED_EDGE('',*,*,#3222,.F.);
#4262=ORIENTED_EDGE('',*,*,#3262,.F.);
#4263=ORIENTED_EDGE('',*,*,#3250,.T.);
#4264=ORIENTED_EDGE('',*,*,#3252,.T.);
#4265=ORIENTED_EDGE('',*,*,#3218,.F.);
#4266=ORIENTED_EDGE('',*,*,#3202,.T.);
#4267=ORIENTED_EDGE('',*,*,#3207,.T.);
#4268=ORIENTED_EDGE('',*,*,#3247,.T.);
#4269=ORIENTED_EDGE('',*,*,#3262,.T.);
#4270=ORIENTED_EDGE('',*,*,#3221,.F.);
#4271=ORIENTED_EDGE('',*,*,#3253,.F.);
#4272=ORIENTED_EDGE('',*,*,#3245,.F.);
#4273=ORIENTED_EDGE('',*,*,#3213,.F.);
#4274=ORIENTED_EDGE('',*,*,#3246,.F.);
#4275=ORIENTED_EDGE('',*,*,#3237,.F.);
#4276=ORIENTED_EDGE('',*,*,#3225,.F.);
#4277=ORIENTED_EDGE('',*,*,#3263,.T.);
#4278=ORIENTED_EDGE('',*,*,#3264,.T.);
#4279=ORIENTED_EDGE('',*,*,#3263,.F.);
#4280=ORIENTED_EDGE('',*,*,#3260,.F.);
#4281=ORIENTED_EDGE('',*,*,#3264,.F.);
#4282=ORIENTED_EDGE('',*,*,#3224,.F.);
#4283=ORIENTED_EDGE('',*,*,#3265,.T.);
#4284=ORIENTED_EDGE('',*,*,#3266,.T.);
#4285=ORIENTED_EDGE('',*,*,#3265,.F.);
#4286=ORIENTED_EDGE('',*,*,#3258,.F.);
#4287=ORIENTED_EDGE('',*,*,#3266,.F.);
#4288=ORIENTED_EDGE('',*,*,#3226,.F.);
#4289=ORIENTED_EDGE('',*,*,#3267,.T.);
#4290=ORIENTED_EDGE('',*,*,#3268,.T.);
#4291=ORIENTED_EDGE('',*,*,#3267,.F.);
#4292=ORIENTED_EDGE('',*,*,#3256,.F.);
#4293=ORIENTED_EDGE('',*,*,#3268,.F.);
#4294=ORIENTED_EDGE('',*,*,#3223,.F.);
#4295=ORIENTED_EDGE('',*,*,#3269,.T.);
#4296=ORIENTED_EDGE('',*,*,#3270,.T.);
#4297=ORIENTED_EDGE('',*,*,#3269,.F.);
#4298=ORIENTED_EDGE('',*,*,#3254,.F.);
#4299=ORIENTED_EDGE('',*,*,#3270,.F.);
#4300=ORIENTED_EDGE('',*,*,#3271,.T.);
#4301=ORIENTED_EDGE('',*,*,#3272,.T.);
#4302=ORIENTED_EDGE('',*,*,#3273,.T.);
#4303=ORIENTED_EDGE('',*,*,#3274,.T.);
#4304=ORIENTED_EDGE('',*,*,#3272,.F.);
#4305=ORIENTED_EDGE('',*,*,#3275,.F.);
#4306=ORIENTED_EDGE('',*,*,#3276,.F.);
#4307=ORIENTED_EDGE('',*,*,#3277,.F.);
#4308=ORIENTED_EDGE('',*,*,#3271,.F.);
#4309=ORIENTED_EDGE('',*,*,#3278,.T.);
#4310=ORIENTED_EDGE('',*,*,#3279,.F.);
#4311=ORIENTED_EDGE('',*,*,#3280,.T.);
#4312=ORIENTED_EDGE('',*,*,#3281,.F.);
#4313=ORIENTED_EDGE('',*,*,#3282,.T.);
#4314=ORIENTED_EDGE('',*,*,#3283,.F.);
#4315=ORIENTED_EDGE('',*,*,#3275,.T.);
#4316=ORIENTED_EDGE('',*,*,#3284,.T.);
#4317=ORIENTED_EDGE('',*,*,#3285,.T.);
#4318=ORIENTED_EDGE('',*,*,#3286,.T.);
#4319=ORIENTED_EDGE('',*,*,#3287,.T.);
#4320=ORIENTED_EDGE('',*,*,#3288,.T.);
#4321=ORIENTED_EDGE('',*,*,#3289,.T.);
#4322=ORIENTED_EDGE('',*,*,#3290,.T.);
#4323=ORIENTED_EDGE('',*,*,#3291,.T.);
#4324=ORIENTED_EDGE('',*,*,#3292,.T.);
#4325=ORIENTED_EDGE('',*,*,#3293,.T.);
#4326=ORIENTED_EDGE('',*,*,#3294,.T.);
#4327=ORIENTED_EDGE('',*,*,#3295,.T.);
#4328=ORIENTED_EDGE('',*,*,#3296,.T.);
#4329=ORIENTED_EDGE('',*,*,#3297,.T.);
#4330=ORIENTED_EDGE('',*,*,#3298,.T.);
#4331=ORIENTED_EDGE('',*,*,#3299,.T.);
#4332=ORIENTED_EDGE('',*,*,#3300,.T.);
#4333=ORIENTED_EDGE('',*,*,#3301,.T.);
#4334=ORIENTED_EDGE('',*,*,#3302,.T.);
#4335=ORIENTED_EDGE('',*,*,#3303,.T.);
#4336=ORIENTED_EDGE('',*,*,#3304,.T.);
#4337=ORIENTED_EDGE('',*,*,#3305,.T.);
#4338=ORIENTED_EDGE('',*,*,#3306,.T.);
#4339=ORIENTED_EDGE('',*,*,#3307,.T.);
#4340=ORIENTED_EDGE('',*,*,#3308,.T.);
#4341=ORIENTED_EDGE('',*,*,#3309,.T.);
#4342=ORIENTED_EDGE('',*,*,#3310,.T.);
#4343=ORIENTED_EDGE('',*,*,#3311,.T.);
#4344=ORIENTED_EDGE('',*,*,#3312,.T.);
#4345=ORIENTED_EDGE('',*,*,#3313,.T.);
#4346=ORIENTED_EDGE('',*,*,#3314,.T.);
#4347=ORIENTED_EDGE('',*,*,#3315,.T.);
#4348=ORIENTED_EDGE('',*,*,#3316,.T.);
#4349=ORIENTED_EDGE('',*,*,#3317,.T.);
#4350=ORIENTED_EDGE('',*,*,#3318,.T.);
#4351=ORIENTED_EDGE('',*,*,#3319,.T.);
#4352=ORIENTED_EDGE('',*,*,#3320,.T.);
#4353=ORIENTED_EDGE('',*,*,#3321,.T.);
#4354=ORIENTED_EDGE('',*,*,#3322,.T.);
#4355=ORIENTED_EDGE('',*,*,#3323,.T.);
#4356=ORIENTED_EDGE('',*,*,#3324,.T.);
#4357=ORIENTED_EDGE('',*,*,#3325,.T.);
#4358=ORIENTED_EDGE('',*,*,#3326,.T.);
#4359=ORIENTED_EDGE('',*,*,#3327,.T.);
#4360=ORIENTED_EDGE('',*,*,#3328,.T.);
#4361=ORIENTED_EDGE('',*,*,#3329,.T.);
#4362=ORIENTED_EDGE('',*,*,#3330,.T.);
#4363=ORIENTED_EDGE('',*,*,#3331,.T.);
#4364=ORIENTED_EDGE('',*,*,#3332,.T.);
#4365=ORIENTED_EDGE('',*,*,#3333,.T.);
#4366=ORIENTED_EDGE('',*,*,#3334,.T.);
#4367=ORIENTED_EDGE('',*,*,#3335,.T.);
#4368=ORIENTED_EDGE('',*,*,#3336,.T.);
#4369=ORIENTED_EDGE('',*,*,#3283,.T.);
#4370=ORIENTED_EDGE('',*,*,#3337,.T.);
#4371=ORIENTED_EDGE('',*,*,#3338,.T.);
#4372=ORIENTED_EDGE('',*,*,#3276,.T.);
#4373=ORIENTED_EDGE('',*,*,#3337,.F.);
#4374=ORIENTED_EDGE('',*,*,#3282,.F.);
#4375=ORIENTED_EDGE('',*,*,#3339,.F.);
#4376=ORIENTED_EDGE('',*,*,#3340,.F.);
#4377=ORIENTED_EDGE('',*,*,#3281,.T.);
#4378=ORIENTED_EDGE('',*,*,#3341,.T.);
#4379=ORIENTED_EDGE('',*,*,#3342,.T.);
#4380=ORIENTED_EDGE('',*,*,#3339,.T.);
#4381=ORIENTED_EDGE('',*,*,#3341,.F.);
#4382=ORIENTED_EDGE('',*,*,#3280,.F.);
#4383=ORIENTED_EDGE('',*,*,#3343,.F.);
#4384=ORIENTED_EDGE('',*,*,#3344,.F.);
#4385=ORIENTED_EDGE('',*,*,#3279,.T.);
#4386=ORIENTED_EDGE('',*,*,#3345,.T.);
#4387=ORIENTED_EDGE('',*,*,#3346,.T.);
#4388=ORIENTED_EDGE('',*,*,#3343,.T.);
#4389=ORIENTED_EDGE('',*,*,#3347,.T.);
#4390=ORIENTED_EDGE('',*,*,#3348,.T.);
#4391=ORIENTED_EDGE('',*,*,#3336,.F.);
#4392=ORIENTED_EDGE('',*,*,#3349,.F.);
#4393=ORIENTED_EDGE('',*,*,#3350,.T.);
#4394=ORIENTED_EDGE('',*,*,#3349,.T.);
#4395=ORIENTED_EDGE('',*,*,#3335,.F.);
#4396=ORIENTED_EDGE('',*,*,#3351,.F.);
#4397=ORIENTED_EDGE('',*,*,#3352,.T.);
#4398=ORIENTED_EDGE('',*,*,#3351,.T.);
#4399=ORIENTED_EDGE('',*,*,#3334,.F.);
#4400=ORIENTED_EDGE('',*,*,#3353,.F.);
#4401=ORIENTED_EDGE('',*,*,#3354,.T.);
#4402=ORIENTED_EDGE('',*,*,#3353,.T.);
#4403=ORIENTED_EDGE('',*,*,#3333,.F.);
#4404=ORIENTED_EDGE('',*,*,#3355,.F.);
#4405=ORIENTED_EDGE('',*,*,#3356,.T.);
#4406=ORIENTED_EDGE('',*,*,#3355,.T.);
#4407=ORIENTED_EDGE('',*,*,#3332,.F.);
#4408=ORIENTED_EDGE('',*,*,#3357,.F.);
#4409=ORIENTED_EDGE('',*,*,#3358,.T.);
#4410=ORIENTED_EDGE('',*,*,#3357,.T.);
#4411=ORIENTED_EDGE('',*,*,#3331,.F.);
#4412=ORIENTED_EDGE('',*,*,#3359,.F.);
#4413=ORIENTED_EDGE('',*,*,#3360,.T.);
#4414=ORIENTED_EDGE('',*,*,#3359,.T.);
#4415=ORIENTED_EDGE('',*,*,#3330,.F.);
#4416=ORIENTED_EDGE('',*,*,#3361,.F.);
#4417=ORIENTED_EDGE('',*,*,#3362,.T.);
#4418=ORIENTED_EDGE('',*,*,#3361,.T.);
#4419=ORIENTED_EDGE('',*,*,#3329,.F.);
#4420=ORIENTED_EDGE('',*,*,#3348,.F.);
#4421=ORIENTED_EDGE('',*,*,#3363,.T.);
#4422=ORIENTED_EDGE('',*,*,#3364,.T.);
#4423=ORIENTED_EDGE('',*,*,#3328,.F.);
#4424=ORIENTED_EDGE('',*,*,#3365,.F.);
#4425=ORIENTED_EDGE('',*,*,#3366,.T.);
#4426=ORIENTED_EDGE('',*,*,#3365,.T.);
#4427=ORIENTED_EDGE('',*,*,#3327,.F.);
#4428=ORIENTED_EDGE('',*,*,#3367,.F.);
#4429=ORIENTED_EDGE('',*,*,#3368,.T.);
#4430=ORIENTED_EDGE('',*,*,#3367,.T.);
#4431=ORIENTED_EDGE('',*,*,#3326,.F.);
#4432=ORIENTED_EDGE('',*,*,#3369,.F.);
#4433=ORIENTED_EDGE('',*,*,#3370,.T.);
#4434=ORIENTED_EDGE('',*,*,#3369,.T.);
#4435=ORIENTED_EDGE('',*,*,#3325,.F.);
#4436=ORIENTED_EDGE('',*,*,#3371,.F.);
#4437=ORIENTED_EDGE('',*,*,#3372,.T.);
#4438=ORIENTED_EDGE('',*,*,#3371,.T.);
#4439=ORIENTED_EDGE('',*,*,#3324,.F.);
#4440=ORIENTED_EDGE('',*,*,#3373,.F.);
#4441=ORIENTED_EDGE('',*,*,#3374,.T.);
#4442=ORIENTED_EDGE('',*,*,#3373,.T.);
#4443=ORIENTED_EDGE('',*,*,#3323,.F.);
#4444=ORIENTED_EDGE('',*,*,#3375,.F.);
#4445=ORIENTED_EDGE('',*,*,#3376,.T.);
#4446=ORIENTED_EDGE('',*,*,#3375,.T.);
#4447=ORIENTED_EDGE('',*,*,#3322,.F.);
#4448=ORIENTED_EDGE('',*,*,#3377,.F.);
#4449=ORIENTED_EDGE('',*,*,#3378,.T.);
#4450=ORIENTED_EDGE('',*,*,#3377,.T.);
#4451=ORIENTED_EDGE('',*,*,#3321,.F.);
#4452=ORIENTED_EDGE('',*,*,#3364,.F.);
#4453=ORIENTED_EDGE('',*,*,#3379,.T.);
#4454=ORIENTED_EDGE('',*,*,#3380,.T.);
#4455=ORIENTED_EDGE('',*,*,#3320,.F.);
#4456=ORIENTED_EDGE('',*,*,#3381,.F.);
#4457=ORIENTED_EDGE('',*,*,#3382,.T.);
#4458=ORIENTED_EDGE('',*,*,#3381,.T.);
#4459=ORIENTED_EDGE('',*,*,#3319,.F.);
#4460=ORIENTED_EDGE('',*,*,#3383,.F.);
#4461=ORIENTED_EDGE('',*,*,#3384,.T.);
#4462=ORIENTED_EDGE('',*,*,#3383,.T.);
#4463=ORIENTED_EDGE('',*,*,#3318,.F.);
#4464=ORIENTED_EDGE('',*,*,#3385,.F.);
#4465=ORIENTED_EDGE('',*,*,#3386,.T.);
#4466=ORIENTED_EDGE('',*,*,#3385,.T.);
#4467=ORIENTED_EDGE('',*,*,#3317,.F.);
#4468=ORIENTED_EDGE('',*,*,#3387,.F.);
#4469=ORIENTED_EDGE('',*,*,#3388,.T.);
#4470=ORIENTED_EDGE('',*,*,#3387,.T.);
#4471=ORIENTED_EDGE('',*,*,#3316,.F.);
#4472=ORIENTED_EDGE('',*,*,#3389,.F.);
#4473=ORIENTED_EDGE('',*,*,#3390,.T.);
#4474=ORIENTED_EDGE('',*,*,#3389,.T.);
#4475=ORIENTED_EDGE('',*,*,#3315,.F.);
#4476=ORIENTED_EDGE('',*,*,#3391,.F.);
#4477=ORIENTED_EDGE('',*,*,#3392,.T.);
#4478=ORIENTED_EDGE('',*,*,#3391,.T.);
#4479=ORIENTED_EDGE('',*,*,#3314,.F.);
#4480=ORIENTED_EDGE('',*,*,#3393,.F.);
#4481=ORIENTED_EDGE('',*,*,#3394,.T.);
#4482=ORIENTED_EDGE('',*,*,#3393,.T.);
#4483=ORIENTED_EDGE('',*,*,#3313,.F.);
#4484=ORIENTED_EDGE('',*,*,#3380,.F.);
#4485=ORIENTED_EDGE('',*,*,#3312,.F.);
#4486=ORIENTED_EDGE('',*,*,#3395,.T.);
#4487=ORIENTED_EDGE('',*,*,#3396,.F.);
#4488=ORIENTED_EDGE('',*,*,#3395,.F.);
#4489=ORIENTED_EDGE('',*,*,#3397,.T.);
#4490=ORIENTED_EDGE('',*,*,#3398,.T.);
#4491=ORIENTED_EDGE('',*,*,#3311,.F.);
#4492=ORIENTED_EDGE('',*,*,#3399,.F.);
#4493=ORIENTED_EDGE('',*,*,#3400,.T.);
#4494=ORIENTED_EDGE('',*,*,#3399,.T.);
#4495=ORIENTED_EDGE('',*,*,#3310,.F.);
#4496=ORIENTED_EDGE('',*,*,#3401,.F.);
#4497=ORIENTED_EDGE('',*,*,#3402,.T.);
#4498=ORIENTED_EDGE('',*,*,#3401,.T.);
#4499=ORIENTED_EDGE('',*,*,#3309,.F.);
#4500=ORIENTED_EDGE('',*,*,#3403,.F.);
#4501=ORIENTED_EDGE('',*,*,#3404,.T.);
#4502=ORIENTED_EDGE('',*,*,#3403,.T.);
#4503=ORIENTED_EDGE('',*,*,#3308,.F.);
#4504=ORIENTED_EDGE('',*,*,#3405,.F.);
#4505=ORIENTED_EDGE('',*,*,#3406,.T.);
#4506=ORIENTED_EDGE('',*,*,#3405,.T.);
#4507=ORIENTED_EDGE('',*,*,#3307,.F.);
#4508=ORIENTED_EDGE('',*,*,#3407,.F.);
#4509=ORIENTED_EDGE('',*,*,#3408,.T.);
#4510=ORIENTED_EDGE('',*,*,#3407,.T.);
#4511=ORIENTED_EDGE('',*,*,#3306,.F.);
#4512=ORIENTED_EDGE('',*,*,#3409,.F.);
#4513=ORIENTED_EDGE('',*,*,#3410,.T.);
#4514=ORIENTED_EDGE('',*,*,#3409,.T.);
#4515=ORIENTED_EDGE('',*,*,#3305,.F.);
#4516=ORIENTED_EDGE('',*,*,#3411,.F.);
#4517=ORIENTED_EDGE('',*,*,#3412,.T.);
#4518=ORIENTED_EDGE('',*,*,#3411,.T.);
#4519=ORIENTED_EDGE('',*,*,#3304,.F.);
#4520=ORIENTED_EDGE('',*,*,#3398,.F.);
#4521=ORIENTED_EDGE('',*,*,#3413,.T.);
#4522=ORIENTED_EDGE('',*,*,#3414,.T.);
#4523=ORIENTED_EDGE('',*,*,#3303,.F.);
#4524=ORIENTED_EDGE('',*,*,#3415,.F.);
#4525=ORIENTED_EDGE('',*,*,#3416,.T.);
#4526=ORIENTED_EDGE('',*,*,#3415,.T.);
#4527=ORIENTED_EDGE('',*,*,#3302,.F.);
#4528=ORIENTED_EDGE('',*,*,#3417,.F.);
#4529=ORIENTED_EDGE('',*,*,#3418,.T.);
#4530=ORIENTED_EDGE('',*,*,#3417,.T.);
#4531=ORIENTED_EDGE('',*,*,#3301,.F.);
#4532=ORIENTED_EDGE('',*,*,#3419,.F.);
#4533=ORIENTED_EDGE('',*,*,#3420,.T.);
#4534=ORIENTED_EDGE('',*,*,#3419,.T.);
#4535=ORIENTED_EDGE('',*,*,#3300,.F.);
#4536=ORIENTED_EDGE('',*,*,#3421,.F.);
#4537=ORIENTED_EDGE('',*,*,#3422,.T.);
#4538=ORIENTED_EDGE('',*,*,#3421,.T.);
#4539=ORIENTED_EDGE('',*,*,#3299,.F.);
#4540=ORIENTED_EDGE('',*,*,#3423,.F.);
#4541=ORIENTED_EDGE('',*,*,#3424,.T.);
#4542=ORIENTED_EDGE('',*,*,#3423,.T.);
#4543=ORIENTED_EDGE('',*,*,#3298,.F.);
#4544=ORIENTED_EDGE('',*,*,#3425,.F.);
#4545=ORIENTED_EDGE('',*,*,#3426,.T.);
#4546=ORIENTED_EDGE('',*,*,#3425,.T.);
#4547=ORIENTED_EDGE('',*,*,#3297,.F.);
#4548=ORIENTED_EDGE('',*,*,#3427,.F.);
#4549=ORIENTED_EDGE('',*,*,#3428,.T.);
#4550=ORIENTED_EDGE('',*,*,#3427,.T.);
#4551=ORIENTED_EDGE('',*,*,#3296,.F.);
#4552=ORIENTED_EDGE('',*,*,#3414,.F.);
#4553=ORIENTED_EDGE('',*,*,#3295,.F.);
#4554=ORIENTED_EDGE('',*,*,#3429,.T.);
#4555=ORIENTED_EDGE('',*,*,#3430,.T.);
#4556=ORIENTED_EDGE('',*,*,#3429,.F.);
#4557=ORIENTED_EDGE('',*,*,#3294,.F.);
#4558=ORIENTED_EDGE('',*,*,#3431,.T.);
#4559=ORIENTED_EDGE('',*,*,#3432,.T.);
#4560=ORIENTED_EDGE('',*,*,#3431,.F.);
#4561=ORIENTED_EDGE('',*,*,#3433,.T.);
#4562=ORIENTED_EDGE('',*,*,#3434,.T.);
#4563=ORIENTED_EDGE('',*,*,#3293,.F.);
#4564=ORIENTED_EDGE('',*,*,#3435,.F.);
#4565=ORIENTED_EDGE('',*,*,#3436,.T.);
#4566=ORIENTED_EDGE('',*,*,#3435,.T.);
#4567=ORIENTED_EDGE('',*,*,#3292,.F.);
#4568=ORIENTED_EDGE('',*,*,#3437,.F.);
#4569=ORIENTED_EDGE('',*,*,#3438,.T.);
#4570=ORIENTED_EDGE('',*,*,#3437,.T.);
#4571=ORIENTED_EDGE('',*,*,#3291,.F.);
#4572=ORIENTED_EDGE('',*,*,#3439,.F.);
#4573=ORIENTED_EDGE('',*,*,#3440,.T.);
#4574=ORIENTED_EDGE('',*,*,#3439,.T.);
#4575=ORIENTED_EDGE('',*,*,#3290,.F.);
#4576=ORIENTED_EDGE('',*,*,#3441,.F.);
#4577=ORIENTED_EDGE('',*,*,#3442,.T.);
#4578=ORIENTED_EDGE('',*,*,#3441,.T.);
#4579=ORIENTED_EDGE('',*,*,#3289,.F.);
#4580=ORIENTED_EDGE('',*,*,#3443,.F.);
#4581=ORIENTED_EDGE('',*,*,#3444,.T.);
#4582=ORIENTED_EDGE('',*,*,#3443,.T.);
#4583=ORIENTED_EDGE('',*,*,#3288,.F.);
#4584=ORIENTED_EDGE('',*,*,#3445,.F.);
#4585=ORIENTED_EDGE('',*,*,#3446,.T.);
#4586=ORIENTED_EDGE('',*,*,#3445,.T.);
#4587=ORIENTED_EDGE('',*,*,#3287,.F.);
#4588=ORIENTED_EDGE('',*,*,#3447,.F.);
#4589=ORIENTED_EDGE('',*,*,#3448,.T.);
#4590=ORIENTED_EDGE('',*,*,#3447,.T.);
#4591=ORIENTED_EDGE('',*,*,#3286,.F.);
#4592=ORIENTED_EDGE('',*,*,#3434,.F.);
#4593=ORIENTED_EDGE('',*,*,#3285,.F.);
#4594=ORIENTED_EDGE('',*,*,#3449,.T.);
#4595=ORIENTED_EDGE('',*,*,#3450,.T.);
#4596=ORIENTED_EDGE('',*,*,#3449,.F.);
#4597=ORIENTED_EDGE('',*,*,#3284,.F.);
#4598=ORIENTED_EDGE('',*,*,#3451,.T.);
#4599=ORIENTED_EDGE('',*,*,#3452,.T.);
#4600=ORIENTED_EDGE('',*,*,#3451,.F.);
#4601=ORIENTED_EDGE('',*,*,#3274,.F.);
#4602=ORIENTED_EDGE('',*,*,#3453,.F.);
#4603=ORIENTED_EDGE('',*,*,#3345,.F.);
#4604=ORIENTED_EDGE('',*,*,#3278,.F.);
#4605=ORIENTED_EDGE('',*,*,#3273,.F.);
#4606=ORIENTED_EDGE('',*,*,#3277,.T.);
#4607=ORIENTED_EDGE('',*,*,#3338,.F.);
#4608=ORIENTED_EDGE('',*,*,#3340,.T.);
#4609=ORIENTED_EDGE('',*,*,#3342,.F.);
#4610=ORIENTED_EDGE('',*,*,#3344,.T.);
#4611=ORIENTED_EDGE('',*,*,#3346,.F.);
#4612=ORIENTED_EDGE('',*,*,#3453,.T.);
#4613=ORIENTED_EDGE('',*,*,#3452,.F.);
#4614=ORIENTED_EDGE('',*,*,#3450,.F.);
#4615=ORIENTED_EDGE('',*,*,#3448,.F.);
#4616=ORIENTED_EDGE('',*,*,#3433,.F.);
#4617=ORIENTED_EDGE('',*,*,#3436,.F.);
#4618=ORIENTED_EDGE('',*,*,#3438,.F.);
#4619=ORIENTED_EDGE('',*,*,#3440,.F.);
#4620=ORIENTED_EDGE('',*,*,#3442,.F.);
#4621=ORIENTED_EDGE('',*,*,#3444,.F.);
#4622=ORIENTED_EDGE('',*,*,#3446,.F.);
#4623=ORIENTED_EDGE('',*,*,#3432,.F.);
#4624=ORIENTED_EDGE('',*,*,#3430,.F.);
#4625=ORIENTED_EDGE('',*,*,#3428,.F.);
#4626=ORIENTED_EDGE('',*,*,#3413,.F.);
#4627=ORIENTED_EDGE('',*,*,#3416,.F.);
#4628=ORIENTED_EDGE('',*,*,#3418,.F.);
#4629=ORIENTED_EDGE('',*,*,#3420,.F.);
#4630=ORIENTED_EDGE('',*,*,#3422,.F.);
#4631=ORIENTED_EDGE('',*,*,#3424,.F.);
#4632=ORIENTED_EDGE('',*,*,#3426,.F.);
#4633=ORIENTED_EDGE('',*,*,#3412,.F.);
#4634=ORIENTED_EDGE('',*,*,#3397,.F.);
#4635=ORIENTED_EDGE('',*,*,#3400,.F.);
#4636=ORIENTED_EDGE('',*,*,#3402,.F.);
#4637=ORIENTED_EDGE('',*,*,#3404,.F.);
#4638=ORIENTED_EDGE('',*,*,#3406,.F.);
#4639=ORIENTED_EDGE('',*,*,#3408,.F.);
#4640=ORIENTED_EDGE('',*,*,#3410,.F.);
#4641=ORIENTED_EDGE('',*,*,#3396,.T.);
#4642=ORIENTED_EDGE('',*,*,#3394,.F.);
#4643=ORIENTED_EDGE('',*,*,#3379,.F.);
#4644=ORIENTED_EDGE('',*,*,#3382,.F.);
#4645=ORIENTED_EDGE('',*,*,#3384,.F.);
#4646=ORIENTED_EDGE('',*,*,#3386,.F.);
#4647=ORIENTED_EDGE('',*,*,#3388,.F.);
#4648=ORIENTED_EDGE('',*,*,#3390,.F.);
#4649=ORIENTED_EDGE('',*,*,#3392,.F.);
#4650=ORIENTED_EDGE('',*,*,#3378,.F.);
#4651=ORIENTED_EDGE('',*,*,#3363,.F.);
#4652=ORIENTED_EDGE('',*,*,#3366,.F.);
#4653=ORIENTED_EDGE('',*,*,#3368,.F.);
#4654=ORIENTED_EDGE('',*,*,#3370,.F.);
#4655=ORIENTED_EDGE('',*,*,#3372,.F.);
#4656=ORIENTED_EDGE('',*,*,#3374,.F.);
#4657=ORIENTED_EDGE('',*,*,#3376,.F.);
#4658=ORIENTED_EDGE('',*,*,#3362,.F.);
#4659=ORIENTED_EDGE('',*,*,#3347,.F.);
#4660=ORIENTED_EDGE('',*,*,#3350,.F.);
#4661=ORIENTED_EDGE('',*,*,#3352,.F.);
#4662=ORIENTED_EDGE('',*,*,#3354,.F.);
#4663=ORIENTED_EDGE('',*,*,#3356,.F.);
#4664=ORIENTED_EDGE('',*,*,#3358,.F.);
#4665=ORIENTED_EDGE('',*,*,#3360,.F.);
#4666=ORIENTED_EDGE('',*,*,#3454,.T.);
#4667=ORIENTED_EDGE('',*,*,#3455,.T.);
#4668=ORIENTED_EDGE('',*,*,#3454,.F.);
#4669=ORIENTED_EDGE('',*,*,#3456,.T.);
#4670=ORIENTED_EDGE('',*,*,#3455,.F.);
#4671=ORIENTED_EDGE('',*,*,#3456,.F.);
#4672=ORIENTED_EDGE('',*,*,#3457,.T.);
#4673=ORIENTED_EDGE('',*,*,#3458,.T.);
#4674=ORIENTED_EDGE('',*,*,#3459,.F.);
#4675=ORIENTED_EDGE('',*,*,#3460,.F.);
#4676=ORIENTED_EDGE('',*,*,#3461,.T.);
#4677=ORIENTED_EDGE('',*,*,#3460,.T.);
#4678=ORIENTED_EDGE('',*,*,#3462,.F.);
#4679=ORIENTED_EDGE('',*,*,#3463,.F.);
#4680=ORIENTED_EDGE('',*,*,#3464,.T.);
#4681=ORIENTED_EDGE('',*,*,#3463,.T.);
#4682=ORIENTED_EDGE('',*,*,#3465,.F.);
#4683=ORIENTED_EDGE('',*,*,#3466,.F.);
#4684=ORIENTED_EDGE('',*,*,#3467,.T.);
#4685=ORIENTED_EDGE('',*,*,#3466,.T.);
#4686=ORIENTED_EDGE('',*,*,#3468,.F.);
#4687=ORIENTED_EDGE('',*,*,#3469,.F.);
#4688=ORIENTED_EDGE('',*,*,#3470,.T.);
#4689=ORIENTED_EDGE('',*,*,#3469,.T.);
#4690=ORIENTED_EDGE('',*,*,#3471,.F.);
#4691=ORIENTED_EDGE('',*,*,#3472,.F.);
#4692=ORIENTED_EDGE('',*,*,#3473,.T.);
#4693=ORIENTED_EDGE('',*,*,#3472,.T.);
#4694=ORIENTED_EDGE('',*,*,#3474,.F.);
#4695=ORIENTED_EDGE('',*,*,#3475,.F.);
#4696=ORIENTED_EDGE('',*,*,#3476,.T.);
#4697=ORIENTED_EDGE('',*,*,#3475,.T.);
#4698=ORIENTED_EDGE('',*,*,#3477,.F.);
#4699=ORIENTED_EDGE('',*,*,#3478,.F.);
#4700=ORIENTED_EDGE('',*,*,#3479,.T.);
#4701=ORIENTED_EDGE('',*,*,#3478,.T.);
#4702=ORIENTED_EDGE('',*,*,#3480,.F.);
#4703=ORIENTED_EDGE('',*,*,#3481,.F.);
#4704=ORIENTED_EDGE('',*,*,#3482,.T.);
#4705=ORIENTED_EDGE('',*,*,#3481,.T.);
#4706=ORIENTED_EDGE('',*,*,#3483,.F.);
#4707=ORIENTED_EDGE('',*,*,#3484,.F.);
#4708=ORIENTED_EDGE('',*,*,#3485,.T.);
#4709=ORIENTED_EDGE('',*,*,#3484,.T.);
#4710=ORIENTED_EDGE('',*,*,#3486,.F.);
#4711=ORIENTED_EDGE('',*,*,#3487,.F.);
#4712=ORIENTED_EDGE('',*,*,#3488,.T.);
#4713=ORIENTED_EDGE('',*,*,#3487,.T.);
#4714=ORIENTED_EDGE('',*,*,#3489,.F.);
#4715=ORIENTED_EDGE('',*,*,#3490,.F.);
#4716=ORIENTED_EDGE('',*,*,#3491,.T.);
#4717=ORIENTED_EDGE('',*,*,#3490,.T.);
#4718=ORIENTED_EDGE('',*,*,#3492,.F.);
#4719=ORIENTED_EDGE('',*,*,#3458,.F.);
#4720=ORIENTED_EDGE('',*,*,#3493,.T.);
#4721=ORIENTED_EDGE('',*,*,#3494,.T.);
#4722=ORIENTED_EDGE('',*,*,#3495,.F.);
#4723=ORIENTED_EDGE('',*,*,#3496,.F.);
#4724=ORIENTED_EDGE('',*,*,#3497,.T.);
#4725=ORIENTED_EDGE('',*,*,#3496,.T.);
#4726=ORIENTED_EDGE('',*,*,#3498,.F.);
#4727=ORIENTED_EDGE('',*,*,#3499,.F.);
#4728=ORIENTED_EDGE('',*,*,#3500,.T.);
#4729=ORIENTED_EDGE('',*,*,#3499,.T.);
#4730=ORIENTED_EDGE('',*,*,#3501,.F.);
#4731=ORIENTED_EDGE('',*,*,#3502,.F.);
#4732=ORIENTED_EDGE('',*,*,#3503,.T.);
#4733=ORIENTED_EDGE('',*,*,#3502,.T.);
#4734=ORIENTED_EDGE('',*,*,#3504,.F.);
#4735=ORIENTED_EDGE('',*,*,#3505,.F.);
#4736=ORIENTED_EDGE('',*,*,#3506,.T.);
#4737=ORIENTED_EDGE('',*,*,#3505,.T.);
#4738=ORIENTED_EDGE('',*,*,#3507,.F.);
#4739=ORIENTED_EDGE('',*,*,#3508,.F.);
#4740=ORIENTED_EDGE('',*,*,#3509,.T.);
#4741=ORIENTED_EDGE('',*,*,#3508,.T.);
#4742=ORIENTED_EDGE('',*,*,#3510,.F.);
#4743=ORIENTED_EDGE('',*,*,#3511,.F.);
#4744=ORIENTED_EDGE('',*,*,#3512,.T.);
#4745=ORIENTED_EDGE('',*,*,#3511,.T.);
#4746=ORIENTED_EDGE('',*,*,#3513,.F.);
#4747=ORIENTED_EDGE('',*,*,#3514,.F.);
#4748=ORIENTED_EDGE('',*,*,#3515,.T.);
#4749=ORIENTED_EDGE('',*,*,#3514,.T.);
#4750=ORIENTED_EDGE('',*,*,#3516,.F.);
#4751=ORIENTED_EDGE('',*,*,#3517,.F.);
#4752=ORIENTED_EDGE('',*,*,#3518,.T.);
#4753=ORIENTED_EDGE('',*,*,#3517,.T.);
#4754=ORIENTED_EDGE('',*,*,#3519,.F.);
#4755=ORIENTED_EDGE('',*,*,#3520,.F.);
#4756=ORIENTED_EDGE('',*,*,#3521,.T.);
#4757=ORIENTED_EDGE('',*,*,#3520,.T.);
#4758=ORIENTED_EDGE('',*,*,#3522,.F.);
#4759=ORIENTED_EDGE('',*,*,#3523,.F.);
#4760=ORIENTED_EDGE('',*,*,#3524,.T.);
#4761=ORIENTED_EDGE('',*,*,#3523,.T.);
#4762=ORIENTED_EDGE('',*,*,#3525,.F.);
#4763=ORIENTED_EDGE('',*,*,#3526,.F.);
#4764=ORIENTED_EDGE('',*,*,#3527,.T.);
#4765=ORIENTED_EDGE('',*,*,#3526,.T.);
#4766=ORIENTED_EDGE('',*,*,#3528,.F.);
#4767=ORIENTED_EDGE('',*,*,#3529,.F.);
#4768=ORIENTED_EDGE('',*,*,#3530,.T.);
#4769=ORIENTED_EDGE('',*,*,#3529,.T.);
#4770=ORIENTED_EDGE('',*,*,#3531,.F.);
#4771=ORIENTED_EDGE('',*,*,#3532,.F.);
#4772=ORIENTED_EDGE('',*,*,#3533,.T.);
#4773=ORIENTED_EDGE('',*,*,#3532,.T.);
#4774=ORIENTED_EDGE('',*,*,#3534,.F.);
#4775=ORIENTED_EDGE('',*,*,#3535,.F.);
#4776=ORIENTED_EDGE('',*,*,#3536,.T.);
#4777=ORIENTED_EDGE('',*,*,#3535,.T.);
#4778=ORIENTED_EDGE('',*,*,#3537,.F.);
#4779=ORIENTED_EDGE('',*,*,#3538,.F.);
#4780=ORIENTED_EDGE('',*,*,#3539,.T.);
#4781=ORIENTED_EDGE('',*,*,#3538,.T.);
#4782=ORIENTED_EDGE('',*,*,#3540,.F.);
#4783=ORIENTED_EDGE('',*,*,#3541,.F.);
#4784=ORIENTED_EDGE('',*,*,#3542,.T.);
#4785=ORIENTED_EDGE('',*,*,#3541,.T.);
#4786=ORIENTED_EDGE('',*,*,#3543,.F.);
#4787=ORIENTED_EDGE('',*,*,#3544,.F.);
#4788=ORIENTED_EDGE('',*,*,#3545,.T.);
#4789=ORIENTED_EDGE('',*,*,#3544,.T.);
#4790=ORIENTED_EDGE('',*,*,#3546,.F.);
#4791=ORIENTED_EDGE('',*,*,#3547,.F.);
#4792=ORIENTED_EDGE('',*,*,#3548,.T.);
#4793=ORIENTED_EDGE('',*,*,#3547,.T.);
#4794=ORIENTED_EDGE('',*,*,#3549,.F.);
#4795=ORIENTED_EDGE('',*,*,#3550,.F.);
#4796=ORIENTED_EDGE('',*,*,#3551,.T.);
#4797=ORIENTED_EDGE('',*,*,#3550,.T.);
#4798=ORIENTED_EDGE('',*,*,#3552,.F.);
#4799=ORIENTED_EDGE('',*,*,#3553,.F.);
#4800=ORIENTED_EDGE('',*,*,#3554,.T.);
#4801=ORIENTED_EDGE('',*,*,#3553,.T.);
#4802=ORIENTED_EDGE('',*,*,#3555,.F.);
#4803=ORIENTED_EDGE('',*,*,#3556,.F.);
#4804=ORIENTED_EDGE('',*,*,#3557,.T.);
#4805=ORIENTED_EDGE('',*,*,#3556,.T.);
#4806=ORIENTED_EDGE('',*,*,#3558,.F.);
#4807=ORIENTED_EDGE('',*,*,#3559,.F.);
#4808=ORIENTED_EDGE('',*,*,#3560,.T.);
#4809=ORIENTED_EDGE('',*,*,#3559,.T.);
#4810=ORIENTED_EDGE('',*,*,#3561,.F.);
#4811=ORIENTED_EDGE('',*,*,#3562,.F.);
#4812=ORIENTED_EDGE('',*,*,#3563,.T.);
#4813=ORIENTED_EDGE('',*,*,#3562,.T.);
#4814=ORIENTED_EDGE('',*,*,#3564,.F.);
#4815=ORIENTED_EDGE('',*,*,#3565,.F.);
#4816=ORIENTED_EDGE('',*,*,#3566,.T.);
#4817=ORIENTED_EDGE('',*,*,#3565,.T.);
#4818=ORIENTED_EDGE('',*,*,#3567,.F.);
#4819=ORIENTED_EDGE('',*,*,#3568,.F.);
#4820=ORIENTED_EDGE('',*,*,#3569,.T.);
#4821=ORIENTED_EDGE('',*,*,#3568,.T.);
#4822=ORIENTED_EDGE('',*,*,#3570,.F.);
#4823=ORIENTED_EDGE('',*,*,#3494,.F.);
#4824=ORIENTED_EDGE('',*,*,#3569,.F.);
#4825=ORIENTED_EDGE('',*,*,#3493,.F.);
#4826=ORIENTED_EDGE('',*,*,#3497,.F.);
#4827=ORIENTED_EDGE('',*,*,#3500,.F.);
#4828=ORIENTED_EDGE('',*,*,#3503,.F.);
#4829=ORIENTED_EDGE('',*,*,#3506,.F.);
#4830=ORIENTED_EDGE('',*,*,#3509,.F.);
#4831=ORIENTED_EDGE('',*,*,#3512,.F.);
#4832=ORIENTED_EDGE('',*,*,#3515,.F.);
#4833=ORIENTED_EDGE('',*,*,#3518,.F.);
#4834=ORIENTED_EDGE('',*,*,#3521,.F.);
#4835=ORIENTED_EDGE('',*,*,#3524,.F.);
#4836=ORIENTED_EDGE('',*,*,#3527,.F.);
#4837=ORIENTED_EDGE('',*,*,#3530,.F.);
#4838=ORIENTED_EDGE('',*,*,#3533,.F.);
#4839=ORIENTED_EDGE('',*,*,#3536,.F.);
#4840=ORIENTED_EDGE('',*,*,#3539,.F.);
#4841=ORIENTED_EDGE('',*,*,#3542,.F.);
#4842=ORIENTED_EDGE('',*,*,#3545,.F.);
#4843=ORIENTED_EDGE('',*,*,#3548,.F.);
#4844=ORIENTED_EDGE('',*,*,#3551,.F.);
#4845=ORIENTED_EDGE('',*,*,#3554,.F.);
#4846=ORIENTED_EDGE('',*,*,#3557,.F.);
#4847=ORIENTED_EDGE('',*,*,#3560,.F.);
#4848=ORIENTED_EDGE('',*,*,#3563,.F.);
#4849=ORIENTED_EDGE('',*,*,#3566,.F.);
#4850=ORIENTED_EDGE('',*,*,#3491,.F.);
#4851=ORIENTED_EDGE('',*,*,#3457,.F.);
#4852=ORIENTED_EDGE('',*,*,#3461,.F.);
#4853=ORIENTED_EDGE('',*,*,#3464,.F.);
#4854=ORIENTED_EDGE('',*,*,#3467,.F.);
#4855=ORIENTED_EDGE('',*,*,#3470,.F.);
#4856=ORIENTED_EDGE('',*,*,#3473,.F.);
#4857=ORIENTED_EDGE('',*,*,#3476,.F.);
#4858=ORIENTED_EDGE('',*,*,#3479,.F.);
#4859=ORIENTED_EDGE('',*,*,#3482,.F.);
#4860=ORIENTED_EDGE('',*,*,#3485,.F.);
#4861=ORIENTED_EDGE('',*,*,#3488,.F.);
#4862=ORIENTED_EDGE('',*,*,#3570,.T.);
#4863=ORIENTED_EDGE('',*,*,#3567,.T.);
#4864=ORIENTED_EDGE('',*,*,#3564,.T.);
#4865=ORIENTED_EDGE('',*,*,#3561,.T.);
#4866=ORIENTED_EDGE('',*,*,#3558,.T.);
#4867=ORIENTED_EDGE('',*,*,#3555,.T.);
#4868=ORIENTED_EDGE('',*,*,#3552,.T.);
#4869=ORIENTED_EDGE('',*,*,#3549,.T.);
#4870=ORIENTED_EDGE('',*,*,#3546,.T.);
#4871=ORIENTED_EDGE('',*,*,#3543,.T.);
#4872=ORIENTED_EDGE('',*,*,#3540,.T.);
#4873=ORIENTED_EDGE('',*,*,#3537,.T.);
#4874=ORIENTED_EDGE('',*,*,#3534,.T.);
#4875=ORIENTED_EDGE('',*,*,#3531,.T.);
#4876=ORIENTED_EDGE('',*,*,#3528,.T.);
#4877=ORIENTED_EDGE('',*,*,#3525,.T.);
#4878=ORIENTED_EDGE('',*,*,#3522,.T.);
#4879=ORIENTED_EDGE('',*,*,#3519,.T.);
#4880=ORIENTED_EDGE('',*,*,#3516,.T.);
#4881=ORIENTED_EDGE('',*,*,#3513,.T.);
#4882=ORIENTED_EDGE('',*,*,#3510,.T.);
#4883=ORIENTED_EDGE('',*,*,#3507,.T.);
#4884=ORIENTED_EDGE('',*,*,#3504,.T.);
#4885=ORIENTED_EDGE('',*,*,#3501,.T.);
#4886=ORIENTED_EDGE('',*,*,#3498,.T.);
#4887=ORIENTED_EDGE('',*,*,#3495,.T.);
#4888=ORIENTED_EDGE('',*,*,#3492,.T.);
#4889=ORIENTED_EDGE('',*,*,#3489,.T.);
#4890=ORIENTED_EDGE('',*,*,#3486,.T.);
#4891=ORIENTED_EDGE('',*,*,#3483,.T.);
#4892=ORIENTED_EDGE('',*,*,#3480,.T.);
#4893=ORIENTED_EDGE('',*,*,#3477,.T.);
#4894=ORIENTED_EDGE('',*,*,#3474,.T.);
#4895=ORIENTED_EDGE('',*,*,#3471,.T.);
#4896=ORIENTED_EDGE('',*,*,#3468,.T.);
#4897=ORIENTED_EDGE('',*,*,#3465,.T.);
#4898=ORIENTED_EDGE('',*,*,#3462,.T.);
#4899=ORIENTED_EDGE('',*,*,#3459,.T.);
#4900=ORIENTED_EDGE('',*,*,#3571,.T.);
#4901=ORIENTED_EDGE('',*,*,#3572,.T.);
#4902=ORIENTED_EDGE('',*,*,#3573,.F.);
#4903=ORIENTED_EDGE('',*,*,#3574,.F.);
#4904=ORIENTED_EDGE('',*,*,#3575,.T.);
#4905=ORIENTED_EDGE('',*,*,#3574,.T.);
#4906=ORIENTED_EDGE('',*,*,#3576,.F.);
#4907=ORIENTED_EDGE('',*,*,#3577,.F.);
#4908=ORIENTED_EDGE('',*,*,#3578,.T.);
#4909=ORIENTED_EDGE('',*,*,#3577,.T.);
#4910=ORIENTED_EDGE('',*,*,#3579,.F.);
#4911=ORIENTED_EDGE('',*,*,#3580,.F.);
#4912=ORIENTED_EDGE('',*,*,#3581,.T.);
#4913=ORIENTED_EDGE('',*,*,#3580,.T.);
#4914=ORIENTED_EDGE('',*,*,#3582,.F.);
#4915=ORIENTED_EDGE('',*,*,#3583,.F.);
#4916=ORIENTED_EDGE('',*,*,#3584,.T.);
#4917=ORIENTED_EDGE('',*,*,#3583,.T.);
#4918=ORIENTED_EDGE('',*,*,#3585,.F.);
#4919=ORIENTED_EDGE('',*,*,#3586,.F.);
#4920=ORIENTED_EDGE('',*,*,#3587,.T.);
#4921=ORIENTED_EDGE('',*,*,#3586,.T.);
#4922=ORIENTED_EDGE('',*,*,#3588,.F.);
#4923=ORIENTED_EDGE('',*,*,#3589,.F.);
#4924=ORIENTED_EDGE('',*,*,#3590,.T.);
#4925=ORIENTED_EDGE('',*,*,#3589,.T.);
#4926=ORIENTED_EDGE('',*,*,#3591,.F.);
#4927=ORIENTED_EDGE('',*,*,#3592,.F.);
#4928=ORIENTED_EDGE('',*,*,#3593,.T.);
#4929=ORIENTED_EDGE('',*,*,#3592,.T.);
#4930=ORIENTED_EDGE('',*,*,#3594,.F.);
#4931=ORIENTED_EDGE('',*,*,#3595,.F.);
#4932=ORIENTED_EDGE('',*,*,#3596,.T.);
#4933=ORIENTED_EDGE('',*,*,#3595,.T.);
#4934=ORIENTED_EDGE('',*,*,#3597,.F.);
#4935=ORIENTED_EDGE('',*,*,#3572,.F.);
#4936=ORIENTED_EDGE('',*,*,#3598,.T.);
#4937=ORIENTED_EDGE('',*,*,#3599,.T.);
#4938=ORIENTED_EDGE('',*,*,#3600,.F.);
#4939=ORIENTED_EDGE('',*,*,#3601,.F.);
#4940=ORIENTED_EDGE('',*,*,#3602,.T.);
#4941=ORIENTED_EDGE('',*,*,#3601,.T.);
#4942=ORIENTED_EDGE('',*,*,#3603,.F.);
#4943=ORIENTED_EDGE('',*,*,#3604,.F.);
#4944=ORIENTED_EDGE('',*,*,#3605,.T.);
#4945=ORIENTED_EDGE('',*,*,#3604,.T.);
#4946=ORIENTED_EDGE('',*,*,#3606,.F.);
#4947=ORIENTED_EDGE('',*,*,#3607,.F.);
#4948=ORIENTED_EDGE('',*,*,#3608,.T.);
#4949=ORIENTED_EDGE('',*,*,#3607,.T.);
#4950=ORIENTED_EDGE('',*,*,#3609,.F.);
#4951=ORIENTED_EDGE('',*,*,#3610,.F.);
#4952=ORIENTED_EDGE('',*,*,#3611,.T.);
#4953=ORIENTED_EDGE('',*,*,#3610,.T.);
#4954=ORIENTED_EDGE('',*,*,#3612,.F.);
#4955=ORIENTED_EDGE('',*,*,#3613,.F.);
#4956=ORIENTED_EDGE('',*,*,#3614,.T.);
#4957=ORIENTED_EDGE('',*,*,#3613,.T.);
#4958=ORIENTED_EDGE('',*,*,#3615,.F.);
#4959=ORIENTED_EDGE('',*,*,#3616,.F.);
#4960=ORIENTED_EDGE('',*,*,#3617,.T.);
#4961=ORIENTED_EDGE('',*,*,#3616,.T.);
#4962=ORIENTED_EDGE('',*,*,#3618,.F.);
#4963=ORIENTED_EDGE('',*,*,#3619,.F.);
#4964=ORIENTED_EDGE('',*,*,#3620,.T.);
#4965=ORIENTED_EDGE('',*,*,#3619,.T.);
#4966=ORIENTED_EDGE('',*,*,#3621,.F.);
#4967=ORIENTED_EDGE('',*,*,#3622,.F.);
#4968=ORIENTED_EDGE('',*,*,#3623,.T.);
#4969=ORIENTED_EDGE('',*,*,#3622,.T.);
#4970=ORIENTED_EDGE('',*,*,#3624,.F.);
#4971=ORIENTED_EDGE('',*,*,#3625,.F.);
#4972=ORIENTED_EDGE('',*,*,#3626,.T.);
#4973=ORIENTED_EDGE('',*,*,#3625,.T.);
#4974=ORIENTED_EDGE('',*,*,#3627,.F.);
#4975=ORIENTED_EDGE('',*,*,#3628,.F.);
#4976=ORIENTED_EDGE('',*,*,#3629,.T.);
#4977=ORIENTED_EDGE('',*,*,#3628,.T.);
#4978=ORIENTED_EDGE('',*,*,#3630,.F.);
#4979=ORIENTED_EDGE('',*,*,#3631,.F.);
#4980=ORIENTED_EDGE('',*,*,#3632,.T.);
#4981=ORIENTED_EDGE('',*,*,#3631,.T.);
#4982=ORIENTED_EDGE('',*,*,#3633,.F.);
#4983=ORIENTED_EDGE('',*,*,#3634,.F.);
#4984=ORIENTED_EDGE('',*,*,#3635,.T.);
#4985=ORIENTED_EDGE('',*,*,#3634,.T.);
#4986=ORIENTED_EDGE('',*,*,#3636,.F.);
#4987=ORIENTED_EDGE('',*,*,#3637,.F.);
#4988=ORIENTED_EDGE('',*,*,#3638,.T.);
#4989=ORIENTED_EDGE('',*,*,#3637,.T.);
#4990=ORIENTED_EDGE('',*,*,#3639,.F.);
#4991=ORIENTED_EDGE('',*,*,#3640,.F.);
#4992=ORIENTED_EDGE('',*,*,#3641,.T.);
#4993=ORIENTED_EDGE('',*,*,#3640,.T.);
#4994=ORIENTED_EDGE('',*,*,#3642,.F.);
#4995=ORIENTED_EDGE('',*,*,#3643,.F.);
#4996=ORIENTED_EDGE('',*,*,#3644,.T.);
#4997=ORIENTED_EDGE('',*,*,#3643,.T.);
#4998=ORIENTED_EDGE('',*,*,#3645,.F.);
#4999=ORIENTED_EDGE('',*,*,#3646,.F.);
#5000=ORIENTED_EDGE('',*,*,#3647,.T.);
#5001=ORIENTED_EDGE('',*,*,#3646,.T.);
#5002=ORIENTED_EDGE('',*,*,#3648,.F.);
#5003=ORIENTED_EDGE('',*,*,#3649,.F.);
#5004=ORIENTED_EDGE('',*,*,#3650,.T.);
#5005=ORIENTED_EDGE('',*,*,#3649,.T.);
#5006=ORIENTED_EDGE('',*,*,#3651,.F.);
#5007=ORIENTED_EDGE('',*,*,#3652,.F.);
#5008=ORIENTED_EDGE('',*,*,#3653,.T.);
#5009=ORIENTED_EDGE('',*,*,#3652,.T.);
#5010=ORIENTED_EDGE('',*,*,#3654,.F.);
#5011=ORIENTED_EDGE('',*,*,#3655,.F.);
#5012=ORIENTED_EDGE('',*,*,#3656,.T.);
#5013=ORIENTED_EDGE('',*,*,#3655,.T.);
#5014=ORIENTED_EDGE('',*,*,#3657,.F.);
#5015=ORIENTED_EDGE('',*,*,#3658,.F.);
#5016=ORIENTED_EDGE('',*,*,#3659,.T.);
#5017=ORIENTED_EDGE('',*,*,#3658,.T.);
#5018=ORIENTED_EDGE('',*,*,#3660,.F.);
#5019=ORIENTED_EDGE('',*,*,#3661,.F.);
#5020=ORIENTED_EDGE('',*,*,#3662,.T.);
#5021=ORIENTED_EDGE('',*,*,#3661,.T.);
#5022=ORIENTED_EDGE('',*,*,#3663,.F.);
#5023=ORIENTED_EDGE('',*,*,#3664,.F.);
#5024=ORIENTED_EDGE('',*,*,#3665,.T.);
#5025=ORIENTED_EDGE('',*,*,#3664,.T.);
#5026=ORIENTED_EDGE('',*,*,#3666,.F.);
#5027=ORIENTED_EDGE('',*,*,#3667,.F.);
#5028=ORIENTED_EDGE('',*,*,#3668,.T.);
#5029=ORIENTED_EDGE('',*,*,#3667,.T.);
#5030=ORIENTED_EDGE('',*,*,#3669,.F.);
#5031=ORIENTED_EDGE('',*,*,#3599,.F.);
#5032=ORIENTED_EDGE('',*,*,#3668,.F.);
#5033=ORIENTED_EDGE('',*,*,#3598,.F.);
#5034=ORIENTED_EDGE('',*,*,#3602,.F.);
#5035=ORIENTED_EDGE('',*,*,#3605,.F.);
#5036=ORIENTED_EDGE('',*,*,#3608,.F.);
#5037=ORIENTED_EDGE('',*,*,#3611,.F.);
#5038=ORIENTED_EDGE('',*,*,#3614,.F.);
#5039=ORIENTED_EDGE('',*,*,#3617,.F.);
#5040=ORIENTED_EDGE('',*,*,#3620,.F.);
#5041=ORIENTED_EDGE('',*,*,#3623,.F.);
#5042=ORIENTED_EDGE('',*,*,#3626,.F.);
#5043=ORIENTED_EDGE('',*,*,#3629,.F.);
#5044=ORIENTED_EDGE('',*,*,#3632,.F.);
#5045=ORIENTED_EDGE('',*,*,#3635,.F.);
#5046=ORIENTED_EDGE('',*,*,#3638,.F.);
#5047=ORIENTED_EDGE('',*,*,#3641,.F.);
#5048=ORIENTED_EDGE('',*,*,#3644,.F.);
#5049=ORIENTED_EDGE('',*,*,#3647,.F.);
#5050=ORIENTED_EDGE('',*,*,#3650,.F.);
#5051=ORIENTED_EDGE('',*,*,#3653,.F.);
#5052=ORIENTED_EDGE('',*,*,#3656,.F.);
#5053=ORIENTED_EDGE('',*,*,#3659,.F.);
#5054=ORIENTED_EDGE('',*,*,#3662,.F.);
#5055=ORIENTED_EDGE('',*,*,#3665,.F.);
#5056=ORIENTED_EDGE('',*,*,#3596,.F.);
#5057=ORIENTED_EDGE('',*,*,#3571,.F.);
#5058=ORIENTED_EDGE('',*,*,#3575,.F.);
#5059=ORIENTED_EDGE('',*,*,#3578,.F.);
#5060=ORIENTED_EDGE('',*,*,#3581,.F.);
#5061=ORIENTED_EDGE('',*,*,#3584,.F.);
#5062=ORIENTED_EDGE('',*,*,#3587,.F.);
#5063=ORIENTED_EDGE('',*,*,#3590,.F.);
#5064=ORIENTED_EDGE('',*,*,#3593,.F.);
#5065=ORIENTED_EDGE('',*,*,#3669,.T.);
#5066=ORIENTED_EDGE('',*,*,#3666,.T.);
#5067=ORIENTED_EDGE('',*,*,#3663,.T.);
#5068=ORIENTED_EDGE('',*,*,#3660,.T.);
#5069=ORIENTED_EDGE('',*,*,#3657,.T.);
#5070=ORIENTED_EDGE('',*,*,#3654,.T.);
#5071=ORIENTED_EDGE('',*,*,#3651,.T.);
#5072=ORIENTED_EDGE('',*,*,#3648,.T.);
#5073=ORIENTED_EDGE('',*,*,#3645,.T.);
#5074=ORIENTED_EDGE('',*,*,#3642,.T.);
#5075=ORIENTED_EDGE('',*,*,#3639,.T.);
#5076=ORIENTED_EDGE('',*,*,#3636,.T.);
#5077=ORIENTED_EDGE('',*,*,#3633,.T.);
#5078=ORIENTED_EDGE('',*,*,#3630,.T.);
#5079=ORIENTED_EDGE('',*,*,#3627,.T.);
#5080=ORIENTED_EDGE('',*,*,#3624,.T.);
#5081=ORIENTED_EDGE('',*,*,#3621,.T.);
#5082=ORIENTED_EDGE('',*,*,#3618,.T.);
#5083=ORIENTED_EDGE('',*,*,#3615,.T.);
#5084=ORIENTED_EDGE('',*,*,#3612,.T.);
#5085=ORIENTED_EDGE('',*,*,#3609,.T.);
#5086=ORIENTED_EDGE('',*,*,#3606,.T.);
#5087=ORIENTED_EDGE('',*,*,#3603,.T.);
#5088=ORIENTED_EDGE('',*,*,#3600,.T.);
#5089=ORIENTED_EDGE('',*,*,#3597,.T.);
#5090=ORIENTED_EDGE('',*,*,#3594,.T.);
#5091=ORIENTED_EDGE('',*,*,#3591,.T.);
#5092=ORIENTED_EDGE('',*,*,#3588,.T.);
#5093=ORIENTED_EDGE('',*,*,#3585,.T.);
#5094=ORIENTED_EDGE('',*,*,#3582,.T.);
#5095=ORIENTED_EDGE('',*,*,#3579,.T.);
#5096=ORIENTED_EDGE('',*,*,#3576,.T.);
#5097=ORIENTED_EDGE('',*,*,#3573,.T.);
#5098=ORIENTED_EDGE('',*,*,#3670,.T.);
#5099=ORIENTED_EDGE('',*,*,#3671,.T.);
#5100=ORIENTED_EDGE('',*,*,#3672,.F.);
#5101=ORIENTED_EDGE('',*,*,#3673,.F.);
#5102=ORIENTED_EDGE('',*,*,#3674,.T.);
#5103=ORIENTED_EDGE('',*,*,#3673,.T.);
#5104=ORIENTED_EDGE('',*,*,#3675,.F.);
#5105=ORIENTED_EDGE('',*,*,#3676,.F.);
#5106=ORIENTED_EDGE('',*,*,#3677,.T.);
#5107=ORIENTED_EDGE('',*,*,#3676,.T.);
#5108=ORIENTED_EDGE('',*,*,#3678,.F.);
#5109=ORIENTED_EDGE('',*,*,#3679,.F.);
#5110=ORIENTED_EDGE('',*,*,#3680,.T.);
#5111=ORIENTED_EDGE('',*,*,#3679,.T.);
#5112=ORIENTED_EDGE('',*,*,#3681,.F.);
#5113=ORIENTED_EDGE('',*,*,#3682,.F.);
#5114=ORIENTED_EDGE('',*,*,#3683,.T.);
#5115=ORIENTED_EDGE('',*,*,#3682,.T.);
#5116=ORIENTED_EDGE('',*,*,#3684,.F.);
#5117=ORIENTED_EDGE('',*,*,#3685,.F.);
#5118=ORIENTED_EDGE('',*,*,#3686,.T.);
#5119=ORIENTED_EDGE('',*,*,#3685,.T.);
#5120=ORIENTED_EDGE('',*,*,#3687,.F.);
#5121=ORIENTED_EDGE('',*,*,#3688,.F.);
#5122=ORIENTED_EDGE('',*,*,#3689,.T.);
#5123=ORIENTED_EDGE('',*,*,#3688,.T.);
#5124=ORIENTED_EDGE('',*,*,#3690,.F.);
#5125=ORIENTED_EDGE('',*,*,#3691,.F.);
#5126=ORIENTED_EDGE('',*,*,#3692,.T.);
#5127=ORIENTED_EDGE('',*,*,#3691,.T.);
#5128=ORIENTED_EDGE('',*,*,#3693,.F.);
#5129=ORIENTED_EDGE('',*,*,#3694,.F.);
#5130=ORIENTED_EDGE('',*,*,#3695,.T.);
#5131=ORIENTED_EDGE('',*,*,#3694,.T.);
#5132=ORIENTED_EDGE('',*,*,#3696,.F.);
#5133=ORIENTED_EDGE('',*,*,#3697,.F.);
#5134=ORIENTED_EDGE('',*,*,#3698,.T.);
#5135=ORIENTED_EDGE('',*,*,#3697,.T.);
#5136=ORIENTED_EDGE('',*,*,#3699,.F.);
#5137=ORIENTED_EDGE('',*,*,#3700,.F.);
#5138=ORIENTED_EDGE('',*,*,#3701,.T.);
#5139=ORIENTED_EDGE('',*,*,#3700,.T.);
#5140=ORIENTED_EDGE('',*,*,#3702,.F.);
#5141=ORIENTED_EDGE('',*,*,#3703,.F.);
#5142=ORIENTED_EDGE('',*,*,#3704,.T.);
#5143=ORIENTED_EDGE('',*,*,#3703,.T.);
#5144=ORIENTED_EDGE('',*,*,#3705,.F.);
#5145=ORIENTED_EDGE('',*,*,#3706,.F.);
#5146=ORIENTED_EDGE('',*,*,#3707,.T.);
#5147=ORIENTED_EDGE('',*,*,#3706,.T.);
#5148=ORIENTED_EDGE('',*,*,#3708,.F.);
#5149=ORIENTED_EDGE('',*,*,#3709,.F.);
#5150=ORIENTED_EDGE('',*,*,#3710,.T.);
#5151=ORIENTED_EDGE('',*,*,#3709,.T.);
#5152=ORIENTED_EDGE('',*,*,#3711,.F.);
#5153=ORIENTED_EDGE('',*,*,#3712,.F.);
#5154=ORIENTED_EDGE('',*,*,#3713,.T.);
#5155=ORIENTED_EDGE('',*,*,#3712,.T.);
#5156=ORIENTED_EDGE('',*,*,#3714,.F.);
#5157=ORIENTED_EDGE('',*,*,#3715,.F.);
#5158=ORIENTED_EDGE('',*,*,#3716,.T.);
#5159=ORIENTED_EDGE('',*,*,#3715,.T.);
#5160=ORIENTED_EDGE('',*,*,#3717,.F.);
#5161=ORIENTED_EDGE('',*,*,#3718,.F.);
#5162=ORIENTED_EDGE('',*,*,#3719,.T.);
#5163=ORIENTED_EDGE('',*,*,#3718,.T.);
#5164=ORIENTED_EDGE('',*,*,#3720,.F.);
#5165=ORIENTED_EDGE('',*,*,#3721,.F.);
#5166=ORIENTED_EDGE('',*,*,#3722,.T.);
#5167=ORIENTED_EDGE('',*,*,#3721,.T.);
#5168=ORIENTED_EDGE('',*,*,#3723,.F.);
#5169=ORIENTED_EDGE('',*,*,#3724,.F.);
#5170=ORIENTED_EDGE('',*,*,#3725,.T.);
#5171=ORIENTED_EDGE('',*,*,#3724,.T.);
#5172=ORIENTED_EDGE('',*,*,#3726,.F.);
#5173=ORIENTED_EDGE('',*,*,#3727,.F.);
#5174=ORIENTED_EDGE('',*,*,#3728,.T.);
#5175=ORIENTED_EDGE('',*,*,#3727,.T.);
#5176=ORIENTED_EDGE('',*,*,#3729,.F.);
#5177=ORIENTED_EDGE('',*,*,#3671,.F.);
#5178=ORIENTED_EDGE('',*,*,#3728,.F.);
#5179=ORIENTED_EDGE('',*,*,#3670,.F.);
#5180=ORIENTED_EDGE('',*,*,#3674,.F.);
#5181=ORIENTED_EDGE('',*,*,#3677,.F.);
#5182=ORIENTED_EDGE('',*,*,#3680,.F.);
#5183=ORIENTED_EDGE('',*,*,#3683,.F.);
#5184=ORIENTED_EDGE('',*,*,#3686,.F.);
#5185=ORIENTED_EDGE('',*,*,#3689,.F.);
#5186=ORIENTED_EDGE('',*,*,#3692,.F.);
#5187=ORIENTED_EDGE('',*,*,#3695,.F.);
#5188=ORIENTED_EDGE('',*,*,#3698,.F.);
#5189=ORIENTED_EDGE('',*,*,#3701,.F.);
#5190=ORIENTED_EDGE('',*,*,#3704,.F.);
#5191=ORIENTED_EDGE('',*,*,#3707,.F.);
#5192=ORIENTED_EDGE('',*,*,#3710,.F.);
#5193=ORIENTED_EDGE('',*,*,#3713,.F.);
#5194=ORIENTED_EDGE('',*,*,#3716,.F.);
#5195=ORIENTED_EDGE('',*,*,#3719,.F.);
#5196=ORIENTED_EDGE('',*,*,#3722,.F.);
#5197=ORIENTED_EDGE('',*,*,#3725,.F.);
#5198=ORIENTED_EDGE('',*,*,#3729,.T.);
#5199=ORIENTED_EDGE('',*,*,#3726,.T.);
#5200=ORIENTED_EDGE('',*,*,#3723,.T.);
#5201=ORIENTED_EDGE('',*,*,#3720,.T.);
#5202=ORIENTED_EDGE('',*,*,#3717,.T.);
#5203=ORIENTED_EDGE('',*,*,#3714,.T.);
#5204=ORIENTED_EDGE('',*,*,#3711,.T.);
#5205=ORIENTED_EDGE('',*,*,#3708,.T.);
#5206=ORIENTED_EDGE('',*,*,#3705,.T.);
#5207=ORIENTED_EDGE('',*,*,#3702,.T.);
#5208=ORIENTED_EDGE('',*,*,#3699,.T.);
#5209=ORIENTED_EDGE('',*,*,#3696,.T.);
#5210=ORIENTED_EDGE('',*,*,#3693,.T.);
#5211=ORIENTED_EDGE('',*,*,#3690,.T.);
#5212=ORIENTED_EDGE('',*,*,#3687,.T.);
#5213=ORIENTED_EDGE('',*,*,#3684,.T.);
#5214=ORIENTED_EDGE('',*,*,#3681,.T.);
#5215=ORIENTED_EDGE('',*,*,#3678,.T.);
#5216=ORIENTED_EDGE('',*,*,#3675,.T.);
#5217=ORIENTED_EDGE('',*,*,#3672,.T.);
#5218=ORIENTED_EDGE('',*,*,#3730,.T.);
#5219=ORIENTED_EDGE('',*,*,#3731,.T.);
#5220=ORIENTED_EDGE('',*,*,#3732,.F.);
#5221=ORIENTED_EDGE('',*,*,#3733,.F.);
#5222=ORIENTED_EDGE('',*,*,#3734,.T.);
#5223=ORIENTED_EDGE('',*,*,#3733,.T.);
#5224=ORIENTED_EDGE('',*,*,#3735,.F.);
#5225=ORIENTED_EDGE('',*,*,#3736,.F.);
#5226=ORIENTED_EDGE('',*,*,#3737,.T.);
#5227=ORIENTED_EDGE('',*,*,#3736,.T.);
#5228=ORIENTED_EDGE('',*,*,#3738,.F.);
#5229=ORIENTED_EDGE('',*,*,#3739,.F.);
#5230=ORIENTED_EDGE('',*,*,#3740,.T.);
#5231=ORIENTED_EDGE('',*,*,#3739,.T.);
#5232=ORIENTED_EDGE('',*,*,#3741,.F.);
#5233=ORIENTED_EDGE('',*,*,#3742,.F.);
#5234=ORIENTED_EDGE('',*,*,#3743,.T.);
#5235=ORIENTED_EDGE('',*,*,#3742,.T.);
#5236=ORIENTED_EDGE('',*,*,#3744,.F.);
#5237=ORIENTED_EDGE('',*,*,#3745,.F.);
#5238=ORIENTED_EDGE('',*,*,#3746,.T.);
#5239=ORIENTED_EDGE('',*,*,#3745,.T.);
#5240=ORIENTED_EDGE('',*,*,#3747,.F.);
#5241=ORIENTED_EDGE('',*,*,#3748,.F.);
#5242=ORIENTED_EDGE('',*,*,#3749,.T.);
#5243=ORIENTED_EDGE('',*,*,#3748,.T.);
#5244=ORIENTED_EDGE('',*,*,#3750,.F.);
#5245=ORIENTED_EDGE('',*,*,#3751,.F.);
#5246=ORIENTED_EDGE('',*,*,#3752,.T.);
#5247=ORIENTED_EDGE('',*,*,#3751,.T.);
#5248=ORIENTED_EDGE('',*,*,#3753,.F.);
#5249=ORIENTED_EDGE('',*,*,#3754,.F.);
#5250=ORIENTED_EDGE('',*,*,#3755,.T.);
#5251=ORIENTED_EDGE('',*,*,#3754,.T.);
#5252=ORIENTED_EDGE('',*,*,#3756,.F.);
#5253=ORIENTED_EDGE('',*,*,#3757,.F.);
#5254=ORIENTED_EDGE('',*,*,#3758,.T.);
#5255=ORIENTED_EDGE('',*,*,#3757,.T.);
#5256=ORIENTED_EDGE('',*,*,#3759,.F.);
#5257=ORIENTED_EDGE('',*,*,#3760,.F.);
#5258=ORIENTED_EDGE('',*,*,#3761,.T.);
#5259=ORIENTED_EDGE('',*,*,#3760,.T.);
#5260=ORIENTED_EDGE('',*,*,#3762,.F.);
#5261=ORIENTED_EDGE('',*,*,#3763,.F.);
#5262=ORIENTED_EDGE('',*,*,#3764,.T.);
#5263=ORIENTED_EDGE('',*,*,#3763,.T.);
#5264=ORIENTED_EDGE('',*,*,#3765,.F.);
#5265=ORIENTED_EDGE('',*,*,#3766,.F.);
#5266=ORIENTED_EDGE('',*,*,#3767,.T.);
#5267=ORIENTED_EDGE('',*,*,#3766,.T.);
#5268=ORIENTED_EDGE('',*,*,#3768,.F.);
#5269=ORIENTED_EDGE('',*,*,#3769,.F.);
#5270=ORIENTED_EDGE('',*,*,#3770,.T.);
#5271=ORIENTED_EDGE('',*,*,#3769,.T.);
#5272=ORIENTED_EDGE('',*,*,#3771,.F.);
#5273=ORIENTED_EDGE('',*,*,#3772,.F.);
#5274=ORIENTED_EDGE('',*,*,#3773,.T.);
#5275=ORIENTED_EDGE('',*,*,#3772,.T.);
#5276=ORIENTED_EDGE('',*,*,#3774,.F.);
#5277=ORIENTED_EDGE('',*,*,#3775,.F.);
#5278=ORIENTED_EDGE('',*,*,#3776,.T.);
#5279=ORIENTED_EDGE('',*,*,#3775,.T.);
#5280=ORIENTED_EDGE('',*,*,#3777,.F.);
#5281=ORIENTED_EDGE('',*,*,#3778,.F.);
#5282=ORIENTED_EDGE('',*,*,#3779,.T.);
#5283=ORIENTED_EDGE('',*,*,#3778,.T.);
#5284=ORIENTED_EDGE('',*,*,#3780,.F.);
#5285=ORIENTED_EDGE('',*,*,#3781,.F.);
#5286=ORIENTED_EDGE('',*,*,#3782,.T.);
#5287=ORIENTED_EDGE('',*,*,#3781,.T.);
#5288=ORIENTED_EDGE('',*,*,#3783,.F.);
#5289=ORIENTED_EDGE('',*,*,#3784,.F.);
#5290=ORIENTED_EDGE('',*,*,#3785,.T.);
#5291=ORIENTED_EDGE('',*,*,#3784,.T.);
#5292=ORIENTED_EDGE('',*,*,#3786,.F.);
#5293=ORIENTED_EDGE('',*,*,#3731,.F.);
#5294=ORIENTED_EDGE('',*,*,#3785,.F.);
#5295=ORIENTED_EDGE('',*,*,#3730,.F.);
#5296=ORIENTED_EDGE('',*,*,#3734,.F.);
#5297=ORIENTED_EDGE('',*,*,#3737,.F.);
#5298=ORIENTED_EDGE('',*,*,#3740,.F.);
#5299=ORIENTED_EDGE('',*,*,#3743,.F.);
#5300=ORIENTED_EDGE('',*,*,#3746,.F.);
#5301=ORIENTED_EDGE('',*,*,#3749,.F.);
#5302=ORIENTED_EDGE('',*,*,#3752,.F.);
#5303=ORIENTED_EDGE('',*,*,#3755,.F.);
#5304=ORIENTED_EDGE('',*,*,#3758,.F.);
#5305=ORIENTED_EDGE('',*,*,#3761,.F.);
#5306=ORIENTED_EDGE('',*,*,#3764,.F.);
#5307=ORIENTED_EDGE('',*,*,#3767,.F.);
#5308=ORIENTED_EDGE('',*,*,#3770,.F.);
#5309=ORIENTED_EDGE('',*,*,#3773,.F.);
#5310=ORIENTED_EDGE('',*,*,#3776,.F.);
#5311=ORIENTED_EDGE('',*,*,#3779,.F.);
#5312=ORIENTED_EDGE('',*,*,#3782,.F.);
#5313=ORIENTED_EDGE('',*,*,#3786,.T.);
#5314=ORIENTED_EDGE('',*,*,#3783,.T.);
#5315=ORIENTED_EDGE('',*,*,#3780,.T.);
#5316=ORIENTED_EDGE('',*,*,#3777,.T.);
#5317=ORIENTED_EDGE('',*,*,#3774,.T.);
#5318=ORIENTED_EDGE('',*,*,#3771,.T.);
#5319=ORIENTED_EDGE('',*,*,#3768,.T.);
#5320=ORIENTED_EDGE('',*,*,#3765,.T.);
#5321=ORIENTED_EDGE('',*,*,#3762,.T.);
#5322=ORIENTED_EDGE('',*,*,#3759,.T.);
#5323=ORIENTED_EDGE('',*,*,#3756,.T.);
#5324=ORIENTED_EDGE('',*,*,#3753,.T.);
#5325=ORIENTED_EDGE('',*,*,#3750,.T.);
#5326=ORIENTED_EDGE('',*,*,#3747,.T.);
#5327=ORIENTED_EDGE('',*,*,#3744,.T.);
#5328=ORIENTED_EDGE('',*,*,#3741,.T.);
#5329=ORIENTED_EDGE('',*,*,#3738,.T.);
#5330=ORIENTED_EDGE('',*,*,#3735,.T.);
#5331=ORIENTED_EDGE('',*,*,#3732,.T.);
#5332=ORIENTED_EDGE('',*,*,#3787,.T.);
#5333=ORIENTED_EDGE('',*,*,#3788,.T.);
#5334=ORIENTED_EDGE('',*,*,#3789,.F.);
#5335=ORIENTED_EDGE('',*,*,#3790,.F.);
#5336=ORIENTED_EDGE('',*,*,#3791,.T.);
#5337=ORIENTED_EDGE('',*,*,#3790,.T.);
#5338=ORIENTED_EDGE('',*,*,#3792,.F.);
#5339=ORIENTED_EDGE('',*,*,#3793,.F.);
#5340=ORIENTED_EDGE('',*,*,#3794,.T.);
#5341=ORIENTED_EDGE('',*,*,#3793,.T.);
#5342=ORIENTED_EDGE('',*,*,#3795,.F.);
#5343=ORIENTED_EDGE('',*,*,#3796,.F.);
#5344=ORIENTED_EDGE('',*,*,#3797,.T.);
#5345=ORIENTED_EDGE('',*,*,#3796,.T.);
#5346=ORIENTED_EDGE('',*,*,#3798,.F.);
#5347=ORIENTED_EDGE('',*,*,#3799,.F.);
#5348=ORIENTED_EDGE('',*,*,#3800,.T.);
#5349=ORIENTED_EDGE('',*,*,#3799,.T.);
#5350=ORIENTED_EDGE('',*,*,#3801,.F.);
#5351=ORIENTED_EDGE('',*,*,#3802,.F.);
#5352=ORIENTED_EDGE('',*,*,#3803,.T.);
#5353=ORIENTED_EDGE('',*,*,#3802,.T.);
#5354=ORIENTED_EDGE('',*,*,#3804,.F.);
#5355=ORIENTED_EDGE('',*,*,#3805,.F.);
#5356=ORIENTED_EDGE('',*,*,#3806,.T.);
#5357=ORIENTED_EDGE('',*,*,#3805,.T.);
#5358=ORIENTED_EDGE('',*,*,#3807,.F.);
#5359=ORIENTED_EDGE('',*,*,#3808,.F.);
#5360=ORIENTED_EDGE('',*,*,#3809,.T.);
#5361=ORIENTED_EDGE('',*,*,#3808,.T.);
#5362=ORIENTED_EDGE('',*,*,#3810,.F.);
#5363=ORIENTED_EDGE('',*,*,#3811,.F.);
#5364=ORIENTED_EDGE('',*,*,#3812,.T.);
#5365=ORIENTED_EDGE('',*,*,#3811,.T.);
#5366=ORIENTED_EDGE('',*,*,#3813,.F.);
#5367=ORIENTED_EDGE('',*,*,#3814,.F.);
#5368=ORIENTED_EDGE('',*,*,#3815,.T.);
#5369=ORIENTED_EDGE('',*,*,#3814,.T.);
#5370=ORIENTED_EDGE('',*,*,#3816,.F.);
#5371=ORIENTED_EDGE('',*,*,#3817,.F.);
#5372=ORIENTED_EDGE('',*,*,#3818,.T.);
#5373=ORIENTED_EDGE('',*,*,#3817,.T.);
#5374=ORIENTED_EDGE('',*,*,#3819,.F.);
#5375=ORIENTED_EDGE('',*,*,#3820,.F.);
#5376=ORIENTED_EDGE('',*,*,#3821,.T.);
#5377=ORIENTED_EDGE('',*,*,#3820,.T.);
#5378=ORIENTED_EDGE('',*,*,#3822,.F.);
#5379=ORIENTED_EDGE('',*,*,#3823,.F.);
#5380=ORIENTED_EDGE('',*,*,#3824,.T.);
#5381=ORIENTED_EDGE('',*,*,#3823,.T.);
#5382=ORIENTED_EDGE('',*,*,#3825,.F.);
#5383=ORIENTED_EDGE('',*,*,#3826,.F.);
#5384=ORIENTED_EDGE('',*,*,#3827,.T.);
#5385=ORIENTED_EDGE('',*,*,#3826,.T.);
#5386=ORIENTED_EDGE('',*,*,#3828,.F.);
#5387=ORIENTED_EDGE('',*,*,#3829,.F.);
#5388=ORIENTED_EDGE('',*,*,#3830,.T.);
#5389=ORIENTED_EDGE('',*,*,#3829,.T.);
#5390=ORIENTED_EDGE('',*,*,#3831,.F.);
#5391=ORIENTED_EDGE('',*,*,#3832,.F.);
#5392=ORIENTED_EDGE('',*,*,#3833,.T.);
#5393=ORIENTED_EDGE('',*,*,#3832,.T.);
#5394=ORIENTED_EDGE('',*,*,#3834,.F.);
#5395=ORIENTED_EDGE('',*,*,#3788,.F.);
#5396=ORIENTED_EDGE('',*,*,#3833,.F.);
#5397=ORIENTED_EDGE('',*,*,#3787,.F.);
#5398=ORIENTED_EDGE('',*,*,#3791,.F.);
#5399=ORIENTED_EDGE('',*,*,#3794,.F.);
#5400=ORIENTED_EDGE('',*,*,#3797,.F.);
#5401=ORIENTED_EDGE('',*,*,#3800,.F.);
#5402=ORIENTED_EDGE('',*,*,#3803,.F.);
#5403=ORIENTED_EDGE('',*,*,#3806,.F.);
#5404=ORIENTED_EDGE('',*,*,#3809,.F.);
#5405=ORIENTED_EDGE('',*,*,#3812,.F.);
#5406=ORIENTED_EDGE('',*,*,#3815,.F.);
#5407=ORIENTED_EDGE('',*,*,#3818,.F.);
#5408=ORIENTED_EDGE('',*,*,#3821,.F.);
#5409=ORIENTED_EDGE('',*,*,#3824,.F.);
#5410=ORIENTED_EDGE('',*,*,#3827,.F.);
#5411=ORIENTED_EDGE('',*,*,#3830,.F.);
#5412=ORIENTED_EDGE('',*,*,#3834,.T.);
#5413=ORIENTED_EDGE('',*,*,#3831,.T.);
#5414=ORIENTED_EDGE('',*,*,#3828,.T.);
#5415=ORIENTED_EDGE('',*,*,#3825,.T.);
#5416=ORIENTED_EDGE('',*,*,#3822,.T.);
#5417=ORIENTED_EDGE('',*,*,#3819,.T.);
#5418=ORIENTED_EDGE('',*,*,#3816,.T.);
#5419=ORIENTED_EDGE('',*,*,#3813,.T.);
#5420=ORIENTED_EDGE('',*,*,#3810,.T.);
#5421=ORIENTED_EDGE('',*,*,#3807,.T.);
#5422=ORIENTED_EDGE('',*,*,#3804,.T.);
#5423=ORIENTED_EDGE('',*,*,#3801,.T.);
#5424=ORIENTED_EDGE('',*,*,#3798,.T.);
#5425=ORIENTED_EDGE('',*,*,#3795,.T.);
#5426=ORIENTED_EDGE('',*,*,#3792,.T.);
#5427=ORIENTED_EDGE('',*,*,#3789,.T.);
#5428=ORIENTED_EDGE('',*,*,#3835,.T.);
#5429=ORIENTED_EDGE('',*,*,#3836,.T.);
#5430=ORIENTED_EDGE('',*,*,#3837,.F.);
#5431=ORIENTED_EDGE('',*,*,#3838,.F.);
#5432=ORIENTED_EDGE('',*,*,#3839,.T.);
#5433=ORIENTED_EDGE('',*,*,#3838,.T.);
#5434=ORIENTED_EDGE('',*,*,#3840,.F.);
#5435=ORIENTED_EDGE('',*,*,#3841,.F.);
#5436=ORIENTED_EDGE('',*,*,#3842,.T.);
#5437=ORIENTED_EDGE('',*,*,#3841,.T.);
#5438=ORIENTED_EDGE('',*,*,#3843,.F.);
#5439=ORIENTED_EDGE('',*,*,#3844,.F.);
#5440=ORIENTED_EDGE('',*,*,#3845,.T.);
#5441=ORIENTED_EDGE('',*,*,#3844,.T.);
#5442=ORIENTED_EDGE('',*,*,#3846,.F.);
#5443=ORIENTED_EDGE('',*,*,#3847,.F.);
#5444=ORIENTED_EDGE('',*,*,#3848,.T.);
#5445=ORIENTED_EDGE('',*,*,#3847,.T.);
#5446=ORIENTED_EDGE('',*,*,#3849,.F.);
#5447=ORIENTED_EDGE('',*,*,#3850,.F.);
#5448=ORIENTED_EDGE('',*,*,#3851,.T.);
#5449=ORIENTED_EDGE('',*,*,#3850,.T.);
#5450=ORIENTED_EDGE('',*,*,#3852,.F.);
#5451=ORIENTED_EDGE('',*,*,#3853,.F.);
#5452=ORIENTED_EDGE('',*,*,#3854,.T.);
#5453=ORIENTED_EDGE('',*,*,#3853,.T.);
#5454=ORIENTED_EDGE('',*,*,#3855,.F.);
#5455=ORIENTED_EDGE('',*,*,#3856,.F.);
#5456=ORIENTED_EDGE('',*,*,#3857,.T.);
#5457=ORIENTED_EDGE('',*,*,#3856,.T.);
#5458=ORIENTED_EDGE('',*,*,#3858,.F.);
#5459=ORIENTED_EDGE('',*,*,#3859,.F.);
#5460=ORIENTED_EDGE('',*,*,#3860,.T.);
#5461=ORIENTED_EDGE('',*,*,#3859,.T.);
#5462=ORIENTED_EDGE('',*,*,#3861,.F.);
#5463=ORIENTED_EDGE('',*,*,#3862,.F.);
#5464=ORIENTED_EDGE('',*,*,#3863,.T.);
#5465=ORIENTED_EDGE('',*,*,#3862,.T.);
#5466=ORIENTED_EDGE('',*,*,#3864,.F.);
#5467=ORIENTED_EDGE('',*,*,#3836,.F.);
#5468=ORIENTED_EDGE('',*,*,#3863,.F.);
#5469=ORIENTED_EDGE('',*,*,#3835,.F.);
#5470=ORIENTED_EDGE('',*,*,#3839,.F.);
#5471=ORIENTED_EDGE('',*,*,#3842,.F.);
#5472=ORIENTED_EDGE('',*,*,#3845,.F.);
#5473=ORIENTED_EDGE('',*,*,#3848,.F.);
#5474=ORIENTED_EDGE('',*,*,#3851,.F.);
#5475=ORIENTED_EDGE('',*,*,#3854,.F.);
#5476=ORIENTED_EDGE('',*,*,#3857,.F.);
#5477=ORIENTED_EDGE('',*,*,#3860,.F.);
#5478=ORIENTED_EDGE('',*,*,#3864,.T.);
#5479=ORIENTED_EDGE('',*,*,#3861,.T.);
#5480=ORIENTED_EDGE('',*,*,#3858,.T.);
#5481=ORIENTED_EDGE('',*,*,#3855,.T.);
#5482=ORIENTED_EDGE('',*,*,#3852,.T.);
#5483=ORIENTED_EDGE('',*,*,#3849,.T.);
#5484=ORIENTED_EDGE('',*,*,#3846,.T.);
#5485=ORIENTED_EDGE('',*,*,#3843,.T.);
#5486=ORIENTED_EDGE('',*,*,#3840,.T.);
#5487=ORIENTED_EDGE('',*,*,#3837,.T.);
#5488=ORIENTED_EDGE('',*,*,#3865,.T.);
#5489=ORIENTED_EDGE('',*,*,#3866,.T.);
#5490=ORIENTED_EDGE('',*,*,#3867,.F.);
#5491=ORIENTED_EDGE('',*,*,#3868,.F.);
#5492=ORIENTED_EDGE('',*,*,#3869,.T.);
#5493=ORIENTED_EDGE('',*,*,#3868,.T.);
#5494=ORIENTED_EDGE('',*,*,#3870,.F.);
#5495=ORIENTED_EDGE('',*,*,#3871,.F.);
#5496=ORIENTED_EDGE('',*,*,#3872,.T.);
#5497=ORIENTED_EDGE('',*,*,#3871,.T.);
#5498=ORIENTED_EDGE('',*,*,#3873,.F.);
#5499=ORIENTED_EDGE('',*,*,#3874,.F.);
#5500=ORIENTED_EDGE('',*,*,#3875,.T.);
#5501=ORIENTED_EDGE('',*,*,#3874,.T.);
#5502=ORIENTED_EDGE('',*,*,#3876,.F.);
#5503=ORIENTED_EDGE('',*,*,#3877,.F.);
#5504=ORIENTED_EDGE('',*,*,#3878,.T.);
#5505=ORIENTED_EDGE('',*,*,#3877,.T.);
#5506=ORIENTED_EDGE('',*,*,#3879,.F.);
#5507=ORIENTED_EDGE('',*,*,#3880,.F.);
#5508=ORIENTED_EDGE('',*,*,#3881,.T.);
#5509=ORIENTED_EDGE('',*,*,#3880,.T.);
#5510=ORIENTED_EDGE('',*,*,#3882,.F.);
#5511=ORIENTED_EDGE('',*,*,#3883,.F.);
#5512=ORIENTED_EDGE('',*,*,#3884,.T.);
#5513=ORIENTED_EDGE('',*,*,#3883,.T.);
#5514=ORIENTED_EDGE('',*,*,#3885,.F.);
#5515=ORIENTED_EDGE('',*,*,#3886,.F.);
#5516=ORIENTED_EDGE('',*,*,#3887,.T.);
#5517=ORIENTED_EDGE('',*,*,#3886,.T.);
#5518=ORIENTED_EDGE('',*,*,#3888,.F.);
#5519=ORIENTED_EDGE('',*,*,#3889,.F.);
#5520=ORIENTED_EDGE('',*,*,#3890,.T.);
#5521=ORIENTED_EDGE('',*,*,#3889,.T.);
#5522=ORIENTED_EDGE('',*,*,#3891,.F.);
#5523=ORIENTED_EDGE('',*,*,#3892,.F.);
#5524=ORIENTED_EDGE('',*,*,#3893,.T.);
#5525=ORIENTED_EDGE('',*,*,#3892,.T.);
#5526=ORIENTED_EDGE('',*,*,#3894,.F.);
#5527=ORIENTED_EDGE('',*,*,#3895,.F.);
#5528=ORIENTED_EDGE('',*,*,#3896,.T.);
#5529=ORIENTED_EDGE('',*,*,#3895,.T.);
#5530=ORIENTED_EDGE('',*,*,#3897,.F.);
#5531=ORIENTED_EDGE('',*,*,#3898,.F.);
#5532=ORIENTED_EDGE('',*,*,#3899,.T.);
#5533=ORIENTED_EDGE('',*,*,#3898,.T.);
#5534=ORIENTED_EDGE('',*,*,#3900,.F.);
#5535=ORIENTED_EDGE('',*,*,#3901,.F.);
#5536=ORIENTED_EDGE('',*,*,#3902,.T.);
#5537=ORIENTED_EDGE('',*,*,#3901,.T.);
#5538=ORIENTED_EDGE('',*,*,#3903,.F.);
#5539=ORIENTED_EDGE('',*,*,#3904,.F.);
#5540=ORIENTED_EDGE('',*,*,#3905,.T.);
#5541=ORIENTED_EDGE('',*,*,#3904,.T.);
#5542=ORIENTED_EDGE('',*,*,#3906,.F.);
#5543=ORIENTED_EDGE('',*,*,#3907,.F.);
#5544=ORIENTED_EDGE('',*,*,#3908,.T.);
#5545=ORIENTED_EDGE('',*,*,#3907,.T.);
#5546=ORIENTED_EDGE('',*,*,#3909,.F.);
#5547=ORIENTED_EDGE('',*,*,#3910,.F.);
#5548=ORIENTED_EDGE('',*,*,#3911,.T.);
#5549=ORIENTED_EDGE('',*,*,#3910,.T.);
#5550=ORIENTED_EDGE('',*,*,#3912,.F.);
#5551=ORIENTED_EDGE('',*,*,#3913,.F.);
#5552=ORIENTED_EDGE('',*,*,#3914,.T.);
#5553=ORIENTED_EDGE('',*,*,#3913,.T.);
#5554=ORIENTED_EDGE('',*,*,#3915,.F.);
#5555=ORIENTED_EDGE('',*,*,#3916,.F.);
#5556=ORIENTED_EDGE('',*,*,#3917,.T.);
#5557=ORIENTED_EDGE('',*,*,#3916,.T.);
#5558=ORIENTED_EDGE('',*,*,#3918,.F.);
#5559=ORIENTED_EDGE('',*,*,#3919,.F.);
#5560=ORIENTED_EDGE('',*,*,#3920,.T.);
#5561=ORIENTED_EDGE('',*,*,#3919,.T.);
#5562=ORIENTED_EDGE('',*,*,#3921,.F.);
#5563=ORIENTED_EDGE('',*,*,#3922,.F.);
#5564=ORIENTED_EDGE('',*,*,#3923,.T.);
#5565=ORIENTED_EDGE('',*,*,#3922,.T.);
#5566=ORIENTED_EDGE('',*,*,#3924,.F.);
#5567=ORIENTED_EDGE('',*,*,#3925,.F.);
#5568=ORIENTED_EDGE('',*,*,#3926,.T.);
#5569=ORIENTED_EDGE('',*,*,#3925,.T.);
#5570=ORIENTED_EDGE('',*,*,#3927,.F.);
#5571=ORIENTED_EDGE('',*,*,#3866,.F.);
#5572=ORIENTED_EDGE('',*,*,#3926,.F.);
#5573=ORIENTED_EDGE('',*,*,#3865,.F.);
#5574=ORIENTED_EDGE('',*,*,#3869,.F.);
#5575=ORIENTED_EDGE('',*,*,#3872,.F.);
#5576=ORIENTED_EDGE('',*,*,#3875,.F.);
#5577=ORIENTED_EDGE('',*,*,#3878,.F.);
#5578=ORIENTED_EDGE('',*,*,#3881,.F.);
#5579=ORIENTED_EDGE('',*,*,#3884,.F.);
#5580=ORIENTED_EDGE('',*,*,#3887,.F.);
#5581=ORIENTED_EDGE('',*,*,#3890,.F.);
#5582=ORIENTED_EDGE('',*,*,#3893,.F.);
#5583=ORIENTED_EDGE('',*,*,#3896,.F.);
#5584=ORIENTED_EDGE('',*,*,#3899,.F.);
#5585=ORIENTED_EDGE('',*,*,#3902,.F.);
#5586=ORIENTED_EDGE('',*,*,#3905,.F.);
#5587=ORIENTED_EDGE('',*,*,#3908,.F.);
#5588=ORIENTED_EDGE('',*,*,#3911,.F.);
#5589=ORIENTED_EDGE('',*,*,#3914,.F.);
#5590=ORIENTED_EDGE('',*,*,#3917,.F.);
#5591=ORIENTED_EDGE('',*,*,#3920,.F.);
#5592=ORIENTED_EDGE('',*,*,#3923,.F.);
#5593=ORIENTED_EDGE('',*,*,#3927,.T.);
#5594=ORIENTED_EDGE('',*,*,#3924,.T.);
#5595=ORIENTED_EDGE('',*,*,#3921,.T.);
#5596=ORIENTED_EDGE('',*,*,#3918,.T.);
#5597=ORIENTED_EDGE('',*,*,#3915,.T.);
#5598=ORIENTED_EDGE('',*,*,#3912,.T.);
#5599=ORIENTED_EDGE('',*,*,#3909,.T.);
#5600=ORIENTED_EDGE('',*,*,#3906,.T.);
#5601=ORIENTED_EDGE('',*,*,#3903,.T.);
#5602=ORIENTED_EDGE('',*,*,#3900,.T.);
#5603=ORIENTED_EDGE('',*,*,#3897,.T.);
#5604=ORIENTED_EDGE('',*,*,#3894,.T.);
#5605=ORIENTED_EDGE('',*,*,#3891,.T.);
#5606=ORIENTED_EDGE('',*,*,#3888,.T.);
#5607=ORIENTED_EDGE('',*,*,#3885,.T.);
#5608=ORIENTED_EDGE('',*,*,#3882,.T.);
#5609=ORIENTED_EDGE('',*,*,#3879,.T.);
#5610=ORIENTED_EDGE('',*,*,#3876,.T.);
#5611=ORIENTED_EDGE('',*,*,#3873,.T.);
#5612=ORIENTED_EDGE('',*,*,#3870,.T.);
#5613=ORIENTED_EDGE('',*,*,#3867,.T.);
#5614=ORIENTED_EDGE('',*,*,#3928,.T.);
#5615=ORIENTED_EDGE('',*,*,#3929,.T.);
#5616=ORIENTED_EDGE('',*,*,#3930,.F.);
#5617=ORIENTED_EDGE('',*,*,#3931,.F.);
#5618=ORIENTED_EDGE('',*,*,#3932,.T.);
#5619=ORIENTED_EDGE('',*,*,#3931,.T.);
#5620=ORIENTED_EDGE('',*,*,#3933,.F.);
#5621=ORIENTED_EDGE('',*,*,#3934,.F.);
#5622=ORIENTED_EDGE('',*,*,#3935,.T.);
#5623=ORIENTED_EDGE('',*,*,#3934,.T.);
#5624=ORIENTED_EDGE('',*,*,#3936,.F.);
#5625=ORIENTED_EDGE('',*,*,#3937,.F.);
#5626=ORIENTED_EDGE('',*,*,#3938,.T.);
#5627=ORIENTED_EDGE('',*,*,#3937,.T.);
#5628=ORIENTED_EDGE('',*,*,#3939,.F.);
#5629=ORIENTED_EDGE('',*,*,#3940,.F.);
#5630=ORIENTED_EDGE('',*,*,#3941,.T.);
#5631=ORIENTED_EDGE('',*,*,#3940,.T.);
#5632=ORIENTED_EDGE('',*,*,#3942,.F.);
#5633=ORIENTED_EDGE('',*,*,#3943,.F.);
#5634=ORIENTED_EDGE('',*,*,#3944,.T.);
#5635=ORIENTED_EDGE('',*,*,#3943,.T.);
#5636=ORIENTED_EDGE('',*,*,#3945,.F.);
#5637=ORIENTED_EDGE('',*,*,#3946,.F.);
#5638=ORIENTED_EDGE('',*,*,#3947,.T.);
#5639=ORIENTED_EDGE('',*,*,#3946,.T.);
#5640=ORIENTED_EDGE('',*,*,#3948,.F.);
#5641=ORIENTED_EDGE('',*,*,#3949,.F.);
#5642=ORIENTED_EDGE('',*,*,#3950,.T.);
#5643=ORIENTED_EDGE('',*,*,#3949,.T.);
#5644=ORIENTED_EDGE('',*,*,#3951,.F.);
#5645=ORIENTED_EDGE('',*,*,#3952,.F.);
#5646=ORIENTED_EDGE('',*,*,#3953,.T.);
#5647=ORIENTED_EDGE('',*,*,#3952,.T.);
#5648=ORIENTED_EDGE('',*,*,#3954,.F.);
#5649=ORIENTED_EDGE('',*,*,#3955,.F.);
#5650=ORIENTED_EDGE('',*,*,#3956,.T.);
#5651=ORIENTED_EDGE('',*,*,#3955,.T.);
#5652=ORIENTED_EDGE('',*,*,#3957,.F.);
#5653=ORIENTED_EDGE('',*,*,#3958,.F.);
#5654=ORIENTED_EDGE('',*,*,#3959,.T.);
#5655=ORIENTED_EDGE('',*,*,#3958,.T.);
#5656=ORIENTED_EDGE('',*,*,#3960,.F.);
#5657=ORIENTED_EDGE('',*,*,#3961,.F.);
#5658=ORIENTED_EDGE('',*,*,#3962,.T.);
#5659=ORIENTED_EDGE('',*,*,#3961,.T.);
#5660=ORIENTED_EDGE('',*,*,#3963,.F.);
#5661=ORIENTED_EDGE('',*,*,#3964,.F.);
#5662=ORIENTED_EDGE('',*,*,#3965,.T.);
#5663=ORIENTED_EDGE('',*,*,#3964,.T.);
#5664=ORIENTED_EDGE('',*,*,#3966,.F.);
#5665=ORIENTED_EDGE('',*,*,#3967,.F.);
#5666=ORIENTED_EDGE('',*,*,#3968,.T.);
#5667=ORIENTED_EDGE('',*,*,#3967,.T.);
#5668=ORIENTED_EDGE('',*,*,#3969,.F.);
#5669=ORIENTED_EDGE('',*,*,#3970,.F.);
#5670=ORIENTED_EDGE('',*,*,#3971,.T.);
#5671=ORIENTED_EDGE('',*,*,#3970,.T.);
#5672=ORIENTED_EDGE('',*,*,#3972,.F.);
#5673=ORIENTED_EDGE('',*,*,#3929,.F.);
#5674=ORIENTED_EDGE('',*,*,#3973,.T.);
#5675=ORIENTED_EDGE('',*,*,#3974,.T.);
#5676=ORIENTED_EDGE('',*,*,#3975,.F.);
#5677=ORIENTED_EDGE('',*,*,#3976,.F.);
#5678=ORIENTED_EDGE('',*,*,#3977,.T.);
#5679=ORIENTED_EDGE('',*,*,#3976,.T.);
#5680=ORIENTED_EDGE('',*,*,#3978,.F.);
#5681=ORIENTED_EDGE('',*,*,#3979,.F.);
#5682=ORIENTED_EDGE('',*,*,#3980,.T.);
#5683=ORIENTED_EDGE('',*,*,#3979,.T.);
#5684=ORIENTED_EDGE('',*,*,#3981,.F.);
#5685=ORIENTED_EDGE('',*,*,#3982,.F.);
#5686=ORIENTED_EDGE('',*,*,#3983,.T.);
#5687=ORIENTED_EDGE('',*,*,#3982,.T.);
#5688=ORIENTED_EDGE('',*,*,#3984,.F.);
#5689=ORIENTED_EDGE('',*,*,#3985,.F.);
#5690=ORIENTED_EDGE('',*,*,#3986,.T.);
#5691=ORIENTED_EDGE('',*,*,#3985,.T.);
#5692=ORIENTED_EDGE('',*,*,#3987,.F.);
#5693=ORIENTED_EDGE('',*,*,#3988,.F.);
#5694=ORIENTED_EDGE('',*,*,#3989,.T.);
#5695=ORIENTED_EDGE('',*,*,#3988,.T.);
#5696=ORIENTED_EDGE('',*,*,#3990,.F.);
#5697=ORIENTED_EDGE('',*,*,#3991,.F.);
#5698=ORIENTED_EDGE('',*,*,#3992,.T.);
#5699=ORIENTED_EDGE('',*,*,#3991,.T.);
#5700=ORIENTED_EDGE('',*,*,#3993,.F.);
#5701=ORIENTED_EDGE('',*,*,#3994,.F.);
#5702=ORIENTED_EDGE('',*,*,#3995,.T.);
#5703=ORIENTED_EDGE('',*,*,#3994,.T.);
#5704=ORIENTED_EDGE('',*,*,#3996,.F.);
#5705=ORIENTED_EDGE('',*,*,#3997,.F.);
#5706=ORIENTED_EDGE('',*,*,#3998,.T.);
#5707=ORIENTED_EDGE('',*,*,#3997,.T.);
#5708=ORIENTED_EDGE('',*,*,#3999,.F.);
#5709=ORIENTED_EDGE('',*,*,#4000,.F.);
#5710=ORIENTED_EDGE('',*,*,#4001,.T.);
#5711=ORIENTED_EDGE('',*,*,#4000,.T.);
#5712=ORIENTED_EDGE('',*,*,#4002,.F.);
#5713=ORIENTED_EDGE('',*,*,#4003,.F.);
#5714=ORIENTED_EDGE('',*,*,#4004,.T.);
#5715=ORIENTED_EDGE('',*,*,#4003,.T.);
#5716=ORIENTED_EDGE('',*,*,#4005,.F.);
#5717=ORIENTED_EDGE('',*,*,#4006,.F.);
#5718=ORIENTED_EDGE('',*,*,#4007,.T.);
#5719=ORIENTED_EDGE('',*,*,#4006,.T.);
#5720=ORIENTED_EDGE('',*,*,#4008,.F.);
#5721=ORIENTED_EDGE('',*,*,#4009,.F.);
#5722=ORIENTED_EDGE('',*,*,#4010,.T.);
#5723=ORIENTED_EDGE('',*,*,#4009,.T.);
#5724=ORIENTED_EDGE('',*,*,#4011,.F.);
#5725=ORIENTED_EDGE('',*,*,#4012,.F.);
#5726=ORIENTED_EDGE('',*,*,#4013,.T.);
#5727=ORIENTED_EDGE('',*,*,#4012,.T.);
#5728=ORIENTED_EDGE('',*,*,#4014,.F.);
#5729=ORIENTED_EDGE('',*,*,#4015,.F.);
#5730=ORIENTED_EDGE('',*,*,#4016,.T.);
#5731=ORIENTED_EDGE('',*,*,#4015,.T.);
#5732=ORIENTED_EDGE('',*,*,#4017,.F.);
#5733=ORIENTED_EDGE('',*,*,#4018,.F.);
#5734=ORIENTED_EDGE('',*,*,#4019,.T.);
#5735=ORIENTED_EDGE('',*,*,#4018,.T.);
#5736=ORIENTED_EDGE('',*,*,#4020,.F.);
#5737=ORIENTED_EDGE('',*,*,#3974,.F.);
#5738=ORIENTED_EDGE('',*,*,#4019,.F.);
#5739=ORIENTED_EDGE('',*,*,#3973,.F.);
#5740=ORIENTED_EDGE('',*,*,#3977,.F.);
#5741=ORIENTED_EDGE('',*,*,#3980,.F.);
#5742=ORIENTED_EDGE('',*,*,#3983,.F.);
#5743=ORIENTED_EDGE('',*,*,#3986,.F.);
#5744=ORIENTED_EDGE('',*,*,#3989,.F.);
#5745=ORIENTED_EDGE('',*,*,#3992,.F.);
#5746=ORIENTED_EDGE('',*,*,#3995,.F.);
#5747=ORIENTED_EDGE('',*,*,#3998,.F.);
#5748=ORIENTED_EDGE('',*,*,#4001,.F.);
#5749=ORIENTED_EDGE('',*,*,#4004,.F.);
#5750=ORIENTED_EDGE('',*,*,#4007,.F.);
#5751=ORIENTED_EDGE('',*,*,#4010,.F.);
#5752=ORIENTED_EDGE('',*,*,#4013,.F.);
#5753=ORIENTED_EDGE('',*,*,#4016,.F.);
#5754=ORIENTED_EDGE('',*,*,#3971,.F.);
#5755=ORIENTED_EDGE('',*,*,#3928,.F.);
#5756=ORIENTED_EDGE('',*,*,#3932,.F.);
#5757=ORIENTED_EDGE('',*,*,#3935,.F.);
#5758=ORIENTED_EDGE('',*,*,#3938,.F.);
#5759=ORIENTED_EDGE('',*,*,#3941,.F.);
#5760=ORIENTED_EDGE('',*,*,#3944,.F.);
#5761=ORIENTED_EDGE('',*,*,#3947,.F.);
#5762=ORIENTED_EDGE('',*,*,#3950,.F.);
#5763=ORIENTED_EDGE('',*,*,#3953,.F.);
#5764=ORIENTED_EDGE('',*,*,#3956,.F.);
#5765=ORIENTED_EDGE('',*,*,#3959,.F.);
#5766=ORIENTED_EDGE('',*,*,#3962,.F.);
#5767=ORIENTED_EDGE('',*,*,#3965,.F.);
#5768=ORIENTED_EDGE('',*,*,#3968,.F.);
#5769=ORIENTED_EDGE('',*,*,#4020,.T.);
#5770=ORIENTED_EDGE('',*,*,#4017,.T.);
#5771=ORIENTED_EDGE('',*,*,#4014,.T.);
#5772=ORIENTED_EDGE('',*,*,#4011,.T.);
#5773=ORIENTED_EDGE('',*,*,#4008,.T.);
#5774=ORIENTED_EDGE('',*,*,#4005,.T.);
#5775=ORIENTED_EDGE('',*,*,#4002,.T.);
#5776=ORIENTED_EDGE('',*,*,#3999,.T.);
#5777=ORIENTED_EDGE('',*,*,#3996,.T.);
#5778=ORIENTED_EDGE('',*,*,#3993,.T.);
#5779=ORIENTED_EDGE('',*,*,#3990,.T.);
#5780=ORIENTED_EDGE('',*,*,#3987,.T.);
#5781=ORIENTED_EDGE('',*,*,#3984,.T.);
#5782=ORIENTED_EDGE('',*,*,#3981,.T.);
#5783=ORIENTED_EDGE('',*,*,#3978,.T.);
#5784=ORIENTED_EDGE('',*,*,#3975,.T.);
#5785=ORIENTED_EDGE('',*,*,#3972,.T.);
#5786=ORIENTED_EDGE('',*,*,#3969,.T.);
#5787=ORIENTED_EDGE('',*,*,#3966,.T.);
#5788=ORIENTED_EDGE('',*,*,#3963,.T.);
#5789=ORIENTED_EDGE('',*,*,#3960,.T.);
#5790=ORIENTED_EDGE('',*,*,#3957,.T.);
#5791=ORIENTED_EDGE('',*,*,#3954,.T.);
#5792=ORIENTED_EDGE('',*,*,#3951,.T.);
#5793=ORIENTED_EDGE('',*,*,#3948,.T.);
#5794=ORIENTED_EDGE('',*,*,#3945,.T.);
#5795=ORIENTED_EDGE('',*,*,#3942,.T.);
#5796=ORIENTED_EDGE('',*,*,#3939,.T.);
#5797=ORIENTED_EDGE('',*,*,#3936,.T.);
#5798=ORIENTED_EDGE('',*,*,#3933,.T.);
#5799=ORIENTED_EDGE('',*,*,#3930,.T.);
#5800=ORIENTED_EDGE('',*,*,#4021,.T.);
#5801=ORIENTED_EDGE('',*,*,#4022,.T.);
#5802=ORIENTED_EDGE('',*,*,#4023,.F.);
#5803=ORIENTED_EDGE('',*,*,#4024,.F.);
#5804=ORIENTED_EDGE('',*,*,#4025,.T.);
#5805=ORIENTED_EDGE('',*,*,#4024,.T.);
#5806=ORIENTED_EDGE('',*,*,#4026,.F.);
#5807=ORIENTED_EDGE('',*,*,#4027,.F.);
#5808=ORIENTED_EDGE('',*,*,#4028,.T.);
#5809=ORIENTED_EDGE('',*,*,#4027,.T.);
#5810=ORIENTED_EDGE('',*,*,#4029,.F.);
#5811=ORIENTED_EDGE('',*,*,#4030,.F.);
#5812=ORIENTED_EDGE('',*,*,#4031,.T.);
#5813=ORIENTED_EDGE('',*,*,#4030,.T.);
#5814=ORIENTED_EDGE('',*,*,#4032,.F.);
#5815=ORIENTED_EDGE('',*,*,#4033,.F.);
#5816=ORIENTED_EDGE('',*,*,#4034,.T.);
#5817=ORIENTED_EDGE('',*,*,#4033,.T.);
#5818=ORIENTED_EDGE('',*,*,#4035,.F.);
#5819=ORIENTED_EDGE('',*,*,#4036,.F.);
#5820=ORIENTED_EDGE('',*,*,#4037,.T.);
#5821=ORIENTED_EDGE('',*,*,#4036,.T.);
#5822=ORIENTED_EDGE('',*,*,#4038,.F.);
#5823=ORIENTED_EDGE('',*,*,#4039,.F.);
#5824=ORIENTED_EDGE('',*,*,#4040,.T.);
#5825=ORIENTED_EDGE('',*,*,#4039,.T.);
#5826=ORIENTED_EDGE('',*,*,#4041,.F.);
#5827=ORIENTED_EDGE('',*,*,#4042,.F.);
#5828=ORIENTED_EDGE('',*,*,#4043,.T.);
#5829=ORIENTED_EDGE('',*,*,#4042,.T.);
#5830=ORIENTED_EDGE('',*,*,#4044,.F.);
#5831=ORIENTED_EDGE('',*,*,#4045,.F.);
#5832=ORIENTED_EDGE('',*,*,#4046,.T.);
#5833=ORIENTED_EDGE('',*,*,#4045,.T.);
#5834=ORIENTED_EDGE('',*,*,#4047,.F.);
#5835=ORIENTED_EDGE('',*,*,#4022,.F.);
#5836=ORIENTED_EDGE('',*,*,#4048,.T.);
#5837=ORIENTED_EDGE('',*,*,#4049,.T.);
#5838=ORIENTED_EDGE('',*,*,#4050,.F.);
#5839=ORIENTED_EDGE('',*,*,#4051,.F.);
#5840=ORIENTED_EDGE('',*,*,#4052,.T.);
#5841=ORIENTED_EDGE('',*,*,#4051,.T.);
#5842=ORIENTED_EDGE('',*,*,#4053,.F.);
#5843=ORIENTED_EDGE('',*,*,#4054,.F.);
#5844=ORIENTED_EDGE('',*,*,#4055,.T.);
#5845=ORIENTED_EDGE('',*,*,#4054,.T.);
#5846=ORIENTED_EDGE('',*,*,#4056,.F.);
#5847=ORIENTED_EDGE('',*,*,#4057,.F.);
#5848=ORIENTED_EDGE('',*,*,#4058,.T.);
#5849=ORIENTED_EDGE('',*,*,#4057,.T.);
#5850=ORIENTED_EDGE('',*,*,#4059,.F.);
#5851=ORIENTED_EDGE('',*,*,#4060,.F.);
#5852=ORIENTED_EDGE('',*,*,#4061,.T.);
#5853=ORIENTED_EDGE('',*,*,#4060,.T.);
#5854=ORIENTED_EDGE('',*,*,#4062,.F.);
#5855=ORIENTED_EDGE('',*,*,#4063,.F.);
#5856=ORIENTED_EDGE('',*,*,#4064,.T.);
#5857=ORIENTED_EDGE('',*,*,#4063,.T.);
#5858=ORIENTED_EDGE('',*,*,#4065,.F.);
#5859=ORIENTED_EDGE('',*,*,#4066,.F.);
#5860=ORIENTED_EDGE('',*,*,#4067,.T.);
#5861=ORIENTED_EDGE('',*,*,#4066,.T.);
#5862=ORIENTED_EDGE('',*,*,#4068,.F.);
#5863=ORIENTED_EDGE('',*,*,#4069,.F.);
#5864=ORIENTED_EDGE('',*,*,#4070,.T.);
#5865=ORIENTED_EDGE('',*,*,#4069,.T.);
#5866=ORIENTED_EDGE('',*,*,#4071,.F.);
#5867=ORIENTED_EDGE('',*,*,#4072,.F.);
#5868=ORIENTED_EDGE('',*,*,#4073,.T.);
#5869=ORIENTED_EDGE('',*,*,#4072,.T.);
#5870=ORIENTED_EDGE('',*,*,#4074,.F.);
#5871=ORIENTED_EDGE('',*,*,#4075,.F.);
#5872=ORIENTED_EDGE('',*,*,#4076,.T.);
#5873=ORIENTED_EDGE('',*,*,#4075,.T.);
#5874=ORIENTED_EDGE('',*,*,#4077,.F.);
#5875=ORIENTED_EDGE('',*,*,#4078,.F.);
#5876=ORIENTED_EDGE('',*,*,#4079,.T.);
#5877=ORIENTED_EDGE('',*,*,#4078,.T.);
#5878=ORIENTED_EDGE('',*,*,#4080,.F.);
#5879=ORIENTED_EDGE('',*,*,#4081,.F.);
#5880=ORIENTED_EDGE('',*,*,#4082,.T.);
#5881=ORIENTED_EDGE('',*,*,#4081,.T.);
#5882=ORIENTED_EDGE('',*,*,#4083,.F.);
#5883=ORIENTED_EDGE('',*,*,#4084,.F.);
#5884=ORIENTED_EDGE('',*,*,#4085,.T.);
#5885=ORIENTED_EDGE('',*,*,#4084,.T.);
#5886=ORIENTED_EDGE('',*,*,#4086,.F.);
#5887=ORIENTED_EDGE('',*,*,#4087,.F.);
#5888=ORIENTED_EDGE('',*,*,#4088,.T.);
#5889=ORIENTED_EDGE('',*,*,#4087,.T.);
#5890=ORIENTED_EDGE('',*,*,#4089,.F.);
#5891=ORIENTED_EDGE('',*,*,#4090,.F.);
#5892=ORIENTED_EDGE('',*,*,#4091,.T.);
#5893=ORIENTED_EDGE('',*,*,#4090,.T.);
#5894=ORIENTED_EDGE('',*,*,#4092,.F.);
#5895=ORIENTED_EDGE('',*,*,#4093,.F.);
#5896=ORIENTED_EDGE('',*,*,#4094,.T.);
#5897=ORIENTED_EDGE('',*,*,#4093,.T.);
#5898=ORIENTED_EDGE('',*,*,#4095,.F.);
#5899=ORIENTED_EDGE('',*,*,#4096,.F.);
#5900=ORIENTED_EDGE('',*,*,#4097,.T.);
#5901=ORIENTED_EDGE('',*,*,#4096,.T.);
#5902=ORIENTED_EDGE('',*,*,#4098,.F.);
#5903=ORIENTED_EDGE('',*,*,#4049,.F.);
#5904=ORIENTED_EDGE('',*,*,#4097,.F.);
#5905=ORIENTED_EDGE('',*,*,#4048,.F.);
#5906=ORIENTED_EDGE('',*,*,#4052,.F.);
#5907=ORIENTED_EDGE('',*,*,#4055,.F.);
#5908=ORIENTED_EDGE('',*,*,#4058,.F.);
#5909=ORIENTED_EDGE('',*,*,#4061,.F.);
#5910=ORIENTED_EDGE('',*,*,#4064,.F.);
#5911=ORIENTED_EDGE('',*,*,#4067,.F.);
#5912=ORIENTED_EDGE('',*,*,#4070,.F.);
#5913=ORIENTED_EDGE('',*,*,#4073,.F.);
#5914=ORIENTED_EDGE('',*,*,#4076,.F.);
#5915=ORIENTED_EDGE('',*,*,#4079,.F.);
#5916=ORIENTED_EDGE('',*,*,#4082,.F.);
#5917=ORIENTED_EDGE('',*,*,#4085,.F.);
#5918=ORIENTED_EDGE('',*,*,#4088,.F.);
#5919=ORIENTED_EDGE('',*,*,#4091,.F.);
#5920=ORIENTED_EDGE('',*,*,#4094,.F.);
#5921=ORIENTED_EDGE('',*,*,#4046,.F.);
#5922=ORIENTED_EDGE('',*,*,#4021,.F.);
#5923=ORIENTED_EDGE('',*,*,#4025,.F.);
#5924=ORIENTED_EDGE('',*,*,#4028,.F.);
#5925=ORIENTED_EDGE('',*,*,#4031,.F.);
#5926=ORIENTED_EDGE('',*,*,#4034,.F.);
#5927=ORIENTED_EDGE('',*,*,#4037,.F.);
#5928=ORIENTED_EDGE('',*,*,#4040,.F.);
#5929=ORIENTED_EDGE('',*,*,#4043,.F.);
#5930=ORIENTED_EDGE('',*,*,#4098,.T.);
#5931=ORIENTED_EDGE('',*,*,#4095,.T.);
#5932=ORIENTED_EDGE('',*,*,#4092,.T.);
#5933=ORIENTED_EDGE('',*,*,#4089,.T.);
#5934=ORIENTED_EDGE('',*,*,#4086,.T.);
#5935=ORIENTED_EDGE('',*,*,#4083,.T.);
#5936=ORIENTED_EDGE('',*,*,#4080,.T.);
#5937=ORIENTED_EDGE('',*,*,#4077,.T.);
#5938=ORIENTED_EDGE('',*,*,#4074,.T.);
#5939=ORIENTED_EDGE('',*,*,#4071,.T.);
#5940=ORIENTED_EDGE('',*,*,#4068,.T.);
#5941=ORIENTED_EDGE('',*,*,#4065,.T.);
#5942=ORIENTED_EDGE('',*,*,#4062,.T.);
#5943=ORIENTED_EDGE('',*,*,#4059,.T.);
#5944=ORIENTED_EDGE('',*,*,#4056,.T.);
#5945=ORIENTED_EDGE('',*,*,#4053,.T.);
#5946=ORIENTED_EDGE('',*,*,#4050,.T.);
#5947=ORIENTED_EDGE('',*,*,#4047,.T.);
#5948=ORIENTED_EDGE('',*,*,#4044,.T.);
#5949=ORIENTED_EDGE('',*,*,#4041,.T.);
#5950=ORIENTED_EDGE('',*,*,#4038,.T.);
#5951=ORIENTED_EDGE('',*,*,#4035,.T.);
#5952=ORIENTED_EDGE('',*,*,#4032,.T.);
#5953=ORIENTED_EDGE('',*,*,#4029,.T.);
#5954=ORIENTED_EDGE('',*,*,#4026,.T.);
#5955=ORIENTED_EDGE('',*,*,#4023,.T.);
#5956=ORIENTED_EDGE('',*,*,#4099,.T.);
#5957=ORIENTED_EDGE('',*,*,#4100,.T.);
#5958=ORIENTED_EDGE('',*,*,#4101,.F.);
#5959=ORIENTED_EDGE('',*,*,#4102,.F.);
#5960=ORIENTED_EDGE('',*,*,#4103,.T.);
#5961=ORIENTED_EDGE('',*,*,#4102,.T.);
#5962=ORIENTED_EDGE('',*,*,#4104,.F.);
#5963=ORIENTED_EDGE('',*,*,#4105,.F.);
#5964=ORIENTED_EDGE('',*,*,#4106,.T.);
#5965=ORIENTED_EDGE('',*,*,#4105,.T.);
#5966=ORIENTED_EDGE('',*,*,#4107,.F.);
#5967=ORIENTED_EDGE('',*,*,#4108,.F.);
#5968=ORIENTED_EDGE('',*,*,#4109,.T.);
#5969=ORIENTED_EDGE('',*,*,#4108,.T.);
#5970=ORIENTED_EDGE('',*,*,#4110,.F.);
#5971=ORIENTED_EDGE('',*,*,#4111,.F.);
#5972=ORIENTED_EDGE('',*,*,#4112,.T.);
#5973=ORIENTED_EDGE('',*,*,#4111,.T.);
#5974=ORIENTED_EDGE('',*,*,#4113,.F.);
#5975=ORIENTED_EDGE('',*,*,#4114,.F.);
#5976=ORIENTED_EDGE('',*,*,#4115,.T.);
#5977=ORIENTED_EDGE('',*,*,#4114,.T.);
#5978=ORIENTED_EDGE('',*,*,#4116,.F.);
#5979=ORIENTED_EDGE('',*,*,#4117,.F.);
#5980=ORIENTED_EDGE('',*,*,#4118,.T.);
#5981=ORIENTED_EDGE('',*,*,#4117,.T.);
#5982=ORIENTED_EDGE('',*,*,#4119,.F.);
#5983=ORIENTED_EDGE('',*,*,#4120,.F.);
#5984=ORIENTED_EDGE('',*,*,#4121,.T.);
#5985=ORIENTED_EDGE('',*,*,#4120,.T.);
#5986=ORIENTED_EDGE('',*,*,#4122,.F.);
#5987=ORIENTED_EDGE('',*,*,#4123,.F.);
#5988=ORIENTED_EDGE('',*,*,#4124,.T.);
#5989=ORIENTED_EDGE('',*,*,#4123,.T.);
#5990=ORIENTED_EDGE('',*,*,#4125,.F.);
#5991=ORIENTED_EDGE('',*,*,#4126,.F.);
#5992=ORIENTED_EDGE('',*,*,#4127,.T.);
#5993=ORIENTED_EDGE('',*,*,#4126,.T.);
#5994=ORIENTED_EDGE('',*,*,#4128,.F.);
#5995=ORIENTED_EDGE('',*,*,#4129,.F.);
#5996=ORIENTED_EDGE('',*,*,#4130,.T.);
#5997=ORIENTED_EDGE('',*,*,#4129,.T.);
#5998=ORIENTED_EDGE('',*,*,#4131,.F.);
#5999=ORIENTED_EDGE('',*,*,#4132,.F.);
#6000=ORIENTED_EDGE('',*,*,#4133,.T.);
#6001=ORIENTED_EDGE('',*,*,#4132,.T.);
#6002=ORIENTED_EDGE('',*,*,#4134,.F.);
#6003=ORIENTED_EDGE('',*,*,#4135,.F.);
#6004=ORIENTED_EDGE('',*,*,#4136,.T.);
#6005=ORIENTED_EDGE('',*,*,#4135,.T.);
#6006=ORIENTED_EDGE('',*,*,#4137,.F.);
#6007=ORIENTED_EDGE('',*,*,#4138,.F.);
#6008=ORIENTED_EDGE('',*,*,#4139,.T.);
#6009=ORIENTED_EDGE('',*,*,#4138,.T.);
#6010=ORIENTED_EDGE('',*,*,#4140,.F.);
#6011=ORIENTED_EDGE('',*,*,#4141,.F.);
#6012=ORIENTED_EDGE('',*,*,#4142,.T.);
#6013=ORIENTED_EDGE('',*,*,#4141,.T.);
#6014=ORIENTED_EDGE('',*,*,#4143,.F.);
#6015=ORIENTED_EDGE('',*,*,#4144,.F.);
#6016=ORIENTED_EDGE('',*,*,#4145,.T.);
#6017=ORIENTED_EDGE('',*,*,#4144,.T.);
#6018=ORIENTED_EDGE('',*,*,#4146,.F.);
#6019=ORIENTED_EDGE('',*,*,#4147,.F.);
#6020=ORIENTED_EDGE('',*,*,#4148,.T.);
#6021=ORIENTED_EDGE('',*,*,#4147,.T.);
#6022=ORIENTED_EDGE('',*,*,#4149,.F.);
#6023=ORIENTED_EDGE('',*,*,#4150,.F.);
#6024=ORIENTED_EDGE('',*,*,#4151,.T.);
#6025=ORIENTED_EDGE('',*,*,#4150,.T.);
#6026=ORIENTED_EDGE('',*,*,#4152,.F.);
#6027=ORIENTED_EDGE('',*,*,#4153,.F.);
#6028=ORIENTED_EDGE('',*,*,#4154,.T.);
#6029=ORIENTED_EDGE('',*,*,#4153,.T.);
#6030=ORIENTED_EDGE('',*,*,#4155,.F.);
#6031=ORIENTED_EDGE('',*,*,#4100,.F.);
#6032=ORIENTED_EDGE('',*,*,#4154,.F.);
#6033=ORIENTED_EDGE('',*,*,#4099,.F.);
#6034=ORIENTED_EDGE('',*,*,#4103,.F.);
#6035=ORIENTED_EDGE('',*,*,#4106,.F.);
#6036=ORIENTED_EDGE('',*,*,#4109,.F.);
#6037=ORIENTED_EDGE('',*,*,#4112,.F.);
#6038=ORIENTED_EDGE('',*,*,#4115,.F.);
#6039=ORIENTED_EDGE('',*,*,#4118,.F.);
#6040=ORIENTED_EDGE('',*,*,#4121,.F.);
#6041=ORIENTED_EDGE('',*,*,#4124,.F.);
#6042=ORIENTED_EDGE('',*,*,#4127,.F.);
#6043=ORIENTED_EDGE('',*,*,#4130,.F.);
#6044=ORIENTED_EDGE('',*,*,#4133,.F.);
#6045=ORIENTED_EDGE('',*,*,#4136,.F.);
#6046=ORIENTED_EDGE('',*,*,#4139,.F.);
#6047=ORIENTED_EDGE('',*,*,#4142,.F.);
#6048=ORIENTED_EDGE('',*,*,#4145,.F.);
#6049=ORIENTED_EDGE('',*,*,#4148,.F.);
#6050=ORIENTED_EDGE('',*,*,#4151,.F.);
#6051=ORIENTED_EDGE('',*,*,#4155,.T.);
#6052=ORIENTED_EDGE('',*,*,#4152,.T.);
#6053=ORIENTED_EDGE('',*,*,#4149,.T.);
#6054=ORIENTED_EDGE('',*,*,#4146,.T.);
#6055=ORIENTED_EDGE('',*,*,#4143,.T.);
#6056=ORIENTED_EDGE('',*,*,#4140,.T.);
#6057=ORIENTED_EDGE('',*,*,#4137,.T.);
#6058=ORIENTED_EDGE('',*,*,#4134,.T.);
#6059=ORIENTED_EDGE('',*,*,#4131,.T.);
#6060=ORIENTED_EDGE('',*,*,#4128,.T.);
#6061=ORIENTED_EDGE('',*,*,#4125,.T.);
#6062=ORIENTED_EDGE('',*,*,#4122,.T.);
#6063=ORIENTED_EDGE('',*,*,#4119,.T.);
#6064=ORIENTED_EDGE('',*,*,#4116,.T.);
#6065=ORIENTED_EDGE('',*,*,#4113,.T.);
#6066=ORIENTED_EDGE('',*,*,#4110,.T.);
#6067=ORIENTED_EDGE('',*,*,#4107,.T.);
#6068=ORIENTED_EDGE('',*,*,#4104,.T.);
#6069=ORIENTED_EDGE('',*,*,#4101,.T.);
#6070=PLANE('',#6630);
#6071=PLANE('',#6631);
#6072=PLANE('',#6632);
#6073=PLANE('',#6633);
#6074=PLANE('',#6642);
#6075=PLANE('',#6645);
#6076=PLANE('',#6646);
#6077=PLANE('',#6655);
#6078=PLANE('',#6658);
#6079=PLANE('',#6659);
#6080=PLANE('',#6660);
#6081=PLANE('',#6669);
#6082=PLANE('',#6670);
#6083=PLANE('',#6671);
#6084=PLANE('',#6674);
#6085=PLANE('',#6677);
#6086=PLANE('',#6680);
#6087=PLANE('',#6683);
#6088=PLANE('',#6688);
#6089=PLANE('',#6689);
#6090=PLANE('',#6724);
#6091=PLANE('',#6727);
#6092=PLANE('',#6730);
#6093=PLANE('',#6733);
#6094=PLANE('',#6736);
#6095=PLANE('',#6739);
#6096=PLANE('',#6742);
#6097=PLANE('',#6745);
#6098=PLANE('',#6748);
#6099=PLANE('',#6751);
#6100=PLANE('',#6754);
#6101=PLANE('',#6757);
#6102=PLANE('',#6760);
#6103=PLANE('',#6763);
#6104=PLANE('',#6768);
#6105=PLANE('',#6771);
#6106=PLANE('',#6774);
#6107=PLANE('',#6777);
#6108=PLANE('',#6780);
#6109=PLANE('',#6783);
#6110=PLANE('',#6786);
#6111=PLANE('',#6789);
#6112=PLANE('',#6796);
#6113=PLANE('',#6799);
#6114=PLANE('',#6802);
#6115=PLANE('',#6805);
#6116=PLANE('',#6812);
#6117=PLANE('',#6813);
#6118=PLANE('',#6814);
#6119=PLANE('',#6816);
#6120=PLANE('',#6819);
#6121=PLANE('',#6820);
#6122=PLANE('',#6821);
#6123=PLANE('',#6822);
#6124=PLANE('',#6823);
#6125=PLANE('',#6824);
#6126=PLANE('',#6825);
#6127=PLANE('',#6826);
#6128=PLANE('',#6827);
#6129=PLANE('',#6828);
#6130=PLANE('',#6829);
#6131=PLANE('',#6830);
#6132=PLANE('',#6831);
#6133=PLANE('',#6832);
#6134=PLANE('',#6833);
#6135=PLANE('',#6834);
#6136=PLANE('',#6835);
#6137=PLANE('',#6836);
#6138=PLANE('',#6837);
#6139=PLANE('',#6838);
#6140=PLANE('',#6839);
#6141=PLANE('',#6840);
#6142=PLANE('',#6841);
#6143=PLANE('',#6842);
#6144=PLANE('',#6843);
#6145=PLANE('',#6844);
#6146=PLANE('',#6845);
#6147=PLANE('',#6846);
#6148=PLANE('',#6847);
#6149=PLANE('',#6848);
#6150=PLANE('',#6849);
#6151=PLANE('',#6850);
#6152=PLANE('',#6851);
#6153=PLANE('',#6852);
#6154=PLANE('',#6853);
#6155=PLANE('',#6854);
#6156=PLANE('',#6855);
#6157=PLANE('',#6856);
#6158=PLANE('',#6857);
#6159=PLANE('',#6858);
#6160=PLANE('',#6859);
#6161=PLANE('',#6860);
#6162=PLANE('',#6861);
#6163=PLANE('',#6862);
#6164=PLANE('',#6863);
#6165=PLANE('',#6864);
#6166=PLANE('',#6865);
#6167=PLANE('',#6866);
#6168=PLANE('',#6867);
#6169=PLANE('',#6868);
#6170=PLANE('',#6869);
#6171=PLANE('',#6870);
#6172=PLANE('',#6871);
#6173=PLANE('',#6872);
#6174=PLANE('',#6873);
#6175=PLANE('',#6874);
#6176=PLANE('',#6875);
#6177=PLANE('',#6876);
#6178=PLANE('',#6877);
#6179=PLANE('',#6878);
#6180=PLANE('',#6879);
#6181=PLANE('',#6880);
#6182=PLANE('',#6881);
#6183=PLANE('',#6882);
#6184=PLANE('',#6883);
#6185=PLANE('',#6884);
#6186=PLANE('',#6885);
#6187=PLANE('',#6886);
#6188=PLANE('',#6887);
#6189=PLANE('',#6888);
#6190=PLANE('',#6889);
#6191=PLANE('',#6890);
#6192=PLANE('',#6891);
#6193=PLANE('',#6892);
#6194=PLANE('',#6893);
#6195=PLANE('',#6894);
#6196=PLANE('',#6895);
#6197=PLANE('',#6896);
#6198=PLANE('',#6897);
#6199=PLANE('',#6898);
#6200=PLANE('',#6899);
#6201=PLANE('',#6900);
#6202=PLANE('',#6901);
#6203=PLANE('',#6902);
#6204=PLANE('',#6903);
#6205=PLANE('',#6904);
#6206=PLANE('',#6905);
#6207=PLANE('',#6906);
#6208=PLANE('',#6907);
#6209=PLANE('',#6908);
#6210=PLANE('',#6909);
#6211=PLANE('',#6910);
#6212=PLANE('',#6911);
#6213=PLANE('',#6912);
#6214=PLANE('',#6913);
#6215=PLANE('',#6914);
#6216=PLANE('',#6915);
#6217=PLANE('',#6916);
#6218=PLANE('',#6917);
#6219=PLANE('',#6918);
#6220=PLANE('',#6919);
#6221=PLANE('',#6920);
#6222=PLANE('',#6921);
#6223=PLANE('',#6922);
#6224=PLANE('',#6923);
#6225=PLANE('',#6924);
#6226=PLANE('',#6925);
#6227=PLANE('',#6926);
#6228=PLANE('',#6927);
#6229=PLANE('',#6928);
#6230=PLANE('',#6929);
#6231=ADVANCED_FACE('',(#659),#6070,.F.);
#6232=ADVANCED_FACE('',(#660),#6071,.F.);
#6233=ADVANCED_FACE('',(#661),#6072,.F.);
#6234=ADVANCED_FACE('',(#662,#525,#526,#527,#528),#6073,.T.);
#6235=ADVANCED_FACE('',(#663),#6074,.T.);
#6236=ADVANCED_FACE('',(#664),#479,.T.);
#6237=ADVANCED_FACE('',(#665),#6075,.T.);
#6238=ADVANCED_FACE('',(#666,#529,#530,#531,#532),#6076,.F.);
#6239=ADVANCED_FACE('',(#667),#480,.T.);
#6240=ADVANCED_FACE('',(#668),#6077,.T.);
#6241=ADVANCED_FACE('',(#669),#481,.T.);
#6242=ADVANCED_FACE('',(#670),#482,.T.);
#6243=ADVANCED_FACE('',(#671),#6078,.T.);
#6244=ADVANCED_FACE('',(#672),#6079,.T.);
#6245=ADVANCED_FACE('',(#673),#6080,.T.);
#6246=ADVANCED_FACE('',(#674),#483,.F.);
#6247=ADVANCED_FACE('',(#675),#484,.F.);
#6248=ADVANCED_FACE('',(#676),#485,.F.);
#6249=ADVANCED_FACE('',(#677),#486,.F.);
#6250=ADVANCED_FACE('',(#678),#6081,.T.);
#6251=ADVANCED_FACE('',(#679),#6082,.T.);
#6252=ADVANCED_FACE('',(#680),#6083,.T.);
#6253=ADVANCED_FACE('',(#681),#487,.F.);
#6254=ADVANCED_FACE('',(#682,#533),#6084,.F.);
#6255=ADVANCED_FACE('',(#683),#488,.F.);
#6256=ADVANCED_FACE('',(#684,#534),#6085,.F.);
#6257=ADVANCED_FACE('',(#685),#489,.F.);
#6258=ADVANCED_FACE('',(#686,#535),#6086,.F.);
#6259=ADVANCED_FACE('',(#687),#490,.F.);
#6260=ADVANCED_FACE('',(#688,#536),#6087,.F.);
#6261=ADVANCED_FACE('',(#689),#491,.T.);
#6262=ADVANCED_FACE('',(#690),#6088,.T.);
#6263=ADVANCED_FACE('',(#691,#537,#538,#539,#540,#541,#542,#543,#544,#545,
#546,#547),#6089,.T.);
#6264=ADVANCED_FACE('',(#692),#492,.T.);
#6265=ADVANCED_FACE('',(#693),#6090,.T.);
#6266=ADVANCED_FACE('',(#694),#493,.T.);
#6267=ADVANCED_FACE('',(#695),#6091,.T.);
#6268=ADVANCED_FACE('',(#696),#494,.T.);
#6269=ADVANCED_FACE('',(#697),#6092,.T.);
#6270=ADVANCED_FACE('',(#698),#495,.F.);
#6271=ADVANCED_FACE('',(#699),#6093,.T.);
#6272=ADVANCED_FACE('',(#700),#496,.F.);
#6273=ADVANCED_FACE('',(#701),#6094,.T.);
#6274=ADVANCED_FACE('',(#702),#497,.F.);
#6275=ADVANCED_FACE('',(#703),#6095,.T.);
#6276=ADVANCED_FACE('',(#704),#498,.F.);
#6277=ADVANCED_FACE('',(#705),#6096,.T.);
#6278=ADVANCED_FACE('',(#706),#499,.F.);
#6279=ADVANCED_FACE('',(#707),#6097,.T.);
#6280=ADVANCED_FACE('',(#708),#500,.F.);
#6281=ADVANCED_FACE('',(#709),#6098,.T.);
#6282=ADVANCED_FACE('',(#710),#501,.F.);
#6283=ADVANCED_FACE('',(#711),#6099,.T.);
#6284=ADVANCED_FACE('',(#712),#502,.F.);
#6285=ADVANCED_FACE('',(#713),#6100,.T.);
#6286=ADVANCED_FACE('',(#714),#503,.F.);
#6287=ADVANCED_FACE('',(#715),#6101,.T.);
#6288=ADVANCED_FACE('',(#716),#504,.F.);
#6289=ADVANCED_FACE('',(#717),#6102,.T.);
#6290=ADVANCED_FACE('',(#718),#505,.F.);
#6291=ADVANCED_FACE('',(#719),#6103,.T.);
#6292=ADVANCED_FACE('',(#720),#506,.F.);
#6293=ADVANCED_FACE('',(#721),#507,.F.);
#6294=ADVANCED_FACE('',(#722),#6104,.T.);
#6295=ADVANCED_FACE('',(#723),#508,.F.);
#6296=ADVANCED_FACE('',(#724),#6105,.T.);
#6297=ADVANCED_FACE('',(#725),#509,.F.);
#6298=ADVANCED_FACE('',(#726),#6106,.T.);
#6299=ADVANCED_FACE('',(#727),#510,.F.);
#6300=ADVANCED_FACE('',(#728),#6107,.T.);
#6301=ADVANCED_FACE('',(#729),#511,.F.);
#6302=ADVANCED_FACE('',(#730),#6108,.T.);
#6303=ADVANCED_FACE('',(#731),#512,.F.);
#6304=ADVANCED_FACE('',(#732),#6109,.T.);
#6305=ADVANCED_FACE('',(#733),#513,.F.);
#6306=ADVANCED_FACE('',(#734),#6110,.T.);
#6307=ADVANCED_FACE('',(#735),#514,.F.);
#6308=ADVANCED_FACE('',(#736),#6111,.T.);
#6309=ADVANCED_FACE('',(#737),#515,.F.);
#6310=ADVANCED_FACE('',(#738),#516,.F.);
#6311=ADVANCED_FACE('',(#739),#517,.F.);
#6312=ADVANCED_FACE('',(#740),#6112,.T.);
#6313=ADVANCED_FACE('',(#741),#518,.F.);
#6314=ADVANCED_FACE('',(#742),#6113,.T.);
#6315=ADVANCED_FACE('',(#743),#519,.F.);
#6316=ADVANCED_FACE('',(#744),#6114,.T.);
#6317=ADVANCED_FACE('',(#745),#520,.F.);
#6318=ADVANCED_FACE('',(#746),#6115,.T.);
#6319=ADVANCED_FACE('',(#747),#521,.F.);
#6320=ADVANCED_FACE('',(#748),#522,.F.);
#6321=ADVANCED_FACE('',(#749),#523,.F.);
#6322=ADVANCED_FACE('',(#750),#6116,.T.);
#6323=ADVANCED_FACE('',(#751,#548,#549,#550,#551,#552,#553,#554,#555,#556,
#557,#558),#6117,.F.);
#6324=ADVANCED_FACE('',(#752),#6118,.F.);
#6325=ADVANCED_FACE('',(#753),#6119,.T.);
#6326=ADVANCED_FACE('',(#754),#524,.T.);
#6327=ADVANCED_FACE('',(#755),#307,.T.);
#6328=ADVANCED_FACE('',(#756),#308,.T.);
#6329=ADVANCED_FACE('',(#757),#309,.T.);
#6330=ADVANCED_FACE('',(#758),#310,.T.);
#6331=ADVANCED_FACE('',(#759),#311,.T.);
#6332=ADVANCED_FACE('',(#760),#312,.T.);
#6333=ADVANCED_FACE('',(#761),#313,.T.);
#6334=ADVANCED_FACE('',(#762),#314,.T.);
#6335=ADVANCED_FACE('',(#763),#315,.T.);
#6336=ADVANCED_FACE('',(#764),#316,.T.);
#6337=ADVANCED_FACE('',(#765),#6120,.T.);
#6338=ADVANCED_FACE('',(#766),#6121,.T.);
#6339=ADVANCED_FACE('',(#767),#6122,.T.);
#6340=ADVANCED_FACE('',(#768),#317,.T.);
#6341=ADVANCED_FACE('',(#769),#318,.T.);
#6342=ADVANCED_FACE('',(#770),#319,.T.);
#6343=ADVANCED_FACE('',(#771),#320,.T.);
#6344=ADVANCED_FACE('',(#772),#321,.T.);
#6345=ADVANCED_FACE('',(#773),#322,.T.);
#6346=ADVANCED_FACE('',(#774),#323,.T.);
#6347=ADVANCED_FACE('',(#775),#324,.T.);
#6348=ADVANCED_FACE('',(#776),#6123,.T.);
#6349=ADVANCED_FACE('',(#777),#325,.T.);
#6350=ADVANCED_FACE('',(#778),#326,.T.);
#6351=ADVANCED_FACE('',(#779),#327,.T.);
#6352=ADVANCED_FACE('',(#780),#328,.T.);
#6353=ADVANCED_FACE('',(#781),#6124,.T.);
#6354=ADVANCED_FACE('',(#782),#6125,.T.);
#6355=ADVANCED_FACE('',(#783),#329,.T.);
#6356=ADVANCED_FACE('',(#784),#330,.T.);
#6357=ADVANCED_FACE('',(#785),#331,.T.);
#6358=ADVANCED_FACE('',(#786),#332,.T.);
#6359=ADVANCED_FACE('',(#787),#333,.T.);
#6360=ADVANCED_FACE('',(#788),#334,.T.);
#6361=ADVANCED_FACE('',(#789),#335,.T.);
#6362=ADVANCED_FACE('',(#790),#336,.T.);
#6363=ADVANCED_FACE('',(#791),#6126,.T.);
#6364=ADVANCED_FACE('',(#792),#6127,.T.);
#6365=ADVANCED_FACE('',(#793,#559),#6128,.T.);
#6366=ADVANCED_FACE('',(#794,#560),#6129,.F.);
#6367=ADVANCED_FACE('',(#795),#337,.T.);
#6368=ADVANCED_FACE('',(#796),#338,.T.);
#6369=ADVANCED_FACE('',(#797),#339,.T.);
#6370=ADVANCED_FACE('',(#798),#340,.T.);
#6371=ADVANCED_FACE('',(#799),#341,.T.);
#6372=ADVANCED_FACE('',(#800),#342,.T.);
#6373=ADVANCED_FACE('',(#801),#343,.T.);
#6374=ADVANCED_FACE('',(#802),#344,.T.);
#6375=ADVANCED_FACE('',(#803),#6130,.T.);
#6376=ADVANCED_FACE('',(#804),#345,.T.);
#6377=ADVANCED_FACE('',(#805),#346,.T.);
#6378=ADVANCED_FACE('',(#806),#347,.T.);
#6379=ADVANCED_FACE('',(#807),#348,.T.);
#6380=ADVANCED_FACE('',(#808),#349,.T.);
#6381=ADVANCED_FACE('',(#809),#350,.T.);
#6382=ADVANCED_FACE('',(#810),#351,.T.);
#6383=ADVANCED_FACE('',(#811),#352,.T.);
#6384=ADVANCED_FACE('',(#812),#353,.T.);
#6385=ADVANCED_FACE('',(#813),#354,.T.);
#6386=ADVANCED_FACE('',(#814),#355,.T.);
#6387=ADVANCED_FACE('',(#815),#356,.T.);
#6388=ADVANCED_FACE('',(#816),#357,.T.);
#6389=ADVANCED_FACE('',(#817),#6131,.T.);
#6390=ADVANCED_FACE('',(#818),#358,.T.);
#6391=ADVANCED_FACE('',(#819),#359,.T.);
#6392=ADVANCED_FACE('',(#820),#360,.T.);
#6393=ADVANCED_FACE('',(#821),#361,.T.);
#6394=ADVANCED_FACE('',(#822),#362,.T.);
#6395=ADVANCED_FACE('',(#823),#363,.T.);
#6396=ADVANCED_FACE('',(#824),#6132,.T.);
#6397=ADVANCED_FACE('',(#825),#364,.T.);
#6398=ADVANCED_FACE('',(#826),#365,.T.);
#6399=ADVANCED_FACE('',(#827),#366,.T.);
#6400=ADVANCED_FACE('',(#828,#561),#6133,.T.);
#6401=ADVANCED_FACE('',(#829,#562),#6134,.F.);
#6402=ADVANCED_FACE('',(#830),#367,.T.);
#6403=ADVANCED_FACE('',(#831),#368,.T.);
#6404=ADVANCED_FACE('',(#832),#369,.T.);
#6405=ADVANCED_FACE('',(#833),#370,.T.);
#6406=ADVANCED_FACE('',(#834),#6135,.T.);
#6407=ADVANCED_FACE('',(#835),#6136,.T.);
#6408=ADVANCED_FACE('',(#836),#6137,.T.);
#6409=ADVANCED_FACE('',(#837),#6138,.T.);
#6410=ADVANCED_FACE('',(#838),#6139,.T.);
#6411=ADVANCED_FACE('',(#839),#6140,.T.);
#6412=ADVANCED_FACE('',(#840),#6141,.T.);
#6413=ADVANCED_FACE('',(#841),#6142,.T.);
#6414=ADVANCED_FACE('',(#842),#6143,.T.);
#6415=ADVANCED_FACE('',(#843),#6144,.T.);
#6416=ADVANCED_FACE('',(#844),#6145,.T.);
#6417=ADVANCED_FACE('',(#845),#371,.T.);
#6418=ADVANCED_FACE('',(#846),#372,.T.);
#6419=ADVANCED_FACE('',(#847),#373,.T.);
#6420=ADVANCED_FACE('',(#848),#374,.T.);
#6421=ADVANCED_FACE('',(#849),#6146,.T.);
#6422=ADVANCED_FACE('',(#850),#6147,.T.);
#6423=ADVANCED_FACE('',(#851),#6148,.F.);
#6424=ADVANCED_FACE('',(#852),#6149,.T.);
#6425=ADVANCED_FACE('',(#853),#6150,.T.);
#6426=ADVANCED_FACE('',(#854),#6151,.T.);
#6427=ADVANCED_FACE('',(#855),#6152,.T.);
#6428=ADVANCED_FACE('',(#856),#6153,.T.);
#6429=ADVANCED_FACE('',(#857),#6154,.T.);
#6430=ADVANCED_FACE('',(#858),#6155,.T.);
#6431=ADVANCED_FACE('',(#859),#6156,.T.);
#6432=ADVANCED_FACE('',(#860),#6157,.T.);
#6433=ADVANCED_FACE('',(#861),#6158,.T.);
#6434=ADVANCED_FACE('',(#862),#6159,.T.);
#6435=ADVANCED_FACE('',(#863),#6160,.T.);
#6436=ADVANCED_FACE('',(#864),#6161,.T.);
#6437=ADVANCED_FACE('',(#865),#6162,.T.);
#6438=ADVANCED_FACE('',(#866),#6163,.T.);
#6439=ADVANCED_FACE('',(#867),#6164,.T.);
#6440=ADVANCED_FACE('',(#868),#6165,.T.);
#6441=ADVANCED_FACE('',(#869),#6166,.T.);
#6442=ADVANCED_FACE('',(#870),#6167,.T.);
#6443=ADVANCED_FACE('',(#871),#6168,.T.);
#6444=ADVANCED_FACE('',(#872),#6169,.T.);
#6445=ADVANCED_FACE('',(#873),#375,.T.);
#6446=ADVANCED_FACE('',(#874),#376,.T.);
#6447=ADVANCED_FACE('',(#875),#377,.T.);
#6448=ADVANCED_FACE('',(#876),#378,.T.);
#6449=ADVANCED_FACE('',(#877),#379,.T.);
#6450=ADVANCED_FACE('',(#878),#380,.T.);
#6451=ADVANCED_FACE('',(#879),#381,.T.);
#6452=ADVANCED_FACE('',(#880),#382,.T.);
#6453=ADVANCED_FACE('',(#881),#383,.T.);
#6454=ADVANCED_FACE('',(#882),#384,.T.);
#6455=ADVANCED_FACE('',(#883),#385,.T.);
#6456=ADVANCED_FACE('',(#884),#386,.T.);
#6457=ADVANCED_FACE('',(#885),#387,.T.);
#6458=ADVANCED_FACE('',(#886),#388,.T.);
#6459=ADVANCED_FACE('',(#887),#389,.T.);
#6460=ADVANCED_FACE('',(#888),#390,.T.);
#6461=ADVANCED_FACE('',(#889),#6170,.T.);
#6462=ADVANCED_FACE('',(#890),#6171,.F.);
#6463=ADVANCED_FACE('',(#891),#6172,.T.);
#6464=ADVANCED_FACE('',(#892),#6173,.T.);
#6465=ADVANCED_FACE('',(#893),#6174,.T.);
#6466=ADVANCED_FACE('',(#894),#6175,.T.);
#6467=ADVANCED_FACE('',(#895),#6176,.T.);
#6468=ADVANCED_FACE('',(#896),#6177,.T.);
#6469=ADVANCED_FACE('',(#897),#6178,.T.);
#6470=ADVANCED_FACE('',(#898),#6179,.T.);
#6471=ADVANCED_FACE('',(#899),#6180,.T.);
#6472=ADVANCED_FACE('',(#900),#6181,.T.);
#6473=ADVANCED_FACE('',(#901),#6182,.T.);
#6474=ADVANCED_FACE('',(#902),#6183,.T.);
#6475=ADVANCED_FACE('',(#903),#6184,.T.);
#6476=ADVANCED_FACE('',(#904),#6185,.T.);
#6477=ADVANCED_FACE('',(#905),#6186,.T.);
#6478=ADVANCED_FACE('',(#906),#6187,.T.);
#6479=ADVANCED_FACE('',(#907),#6188,.T.);
#6480=ADVANCED_FACE('',(#908),#6189,.T.);
#6481=ADVANCED_FACE('',(#909),#391,.T.);
#6482=ADVANCED_FACE('',(#910),#392,.T.);
#6483=ADVANCED_FACE('',(#911),#393,.T.);
#6484=ADVANCED_FACE('',(#912),#394,.T.);
#6485=ADVANCED_FACE('',(#913),#395,.T.);
#6486=ADVANCED_FACE('',(#914),#396,.T.);
#6487=ADVANCED_FACE('',(#915),#6190,.T.);
#6488=ADVANCED_FACE('',(#916),#397,.T.);
#6489=ADVANCED_FACE('',(#917),#398,.T.);
#6490=ADVANCED_FACE('',(#918),#399,.T.);
#6491=ADVANCED_FACE('',(#919),#400,.T.);
#6492=ADVANCED_FACE('',(#920),#401,.T.);
#6493=ADVANCED_FACE('',(#921),#402,.T.);
#6494=ADVANCED_FACE('',(#922),#6191,.T.);
#6495=ADVANCED_FACE('',(#923),#6192,.T.);
#6496=ADVANCED_FACE('',(#924),#6193,.T.);
#6497=ADVANCED_FACE('',(#925),#6194,.F.);
#6498=ADVANCED_FACE('',(#926),#403,.T.);
#6499=ADVANCED_FACE('',(#927),#404,.T.);
#6500=ADVANCED_FACE('',(#928),#405,.T.);
#6501=ADVANCED_FACE('',(#929),#406,.T.);
#6502=ADVANCED_FACE('',(#930),#407,.T.);
#6503=ADVANCED_FACE('',(#931),#6195,.T.);
#6504=ADVANCED_FACE('',(#932),#408,.T.);
#6505=ADVANCED_FACE('',(#933),#409,.T.);
#6506=ADVANCED_FACE('',(#934),#410,.T.);
#6507=ADVANCED_FACE('',(#935),#411,.T.);
#6508=ADVANCED_FACE('',(#936),#412,.T.);
#6509=ADVANCED_FACE('',(#937),#413,.T.);
#6510=ADVANCED_FACE('',(#938),#414,.T.);
#6511=ADVANCED_FACE('',(#939),#415,.T.);
#6512=ADVANCED_FACE('',(#940),#416,.T.);
#6513=ADVANCED_FACE('',(#941),#417,.T.);
#6514=ADVANCED_FACE('',(#942),#418,.T.);
#6515=ADVANCED_FACE('',(#943),#419,.T.);
#6516=ADVANCED_FACE('',(#944),#420,.T.);
#6517=ADVANCED_FACE('',(#945),#421,.T.);
#6518=ADVANCED_FACE('',(#946),#6196,.T.);
#6519=ADVANCED_FACE('',(#947),#6197,.T.);
#6520=ADVANCED_FACE('',(#948),#6198,.T.);
#6521=ADVANCED_FACE('',(#949),#6199,.T.);
#6522=ADVANCED_FACE('',(#950),#422,.T.);
#6523=ADVANCED_FACE('',(#951),#423,.T.);
#6524=ADVANCED_FACE('',(#952),#424,.T.);
#6525=ADVANCED_FACE('',(#953),#425,.T.);
#6526=ADVANCED_FACE('',(#954),#426,.T.);
#6527=ADVANCED_FACE('',(#955),#427,.T.);
#6528=ADVANCED_FACE('',(#956),#428,.T.);
#6529=ADVANCED_FACE('',(#957,#563),#6200,.T.);
#6530=ADVANCED_FACE('',(#958,#564),#6201,.F.);
#6531=ADVANCED_FACE('',(#959),#429,.T.);
#6532=ADVANCED_FACE('',(#960),#430,.T.);
#6533=ADVANCED_FACE('',(#961),#431,.T.);
#6534=ADVANCED_FACE('',(#962),#6202,.T.);
#6535=ADVANCED_FACE('',(#963),#432,.T.);
#6536=ADVANCED_FACE('',(#964),#433,.T.);
#6537=ADVANCED_FACE('',(#965),#434,.T.);
#6538=ADVANCED_FACE('',(#966),#435,.T.);
#6539=ADVANCED_FACE('',(#967),#436,.T.);
#6540=ADVANCED_FACE('',(#968),#437,.T.);
#6541=ADVANCED_FACE('',(#969),#438,.T.);
#6542=ADVANCED_FACE('',(#970),#439,.T.);
#6543=ADVANCED_FACE('',(#971),#440,.T.);
#6544=ADVANCED_FACE('',(#972),#441,.T.);
#6545=ADVANCED_FACE('',(#973),#6203,.T.);
#6546=ADVANCED_FACE('',(#974),#6204,.T.);
#6547=ADVANCED_FACE('',(#975),#6205,.T.);
#6548=ADVANCED_FACE('',(#976),#6206,.T.);
#6549=ADVANCED_FACE('',(#977),#6207,.T.);
#6550=ADVANCED_FACE('',(#978),#442,.T.);
#6551=ADVANCED_FACE('',(#979),#443,.T.);
#6552=ADVANCED_FACE('',(#980),#444,.T.);
#6553=ADVANCED_FACE('',(#981),#445,.T.);
#6554=ADVANCED_FACE('',(#982),#446,.T.);
#6555=ADVANCED_FACE('',(#983),#447,.T.);
#6556=ADVANCED_FACE('',(#984),#448,.T.);
#6557=ADVANCED_FACE('',(#985,#565),#6208,.T.);
#6558=ADVANCED_FACE('',(#986,#566),#6209,.F.);
#6559=ADVANCED_FACE('',(#987),#6210,.T.);
#6560=ADVANCED_FACE('',(#988),#6211,.T.);
#6561=ADVANCED_FACE('',(#989),#6212,.T.);
#6562=ADVANCED_FACE('',(#990),#6213,.T.);
#6563=ADVANCED_FACE('',(#991),#6214,.T.);
#6564=ADVANCED_FACE('',(#992),#6215,.T.);
#6565=ADVANCED_FACE('',(#993),#6216,.T.);
#6566=ADVANCED_FACE('',(#994),#6217,.T.);
#6567=ADVANCED_FACE('',(#995),#6218,.T.);
#6568=ADVANCED_FACE('',(#996),#6219,.T.);
#6569=ADVANCED_FACE('',(#997),#6220,.T.);
#6570=ADVANCED_FACE('',(#998),#6221,.T.);
#6571=ADVANCED_FACE('',(#999),#6222,.T.);
#6572=ADVANCED_FACE('',(#1000),#6223,.T.);
#6573=ADVANCED_FACE('',(#1001),#6224,.T.);
#6574=ADVANCED_FACE('',(#1002),#6225,.T.);
#6575=ADVANCED_FACE('',(#1003),#6226,.T.);
#6576=ADVANCED_FACE('',(#1004),#6227,.T.);
#6577=ADVANCED_FACE('',(#1005),#6228,.T.);
#6578=ADVANCED_FACE('',(#1006),#6229,.T.);
#6579=ADVANCED_FACE('',(#1007),#6230,.T.);
#6580=CLOSED_SHELL('',(#6231,#6232,#6233,#6234,#6235,#6236,#6237,#6238,
#6239,#6240,#6241,#6242,#6243,#6244,#6245,#6246,#6247,#6248,#6249,#6250,
#6251,#6252,#6253,#6254,#6255,#6256,#6257,#6258,#6259,#6260));
#6581=CLOSED_SHELL('',(#6261,#6262,#6263,#6264,#6265,#6266,#6267,#6268,
#6269,#6270,#6271,#6272,#6273,#6274,#6275,#6276,#6277,#6278,#6279,#6280,
#6281,#6282,#6283,#6284,#6285,#6286,#6287,#6288,#6289,#6290,#6291,#6292,
#6293,#6294,#6295,#6296,#6297,#6298,#6299,#6300,#6301,#6302,#6303,#6304,
#6305,#6306,#6307,#6308,#6309,#6310,#6311,#6312,#6313,#6314,#6315,#6316,
#6317,#6318,#6319,#6320,#6321,#6322,#6323));
#6582=CLOSED_SHELL('',(#6324,#6325,#6326));
#6583=CLOSED_SHELL('',(#6327,#6328,#6329,#6330,#6331,#6332,#6333,#6334,
#6335,#6336,#6337,#6338,#6339,#6340,#6341,#6342,#6343,#6344,#6345,#6346,
#6347,#6348,#6349,#6350,#6351,#6352,#6353,#6354,#6355,#6356,#6357,#6358,
#6359,#6360,#6361,#6362,#6363,#6364,#6365,#6366));
#6584=CLOSED_SHELL('',(#6367,#6368,#6369,#6370,#6371,#6372,#6373,#6374,
#6375,#6376,#6377,#6378,#6379,#6380,#6381,#6382,#6383,#6384,#6385,#6386,
#6387,#6388,#6389,#6390,#6391,#6392,#6393,#6394,#6395,#6396,#6397,#6398,
#6399,#6400,#6401));
#6585=CLOSED_SHELL('',(#6402,#6403,#6404,#6405,#6406,#6407,#6408,#6409,
#6410,#6411,#6412,#6413,#6414,#6415,#6416,#6417,#6418,#6419,#6420,#6421,
#6422,#6423));
#6586=CLOSED_SHELL('',(#6424,#6425,#6426,#6427,#6428,#6429,#6430,#6431,
#6432,#6433,#6434,#6435,#6436,#6437,#6438,#6439,#6440,#6441,#6442,#6443,
#6444));
#6587=CLOSED_SHELL('',(#6445,#6446,#6447,#6448,#6449,#6450,#6451,#6452,
#6453,#6454,#6455,#6456,#6457,#6458,#6459,#6460,#6461,#6462));
#6588=CLOSED_SHELL('',(#6463,#6464,#6465,#6466,#6467,#6468,#6469,#6470,
#6471,#6472,#6473,#6474));
#6589=CLOSED_SHELL('',(#6475,#6476,#6477,#6478,#6479,#6480,#6481,#6482,
#6483,#6484,#6485,#6486,#6487,#6488,#6489,#6490,#6491,#6492,#6493,#6494,
#6495,#6496,#6497));
#6590=CLOSED_SHELL('',(#6498,#6499,#6500,#6501,#6502,#6503,#6504,#6505,
#6506,#6507,#6508,#6509,#6510,#6511,#6512,#6513,#6514,#6515,#6516,#6517,
#6518,#6519,#6520,#6521,#6522,#6523,#6524,#6525,#6526,#6527,#6528,#6529,
#6530));
#6591=CLOSED_SHELL('',(#6531,#6532,#6533,#6534,#6535,#6536,#6537,#6538,
#6539,#6540,#6541,#6542,#6543,#6544,#6545,#6546,#6547,#6548,#6549,#6550,
#6551,#6552,#6553,#6554,#6555,#6556,#6557,#6558));
#6592=CLOSED_SHELL('',(#6559,#6560,#6561,#6562,#6563,#6564,#6565,#6566,
#6567,#6568,#6569,#6570,#6571,#6572,#6573,#6574,#6575,#6576,#6577,#6578,
#6579));
#6593=DERIVED_UNIT_ELEMENT(#6599,1.);
#6594=DERIVED_UNIT_ELEMENT(#12502,-3.);
#6595=DERIVED_UNIT_ELEMENT(#6599,1.);
#6596=DERIVED_UNIT_ELEMENT(#12502,-3.);
#6597=DERIVED_UNIT_ELEMENT(#6599,1.);
#6598=DERIVED_UNIT_ELEMENT(#12502,-3.);
#6599=(
MASS_UNIT()
NAMED_UNIT(*)
SI_UNIT(.KILO.,.GRAM.)
);
#6600=DERIVED_UNIT((#6593,#6594));
#6601=DERIVED_UNIT((#6595,#6596));
#6602=DERIVED_UNIT((#6597,#6598));
#6603=MEASURE_REPRESENTATION_ITEM('density measure',
POSITIVE_RATIO_MEASURE(7850.),#6600);
#6604=MEASURE_REPRESENTATION_ITEM('density measure',
POSITIVE_RATIO_MEASURE(7850.),#6601);
#6605=MEASURE_REPRESENTATION_ITEM('density measure',
POSITIVE_RATIO_MEASURE(7850.),#6602);
#6606=PROPERTY_DEFINITION_REPRESENTATION(#6621,#6612);
#6607=PROPERTY_DEFINITION_REPRESENTATION(#6622,#6613);
#6608=PROPERTY_DEFINITION_REPRESENTATION(#6623,#6614);
#6609=PROPERTY_DEFINITION_REPRESENTATION(#6624,#6615);
#6610=PROPERTY_DEFINITION_REPRESENTATION(#6625,#6616);
#6611=PROPERTY_DEFINITION_REPRESENTATION(#6626,#6617);
#6612=REPRESENTATION('material name',(#6618),#12497);
#6613=REPRESENTATION('density',(#6603),#12497);
#6614=REPRESENTATION('material name',(#6619),#12498);
#6615=REPRESENTATION('density',(#6604),#12498);
#6616=REPRESENTATION('material name',(#6620),#12499);
#6617=REPRESENTATION('density',(#6605),#12499);
#6618=DESCRIPTIVE_REPRESENTATION_ITEM('Steel','Steel');
#6619=DESCRIPTIVE_REPRESENTATION_ITEM('Steel','Steel');
#6620=DESCRIPTIVE_REPRESENTATION_ITEM('Steel','Steel');
#6621=PROPERTY_DEFINITION('material property','material name',#12522);
#6622=PROPERTY_DEFINITION('material property','density of part',#12522);
#6623=PROPERTY_DEFINITION('material property','material name',#12523);
#6624=PROPERTY_DEFINITION('material property','density of part',#12523);
#6625=PROPERTY_DEFINITION('material property','material name',#12524);
#6626=PROPERTY_DEFINITION('material property','density of part',#12524);
#6627=AXIS2_PLACEMENT_3D('',#8126,#6933,#6934);
#6628=AXIS2_PLACEMENT_3D('',#8127,#6935,#6936);
#6629=AXIS2_PLACEMENT_3D('',#8128,#6937,#6938);
#6630=AXIS2_PLACEMENT_3D('',#8129,#6939,#6940);
#6631=AXIS2_PLACEMENT_3D('',#8138,#6945,#6946);
#6632=AXIS2_PLACEMENT_3D('',#8147,#6951,#6952);
#6633=AXIS2_PLACEMENT_3D('',#8150,#6955,#6956);
#6634=AXIS2_PLACEMENT_3D('',#8154,#6958,#6959);
#6635=AXIS2_PLACEMENT_3D('',#8158,#6961,#6962);
#6636=AXIS2_PLACEMENT_3D('',#8162,#6964,#6965);
#6637=AXIS2_PLACEMENT_3D('',#8166,#6967,#6968);
#6638=AXIS2_PLACEMENT_3D('',#8178,#6975,#6976);
#6639=AXIS2_PLACEMENT_3D('',#8180,#6977,#6978);
#6640=AXIS2_PLACEMENT_3D('',#8182,#6979,#6980);
#6641=AXIS2_PLACEMENT_3D('',#8184,#6981,#6982);
#6642=AXIS2_PLACEMENT_3D('',#8185,#6983,#6984);
#6643=AXIS2_PLACEMENT_3D('',#8191,#6988,#6989);
#6644=AXIS2_PLACEMENT_3D('',#8193,#6990,#6991);
#6645=AXIS2_PLACEMENT_3D('',#8195,#6993,#6994);
#6646=AXIS2_PLACEMENT_3D('',#8199,#6997,#6998);
#6647=AXIS2_PLACEMENT_3D('',#8201,#6999,#7000);
#6648=AXIS2_PLACEMENT_3D('',#8205,#7002,#7003);
#6649=AXIS2_PLACEMENT_3D('',#8208,#7005,#7006);
#6650=AXIS2_PLACEMENT_3D('',#8210,#7007,#7008);
#6651=AXIS2_PLACEMENT_3D('',#8212,#7009,#7010);
#6652=AXIS2_PLACEMENT_3D('',#8214,#7011,#7012);
#6653=AXIS2_PLACEMENT_3D('',#8216,#7013,#7014);
#6654=AXIS2_PLACEMENT_3D('',#8217,#7015,#7016);
#6655=AXIS2_PLACEMENT_3D('',#8219,#7018,#7019);
#6656=AXIS2_PLACEMENT_3D('',#8221,#7021,#7022);
#6657=AXIS2_PLACEMENT_3D('',#8223,#7024,#7025);
#6658=AXIS2_PLACEMENT_3D('',#8225,#7027,#7028);
#6659=AXIS2_PLACEMENT_3D('',#8234,#7033,#7034);
#6660=AXIS2_PLACEMENT_3D('',#8237,#7037,#7038);
#6661=AXIS2_PLACEMENT_3D('',#8239,#7040,#7041);
#6662=AXIS2_PLACEMENT_3D('',#8241,#7042,#7043);
#6663=AXIS2_PLACEMENT_3D('',#8243,#7045,#7046);
#6664=AXIS2_PLACEMENT_3D('',#8245,#7047,#7048);
#6665=AXIS2_PLACEMENT_3D('',#8247,#7050,#7051);
#6666=AXIS2_PLACEMENT_3D('',#8249,#7052,#7053);
#6667=AXIS2_PLACEMENT_3D('',#8251,#7055,#7056);
#6668=AXIS2_PLACEMENT_3D('',#8253,#7057,#7058);
#6669=AXIS2_PLACEMENT_3D('',#8255,#7060,#7061);
#6670=AXIS2_PLACEMENT_3D('',#8257,#7063,#7064);
#6671=AXIS2_PLACEMENT_3D('',#8258,#7065,#7066);
#6672=AXIS2_PLACEMENT_3D('',#8259,#7067,#7068);
#6673=AXIS2_PLACEMENT_3D('',#8262,#7070,#7071);
#6674=AXIS2_PLACEMENT_3D('',#8263,#7072,#7073);
#6675=AXIS2_PLACEMENT_3D('',#8264,#7074,#7075);
#6676=AXIS2_PLACEMENT_3D('',#8267,#7077,#7078);
#6677=AXIS2_PLACEMENT_3D('',#8268,#7079,#7080);
#6678=AXIS2_PLACEMENT_3D('',#8269,#7081,#7082);
#6679=AXIS2_PLACEMENT_3D('',#8272,#7084,#7085);
#6680=AXIS2_PLACEMENT_3D('',#8273,#7086,#7087);
#6681=AXIS2_PLACEMENT_3D('',#8274,#7088,#7089);
#6682=AXIS2_PLACEMENT_3D('',#8277,#7091,#7092);
#6683=AXIS2_PLACEMENT_3D('',#8278,#7093,#7094);
#6684=AXIS2_PLACEMENT_3D('',#8279,#7095,#7096);
#6685=AXIS2_PLACEMENT_3D('',#8280,#7097,#7098);
#6686=AXIS2_PLACEMENT_3D('',#8283,#7099,#7100);
#6687=AXIS2_PLACEMENT_3D('',#8287,#7102,#7103);
#6688=AXIS2_PLACEMENT_3D('',#8289,#7105,#7106);
#6689=AXIS2_PLACEMENT_3D('',#8295,#7110,#7111);
#6690=AXIS2_PLACEMENT_3D('',#8299,#7113,#7114);
#6691=AXIS2_PLACEMENT_3D('',#8303,#7116,#7117);
#6692=AXIS2_PLACEMENT_3D('',#8306,#7119,#7120);
#6693=AXIS2_PLACEMENT_3D('',#8308,#7121,#7122);
#6694=AXIS2_PLACEMENT_3D('',#8310,#7123,#7124);
#6695=AXIS2_PLACEMENT_3D('',#8313,#7125,#7126);
#6696=AXIS2_PLACEMENT_3D('',#8317,#7128,#7129);
#6697=AXIS2_PLACEMENT_3D('',#8321,#7131,#7132);
#6698=AXIS2_PLACEMENT_3D('',#8325,#7134,#7135);
#6699=AXIS2_PLACEMENT_3D('',#8328,#7137,#7138);
#6700=AXIS2_PLACEMENT_3D('',#8330,#7139,#7140);
#6701=AXIS2_PLACEMENT_3D('',#8333,#7141,#7142);
#6702=AXIS2_PLACEMENT_3D('',#8337,#7144,#7145);
#6703=AXIS2_PLACEMENT_3D('',#8341,#7147,#7148);
#6704=AXIS2_PLACEMENT_3D('',#8345,#7150,#7151);
#6705=AXIS2_PLACEMENT_3D('',#8349,#7153,#7154);
#6706=AXIS2_PLACEMENT_3D('',#8353,#7156,#7157);
#6707=AXIS2_PLACEMENT_3D('',#8357,#7159,#7160);
#6708=AXIS2_PLACEMENT_3D('',#8361,#7162,#7163);
#6709=AXIS2_PLACEMENT_3D('',#8364,#7165,#7166);
#6710=AXIS2_PLACEMENT_3D('',#8367,#7167,#7168);
#6711=AXIS2_PLACEMENT_3D('',#8371,#7170,#7171);
#6712=AXIS2_PLACEMENT_3D('',#8375,#7173,#7174);
#6713=AXIS2_PLACEMENT_3D('',#8379,#7176,#7177);
#6714=AXIS2_PLACEMENT_3D('',#8383,#7179,#7180);
#6715=AXIS2_PLACEMENT_3D('',#8387,#7182,#7183);
#6716=AXIS2_PLACEMENT_3D('',#8391,#7185,#7186);
#6717=AXIS2_PLACEMENT_3D('',#8395,#7188,#7189);
#6718=AXIS2_PLACEMENT_3D('',#8399,#7191,#7192);
#6719=AXIS2_PLACEMENT_3D('',#8403,#7194,#7195);
#6720=AXIS2_PLACEMENT_3D('',#8407,#7197,#7198);
#6721=AXIS2_PLACEMENT_3D('',#8411,#7200,#7201);
#6722=AXIS2_PLACEMENT_3D('',#8413,#7203,#7204);
#6723=AXIS2_PLACEMENT_3D('',#8416,#7206,#7207);
#6724=AXIS2_PLACEMENT_3D('',#8417,#7208,#7209);
#6725=AXIS2_PLACEMENT_3D('',#8421,#7212,#7213);
#6726=AXIS2_PLACEMENT_3D('',#8424,#7215,#7216);
#6727=AXIS2_PLACEMENT_3D('',#8425,#7217,#7218);
#6728=AXIS2_PLACEMENT_3D('',#8429,#7221,#7222);
#6729=AXIS2_PLACEMENT_3D('',#8432,#7224,#7225);
#6730=AXIS2_PLACEMENT_3D('',#8433,#7226,#7227);
#6731=AXIS2_PLACEMENT_3D('',#8439,#7231,#7232);
#6732=AXIS2_PLACEMENT_3D('',#8441,#7233,#7234);
#6733=AXIS2_PLACEMENT_3D('',#8443,#7236,#7237);
#6734=AXIS2_PLACEMENT_3D('',#8447,#7240,#7241);
#6735=AXIS2_PLACEMENT_3D('',#8449,#7242,#7243);
#6736=AXIS2_PLACEMENT_3D('',#8451,#7245,#7246);
#6737=AXIS2_PLACEMENT_3D('',#8455,#7249,#7250);
#6738=AXIS2_PLACEMENT_3D('',#8457,#7251,#7252);
#6739=AXIS2_PLACEMENT_3D('',#8459,#7254,#7255);
#6740=AXIS2_PLACEMENT_3D('',#8463,#7258,#7259);
#6741=AXIS2_PLACEMENT_3D('',#8464,#7260,#7261);
#6742=AXIS2_PLACEMENT_3D('',#8465,#7262,#7263);
#6743=AXIS2_PLACEMENT_3D('',#8471,#7267,#7268);
#6744=AXIS2_PLACEMENT_3D('',#8473,#7269,#7270);
#6745=AXIS2_PLACEMENT_3D('',#8475,#7272,#7273);
#6746=AXIS2_PLACEMENT_3D('',#8479,#7276,#7277);
#6747=AXIS2_PLACEMENT_3D('',#8481,#7278,#7279);
#6748=AXIS2_PLACEMENT_3D('',#8483,#7281,#7282);
#6749=AXIS2_PLACEMENT_3D('',#8487,#7285,#7286);
#6750=AXIS2_PLACEMENT_3D('',#8489,#7287,#7288);
#6751=AXIS2_PLACEMENT_3D('',#8491,#7290,#7291);
#6752=AXIS2_PLACEMENT_3D('',#8495,#7294,#7295);
#6753=AXIS2_PLACEMENT_3D('',#8496,#7296,#7297);
#6754=AXIS2_PLACEMENT_3D('',#8497,#7298,#7299);
#6755=AXIS2_PLACEMENT_3D('',#8503,#7303,#7304);
#6756=AXIS2_PLACEMENT_3D('',#8505,#7305,#7306);
#6757=AXIS2_PLACEMENT_3D('',#8507,#7308,#7309);
#6758=AXIS2_PLACEMENT_3D('',#8511,#7312,#7313);
#6759=AXIS2_PLACEMENT_3D('',#8513,#7314,#7315);
#6760=AXIS2_PLACEMENT_3D('',#8515,#7317,#7318);
#6761=AXIS2_PLACEMENT_3D('',#8519,#7321,#7322);
#6762=AXIS2_PLACEMENT_3D('',#8521,#7323,#7324);
#6763=AXIS2_PLACEMENT_3D('',#8523,#7326,#7327);
#6764=AXIS2_PLACEMENT_3D('',#8527,#7330,#7331);
#6765=AXIS2_PLACEMENT_3D('',#8528,#7332,#7333);
#6766=AXIS2_PLACEMENT_3D('',#8529,#7334,#7335);
#6767=AXIS2_PLACEMENT_3D('',#8532,#7337,#7338);
#6768=AXIS2_PLACEMENT_3D('',#8533,#7339,#7340);
#6769=AXIS2_PLACEMENT_3D('',#8539,#7344,#7345);
#6770=AXIS2_PLACEMENT_3D('',#8541,#7346,#7347);
#6771=AXIS2_PLACEMENT_3D('',#8543,#7349,#7350);
#6772=AXIS2_PLACEMENT_3D('',#8547,#7353,#7354);
#6773=AXIS2_PLACEMENT_3D('',#8549,#7355,#7356);
#6774=AXIS2_PLACEMENT_3D('',#8551,#7358,#7359);
#6775=AXIS2_PLACEMENT_3D('',#8555,#7362,#7363);
#6776=AXIS2_PLACEMENT_3D('',#8557,#7364,#7365);
#6777=AXIS2_PLACEMENT_3D('',#8559,#7367,#7368);
#6778=AXIS2_PLACEMENT_3D('',#8563,#7371,#7372);
#6779=AXIS2_PLACEMENT_3D('',#8564,#7373,#7374);
#6780=AXIS2_PLACEMENT_3D('',#8565,#7375,#7376);
#6781=AXIS2_PLACEMENT_3D('',#8571,#7380,#7381);
#6782=AXIS2_PLACEMENT_3D('',#8573,#7382,#7383);
#6783=AXIS2_PLACEMENT_3D('',#8575,#7385,#7386);
#6784=AXIS2_PLACEMENT_3D('',#8579,#7389,#7390);
#6785=AXIS2_PLACEMENT_3D('',#8581,#7391,#7392);
#6786=AXIS2_PLACEMENT_3D('',#8583,#7394,#7395);
#6787=AXIS2_PLACEMENT_3D('',#8587,#7398,#7399);
#6788=AXIS2_PLACEMENT_3D('',#8589,#7400,#7401);
#6789=AXIS2_PLACEMENT_3D('',#8591,#7403,#7404);
#6790=AXIS2_PLACEMENT_3D('',#8595,#7407,#7408);
#6791=AXIS2_PLACEMENT_3D('',#8596,#7409,#7410);
#6792=AXIS2_PLACEMENT_3D('',#8597,#7411,#7412);
#6793=AXIS2_PLACEMENT_3D('',#8600,#7414,#7415);
#6794=AXIS2_PLACEMENT_3D('',#8601,#7416,#7417);
#6795=AXIS2_PLACEMENT_3D('',#8604,#7419,#7420);
#6796=AXIS2_PLACEMENT_3D('',#8605,#7421,#7422);
#6797=AXIS2_PLACEMENT_3D('',#8611,#7426,#7427);
#6798=AXIS2_PLACEMENT_3D('',#8613,#7428,#7429);
#6799=AXIS2_PLACEMENT_3D('',#8615,#7431,#7432);
#6800=AXIS2_PLACEMENT_3D('',#8619,#7435,#7436);
#6801=AXIS2_PLACEMENT_3D('',#8621,#7437,#7438);
#6802=AXIS2_PLACEMENT_3D('',#8623,#7440,#7441);
#6803=AXIS2_PLACEMENT_3D('',#8627,#7444,#7445);
#6804=AXIS2_PLACEMENT_3D('',#8629,#7446,#7447);
#6805=AXIS2_PLACEMENT_3D('',#8631,#7449,#7450);
#6806=AXIS2_PLACEMENT_3D('',#8635,#7453,#7454);
#6807=AXIS2_PLACEMENT_3D('',#8636,#7455,#7456);
#6808=AXIS2_PLACEMENT_3D('',#8637,#7457,#7458);
#6809=AXIS2_PLACEMENT_3D('',#8640,#7460,#7461);
#6810=AXIS2_PLACEMENT_3D('',#8641,#7462,#7463);
#6811=AXIS2_PLACEMENT_3D('',#8644,#7465,#7466);
#6812=AXIS2_PLACEMENT_3D('',#8645,#7467,#7468);
#6813=AXIS2_PLACEMENT_3D('',#8647,#7470,#7471);
#6814=AXIS2_PLACEMENT_3D('',#8648,#7472,#7473);
#6815=AXIS2_PLACEMENT_3D('',#8650,#7474,#7475);
#6816=AXIS2_PLACEMENT_3D('',#8651,#7476,#7477);
#6817=AXIS2_PLACEMENT_3D('',#8653,#7478,#7479);
#6818=AXIS2_PLACEMENT_3D('',#8654,#7480,#7481);
#6819=AXIS2_PLACEMENT_3D('',#8889,#7494,#7495);
#6820=AXIS2_PLACEMENT_3D('',#8895,#7499,#7500);
#6821=AXIS2_PLACEMENT_3D('',#8898,#7503,#7504);
#6822=AXIS2_PLACEMENT_3D('',#9091,#7517,#7518);
#6823=AXIS2_PLACEMENT_3D('',#9189,#7526,#7527);
#6824=AXIS2_PLACEMENT_3D('',#9195,#7531,#7532);
#6825=AXIS2_PLACEMENT_3D('',#9385,#7544,#7545);
#6826=AXIS2_PLACEMENT_3D('',#9391,#7549,#7550);
#6827=AXIS2_PLACEMENT_3D('',#9394,#7553,#7554);
#6828=AXIS2_PLACEMENT_3D('',#9395,#7555,#7556);
#6829=AXIS2_PLACEMENT_3D('',#9583,#7566,#7567);
#6830=AXIS2_PLACEMENT_3D('',#9888,#7584,#7585);
#6831=AXIS2_PLACEMENT_3D('',#10032,#7595,#7596);
#6832=AXIS2_PLACEMENT_3D('',#10104,#7602,#7603);
#6833=AXIS2_PLACEMENT_3D('',#10105,#7604,#7605);
#6834=AXIS2_PLACEMENT_3D('',#10201,#7611,#7612);
#6835=AXIS2_PLACEMENT_3D('',#10207,#7616,#7617);
#6836=AXIS2_PLACEMENT_3D('',#10213,#7621,#7622);
#6837=AXIS2_PLACEMENT_3D('',#10219,#7626,#7627);
#6838=AXIS2_PLACEMENT_3D('',#10225,#7631,#7632);
#6839=AXIS2_PLACEMENT_3D('',#10231,#7636,#7637);
#6840=AXIS2_PLACEMENT_3D('',#10237,#7641,#7642);
#6841=AXIS2_PLACEMENT_3D('',#10243,#7646,#7647);
#6842=AXIS2_PLACEMENT_3D('',#10249,#7651,#7652);
#6843=AXIS2_PLACEMENT_3D('',#10255,#7656,#7657);
#6844=AXIS2_PLACEMENT_3D('',#10261,#7661,#7662);
#6845=AXIS2_PLACEMENT_3D('',#10359,#7670,#7671);
#6846=AXIS2_PLACEMENT_3D('',#10362,#7674,#7675);
#6847=AXIS2_PLACEMENT_3D('',#10363,#7676,#7677);
#6848=AXIS2_PLACEMENT_3D('',#10364,#7678,#7679);
#6849=AXIS2_PLACEMENT_3D('',#10373,#7684,#7685);
#6850=AXIS2_PLACEMENT_3D('',#10379,#7689,#7690);
#6851=AXIS2_PLACEMENT_3D('',#10385,#7694,#7695);
#6852=AXIS2_PLACEMENT_3D('',#10391,#7699,#7700);
#6853=AXIS2_PLACEMENT_3D('',#10397,#7704,#7705);
#6854=AXIS2_PLACEMENT_3D('',#10403,#7709,#7710);
#6855=AXIS2_PLACEMENT_3D('',#10409,#7714,#7715);
#6856=AXIS2_PLACEMENT_3D('',#10415,#7719,#7720);
#6857=AXIS2_PLACEMENT_3D('',#10421,#7724,#7725);
#6858=AXIS2_PLACEMENT_3D('',#10427,#7729,#7730);
#6859=AXIS2_PLACEMENT_3D('',#10433,#7734,#7735);
#6860=AXIS2_PLACEMENT_3D('',#10439,#7739,#7740);
#6861=AXIS2_PLACEMENT_3D('',#10445,#7744,#7745);
#6862=AXIS2_PLACEMENT_3D('',#10451,#7749,#7750);
#6863=AXIS2_PLACEMENT_3D('',#10457,#7754,#7755);
#6864=AXIS2_PLACEMENT_3D('',#10463,#7759,#7760);
#6865=AXIS2_PLACEMENT_3D('',#10469,#7764,#7765);
#6866=AXIS2_PLACEMENT_3D('',#10475,#7769,#7770);
#6867=AXIS2_PLACEMENT_3D('',#10478,#7773,#7774);
#6868=AXIS2_PLACEMENT_3D('',#10479,#7775,#7776);
#6869=AXIS2_PLACEMENT_3D('',#10848,#7793,#7794);
#6870=AXIS2_PLACEMENT_3D('',#10849,#7795,#7796);
#6871=AXIS2_PLACEMENT_3D('',#10850,#7797,#7798);
#6872=AXIS2_PLACEMENT_3D('',#10859,#7803,#7804);
#6873=AXIS2_PLACEMENT_3D('',#10865,#7808,#7809);
#6874=AXIS2_PLACEMENT_3D('',#10871,#7813,#7814);
#6875=AXIS2_PLACEMENT_3D('',#10877,#7818,#7819);
#6876=AXIS2_PLACEMENT_3D('',#10883,#7823,#7824);
#6877=AXIS2_PLACEMENT_3D('',#10889,#7828,#7829);
#6878=AXIS2_PLACEMENT_3D('',#10895,#7833,#7834);
#6879=AXIS2_PLACEMENT_3D('',#10901,#7838,#7839);
#6880=AXIS2_PLACEMENT_3D('',#10907,#7843,#7844);
#6881=AXIS2_PLACEMENT_3D('',#10910,#7847,#7848);
#6882=AXIS2_PLACEMENT_3D('',#10911,#7849,#7850);
#6883=AXIS2_PLACEMENT_3D('',#10912,#7851,#7852);
#6884=AXIS2_PLACEMENT_3D('',#10921,#7857,#7858);
#6885=AXIS2_PLACEMENT_3D('',#10927,#7862,#7863);
#6886=AXIS2_PLACEMENT_3D('',#10933,#7867,#7868);
#6887=AXIS2_PLACEMENT_3D('',#10939,#7872,#7873);
#6888=AXIS2_PLACEMENT_3D('',#10945,#7877,#7878);
#6889=AXIS2_PLACEMENT_3D('',#11089,#7888,#7889);
#6890=AXIS2_PLACEMENT_3D('',#11233,#7899,#7900);
#6891=AXIS2_PLACEMENT_3D('',#11239,#7904,#7905);
#6892=AXIS2_PLACEMENT_3D('',#11242,#7908,#7909);
#6893=AXIS2_PLACEMENT_3D('',#11243,#7910,#7911);
#6894=AXIS2_PLACEMENT_3D('',#11362,#7918,#7919);
#6895=AXIS2_PLACEMENT_3D('',#11690,#7937,#7938);
#6896=AXIS2_PLACEMENT_3D('',#11696,#7942,#7943);
#6897=AXIS2_PLACEMENT_3D('',#11702,#7947,#7948);
#6898=AXIS2_PLACEMENT_3D('',#11708,#7952,#7953);
#6899=AXIS2_PLACEMENT_3D('',#11872,#7963,#7964);
#6900=AXIS2_PLACEMENT_3D('',#11873,#7965,#7966);
#6901=AXIS2_PLACEMENT_3D('',#11946,#7971,#7972);
#6902=AXIS2_PLACEMENT_3D('',#12182,#7986,#7987);
#6903=AXIS2_PLACEMENT_3D('',#12188,#7991,#7992);
#6904=AXIS2_PLACEMENT_3D('',#12194,#7996,#7997);
#6905=AXIS2_PLACEMENT_3D('',#12200,#8001,#8002);
#6906=AXIS2_PLACEMENT_3D('',#12206,#8006,#8007);
#6907=AXIS2_PLACEMENT_3D('',#12370,#8017,#8018);
#6908=AXIS2_PLACEMENT_3D('',#12371,#8019,#8020);
#6909=AXIS2_PLACEMENT_3D('',#12372,#8021,#8022);
#6910=AXIS2_PLACEMENT_3D('',#12381,#8027,#8028);
#6911=AXIS2_PLACEMENT_3D('',#12387,#8032,#8033);
#6912=AXIS2_PLACEMENT_3D('',#12393,#8037,#8038);
#6913=AXIS2_PLACEMENT_3D('',#12399,#8042,#8043);
#6914=AXIS2_PLACEMENT_3D('',#12405,#8047,#8048);
#6915=AXIS2_PLACEMENT_3D('',#12411,#8052,#8053);
#6916=AXIS2_PLACEMENT_3D('',#12417,#8057,#8058);
#6917=AXIS2_PLACEMENT_3D('',#12423,#8062,#8063);
#6918=AXIS2_PLACEMENT_3D('',#12429,#8067,#8068);
#6919=AXIS2_PLACEMENT_3D('',#12435,#8072,#8073);
#6920=AXIS2_PLACEMENT_3D('',#12441,#8077,#8078);
#6921=AXIS2_PLACEMENT_3D('',#12447,#8082,#8083);
#6922=AXIS2_PLACEMENT_3D('',#12453,#8087,#8088);
#6923=AXIS2_PLACEMENT_3D('',#12459,#8092,#8093);
#6924=AXIS2_PLACEMENT_3D('',#12465,#8097,#8098);
#6925=AXIS2_PLACEMENT_3D('',#12471,#8102,#8103);
#6926=AXIS2_PLACEMENT_3D('',#12477,#8107,#8108);
#6927=AXIS2_PLACEMENT_3D('',#12483,#8112,#8113);
#6928=AXIS2_PLACEMENT_3D('',#12486,#8116,#8117);
#6929=AXIS2_PLACEMENT_3D('',#12487,#8118,#8119);
#6930=AXIS2_PLACEMENT_3D('',#12488,#8120,#8121);
#6931=AXIS2_PLACEMENT_3D('',#12489,#8122,#8123);
#6932=AXIS2_PLACEMENT_3D('',#12490,#8124,#8125);
#6933=DIRECTION('axis',(0.,0.,1.));
#6934=DIRECTION('refdir',(1.,0.,0.));
#6935=DIRECTION('axis',(0.,0.,1.));
#6936=DIRECTION('refdir',(1.,0.,0.));
#6937=DIRECTION('axis',(0.,0.,1.));
#6938=DIRECTION('refdir',(1.,0.,0.));
#6939=DIRECTION('center_axis',(0.,1.,0.));
#6940=DIRECTION('ref_axis',(1.,0.,0.));
#6941=DIRECTION('',(1.,0.,0.));
#6942=DIRECTION('',(0.,0.,1.));
#6943=DIRECTION('',(1.,0.,0.));
#6944=DIRECTION('',(0.,0.,-1.));
#6945=DIRECTION('center_axis',(0.,-1.,0.));
#6946=DIRECTION('ref_axis',(-1.,0.,0.));
#6947=DIRECTION('',(-1.,0.,0.));
#6948=DIRECTION('',(0.,0.,1.));
#6949=DIRECTION('',(-1.,0.,0.));
#6950=DIRECTION('',(0.,0.,-1.));
#6951=DIRECTION('center_axis',(0.,0.,-1.));
#6952=DIRECTION('ref_axis',(-1.,0.,0.));
#6953=DIRECTION('',(0.,-1.,0.));
#6954=DIRECTION('',(0.,1.,0.));
#6955=DIRECTION('center_axis',(0.,0.,1.));
#6956=DIRECTION('ref_axis',(1.,0.,0.));
#6957=DIRECTION('',(0.,-1.,0.));
#6958=DIRECTION('center_axis',(0.,0.,-1.));
#6959=DIRECTION('ref_axis',(-0.707106781186547,-0.707106781186547,0.));
#6960=DIRECTION('',(1.,0.,0.));
#6961=DIRECTION('center_axis',(0.,0.,-1.));
#6962=DIRECTION('ref_axis',(0.707106781186547,-0.707106781186547,0.));
#6963=DIRECTION('',(0.,1.,0.));
#6964=DIRECTION('center_axis',(0.,0.,-1.));
#6965=DIRECTION('ref_axis',(0.707106781186547,0.707106781186547,0.));
#6966=DIRECTION('',(-1.,0.,0.));
#6967=DIRECTION('center_axis',(0.,0.,-1.));
#6968=DIRECTION('ref_axis',(-0.707106781186547,0.707106781186547,0.));
#6969=DIRECTION('',(0.,-1.,0.));
#6970=DIRECTION('',(0.,1.,0.));
#6971=DIRECTION('',(1.,0.,0.));
#6972=DIRECTION('',(0.,-1.,0.));
#6973=DIRECTION('',(-1.,0.,0.));
#6974=DIRECTION('',(0.,1.,0.));
#6975=DIRECTION('center_axis',(0.,0.,-1.));
#6976=DIRECTION('ref_axis',(1.,0.,0.));
#6977=DIRECTION('center_axis',(0.,0.,-1.));
#6978=DIRECTION('ref_axis',(1.,0.,0.));
#6979=DIRECTION('center_axis',(0.,0.,-1.));
#6980=DIRECTION('ref_axis',(1.,0.,0.));
#6981=DIRECTION('center_axis',(0.,0.,-1.));
#6982=DIRECTION('ref_axis',(1.,0.,0.));
#6983=DIRECTION('center_axis',(-1.,0.,0.));
#6984=DIRECTION('ref_axis',(0.,-1.,0.));
#6985=DIRECTION('',(0.,0.,1.));
#6986=DIRECTION('',(0.,1.,0.));
#6987=DIRECTION('',(0.,0.,-1.));
#6988=DIRECTION('center_axis',(0.,0.,1.));
#6989=DIRECTION('ref_axis',(-0.707106781186547,-0.707106781186547,0.));
#6990=DIRECTION('center_axis',(0.,0.,1.));
#6991=DIRECTION('ref_axis',(-0.707106781186547,-0.707106781186547,0.));
#6992=DIRECTION('',(0.,0.,1.));
#6993=DIRECTION('center_axis',(0.,-1.,0.));
#6994=DIRECTION('ref_axis',(1.,0.,0.));
#6995=DIRECTION('',(-1.,0.,0.));
#6996=DIRECTION('',(0.,0.,-1.));
#6997=DIRECTION('center_axis',(0.,0.,1.));
#6998=DIRECTION('ref_axis',(1.,0.,0.));
#6999=DIRECTION('center_axis',(0.,0.,1.));
#7000=DIRECTION('ref_axis',(-0.707106781186547,0.707106781186547,0.));
#7001=DIRECTION('',(1.,0.,0.));
#7002=DIRECTION('center_axis',(0.,0.,1.));
#7003=DIRECTION('ref_axis',(0.707106781186547,0.707106781186547,0.));
#7004=DIRECTION('',(0.,-1.,0.));
#7005=DIRECTION('center_axis',(0.,0.,1.));
#7006=DIRECTION('ref_axis',(0.707106781186547,-0.707106781186547,0.));
#7007=DIRECTION('center_axis',(0.,0.,-1.));
#7008=DIRECTION('ref_axis',(1.,0.,0.));
#7009=DIRECTION('center_axis',(0.,0.,-1.));
#7010=DIRECTION('ref_axis',(1.,0.,0.));
#7011=DIRECTION('center_axis',(0.,0.,-1.));
#7012=DIRECTION('ref_axis',(1.,0.,0.));
#7013=DIRECTION('center_axis',(0.,0.,-1.));
#7014=DIRECTION('ref_axis',(1.,0.,0.));
#7015=DIRECTION('center_axis',(0.,0.,1.));
#7016=DIRECTION('ref_axis',(-0.707106781186547,0.707106781186547,0.));
#7017=DIRECTION('',(0.,0.,-1.));
#7018=DIRECTION('center_axis',(0.,1.,0.));
#7019=DIRECTION('ref_axis',(-1.,0.,0.));
#7020=DIRECTION('',(0.,0.,1.));
#7021=DIRECTION('center_axis',(0.,0.,1.));
#7022=DIRECTION('ref_axis',(0.707106781186547,0.707106781186547,0.));
#7023=DIRECTION('',(0.,0.,-1.));
#7024=DIRECTION('center_axis',(0.,0.,1.));
#7025=DIRECTION('ref_axis',(0.707106781186547,-0.707106781186547,0.));
#7026=DIRECTION('',(0.,0.,1.));
#7027=DIRECTION('center_axis',(0.,0.,1.));
#7028=DIRECTION('ref_axis',(1.,0.,0.));
#7029=DIRECTION('',(-1.,0.,0.));
#7030=DIRECTION('',(0.,-1.,0.));
#7031=DIRECTION('',(1.,0.,0.));
#7032=DIRECTION('',(0.,1.,0.));
#7033=DIRECTION('center_axis',(0.,-1.,0.));
#7034=DIRECTION('ref_axis',(1.,0.,0.));
#7035=DIRECTION('',(0.,0.,1.));
#7036=DIRECTION('',(0.,0.,1.));
#7037=DIRECTION('center_axis',(-1.,0.,0.));
#7038=DIRECTION('ref_axis',(0.,-1.,0.));
#7039=DIRECTION('',(0.,0.,1.));
#7040=DIRECTION('center_axis',(0.,0.,1.));
#7041=DIRECTION('ref_axis',(1.,0.,0.));
#7042=DIRECTION('center_axis',(0.,0.,1.));
#7043=DIRECTION('ref_axis',(1.,0.,0.));
#7044=DIRECTION('',(0.,0.,-1.));
#7045=DIRECTION('center_axis',(0.,0.,1.));
#7046=DIRECTION('ref_axis',(1.,0.,0.));
#7047=DIRECTION('center_axis',(0.,0.,1.));
#7048=DIRECTION('ref_axis',(1.,0.,0.));
#7049=DIRECTION('',(0.,0.,-1.));
#7050=DIRECTION('center_axis',(0.,0.,1.));
#7051=DIRECTION('ref_axis',(1.,0.,0.));
#7052=DIRECTION('center_axis',(0.,0.,1.));
#7053=DIRECTION('ref_axis',(1.,0.,0.));
#7054=DIRECTION('',(0.,0.,-1.));
#7055=DIRECTION('center_axis',(0.,0.,1.));
#7056=DIRECTION('ref_axis',(1.,0.,0.));
#7057=DIRECTION('center_axis',(0.,0.,1.));
#7058=DIRECTION('ref_axis',(1.,0.,0.));
#7059=DIRECTION('',(0.,0.,-1.));
#7060=DIRECTION('center_axis',(1.,0.,0.));
#7061=DIRECTION('ref_axis',(0.,1.,0.));
#7062=DIRECTION('',(0.,0.,1.));
#7063=DIRECTION('center_axis',(0.,1.,0.));
#7064=DIRECTION('ref_axis',(-1.,0.,0.));
#7065=DIRECTION('center_axis',(1.,0.,0.));
#7066=DIRECTION('ref_axis',(0.,1.,0.));
#7067=DIRECTION('center_axis',(0.,0.,1.));
#7068=DIRECTION('ref_axis',(1.,0.,0.));
#7069=DIRECTION('',(0.,0.,-1.));
#7070=DIRECTION('center_axis',(0.,0.,-1.));
#7071=DIRECTION('ref_axis',(1.,0.,0.));
#7072=DIRECTION('center_axis',(0.,0.,1.));
#7073=DIRECTION('ref_axis',(1.,0.,0.));
#7074=DIRECTION('center_axis',(0.,0.,1.));
#7075=DIRECTION('ref_axis',(1.,0.,0.));
#7076=DIRECTION('',(0.,0.,-1.));
#7077=DIRECTION('center_axis',(0.,0.,-1.));
#7078=DIRECTION('ref_axis',(1.,0.,0.));
#7079=DIRECTION('center_axis',(0.,0.,1.));
#7080=DIRECTION('ref_axis',(1.,0.,0.));
#7081=DIRECTION('center_axis',(0.,0.,1.));
#7082=DIRECTION('ref_axis',(1.,0.,0.));
#7083=DIRECTION('',(0.,0.,-1.));
#7084=DIRECTION('center_axis',(0.,0.,-1.));
#7085=DIRECTION('ref_axis',(1.,0.,0.));
#7086=DIRECTION('center_axis',(0.,0.,1.));
#7087=DIRECTION('ref_axis',(1.,0.,0.));
#7088=DIRECTION('center_axis',(0.,0.,1.));
#7089=DIRECTION('ref_axis',(1.,0.,0.));
#7090=DIRECTION('',(0.,0.,-1.));
#7091=DIRECTION('center_axis',(0.,0.,-1.));
#7092=DIRECTION('ref_axis',(1.,0.,0.));
#7093=DIRECTION('center_axis',(0.,0.,1.));
#7094=DIRECTION('ref_axis',(1.,0.,0.));
#7095=DIRECTION('axis',(0.,0.,1.));
#7096=DIRECTION('refdir',(1.,0.,0.));
#7097=DIRECTION('center_axis',(0.,0.,1.));
#7098=DIRECTION('ref_axis',(-0.707106781186547,0.707106781186547,0.));
#7099=DIRECTION('center_axis',(0.,0.,-1.));
#7100=DIRECTION('ref_axis',(-0.707106781186547,0.707106781186547,0.));
#7101=DIRECTION('',(0.,0.,-1.));
#7102=DIRECTION('center_axis',(0.,0.,1.));
#7103=DIRECTION('ref_axis',(-0.707106781186547,0.707106781186547,0.));
#7104=DIRECTION('',(0.,0.,1.));
#7105=DIRECTION('center_axis',(0.,1.,0.));
#7106=DIRECTION('ref_axis',(-1.,0.,0.));
#7107=DIRECTION('',(-1.,0.,0.));
#7108=DIRECTION('',(0.,0.,1.));
#7109=DIRECTION('',(1.,0.,0.));
#7110=DIRECTION('center_axis',(0.,0.,1.));
#7111=DIRECTION('ref_axis',(1.,0.,0.));
#7112=DIRECTION('',(0.,-1.,0.));
#7113=DIRECTION('center_axis',(0.,0.,-1.));
#7114=DIRECTION('ref_axis',(-0.707106781186547,-0.707106781186547,0.));
#7115=DIRECTION('',(1.,0.,0.));
#7116=DIRECTION('center_axis',(0.,0.,-1.));
#7117=DIRECTION('ref_axis',(0.707106781186547,-0.707106781186547,0.));
#7118=DIRECTION('',(0.,1.,0.));
#7119=DIRECTION('center_axis',(0.,0.,-1.));
#7120=DIRECTION('ref_axis',(0.707106781186547,0.707106781186547,0.));
#7121=DIRECTION('center_axis',(0.,0.,-1.));
#7122=DIRECTION('ref_axis',(1.,0.,0.));
#7123=DIRECTION('center_axis',(0.,0.,-1.));
#7124=DIRECTION('ref_axis',(1.,0.,0.));
#7125=DIRECTION('center_axis',(0.,0.,-1.));
#7126=DIRECTION('ref_axis',(0.,1.,0.));
#7127=DIRECTION('',(1.,0.,0.));
#7128=DIRECTION('center_axis',(0.,0.,-1.));
#7129=DIRECTION('ref_axis',(1.,0.,0.));
#7130=DIRECTION('',(0.,-1.,0.));
#7131=DIRECTION('center_axis',(0.,0.,-1.));
#7132=DIRECTION('ref_axis',(0.,-1.,0.));
#7133=DIRECTION('',(-1.,0.,0.));
#7134=DIRECTION('center_axis',(0.,0.,-1.));
#7135=DIRECTION('ref_axis',(-1.,0.,0.));
#7136=DIRECTION('',(0.,1.,0.));
#7137=DIRECTION('center_axis',(0.,0.,-1.));
#7138=DIRECTION('ref_axis',(1.,0.,0.));
#7139=DIRECTION('center_axis',(0.,0.,-1.));
#7140=DIRECTION('ref_axis',(1.,0.,0.));
#7141=DIRECTION('center_axis',(0.,0.,-1.));
#7142=DIRECTION('ref_axis',(0.,1.,0.));
#7143=DIRECTION('',(1.,0.,0.));
#7144=DIRECTION('center_axis',(0.,0.,-1.));
#7145=DIRECTION('ref_axis',(1.,0.,0.));
#7146=DIRECTION('',(0.,-1.,0.));
#7147=DIRECTION('center_axis',(0.,0.,-1.));
#7148=DIRECTION('ref_axis',(0.,-1.,0.));
#7149=DIRECTION('',(-1.,0.,0.));
#7150=DIRECTION('center_axis',(0.,0.,-1.));
#7151=DIRECTION('ref_axis',(-1.,0.,0.));
#7152=DIRECTION('',(0.,1.,0.));
#7153=DIRECTION('center_axis',(0.,0.,-1.));
#7154=DIRECTION('ref_axis',(0.,1.,0.));
#7155=DIRECTION('',(1.,0.,0.));
#7156=DIRECTION('center_axis',(0.,0.,-1.));
#7157=DIRECTION('ref_axis',(1.,0.,0.));
#7158=DIRECTION('',(0.,-1.,0.));
#7159=DIRECTION('center_axis',(0.,0.,-1.));
#7160=DIRECTION('ref_axis',(0.,-1.,0.));
#7161=DIRECTION('',(-1.,0.,0.));
#7162=DIRECTION('center_axis',(0.,0.,-1.));
#7163=DIRECTION('ref_axis',(-1.,0.,0.));
#7164=DIRECTION('',(0.,1.,0.));
#7165=DIRECTION('center_axis',(0.,0.,-1.));
#7166=DIRECTION('ref_axis',(1.,0.,0.));
#7167=DIRECTION('center_axis',(0.,0.,-1.));
#7168=DIRECTION('ref_axis',(0.,1.,0.));
#7169=DIRECTION('',(1.,0.,0.));
#7170=DIRECTION('center_axis',(0.,0.,-1.));
#7171=DIRECTION('ref_axis',(1.,0.,0.));
#7172=DIRECTION('',(0.,-1.,0.));
#7173=DIRECTION('center_axis',(0.,0.,-1.));
#7174=DIRECTION('ref_axis',(0.,-1.,0.));
#7175=DIRECTION('',(-1.,0.,0.));
#7176=DIRECTION('center_axis',(0.,0.,-1.));
#7177=DIRECTION('ref_axis',(-1.,0.,0.));
#7178=DIRECTION('',(0.,1.,0.));
#7179=DIRECTION('center_axis',(0.,0.,-1.));
#7180=DIRECTION('ref_axis',(0.,1.,0.));
#7181=DIRECTION('',(1.,0.,0.));
#7182=DIRECTION('center_axis',(0.,0.,-1.));
#7183=DIRECTION('ref_axis',(1.,0.,0.));
#7184=DIRECTION('',(0.,-1.,0.));
#7185=DIRECTION('center_axis',(0.,0.,-1.));
#7186=DIRECTION('ref_axis',(0.,-1.,0.));
#7187=DIRECTION('',(-1.,0.,0.));
#7188=DIRECTION('center_axis',(0.,0.,-1.));
#7189=DIRECTION('ref_axis',(-1.,0.,0.));
#7190=DIRECTION('',(0.,1.,0.));
#7191=DIRECTION('center_axis',(0.,0.,-1.));
#7192=DIRECTION('ref_axis',(0.,1.,0.));
#7193=DIRECTION('',(1.,0.,0.));
#7194=DIRECTION('center_axis',(0.,0.,-1.));
#7195=DIRECTION('ref_axis',(1.,0.,0.));
#7196=DIRECTION('',(0.,-1.,0.));
#7197=DIRECTION('center_axis',(0.,0.,-1.));
#7198=DIRECTION('ref_axis',(0.,-1.,0.));
#7199=DIRECTION('',(-1.,0.,0.));
#7200=DIRECTION('center_axis',(0.,0.,-1.));
#7201=DIRECTION('ref_axis',(-1.,0.,0.));
#7202=DIRECTION('',(0.,1.,0.));
#7203=DIRECTION('center_axis',(0.,0.,1.));
#7204=DIRECTION('ref_axis',(0.707106781186547,0.707106781186547,0.));
#7205=DIRECTION('',(0.,0.,-1.));
#7206=DIRECTION('center_axis',(0.,0.,1.));
#7207=DIRECTION('ref_axis',(0.707106781186547,0.707106781186547,0.));
#7208=DIRECTION('center_axis',(1.,0.,0.));
#7209=DIRECTION('ref_axis',(0.,1.,0.));
#7210=DIRECTION('',(0.,0.,1.));
#7211=DIRECTION('',(0.,-1.,0.));
#7212=DIRECTION('center_axis',(0.,0.,1.));
#7213=DIRECTION('ref_axis',(0.707106781186547,-0.707106781186547,0.));
#7214=DIRECTION('',(0.,0.,-1.));
#7215=DIRECTION('center_axis',(0.,0.,1.));
#7216=DIRECTION('ref_axis',(0.707106781186547,-0.707106781186547,0.));
#7217=DIRECTION('center_axis',(0.,-1.,0.));
#7218=DIRECTION('ref_axis',(1.,0.,0.));
#7219=DIRECTION('',(0.,0.,1.));
#7220=DIRECTION('',(-1.,0.,0.));
#7221=DIRECTION('center_axis',(0.,0.,1.));
#7222=DIRECTION('ref_axis',(-0.707106781186547,-0.707106781186547,0.));
#7223=DIRECTION('',(0.,0.,-1.));
#7224=DIRECTION('center_axis',(0.,0.,1.));
#7225=DIRECTION('ref_axis',(-0.707106781186547,-0.707106781186547,0.));
#7226=DIRECTION('center_axis',(1.,0.,0.));
#7227=DIRECTION('ref_axis',(0.,1.,0.));
#7228=DIRECTION('',(0.,1.,0.));
#7229=DIRECTION('',(0.,0.,1.));
#7230=DIRECTION('',(0.,0.,1.));
#7231=DIRECTION('center_axis',(0.,0.,1.));
#7232=DIRECTION('ref_axis',(-1.,0.,0.));
#7233=DIRECTION('center_axis',(0.,0.,-1.));
#7234=DIRECTION('ref_axis',(-1.,0.,0.));
#7235=DIRECTION('',(0.,0.,1.));
#7236=DIRECTION('center_axis',(0.,1.,0.));
#7237=DIRECTION('ref_axis',(-1.,0.,0.));
#7238=DIRECTION('',(-1.,0.,0.));
#7239=DIRECTION('',(0.,0.,1.));
#7240=DIRECTION('center_axis',(0.,0.,1.));
#7241=DIRECTION('ref_axis',(0.,-1.,0.));
#7242=DIRECTION('center_axis',(0.,0.,-1.));
#7243=DIRECTION('ref_axis',(0.,-1.,0.));
#7244=DIRECTION('',(0.,0.,1.));
#7245=DIRECTION('center_axis',(-1.,0.,0.));
#7246=DIRECTION('ref_axis',(0.,-1.,0.));
#7247=DIRECTION('',(0.,-1.,0.));
#7248=DIRECTION('',(0.,0.,1.));
#7249=DIRECTION('center_axis',(0.,0.,1.));
#7250=DIRECTION('ref_axis',(1.,0.,0.));
#7251=DIRECTION('center_axis',(0.,0.,-1.));
#7252=DIRECTION('ref_axis',(1.,0.,0.));
#7253=DIRECTION('',(0.,0.,1.));
#7254=DIRECTION('center_axis',(0.,-1.,0.));
#7255=DIRECTION('ref_axis',(1.,0.,0.));
#7256=DIRECTION('',(1.,0.,0.));
#7257=DIRECTION('',(0.,0.,1.));
#7258=DIRECTION('center_axis',(0.,0.,1.));
#7259=DIRECTION('ref_axis',(0.,1.,0.));
#7260=DIRECTION('center_axis',(0.,0.,-1.));
#7261=DIRECTION('ref_axis',(0.,1.,0.));
#7262=DIRECTION('center_axis',(1.,0.,0.));
#7263=DIRECTION('ref_axis',(0.,1.,0.));
#7264=DIRECTION('',(0.,1.,0.));
#7265=DIRECTION('',(0.,0.,1.));
#7266=DIRECTION('',(0.,0.,1.));
#7267=DIRECTION('center_axis',(0.,0.,1.));
#7268=DIRECTION('ref_axis',(-1.,0.,0.));
#7269=DIRECTION('center_axis',(0.,0.,-1.));
#7270=DIRECTION('ref_axis',(-1.,0.,0.));
#7271=DIRECTION('',(0.,0.,1.));
#7272=DIRECTION('center_axis',(0.,1.,0.));
#7273=DIRECTION('ref_axis',(-1.,0.,0.));
#7274=DIRECTION('',(-1.,0.,0.));
#7275=DIRECTION('',(0.,0.,1.));
#7276=DIRECTION('center_axis',(0.,0.,1.));
#7277=DIRECTION('ref_axis',(0.,-1.,0.));
#7278=DIRECTION('center_axis',(0.,0.,-1.));
#7279=DIRECTION('ref_axis',(0.,-1.,0.));
#7280=DIRECTION('',(0.,0.,1.));
#7281=DIRECTION('center_axis',(-1.,0.,0.));
#7282=DIRECTION('ref_axis',(0.,-1.,0.));
#7283=DIRECTION('',(0.,-1.,0.));
#7284=DIRECTION('',(0.,0.,1.));
#7285=DIRECTION('center_axis',(0.,0.,1.));
#7286=DIRECTION('ref_axis',(1.,0.,0.));
#7287=DIRECTION('center_axis',(0.,0.,-1.));
#7288=DIRECTION('ref_axis',(1.,0.,0.));
#7289=DIRECTION('',(0.,0.,1.));
#7290=DIRECTION('center_axis',(0.,-1.,0.));
#7291=DIRECTION('ref_axis',(1.,0.,0.));
#7292=DIRECTION('',(1.,0.,0.));
#7293=DIRECTION('',(0.,0.,1.));
#7294=DIRECTION('center_axis',(0.,0.,1.));
#7295=DIRECTION('ref_axis',(0.,1.,0.));
#7296=DIRECTION('center_axis',(0.,0.,-1.));
#7297=DIRECTION('ref_axis',(0.,1.,0.));
#7298=DIRECTION('center_axis',(1.,0.,0.));
#7299=DIRECTION('ref_axis',(0.,1.,0.));
#7300=DIRECTION('',(0.,1.,0.));
#7301=DIRECTION('',(0.,0.,1.));
#7302=DIRECTION('',(0.,0.,1.));
#7303=DIRECTION('center_axis',(0.,0.,1.));
#7304=DIRECTION('ref_axis',(-1.,0.,0.));
#7305=DIRECTION('center_axis',(0.,0.,-1.));
#7306=DIRECTION('ref_axis',(-1.,0.,0.));
#7307=DIRECTION('',(0.,0.,1.));
#7308=DIRECTION('center_axis',(0.,1.,0.));
#7309=DIRECTION('ref_axis',(-1.,0.,0.));
#7310=DIRECTION('',(-1.,0.,0.));
#7311=DIRECTION('',(0.,0.,1.));
#7312=DIRECTION('center_axis',(0.,0.,1.));
#7313=DIRECTION('ref_axis',(0.,-1.,0.));
#7314=DIRECTION('center_axis',(0.,0.,-1.));
#7315=DIRECTION('ref_axis',(0.,-1.,0.));
#7316=DIRECTION('',(0.,0.,1.));
#7317=DIRECTION('center_axis',(-1.,0.,0.));
#7318=DIRECTION('ref_axis',(0.,-1.,0.));
#7319=DIRECTION('',(0.,-1.,0.));
#7320=DIRECTION('',(0.,0.,1.));
#7321=DIRECTION('center_axis',(0.,0.,1.));
#7322=DIRECTION('ref_axis',(1.,0.,0.));
#7323=DIRECTION('center_axis',(0.,0.,-1.));
#7324=DIRECTION('ref_axis',(1.,0.,0.));
#7325=DIRECTION('',(0.,0.,1.));
#7326=DIRECTION('center_axis',(0.,-1.,0.));
#7327=DIRECTION('ref_axis',(1.,0.,0.));
#7328=DIRECTION('',(1.,0.,0.));
#7329=DIRECTION('',(0.,0.,1.));
#7330=DIRECTION('center_axis',(0.,0.,1.));
#7331=DIRECTION('ref_axis',(0.,1.,0.));
#7332=DIRECTION('center_axis',(0.,0.,-1.));
#7333=DIRECTION('ref_axis',(0.,1.,0.));
#7334=DIRECTION('center_axis',(0.,0.,1.));
#7335=DIRECTION('ref_axis',(1.,0.,0.));
#7336=DIRECTION('',(0.,0.,-1.));
#7337=DIRECTION('center_axis',(0.,0.,1.));
#7338=DIRECTION('ref_axis',(1.,0.,0.));
#7339=DIRECTION('center_axis',(1.,0.,0.));
#7340=DIRECTION('ref_axis',(0.,1.,0.));
#7341=DIRECTION('',(0.,1.,0.));
#7342=DIRECTION('',(0.,0.,1.));
#7343=DIRECTION('',(0.,0.,1.));
#7344=DIRECTION('center_axis',(0.,0.,1.));
#7345=DIRECTION('ref_axis',(-1.,0.,0.));
#7346=DIRECTION('center_axis',(0.,0.,-1.));
#7347=DIRECTION('ref_axis',(-1.,0.,0.));
#7348=DIRECTION('',(0.,0.,1.));
#7349=DIRECTION('center_axis',(0.,1.,0.));
#7350=DIRECTION('ref_axis',(-1.,0.,0.));
#7351=DIRECTION('',(-1.,0.,0.));
#7352=DIRECTION('',(0.,0.,1.));
#7353=DIRECTION('center_axis',(0.,0.,1.));
#7354=DIRECTION('ref_axis',(0.,-1.,0.));
#7355=DIRECTION('center_axis',(0.,0.,-1.));
#7356=DIRECTION('ref_axis',(0.,-1.,0.));
#7357=DIRECTION('',(0.,0.,1.));
#7358=DIRECTION('center_axis',(-1.,0.,0.));
#7359=DIRECTION('ref_axis',(0.,-1.,0.));
#7360=DIRECTION('',(0.,-1.,0.));
#7361=DIRECTION('',(0.,0.,1.));
#7362=DIRECTION('center_axis',(0.,0.,1.));
#7363=DIRECTION('ref_axis',(1.,0.,0.));
#7364=DIRECTION('center_axis',(0.,0.,-1.));
#7365=DIRECTION('ref_axis',(1.,0.,0.));
#7366=DIRECTION('',(0.,0.,1.));
#7367=DIRECTION('center_axis',(0.,-1.,0.));
#7368=DIRECTION('ref_axis',(1.,0.,0.));
#7369=DIRECTION('',(1.,0.,0.));
#7370=DIRECTION('',(0.,0.,1.));
#7371=DIRECTION('center_axis',(0.,0.,1.));
#7372=DIRECTION('ref_axis',(0.,1.,0.));
#7373=DIRECTION('center_axis',(0.,0.,-1.));
#7374=DIRECTION('ref_axis',(0.,1.,0.));
#7375=DIRECTION('center_axis',(1.,0.,0.));
#7376=DIRECTION('ref_axis',(0.,1.,0.));
#7377=DIRECTION('',(0.,1.,0.));
#7378=DIRECTION('',(0.,0.,1.));
#7379=DIRECTION('',(0.,0.,1.));
#7380=DIRECTION('center_axis',(0.,0.,1.));
#7381=DIRECTION('ref_axis',(-1.,0.,0.));
#7382=DIRECTION('center_axis',(0.,0.,-1.));
#7383=DIRECTION('ref_axis',(-1.,0.,0.));
#7384=DIRECTION('',(0.,0.,1.));
#7385=DIRECTION('center_axis',(0.,1.,0.));
#7386=DIRECTION('ref_axis',(-1.,0.,0.));
#7387=DIRECTION('',(-1.,0.,0.));
#7388=DIRECTION('',(0.,0.,1.));
#7389=DIRECTION('center_axis',(0.,0.,1.));
#7390=DIRECTION('ref_axis',(0.,-1.,0.));
#7391=DIRECTION('center_axis',(0.,0.,-1.));
#7392=DIRECTION('ref_axis',(0.,-1.,0.));
#7393=DIRECTION('',(0.,0.,1.));
#7394=DIRECTION('center_axis',(-1.,0.,0.));
#7395=DIRECTION('ref_axis',(0.,-1.,0.));
#7396=DIRECTION('',(0.,-1.,0.));
#7397=DIRECTION('',(0.,0.,1.));
#7398=DIRECTION('center_axis',(0.,0.,1.));
#7399=DIRECTION('ref_axis',(1.,0.,0.));
#7400=DIRECTION('center_axis',(0.,0.,-1.));
#7401=DIRECTION('ref_axis',(1.,0.,0.));
#7402=DIRECTION('',(0.,0.,1.));
#7403=DIRECTION('center_axis',(0.,-1.,0.));
#7404=DIRECTION('ref_axis',(1.,0.,0.));
#7405=DIRECTION('',(1.,0.,0.));
#7406=DIRECTION('',(0.,0.,1.));
#7407=DIRECTION('center_axis',(0.,0.,1.));
#7408=DIRECTION('ref_axis',(0.,1.,0.));
#7409=DIRECTION('center_axis',(0.,0.,-1.));
#7410=DIRECTION('ref_axis',(0.,1.,0.));
#7411=DIRECTION('center_axis',(0.,0.,1.));
#7412=DIRECTION('ref_axis',(1.,0.,0.));
#7413=DIRECTION('',(0.,0.,-1.));
#7414=DIRECTION('center_axis',(0.,0.,-1.));
#7415=DIRECTION('ref_axis',(1.,0.,0.));
#7416=DIRECTION('center_axis',(0.,0.,1.));
#7417=DIRECTION('ref_axis',(1.,0.,0.));
#7418=DIRECTION('',(0.,0.,-1.));
#7419=DIRECTION('center_axis',(0.,0.,-1.));
#7420=DIRECTION('ref_axis',(1.,0.,0.));
#7421=DIRECTION('center_axis',(1.,0.,0.));
#7422=DIRECTION('ref_axis',(0.,1.,0.));
#7423=DIRECTION('',(0.,1.,0.));
#7424=DIRECTION('',(0.,0.,1.));
#7425=DIRECTION('',(0.,0.,1.));
#7426=DIRECTION('center_axis',(0.,0.,1.));
#7427=DIRECTION('ref_axis',(-1.,0.,0.));
#7428=DIRECTION('center_axis',(0.,0.,-1.));
#7429=DIRECTION('ref_axis',(-1.,0.,0.));
#7430=DIRECTION('',(0.,0.,1.));
#7431=DIRECTION('center_axis',(0.,1.,0.));
#7432=DIRECTION('ref_axis',(-1.,0.,0.));
#7433=DIRECTION('',(-1.,0.,0.));
#7434=DIRECTION('',(0.,0.,1.));
#7435=DIRECTION('center_axis',(0.,0.,1.));
#7436=DIRECTION('ref_axis',(0.,-1.,0.));
#7437=DIRECTION('center_axis',(0.,0.,-1.));
#7438=DIRECTION('ref_axis',(0.,-1.,0.));
#7439=DIRECTION('',(0.,0.,1.));
#7440=DIRECTION('center_axis',(-1.,0.,0.));
#7441=DIRECTION('ref_axis',(0.,-1.,0.));
#7442=DIRECTION('',(0.,-1.,0.));
#7443=DIRECTION('',(0.,0.,1.));
#7444=DIRECTION('center_axis',(0.,0.,1.));
#7445=DIRECTION('ref_axis',(1.,0.,0.));
#7446=DIRECTION('center_axis',(0.,0.,-1.));
#7447=DIRECTION('ref_axis',(1.,0.,0.));
#7448=DIRECTION('',(0.,0.,1.));
#7449=DIRECTION('center_axis',(0.,-1.,0.));
#7450=DIRECTION('ref_axis',(1.,0.,0.));
#7451=DIRECTION('',(1.,0.,0.));
#7452=DIRECTION('',(0.,0.,1.));
#7453=DIRECTION('center_axis',(0.,0.,1.));
#7454=DIRECTION('ref_axis',(0.,1.,0.));
#7455=DIRECTION('center_axis',(0.,0.,-1.));
#7456=DIRECTION('ref_axis',(0.,1.,0.));
#7457=DIRECTION('center_axis',(0.,0.,1.));
#7458=DIRECTION('ref_axis',(1.,0.,0.));
#7459=DIRECTION('',(0.,0.,-1.));
#7460=DIRECTION('center_axis',(0.,0.,-1.));
#7461=DIRECTION('ref_axis',(1.,0.,0.));
#7462=DIRECTION('center_axis',(0.,0.,1.));
#7463=DIRECTION('ref_axis',(1.,0.,0.));
#7464=DIRECTION('',(0.,0.,-1.));
#7465=DIRECTION('center_axis',(0.,0.,-1.));
#7466=DIRECTION('ref_axis',(1.,0.,0.));
#7467=DIRECTION('center_axis',(-1.,0.,0.));
#7468=DIRECTION('ref_axis',(0.,-1.,0.));
#7469=DIRECTION('',(0.,1.,0.));
#7470=DIRECTION('center_axis',(0.,0.,1.));
#7471=DIRECTION('ref_axis',(1.,0.,0.));
#7472=DIRECTION('center_axis',(0.,0.,1.));
#7473=DIRECTION('ref_axis',(1.,0.,0.));
#7474=DIRECTION('center_axis',(0.,0.,-1.));
#7475=DIRECTION('ref_axis',(1.,0.,0.));
#7476=DIRECTION('center_axis',(0.,0.,1.));
#7477=DIRECTION('ref_axis',(1.,0.,0.));
#7478=DIRECTION('center_axis',(0.,0.,1.));
#7479=DIRECTION('ref_axis',(1.,0.,0.));
#7480=DIRECTION('center_axis',(0.,0.,-1.));
#7481=DIRECTION('ref_axis',(1.,0.,0.));
#7482=DIRECTION('',(0.,0.,1.));
#7483=DIRECTION('',(0.,0.,1.));
#7484=DIRECTION('',(0.,0.,1.));
#7485=DIRECTION('',(0.,0.,1.));
#7486=DIRECTION('',(0.,0.,1.));
#7487=DIRECTION('',(0.,0.,1.));
#7488=DIRECTION('',(0.,0.,1.));
#7489=DIRECTION('',(0.,0.,1.));
#7490=DIRECTION('',(0.,0.,1.));
#7491=DIRECTION('',(0.,0.,1.));
#7492=DIRECTION('',(0.,0.,1.));
#7493=DIRECTION('',(0.,0.,1.));
#7494=DIRECTION('center_axis',(0.,-1.,0.));
#7495=DIRECTION('ref_axis',(1.,0.,0.));
#7496=DIRECTION('',(1.,0.,0.));
#7497=DIRECTION('',(1.,0.,0.));
#7498=DIRECTION('',(0.,0.,1.));
#7499=DIRECTION('center_axis',(1.,0.,0.));
#7500=DIRECTION('ref_axis',(0.,1.,0.));
#7501=DIRECTION('',(0.,1.,0.));
#7502=DIRECTION('',(0.,1.,0.));
#7503=DIRECTION('center_axis',(-1.,0.,0.));
#7504=DIRECTION('ref_axis',(0.,-1.,0.));
#7505=DIRECTION('',(0.,-1.,0.));
#7506=DIRECTION('',(0.,0.,1.));
#7507=DIRECTION('',(0.,-1.,0.));
#7508=DIRECTION('',(0.,0.,1.));
#7509=DIRECTION('',(0.,0.,1.));
#7510=DIRECTION('',(0.,0.,1.));
#7511=DIRECTION('',(0.,0.,1.));
#7512=DIRECTION('',(0.,0.,1.));
#7513=DIRECTION('',(0.,0.,1.));
#7514=DIRECTION('',(0.,0.,1.));
#7515=DIRECTION('',(0.,0.,1.));
#7516=DIRECTION('',(0.,0.,1.));
#7517=DIRECTION('center_axis',(1.,0.,0.));
#7518=DIRECTION('ref_axis',(0.,1.,0.));
#7519=DIRECTION('',(0.,1.,0.));
#7520=DIRECTION('',(0.,1.,0.));
#7521=DIRECTION('',(0.,0.,1.));
#7522=DIRECTION('',(0.,0.,1.));
#7523=DIRECTION('',(0.,0.,1.));
#7524=DIRECTION('',(0.,0.,1.));
#7525=DIRECTION('',(0.,0.,1.));
#7526=DIRECTION('center_axis',(1.,0.,0.));
#7527=DIRECTION('ref_axis',(0.,1.,0.));
#7528=DIRECTION('',(0.,1.,0.));
#7529=DIRECTION('',(0.,1.,0.));
#7530=DIRECTION('',(0.,0.,1.));
#7531=DIRECTION('center_axis',(0.,1.,0.));
#7532=DIRECTION('ref_axis',(-1.,0.,0.));
#7533=DIRECTION('',(-1.,0.,0.));
#7534=DIRECTION('',(-1.,0.,0.));
#7535=DIRECTION('',(0.,0.,1.));
#7536=DIRECTION('',(0.,0.,1.));
#7537=DIRECTION('',(0.,0.,1.));
#7538=DIRECTION('',(0.,0.,1.));
#7539=DIRECTION('',(0.,0.,1.));
#7540=DIRECTION('',(0.,0.,1.));
#7541=DIRECTION('',(0.,0.,1.));
#7542=DIRECTION('',(0.,0.,1.));
#7543=DIRECTION('',(0.,0.,1.));
#7544=DIRECTION('center_axis',(0.999561300664795,-0.0296176672495289,0.));
#7545=DIRECTION('ref_axis',(0.0296176672495289,0.999561300664795,0.));
#7546=DIRECTION('',(0.0296176672495289,0.999561300664795,0.));
#7547=DIRECTION('',(0.0296176672495289,0.999561300664795,0.));
#7548=DIRECTION('',(0.,0.,1.));
#7549=DIRECTION('center_axis',(0.,-1.,0.));
#7550=DIRECTION('ref_axis',(1.,0.,0.));
#7551=DIRECTION('',(1.,0.,0.));
#7552=DIRECTION('',(1.,0.,0.));
#7553=DIRECTION('center_axis',(0.,0.,-1.));
#7554=DIRECTION('ref_axis',(-1.,0.,0.));
#7555=DIRECTION('center_axis',(0.,0.,-1.));
#7556=DIRECTION('ref_axis',(-1.,0.,0.));
#7557=DIRECTION('',(0.,0.,1.));
#7558=DIRECTION('',(0.,0.,1.));
#7559=DIRECTION('',(0.,0.,1.));
#7560=DIRECTION('',(0.,0.,1.));
#7561=DIRECTION('',(0.,0.,1.));
#7562=DIRECTION('',(0.,0.,1.));
#7563=DIRECTION('',(0.,0.,1.));
#7564=DIRECTION('',(0.,0.,1.));
#7565=DIRECTION('',(0.,0.,1.));
#7566=DIRECTION('center_axis',(0.,1.,0.));
#7567=DIRECTION('ref_axis',(-1.,0.,0.));
#7568=DIRECTION('',(-1.,0.,0.));
#7569=DIRECTION('',(-1.,0.,0.));
#7570=DIRECTION('',(0.,0.,1.));
#7571=DIRECTION('',(0.,0.,1.));
#7572=DIRECTION('',(0.,0.,1.));
#7573=DIRECTION('',(0.,0.,1.));
#7574=DIRECTION('',(0.,0.,1.));
#7575=DIRECTION('',(0.,0.,1.));
#7576=DIRECTION('',(0.,0.,1.));
#7577=DIRECTION('',(0.,0.,1.));
#7578=DIRECTION('',(0.,0.,1.));
#7579=DIRECTION('',(0.,0.,1.));
#7580=DIRECTION('',(0.,0.,1.));
#7581=DIRECTION('',(0.,0.,1.));
#7582=DIRECTION('',(0.,0.,1.));
#7583=DIRECTION('',(0.,0.,1.));
#7584=DIRECTION('center_axis',(-1.,0.,0.));
#7585=DIRECTION('ref_axis',(0.,-1.,0.));
#7586=DIRECTION('',(0.,-1.,0.));
#7587=DIRECTION('',(0.,-1.,0.));
#7588=DIRECTION('',(0.,0.,1.));
#7589=DIRECTION('',(0.,0.,1.));
#7590=DIRECTION('',(0.,0.,1.));
#7591=DIRECTION('',(0.,0.,1.));
#7592=DIRECTION('',(0.,0.,1.));
#7593=DIRECTION('',(0.,0.,1.));
#7594=DIRECTION('',(0.,0.,1.));
#7595=DIRECTION('center_axis',(0.,-1.,0.));
#7596=DIRECTION('ref_axis',(1.,0.,0.));
#7597=DIRECTION('',(1.,0.,0.));
#7598=DIRECTION('',(1.,0.,0.));
#7599=DIRECTION('',(0.,0.,1.));
#7600=DIRECTION('',(0.,0.,1.));
#7601=DIRECTION('',(0.,0.,1.));
#7602=DIRECTION('center_axis',(0.,0.,-1.));
#7603=DIRECTION('ref_axis',(-1.,0.,0.));
#7604=DIRECTION('center_axis',(0.,0.,-1.));
#7605=DIRECTION('ref_axis',(-1.,0.,0.));
#7606=DIRECTION('',(0.,0.,1.));
#7607=DIRECTION('',(0.,0.,1.));
#7608=DIRECTION('',(0.,0.,1.));
#7609=DIRECTION('',(0.,0.,1.));
#7610=DIRECTION('',(0.,0.,1.));
#7611=DIRECTION('center_axis',(-1.,0.,0.));
#7612=DIRECTION('ref_axis',(0.,-1.,0.));
#7613=DIRECTION('',(0.,-1.,0.));
#7614=DIRECTION('',(0.,-1.,0.));
#7615=DIRECTION('',(0.,0.,1.));
#7616=DIRECTION('center_axis',(0.,-1.,0.));
#7617=DIRECTION('ref_axis',(1.,0.,0.));
#7618=DIRECTION('',(1.,0.,0.));
#7619=DIRECTION('',(1.,0.,0.));
#7620=DIRECTION('',(0.,0.,1.));
#7621=DIRECTION('center_axis',(-1.,0.,0.));
#7622=DIRECTION('ref_axis',(0.,-1.,0.));
#7623=DIRECTION('',(0.,-1.,0.));
#7624=DIRECTION('',(0.,-1.,0.));
#7625=DIRECTION('',(0.,0.,1.));
#7626=DIRECTION('center_axis',(0.,1.,0.));
#7627=DIRECTION('ref_axis',(-1.,0.,0.));
#7628=DIRECTION('',(-1.,0.,0.));
#7629=DIRECTION('',(-1.,0.,0.));
#7630=DIRECTION('',(0.,0.,1.));
#7631=DIRECTION('center_axis',(-1.,0.,0.));
#7632=DIRECTION('ref_axis',(0.,-1.,0.));
#7633=DIRECTION('',(0.,-1.,0.));
#7634=DIRECTION('',(0.,-1.,0.));
#7635=DIRECTION('',(0.,0.,1.));
#7636=DIRECTION('center_axis',(0.25038296206655,0.968146875379341,0.));
#7637=DIRECTION('ref_axis',(-0.968146875379341,0.25038296206655,0.));
#7638=DIRECTION('',(-0.968146875379341,0.25038296206655,0.));
#7639=DIRECTION('',(-0.968146875379341,0.25038296206655,0.));
#7640=DIRECTION('',(0.,0.,1.));
#7641=DIRECTION('center_axis',(1.,0.,0.));
#7642=DIRECTION('ref_axis',(0.,1.,0.));
#7643=DIRECTION('',(0.,1.,0.));
#7644=DIRECTION('',(0.,1.,0.));
#7645=DIRECTION('',(0.,0.,1.));
#7646=DIRECTION('center_axis',(0.,1.,0.));
#7647=DIRECTION('ref_axis',(-1.,0.,0.));
#7648=DIRECTION('',(-1.,0.,0.));
#7649=DIRECTION('',(-1.,0.,0.));
#7650=DIRECTION('',(0.,0.,1.));
#7651=DIRECTION('center_axis',(1.,0.,0.));
#7652=DIRECTION('ref_axis',(0.,1.,0.));
#7653=DIRECTION('',(0.,1.,0.));
#7654=DIRECTION('',(0.,1.,0.));
#7655=DIRECTION('',(0.,0.,1.));
#7656=DIRECTION('center_axis',(0.,-1.,0.));
#7657=DIRECTION('ref_axis',(1.,0.,0.));
#7658=DIRECTION('',(1.,0.,0.));
#7659=DIRECTION('',(1.,0.,0.));
#7660=DIRECTION('',(0.,0.,1.));
#7661=DIRECTION('center_axis',(1.,0.,0.));
#7662=DIRECTION('ref_axis',(0.,1.,0.));
#7663=DIRECTION('',(0.,1.,0.));
#7664=DIRECTION('',(0.,1.,0.));
#7665=DIRECTION('',(0.,0.,1.));
#7666=DIRECTION('',(0.,0.,1.));
#7667=DIRECTION('',(0.,0.,1.));
#7668=DIRECTION('',(0.,0.,1.));
#7669=DIRECTION('',(0.,0.,1.));
#7670=DIRECTION('center_axis',(-1.,0.,0.));
#7671=DIRECTION('ref_axis',(0.,-1.,0.));
#7672=DIRECTION('',(0.,-1.,0.));
#7673=DIRECTION('',(0.,-1.,0.));
#7674=DIRECTION('center_axis',(0.,0.,-1.));
#7675=DIRECTION('ref_axis',(-1.,0.,0.));
#7676=DIRECTION('center_axis',(0.,0.,-1.));
#7677=DIRECTION('ref_axis',(-1.,0.,0.));
#7678=DIRECTION('center_axis',(0.,1.,0.));
#7679=DIRECTION('ref_axis',(-1.,0.,0.));
#7680=DIRECTION('',(-1.,0.,0.));
#7681=DIRECTION('',(0.,0.,1.));
#7682=DIRECTION('',(-1.,0.,0.));
#7683=DIRECTION('',(0.,0.,1.));
#7684=DIRECTION('center_axis',(0.936016052621905,0.351957311664507,0.));
#7685=DIRECTION('ref_axis',(-0.351957311664507,0.936016052621905,0.));
#7686=DIRECTION('',(-0.351957311664507,0.936016052621905,0.));
#7687=DIRECTION('',(-0.351957311664507,0.936016052621905,0.));
#7688=DIRECTION('',(0.,0.,1.));
#7689=DIRECTION('center_axis',(0.949254077193987,0.314510249325189,0.));
#7690=DIRECTION('ref_axis',(-0.314510249325189,0.949254077193987,0.));
#7691=DIRECTION('',(-0.314510249325189,0.949254077193987,0.));
#7692=DIRECTION('',(-0.314510249325189,0.949254077193987,0.));
#7693=DIRECTION('',(0.,0.,1.));
#7694=DIRECTION('center_axis',(-0.945795548381336,0.324762652812862,0.));
#7695=DIRECTION('ref_axis',(-0.324762652812862,-0.945795548381336,0.));
#7696=DIRECTION('',(-0.324762652812862,-0.945795548381336,0.));
#7697=DIRECTION('',(-0.324762652812862,-0.945795548381336,0.));
#7698=DIRECTION('',(0.,0.,1.));
#7699=DIRECTION('center_axis',(-0.941568678680923,0.336821055349959,0.));
#7700=DIRECTION('ref_axis',(-0.336821055349959,-0.941568678680923,0.));
#7701=DIRECTION('',(-0.336821055349959,-0.941568678680923,0.));
#7702=DIRECTION('',(-0.336821055349959,-0.941568678680923,0.));
#7703=DIRECTION('',(0.,0.,1.));
#7704=DIRECTION('center_axis',(0.,1.,0.));
#7705=DIRECTION('ref_axis',(-1.,0.,0.));
#7706=DIRECTION('',(-1.,0.,0.));
#7707=DIRECTION('',(-1.,0.,0.));
#7708=DIRECTION('',(0.,0.,1.));
#7709=DIRECTION('center_axis',(0.9988032679883,0.0489084027125435,0.));
#7710=DIRECTION('ref_axis',(-0.0489084027125435,0.9988032679883,0.));
#7711=DIRECTION('',(-0.0489084027125434,0.9988032679883,0.));
#7712=DIRECTION('',(-0.0489084027125434,0.9988032679883,0.));
#7713=DIRECTION('',(0.,0.,1.));
#7714=DIRECTION('center_axis',(0.,-1.,0.));
#7715=DIRECTION('ref_axis',(1.,0.,0.));
#7716=DIRECTION('',(1.,0.,0.));
#7717=DIRECTION('',(1.,0.,0.));
#7718=DIRECTION('',(0.,0.,1.));
#7719=DIRECTION('center_axis',(-0.999587999049663,-0.028702476476635,0.));
#7720=DIRECTION('ref_axis',(0.028702476476635,-0.999587999049663,0.));
#7721=DIRECTION('',(0.028702476476635,-0.999587999049663,0.));
#7722=DIRECTION('',(0.028702476476635,-0.999587999049663,0.));
#7723=DIRECTION('',(0.,0.,1.));
#7724=DIRECTION('center_axis',(-0.999925209056372,-0.0122301387388255,0.));
#7725=DIRECTION('ref_axis',(0.0122301387388255,-0.999925209056372,0.));
#7726=DIRECTION('',(0.0122301387388255,-0.999925209056372,0.));
#7727=DIRECTION('',(0.0122301387388255,-0.999925209056372,0.));
#7728=DIRECTION('',(0.,0.,1.));
#7729=DIRECTION('center_axis',(0.957302170699828,-0.28908917996597,0.));
#7730=DIRECTION('ref_axis',(0.28908917996597,0.957302170699828,0.));
#7731=DIRECTION('',(0.28908917996597,0.957302170699828,0.));
#7732=DIRECTION('',(0.28908917996597,0.957302170699828,0.));
#7733=DIRECTION('',(0.,0.,1.));
#7734=DIRECTION('center_axis',(0.938471403412317,-0.345356952988231,0.));
#7735=DIRECTION('ref_axis',(0.345356952988231,0.938471403412317,0.));
#7736=DIRECTION('',(0.345356952988231,0.938471403412317,0.));
#7737=DIRECTION('',(0.345356952988231,0.938471403412317,0.));
#7738=DIRECTION('',(0.,0.,1.));
#7739=DIRECTION('center_axis',(0.,-1.,0.));
#7740=DIRECTION('ref_axis',(1.,0.,0.));
#7741=DIRECTION('',(1.,0.,0.));
#7742=DIRECTION('',(1.,0.,0.));
#7743=DIRECTION('',(0.,0.,1.));
#7744=DIRECTION('center_axis',(-0.9375093803272,-0.347960000285248,0.));
#7745=DIRECTION('ref_axis',(0.347960000285248,-0.9375093803272,0.));
#7746=DIRECTION('',(0.347960000285248,-0.9375093803272,0.));
#7747=DIRECTION('',(0.347960000285248,-0.9375093803272,0.));
#7748=DIRECTION('',(0.,0.,1.));
#7749=DIRECTION('center_axis',(-0.948160082196522,-0.317793106484525,0.));
#7750=DIRECTION('ref_axis',(0.317793106484525,-0.948160082196522,0.));
#7751=DIRECTION('',(0.317793106484525,-0.948160082196522,0.));
#7752=DIRECTION('',(0.317793106484525,-0.948160082196522,0.));
#7753=DIRECTION('',(0.,0.,1.));
#7754=DIRECTION('center_axis',(0.999383035511675,-0.0351219067174776,0.));
#7755=DIRECTION('ref_axis',(0.0351219067174776,0.999383035511675,0.));
#7756=DIRECTION('',(0.0351219067174776,0.999383035511675,0.));
#7757=DIRECTION('',(0.0351219067174776,0.999383035511675,0.));
#7758=DIRECTION('',(0.,0.,1.));
#7759=DIRECTION('center_axis',(0.999491546431109,-0.0318849276735976,0.));
#7760=DIRECTION('ref_axis',(0.0318849276735976,0.999491546431109,0.));
#7761=DIRECTION('',(0.0318849276735976,0.999491546431109,0.));
#7762=DIRECTION('',(0.0318849276735976,0.999491546431109,0.));
#7763=DIRECTION('',(0.,0.,1.));
#7764=DIRECTION('center_axis',(0.,-1.,0.));
#7765=DIRECTION('ref_axis',(1.,0.,0.));
#7766=DIRECTION('',(1.,0.,0.));
#7767=DIRECTION('',(1.,0.,0.));
#7768=DIRECTION('',(0.,0.,1.));
#7769=DIRECTION('center_axis',(-0.998840319460541,0.0481457809155047,0.));
#7770=DIRECTION('ref_axis',(-0.0481457809155047,-0.998840319460541,0.));
#7771=DIRECTION('',(-0.0481457809155047,-0.998840319460541,0.));
#7772=DIRECTION('',(-0.0481457809155047,-0.998840319460541,0.));
#7773=DIRECTION('center_axis',(0.,0.,-1.));
#7774=DIRECTION('ref_axis',(-1.,0.,0.));
#7775=DIRECTION('center_axis',(0.,0.,1.));
#7776=DIRECTION('ref_axis',(1.,0.,0.));
#7777=DIRECTION('',(0.,0.,1.));
#7778=DIRECTION('',(0.,0.,1.));
#7779=DIRECTION('',(0.,0.,1.));
#7780=DIRECTION('',(0.,0.,1.));
#7781=DIRECTION('',(0.,0.,1.));
#7782=DIRECTION('',(0.,0.,1.));
#7783=DIRECTION('',(0.,0.,1.));
#7784=DIRECTION('',(0.,0.,1.));
#7785=DIRECTION('',(0.,0.,1.));
#7786=DIRECTION('',(0.,0.,1.));
#7787=DIRECTION('',(0.,0.,1.));
#7788=DIRECTION('',(0.,0.,1.));
#7789=DIRECTION('',(0.,0.,1.));
#7790=DIRECTION('',(0.,0.,1.));
#7791=DIRECTION('',(0.,0.,1.));
#7792=DIRECTION('',(0.,0.,1.));
#7793=DIRECTION('center_axis',(0.,0.,-1.));
#7794=DIRECTION('ref_axis',(-1.,0.,0.));
#7795=DIRECTION('center_axis',(0.,0.,-1.));
#7796=DIRECTION('ref_axis',(-1.,0.,0.));
#7797=DIRECTION('center_axis',(0.,1.,0.));
#7798=DIRECTION('ref_axis',(-1.,0.,0.));
#7799=DIRECTION('',(-1.,0.,0.));
#7800=DIRECTION('',(0.,0.,1.));
#7801=DIRECTION('',(-1.,0.,0.));
#7802=DIRECTION('',(0.,0.,1.));
#7803=DIRECTION('center_axis',(1.,0.,0.));
#7804=DIRECTION('ref_axis',(0.,1.,0.));
#7805=DIRECTION('',(0.,1.,0.));
#7806=DIRECTION('',(0.,1.,0.));
#7807=DIRECTION('',(0.,0.,1.));
#7808=DIRECTION('center_axis',(0.,-1.,0.));
#7809=DIRECTION('ref_axis',(1.,0.,0.));
#7810=DIRECTION('',(1.,0.,0.));
#7811=DIRECTION('',(1.,0.,0.));
#7812=DIRECTION('',(0.,0.,1.));
#7813=DIRECTION('center_axis',(-1.,0.,0.));
#7814=DIRECTION('ref_axis',(0.,-1.,0.));
#7815=DIRECTION('',(0.,-1.,0.));
#7816=DIRECTION('',(0.,-1.,0.));
#7817=DIRECTION('',(0.,0.,1.));
#7818=DIRECTION('center_axis',(0.,1.,0.));
#7819=DIRECTION('ref_axis',(-1.,0.,0.));
#7820=DIRECTION('',(-1.,0.,0.));
#7821=DIRECTION('',(-1.,0.,0.));
#7822=DIRECTION('',(0.,0.,1.));
#7823=DIRECTION('center_axis',(-1.,0.,0.));
#7824=DIRECTION('ref_axis',(0.,-1.,0.));
#7825=DIRECTION('',(0.,-1.,0.));
#7826=DIRECTION('',(0.,-1.,0.));
#7827=DIRECTION('',(0.,0.,1.));
#7828=DIRECTION('center_axis',(0.,1.,0.));
#7829=DIRECTION('ref_axis',(-1.,0.,0.));
#7830=DIRECTION('',(-1.,0.,0.));
#7831=DIRECTION('',(-1.,0.,0.));
#7832=DIRECTION('',(0.,0.,1.));
#7833=DIRECTION('center_axis',(1.,0.,0.));
#7834=DIRECTION('ref_axis',(0.,1.,0.));
#7835=DIRECTION('',(0.,1.,0.));
#7836=DIRECTION('',(0.,1.,0.));
#7837=DIRECTION('',(0.,0.,1.));
#7838=DIRECTION('center_axis',(0.,-1.,0.));
#7839=DIRECTION('ref_axis',(1.,0.,0.));
#7840=DIRECTION('',(1.,0.,0.));
#7841=DIRECTION('',(1.,0.,0.));
#7842=DIRECTION('',(0.,0.,1.));
#7843=DIRECTION('center_axis',(1.,0.,0.));
#7844=DIRECTION('ref_axis',(0.,1.,0.));
#7845=DIRECTION('',(0.,1.,0.));
#7846=DIRECTION('',(0.,1.,0.));
#7847=DIRECTION('center_axis',(0.,0.,-1.));
#7848=DIRECTION('ref_axis',(-1.,0.,0.));
#7849=DIRECTION('center_axis',(0.,0.,1.));
#7850=DIRECTION('ref_axis',(1.,0.,0.));
#7851=DIRECTION('center_axis',(0.9420641124912,0.335432866541381,0.));
#7852=DIRECTION('ref_axis',(-0.335432866541381,0.9420641124912,0.));
#7853=DIRECTION('',(-0.335432866541381,0.9420641124912,0.));
#7854=DIRECTION('',(0.,0.,1.));
#7855=DIRECTION('',(-0.335432866541381,0.9420641124912,0.));
#7856=DIRECTION('',(0.,0.,1.));
#7857=DIRECTION('center_axis',(0.940136560143784,0.340797958152646,0.));
#7858=DIRECTION('ref_axis',(-0.340797958152646,0.940136560143784,0.));
#7859=DIRECTION('',(-0.340797958152646,0.940136560143784,0.));
#7860=DIRECTION('',(-0.340797958152646,0.940136560143784,0.));
#7861=DIRECTION('',(0.,0.,1.));
#7862=DIRECTION('center_axis',(-0.950495122974076,0.310739474805658,0.));
#7863=DIRECTION('ref_axis',(-0.310739474805658,-0.950495122974076,0.));
#7864=DIRECTION('',(-0.310739474805658,-0.950495122974076,0.));
#7865=DIRECTION('',(-0.310739474805658,-0.950495122974076,0.));
#7866=DIRECTION('',(0.,0.,1.));
#7867=DIRECTION('center_axis',(-0.933996744897052,0.35728151438566,0.));
#7868=DIRECTION('ref_axis',(-0.35728151438566,-0.933996744897052,0.));
#7869=DIRECTION('',(-0.35728151438566,-0.933996744897052,0.));
#7870=DIRECTION('',(-0.35728151438566,-0.933996744897052,0.));
#7871=DIRECTION('',(0.,0.,1.));
#7872=DIRECTION('center_axis',(0.,1.,0.));
#7873=DIRECTION('ref_axis',(-1.,0.,0.));
#7874=DIRECTION('',(-1.,0.,0.));
#7875=DIRECTION('',(-1.,0.,0.));
#7876=DIRECTION('',(0.,0.,1.));
#7877=DIRECTION('center_axis',(0.928668167208506,-0.370911627228905,0.));
#7878=DIRECTION('ref_axis',(0.370911627228905,0.928668167208506,0.));
#7879=DIRECTION('',(0.370911627228905,0.928668167208506,0.));
#7880=DIRECTION('',(0.370911627228905,0.928668167208506,0.));
#7881=DIRECTION('',(0.,0.,1.));
#7882=DIRECTION('',(0.,0.,1.));
#7883=DIRECTION('',(0.,0.,1.));
#7884=DIRECTION('',(0.,0.,1.));
#7885=DIRECTION('',(0.,0.,1.));
#7886=DIRECTION('',(0.,0.,1.));
#7887=DIRECTION('',(0.,0.,1.));
#7888=DIRECTION('center_axis',(1.,0.,0.));
#7889=DIRECTION('ref_axis',(0.,1.,0.));
#7890=DIRECTION('',(0.,1.,0.));
#7891=DIRECTION('',(0.,1.,0.));
#7892=DIRECTION('',(0.,0.,1.));
#7893=DIRECTION('',(0.,0.,1.));
#7894=DIRECTION('',(0.,0.,1.));
#7895=DIRECTION('',(0.,0.,1.));
#7896=DIRECTION('',(0.,0.,1.));
#7897=DIRECTION('',(0.,0.,1.));
#7898=DIRECTION('',(0.,0.,1.));
#7899=DIRECTION('center_axis',(-0.934520686094731,-0.355908818745804,0.));
#7900=DIRECTION('ref_axis',(0.355908818745804,-0.934520686094731,0.));
#7901=DIRECTION('',(0.355908818745804,-0.934520686094731,0.));
#7902=DIRECTION('',(0.355908818745804,-0.934520686094731,0.));
#7903=DIRECTION('',(0.,0.,1.));
#7904=DIRECTION('center_axis',(0.,1.,0.));
#7905=DIRECTION('ref_axis',(-1.,0.,0.));
#7906=DIRECTION('',(-1.,0.,0.));
#7907=DIRECTION('',(-1.,0.,0.));
#7908=DIRECTION('center_axis',(0.,0.,-1.));
#7909=DIRECTION('ref_axis',(-1.,0.,0.));
#7910=DIRECTION('center_axis',(0.,0.,-1.));
#7911=DIRECTION('ref_axis',(-1.,0.,0.));
#7912=DIRECTION('',(0.,0.,1.));
#7913=DIRECTION('',(0.,0.,1.));
#7914=DIRECTION('',(0.,0.,1.));
#7915=DIRECTION('',(0.,0.,1.));
#7916=DIRECTION('',(0.,0.,1.));
#7917=DIRECTION('',(0.,0.,1.));
#7918=DIRECTION('center_axis',(-1.,0.,0.));
#7919=DIRECTION('ref_axis',(0.,-1.,0.));
#7920=DIRECTION('',(0.,-1.,0.));
#7921=DIRECTION('',(0.,-1.,0.));
#7922=DIRECTION('',(0.,0.,1.));
#7923=DIRECTION('',(0.,0.,1.));
#7924=DIRECTION('',(0.,0.,1.));
#7925=DIRECTION('',(0.,0.,1.));
#7926=DIRECTION('',(0.,0.,1.));
#7927=DIRECTION('',(0.,0.,1.));
#7928=DIRECTION('',(0.,0.,1.));
#7929=DIRECTION('',(0.,0.,1.));
#7930=DIRECTION('',(0.,0.,1.));
#7931=DIRECTION('',(0.,0.,1.));
#7932=DIRECTION('',(0.,0.,1.));
#7933=DIRECTION('',(0.,0.,1.));
#7934=DIRECTION('',(0.,0.,1.));
#7935=DIRECTION('',(0.,0.,1.));
#7936=DIRECTION('',(0.,0.,1.));
#7937=DIRECTION('center_axis',(-0.999076345011987,-0.0429704181674956,0.));
#7938=DIRECTION('ref_axis',(0.0429704181674956,-0.999076345011987,0.));
#7939=DIRECTION('',(0.0429704181674956,-0.999076345011987,0.));
#7940=DIRECTION('',(0.0429704181674956,-0.999076345011987,0.));
#7941=DIRECTION('',(0.,0.,1.));
#7942=DIRECTION('center_axis',(-1.,0.,0.));
#7943=DIRECTION('ref_axis',(0.,-1.,0.));
#7944=DIRECTION('',(0.,-1.,0.));
#7945=DIRECTION('',(0.,-1.,0.));
#7946=DIRECTION('',(0.,0.,1.));
#7947=DIRECTION('center_axis',(0.,1.,0.));
#7948=DIRECTION('ref_axis',(-1.,0.,0.));
#7949=DIRECTION('',(-1.,0.,0.));
#7950=DIRECTION('',(-1.,0.,0.));
#7951=DIRECTION('',(0.,0.,1.));
#7952=DIRECTION('center_axis',(1.,0.,0.));
#7953=DIRECTION('ref_axis',(0.,1.,0.));
#7954=DIRECTION('',(0.,1.,0.));
#7955=DIRECTION('',(0.,1.,0.));
#7956=DIRECTION('',(0.,0.,1.));
#7957=DIRECTION('',(0.,0.,1.));
#7958=DIRECTION('',(0.,0.,1.));
#7959=DIRECTION('',(0.,0.,1.));
#7960=DIRECTION('',(0.,0.,1.));
#7961=DIRECTION('',(0.,0.,1.));
#7962=DIRECTION('',(0.,0.,1.));
#7963=DIRECTION('center_axis',(0.,0.,-1.));
#7964=DIRECTION('ref_axis',(-1.,0.,0.));
#7965=DIRECTION('center_axis',(0.,0.,-1.));
#7966=DIRECTION('ref_axis',(-1.,0.,0.));
#7967=DIRECTION('',(0.,0.,1.));
#7968=DIRECTION('',(0.,0.,1.));
#7969=DIRECTION('',(0.,0.,1.));
#7970=DIRECTION('',(0.,0.,1.));
#7971=DIRECTION('center_axis',(1.,0.,0.));
#7972=DIRECTION('ref_axis',(0.,1.,0.));
#7973=DIRECTION('',(0.,1.,0.));
#7974=DIRECTION('',(0.,1.,0.));
#7975=DIRECTION('',(0.,0.,1.));
#7976=DIRECTION('',(0.,0.,1.));
#7977=DIRECTION('',(0.,0.,1.));
#7978=DIRECTION('',(0.,0.,1.));
#7979=DIRECTION('',(0.,0.,1.));
#7980=DIRECTION('',(0.,0.,1.));
#7981=DIRECTION('',(0.,0.,1.));
#7982=DIRECTION('',(0.,0.,1.));
#7983=DIRECTION('',(0.,0.,1.));
#7984=DIRECTION('',(0.,0.,1.));
#7985=DIRECTION('',(0.,0.,1.));
#7986=DIRECTION('center_axis',(0.999501739625117,-0.0315637844113237,0.));
#7987=DIRECTION('ref_axis',(0.0315637844113237,0.999501739625117,0.));
#7988=DIRECTION('',(0.0315637844113237,0.999501739625117,0.));
#7989=DIRECTION('',(0.0315637844113237,0.999501739625117,0.));
#7990=DIRECTION('',(0.,0.,1.));
#7991=DIRECTION('center_axis',(0.,-1.,0.));
#7992=DIRECTION('ref_axis',(1.,0.,0.));
#7993=DIRECTION('',(1.,0.,0.));
#7994=DIRECTION('',(1.,0.,0.));
#7995=DIRECTION('',(0.,0.,1.));
#7996=DIRECTION('center_axis',(-1.,0.,0.));
#7997=DIRECTION('ref_axis',(0.,-1.,0.));
#7998=DIRECTION('',(0.,-1.,0.));
#7999=DIRECTION('',(0.,-1.,0.));
#8000=DIRECTION('',(0.,0.,1.));
#8001=DIRECTION('center_axis',(0.,1.,0.));
#8002=DIRECTION('ref_axis',(-1.,0.,0.));
#8003=DIRECTION('',(-1.,0.,0.));
#8004=DIRECTION('',(-1.,0.,0.));
#8005=DIRECTION('',(0.,0.,1.));
#8006=DIRECTION('center_axis',(1.,0.,0.));
#8007=DIRECTION('ref_axis',(0.,1.,0.));
#8008=DIRECTION('',(0.,1.,0.));
#8009=DIRECTION('',(0.,1.,0.));
#8010=DIRECTION('',(0.,0.,1.));
#8011=DIRECTION('',(0.,0.,1.));
#8012=DIRECTION('',(0.,0.,1.));
#8013=DIRECTION('',(0.,0.,1.));
#8014=DIRECTION('',(0.,0.,1.));
#8015=DIRECTION('',(0.,0.,1.));
#8016=DIRECTION('',(0.,0.,1.));
#8017=DIRECTION('center_axis',(0.,0.,-1.));
#8018=DIRECTION('ref_axis',(-1.,0.,0.));
#8019=DIRECTION('center_axis',(0.,0.,-1.));
#8020=DIRECTION('ref_axis',(-1.,0.,0.));
#8021=DIRECTION('center_axis',(0.,1.,0.));
#8022=DIRECTION('ref_axis',(-1.,0.,0.));
#8023=DIRECTION('',(-1.,0.,0.));
#8024=DIRECTION('',(0.,0.,1.));
#8025=DIRECTION('',(-1.,0.,0.));
#8026=DIRECTION('',(0.,0.,1.));
#8027=DIRECTION('center_axis',(0.936016052621905,0.351957311664507,0.));
#8028=DIRECTION('ref_axis',(-0.351957311664507,0.936016052621905,0.));
#8029=DIRECTION('',(-0.351957311664507,0.936016052621905,0.));
#8030=DIRECTION('',(-0.351957311664507,0.936016052621905,0.));
#8031=DIRECTION('',(0.,0.,1.));
#8032=DIRECTION('center_axis',(0.949253578447954,0.314511754635268,0.));
#8033=DIRECTION('ref_axis',(-0.314511754635268,0.949253578447954,0.));
#8034=DIRECTION('',(-0.314511754635268,0.949253578447953,0.));
#8035=DIRECTION('',(-0.314511754635268,0.949253578447953,0.));
#8036=DIRECTION('',(0.,0.,1.));
#8037=DIRECTION('center_axis',(-0.945795974428452,0.324761412047267,0.));
#8038=DIRECTION('ref_axis',(-0.324761412047267,-0.945795974428452,0.));
#8039=DIRECTION('',(-0.324761412047267,-0.945795974428452,0.));
#8040=DIRECTION('',(-0.324761412047267,-0.945795974428452,0.));
#8041=DIRECTION('',(0.,0.,1.));
#8042=DIRECTION('center_axis',(-0.941568590027552,0.336821303176518,0.));
#8043=DIRECTION('ref_axis',(-0.336821303176518,-0.941568590027552,0.));
#8044=DIRECTION('',(-0.336821303176518,-0.941568590027552,0.));
#8045=DIRECTION('',(-0.336821303176518,-0.941568590027552,0.));
#8046=DIRECTION('',(0.,0.,1.));
#8047=DIRECTION('center_axis',(0.,1.,0.));
#8048=DIRECTION('ref_axis',(-1.,0.,0.));
#8049=DIRECTION('',(-1.,0.,0.));
#8050=DIRECTION('',(-1.,0.,0.));
#8051=DIRECTION('',(0.,0.,1.));
#8052=DIRECTION('center_axis',(0.998803262989835,0.048908504790665,0.));
#8053=DIRECTION('ref_axis',(-0.048908504790665,0.998803262989835,0.));
#8054=DIRECTION('',(-0.048908504790665,0.998803262989835,0.));
#8055=DIRECTION('',(-0.048908504790665,0.998803262989835,0.));
#8056=DIRECTION('',(0.,0.,1.));
#8057=DIRECTION('center_axis',(0.,-1.,0.));
#8058=DIRECTION('ref_axis',(1.,0.,0.));
#8059=DIRECTION('',(1.,0.,0.));
#8060=DIRECTION('',(1.,0.,0.));
#8061=DIRECTION('',(0.,0.,1.));
#8062=DIRECTION('center_axis',(-0.999588004279455,-0.0287022943441071,0.));
#8063=DIRECTION('ref_axis',(0.0287022943441071,-0.999588004279455,0.));
#8064=DIRECTION('',(0.0287022943441071,-0.999588004279455,0.));
#8065=DIRECTION('',(0.0287022943441071,-0.999588004279455,0.));
#8066=DIRECTION('',(0.,0.,1.));
#8067=DIRECTION('center_axis',(-0.999925192668569,-0.0122314785175299,0.));
#8068=DIRECTION('ref_axis',(0.0122314785175299,-0.999925192668569,0.));
#8069=DIRECTION('',(0.0122314785175299,-0.999925192668569,0.));
#8070=DIRECTION('',(0.0122314785175299,-0.999925192668569,0.));
#8071=DIRECTION('',(0.,0.,1.));
#8072=DIRECTION('center_axis',(0.957302936991352,-0.289086642423568,0.));
#8073=DIRECTION('ref_axis',(0.289086642423568,0.957302936991352,0.));
#8074=DIRECTION('',(0.289086642423568,0.957302936991352,0.));
#8075=DIRECTION('',(0.289086642423568,0.957302936991352,0.));
#8076=DIRECTION('',(0.,0.,1.));
#8077=DIRECTION('center_axis',(0.938471255315355,-0.345357355425974,0.));
#8078=DIRECTION('ref_axis',(0.345357355425974,0.938471255315355,0.));
#8079=DIRECTION('',(0.345357355425974,0.938471255315355,0.));
#8080=DIRECTION('',(0.345357355425974,0.938471255315355,0.));
#8081=DIRECTION('',(0.,0.,1.));
#8082=DIRECTION('center_axis',(0.,-1.,0.));
#8083=DIRECTION('ref_axis',(1.,0.,0.));
#8084=DIRECTION('',(1.,0.,0.));
#8085=DIRECTION('',(1.,0.,0.));
#8086=DIRECTION('',(0.,0.,1.));
#8087=DIRECTION('center_axis',(-0.93750932305512,-0.347960154593498,0.));
#8088=DIRECTION('ref_axis',(0.347960154593498,-0.93750932305512,0.));
#8089=DIRECTION('',(0.347960154593498,-0.93750932305512,0.));
#8090=DIRECTION('',(0.347960154593498,-0.93750932305512,0.));
#8091=DIRECTION('',(0.,0.,1.));
#8092=DIRECTION('center_axis',(-0.948160999371133,-0.317790370010694,0.));
#8093=DIRECTION('ref_axis',(0.317790370010694,-0.948160999371133,0.));
#8094=DIRECTION('',(0.317790370010694,-0.948160999371133,0.));
#8095=DIRECTION('',(0.317790370010694,-0.948160999371133,0.));
#8096=DIRECTION('',(0.,0.,1.));
#8097=DIRECTION('center_axis',(0.999383035511675,-0.0351219067174776,0.));
#8098=DIRECTION('ref_axis',(0.0351219067174776,0.999383035511675,0.));
#8099=DIRECTION('',(0.0351219067174776,0.999383035511675,0.));
#8100=DIRECTION('',(0.0351219067174776,0.999383035511675,0.));
#8101=DIRECTION('',(0.,0.,1.));
#8102=DIRECTION('center_axis',(0.999491523595749,-0.0318856434818049,0.));
#8103=DIRECTION('ref_axis',(0.0318856434818049,0.999491523595749,0.));
#8104=DIRECTION('',(0.0318856434818049,0.999491523595749,0.));
#8105=DIRECTION('',(0.0318856434818049,0.999491523595749,0.));
#8106=DIRECTION('',(0.,0.,1.));
#8107=DIRECTION('center_axis',(0.,-1.,0.));
#8108=DIRECTION('ref_axis',(1.,0.,0.));
#8109=DIRECTION('',(1.,0.,0.));
#8110=DIRECTION('',(1.,0.,0.));
#8111=DIRECTION('',(0.,0.,1.));
#8112=DIRECTION('center_axis',(-0.998840301566347,0.0481461521499775,0.));
#8113=DIRECTION('ref_axis',(-0.0481461521499775,-0.998840301566347,0.));
#8114=DIRECTION('',(-0.0481461521499774,-0.998840301566347,0.));
#8115=DIRECTION('',(-0.0481461521499774,-0.998840301566347,0.));
#8116=DIRECTION('center_axis',(0.,0.,-1.));
#8117=DIRECTION('ref_axis',(-1.,0.,0.));
#8118=DIRECTION('center_axis',(0.,0.,1.));
#8119=DIRECTION('ref_axis',(1.,0.,0.));
#8120=DIRECTION('',(0.,0.,1.));
#8121=DIRECTION('',(1.,0.,0.));
#8122=DIRECTION('',(0.,0.,1.));
#8123=DIRECTION('',(1.,0.,0.));
#8124=DIRECTION('',(0.,-6.93889390390723E-18,1.));
#8125=DIRECTION('',(1.,0.,0.));
#8126=CARTESIAN_POINT('',(0.,0.,0.));
#8127=CARTESIAN_POINT('',(0.,0.,0.));
#8128=CARTESIAN_POINT('',(0.,0.,0.));
#8129=CARTESIAN_POINT('Origin',(-29.0000002980232,-6.8000000595884,13.));
#8130=CARTESIAN_POINT('',(-29.0000002980232,-6.8000000595884,13.));
#8131=CARTESIAN_POINT('',(-20.0000002980232,-6.8000000595884,13.));
#8132=CARTESIAN_POINT('',(-26.5000002980232,-6.8000000595884,13.));
#8133=CARTESIAN_POINT('',(-29.0000002980232,-6.8000000595884,5.5));
#8134=CARTESIAN_POINT('',(-29.0000002980232,-6.80000005958839,6.5));
#8135=CARTESIAN_POINT('',(-20.0000002980232,-6.8000000595884,5.5));
#8136=CARTESIAN_POINT('',(-29.0000002980232,-6.8000000595884,5.5));
#8137=CARTESIAN_POINT('',(-20.0000002980232,-6.80000005958839,6.5));
#8138=CARTESIAN_POINT('Origin',(-20.0000002980232,-16.3000000595884,13.));
#8139=CARTESIAN_POINT('',(-20.0000002980232,-16.3000000595884,13.));
#8140=CARTESIAN_POINT('',(-29.0000002980232,-16.3000000595884,13.));
#8141=CARTESIAN_POINT('',(-22.0000002980232,-16.3000000595884,13.));
#8142=CARTESIAN_POINT('',(-20.0000002980232,-16.3000000595884,5.5));
#8143=CARTESIAN_POINT('',(-20.0000002980232,-16.3000000595884,6.5));
#8144=CARTESIAN_POINT('',(-29.0000002980232,-16.3000000595884,5.5));
#8145=CARTESIAN_POINT('',(-20.0000002980232,-16.3000000595884,5.5));
#8146=CARTESIAN_POINT('',(-29.0000002980232,-16.3000000595884,6.5));
#8147=CARTESIAN_POINT('Origin',(-24.5000002980232,-11.5500000595884,5.5));
#8148=CARTESIAN_POINT('',(-20.0000002980232,-21.7749999552884,5.5));
#8149=CARTESIAN_POINT('',(-29.0000002980232,2.72500004471161,5.5));
#8150=CARTESIAN_POINT('Origin',(-24.0000002980232,12.0000001490116,13.));
#8151=CARTESIAN_POINT('',(-29.0000002980232,-35.9999998509884,13.));
#8152=CARTESIAN_POINT('',(-29.0000002980232,-40.9999998509884,13.));
#8153=CARTESIAN_POINT('',(-24.0000002980232,-40.9999998509884,13.));
#8154=CARTESIAN_POINT('Origin',(-24.0000002980232,-35.9999998509884,13.));
#8155=CARTESIAN_POINT('',(81.9999997019768,-40.9999998509884,13.));
#8156=CARTESIAN_POINT('',(86.9999997019768,-40.9999998509884,13.));
#8157=CARTESIAN_POINT('',(86.9999997019768,-35.9999998509884,13.));
#8158=CARTESIAN_POINT('Origin',(81.9999997019768,-35.9999998509884,13.));
#8159=CARTESIAN_POINT('',(86.9999997019768,12.0000001490116,13.));
#8160=CARTESIAN_POINT('',(86.9999997019768,17.0000001490116,13.));
#8161=CARTESIAN_POINT('',(81.9999997019768,17.0000001490116,13.));
#8162=CARTESIAN_POINT('Origin',(81.9999997019768,12.0000001490116,13.));
#8163=CARTESIAN_POINT('',(-24.0000002980232,17.0000001490116,13.));
#8164=CARTESIAN_POINT('',(-29.0000002980232,17.0000001490116,13.));
#8165=CARTESIAN_POINT('',(-29.0000002980232,12.0000001490116,13.));
#8166=CARTESIAN_POINT('Origin',(-24.0000002980232,12.0000001490116,13.));
#8167=CARTESIAN_POINT('',(-29.0000002980232,-40.9999998509884,13.));
#8168=CARTESIAN_POINT('',(-20.0000002980232,8.0000001490116,13.));
#8169=CARTESIAN_POINT('',(-20.0000002980232,-31.9999998509884,13.));
#8170=CARTESIAN_POINT('',(77.9999997019768,8.0000001490116,13.));
#8171=CARTESIAN_POINT('',(-20.0000002980232,8.00000014901161,13.));
#8172=CARTESIAN_POINT('',(77.9999997019768,-31.9999998509884,13.));
#8173=CARTESIAN_POINT('',(77.9999997019768,8.00000014901161,13.));
#8174=CARTESIAN_POINT('',(-20.0000002980232,-31.9999998509884,13.));
#8175=CARTESIAN_POINT('',(77.9999997019768,-31.9999998509884,13.));
#8176=CARTESIAN_POINT('',(-20.0000002980232,-31.9999998509884,13.));
#8177=CARTESIAN_POINT('',(-25.7000002980232,12.0000001490116,13.));
#8178=CARTESIAN_POINT('Origin',(-24.0000002980232,12.0000001490116,13.));
#8179=CARTESIAN_POINT('',(80.2999997019768,-35.9999998509884,13.));
#8180=CARTESIAN_POINT('Origin',(81.9999997019768,-35.9999998509884,13.));
#8181=CARTESIAN_POINT('',(80.2999997019768,12.0000001490116,13.));
#8182=CARTESIAN_POINT('Origin',(81.9999997019768,12.0000001490116,13.));
#8183=CARTESIAN_POINT('',(-25.7000002980232,-35.9999998509884,13.));
#8184=CARTESIAN_POINT('Origin',(-24.0000002980232,-35.9999998509884,13.));
#8185=CARTESIAN_POINT('Origin',(-29.0000002980232,17.0000001490116,0.));
#8186=CARTESIAN_POINT('',(-29.0000002980232,12.0000001490116,0.));
#8187=CARTESIAN_POINT('',(-29.0000002980232,12.0000001490116,0.));
#8188=CARTESIAN_POINT('',(-29.0000002980232,-35.9999998509884,0.));
#8189=CARTESIAN_POINT('',(-29.0000002980232,-40.9999998509884,0.));
#8190=CARTESIAN_POINT('',(-29.0000002980232,-35.9999998509884,0.));
#8191=CARTESIAN_POINT('Origin',(-24.0000002980232,-35.9999998509884,0.));
#8192=CARTESIAN_POINT('',(-24.0000002980232,-40.9999998509884,0.));
#8193=CARTESIAN_POINT('Origin',(-24.0000002980232,-35.9999998509884,0.));
#8194=CARTESIAN_POINT('',(-24.0000002980232,-40.9999998509884,0.));
#8195=CARTESIAN_POINT('Origin',(-29.0000002980232,-40.9999998509884,0.));
#8196=CARTESIAN_POINT('',(81.9999997019768,-40.9999998509884,0.));
#8197=CARTESIAN_POINT('',(86.9999997019768,-40.9999998509884,0.));
#8198=CARTESIAN_POINT('',(81.9999997019768,-40.9999998509884,0.));
#8199=CARTESIAN_POINT('Origin',(28.9999997019768,-11.9999998509884,0.));
#8200=CARTESIAN_POINT('',(-24.0000002980232,17.0000001490116,0.));
#8201=CARTESIAN_POINT('Origin',(-24.0000002980232,12.0000001490116,0.));
#8202=CARTESIAN_POINT('',(81.9999997019768,17.0000001490116,0.));
#8203=CARTESIAN_POINT('',(-29.0000002980232,17.0000001490116,0.));
#8204=CARTESIAN_POINT('',(86.9999997019768,12.0000001490116,0.));
#8205=CARTESIAN_POINT('Origin',(81.9999997019768,12.0000001490116,0.));
#8206=CARTESIAN_POINT('',(86.9999997019768,-35.9999998509884,0.));
#8207=CARTESIAN_POINT('',(86.9999997019768,17.0000001490116,0.));
#8208=CARTESIAN_POINT('Origin',(81.9999997019768,-35.9999998509884,0.));
#8209=CARTESIAN_POINT('',(-27.0000002980232,-35.9999998509884,0.));
#8210=CARTESIAN_POINT('Origin',(-24.0000002980232,-35.9999998509884,0.));
#8211=CARTESIAN_POINT('',(-27.0000002980232,12.0000001490116,0.));
#8212=CARTESIAN_POINT('Origin',(-24.0000002980232,12.0000001490116,0.));
#8213=CARTESIAN_POINT('',(78.9999997019768,-35.9999998509884,0.));
#8214=CARTESIAN_POINT('Origin',(81.9999997019768,-35.9999998509884,0.));
#8215=CARTESIAN_POINT('',(78.9999997019768,12.0000001490116,0.));
#8216=CARTESIAN_POINT('Origin',(81.9999997019768,12.0000001490116,0.));
#8217=CARTESIAN_POINT('Origin',(-24.0000002980232,12.0000001490116,0.));
#8218=CARTESIAN_POINT('',(-24.0000002980232,17.0000001490116,0.));
#8219=CARTESIAN_POINT('Origin',(86.9999997019768,17.0000001490116,0.));
#8220=CARTESIAN_POINT('',(81.9999997019768,17.0000001490116,0.));
#8221=CARTESIAN_POINT('Origin',(81.9999997019768,12.0000001490116,0.));
#8222=CARTESIAN_POINT('',(86.9999997019768,12.0000001490116,0.));
#8223=CARTESIAN_POINT('Origin',(81.9999997019768,-35.9999998509884,0.));
#8224=CARTESIAN_POINT('',(86.9999997019768,-35.9999998509884,0.));
#8225=CARTESIAN_POINT('Origin',(28.9999997019768,-11.9999998509884,3.));
#8226=CARTESIAN_POINT('',(77.9999997019768,-31.9999998509884,3.));
#8227=CARTESIAN_POINT('',(-20.0000002980232,-31.9999998509884,3.));
#8228=CARTESIAN_POINT('',(53.4999997019768,-31.9999998509884,3.));
#8229=CARTESIAN_POINT('',(77.9999997019768,8.0000001490116,3.));
#8230=CARTESIAN_POINT('',(77.9999997019768,-1.99999985098839,3.));
#8231=CARTESIAN_POINT('',(-20.0000002980232,8.0000001490116,3.));
#8232=CARTESIAN_POINT('',(4.49999970197678,8.00000014901161,3.));
#8233=CARTESIAN_POINT('',(-20.0000002980232,-21.9999998509884,3.));
#8234=CARTESIAN_POINT('Origin',(-20.0000002980232,8.00000014901161,0.));
#8235=CARTESIAN_POINT('',(77.9999997019768,8.00000014901161,0.));
#8236=CARTESIAN_POINT('',(-20.0000002980232,8.0000001490116,0.));
#8237=CARTESIAN_POINT('Origin',(77.9999997019768,8.00000014901161,0.));
#8238=CARTESIAN_POINT('',(77.9999997019768,-31.9999998509884,0.));
#8239=CARTESIAN_POINT('Origin',(-24.0000002980232,12.0000001490116,0.));
#8240=CARTESIAN_POINT('',(-27.0000002980232,12.0000001490116,3.1));
#8241=CARTESIAN_POINT('Origin',(-24.0000002980232,12.0000001490116,3.1));
#8242=CARTESIAN_POINT('',(-27.0000002980232,12.0000001490116,0.));
#8243=CARTESIAN_POINT('Origin',(-24.0000002980232,-35.9999998509884,0.));
#8244=CARTESIAN_POINT('',(-27.0000002980232,-35.9999998509884,3.1));
#8245=CARTESIAN_POINT('Origin',(-24.0000002980232,-35.9999998509884,3.1));
#8246=CARTESIAN_POINT('',(-27.0000002980232,-35.9999998509884,0.));
#8247=CARTESIAN_POINT('Origin',(81.9999997019768,-35.9999998509884,0.));
#8248=CARTESIAN_POINT('',(78.9999997019768,-35.9999998509884,3.1));
#8249=CARTESIAN_POINT('Origin',(81.9999997019768,-35.9999998509884,3.1));
#8250=CARTESIAN_POINT('',(78.9999997019768,-35.9999998509884,0.));
#8251=CARTESIAN_POINT('Origin',(81.9999997019768,12.0000001490116,0.));
#8252=CARTESIAN_POINT('',(78.9999997019768,12.0000001490116,3.1));
#8253=CARTESIAN_POINT('Origin',(81.9999997019768,12.0000001490116,3.1));
#8254=CARTESIAN_POINT('',(78.9999997019768,12.0000001490116,0.));
#8255=CARTESIAN_POINT('Origin',(-20.0000002980232,-31.9999998509884,0.));
#8256=CARTESIAN_POINT('',(-20.0000002980232,-31.9999998509884,0.));
#8257=CARTESIAN_POINT('Origin',(77.9999997019768,-31.9999998509884,0.));
#8258=CARTESIAN_POINT('Origin',(86.9999997019768,-40.9999998509884,0.));
#8259=CARTESIAN_POINT('Origin',(81.9999997019768,12.0000001490116,3.1));
#8260=CARTESIAN_POINT('',(80.2999997019768,12.0000001490116,3.1));
#8261=CARTESIAN_POINT('',(80.2999997019768,12.0000001490116,3.1));
#8262=CARTESIAN_POINT('Origin',(81.9999997019768,12.0000001490116,3.1));
#8263=CARTESIAN_POINT('Origin',(81.9999997019768,12.0000001490116,3.1));
#8264=CARTESIAN_POINT('Origin',(81.9999997019768,-35.9999998509884,3.1));
#8265=CARTESIAN_POINT('',(80.2999997019768,-35.9999998509884,3.1));
#8266=CARTESIAN_POINT('',(80.2999997019768,-35.9999998509884,3.1));
#8267=CARTESIAN_POINT('Origin',(81.9999997019768,-35.9999998509884,3.1));
#8268=CARTESIAN_POINT('Origin',(81.9999997019768,-35.9999998509884,3.1));
#8269=CARTESIAN_POINT('Origin',(-24.0000002980232,-35.9999998509884,3.1));
#8270=CARTESIAN_POINT('',(-25.7000002980232,-35.9999998509884,3.1));
#8271=CARTESIAN_POINT('',(-25.7000002980232,-35.9999998509884,3.1));
#8272=CARTESIAN_POINT('Origin',(-24.0000002980232,-35.9999998509884,3.1));
#8273=CARTESIAN_POINT('Origin',(-24.0000002980232,-35.9999998509884,3.1));
#8274=CARTESIAN_POINT('Origin',(-24.0000002980232,12.0000001490116,3.1));
#8275=CARTESIAN_POINT('',(-25.7000002980232,12.0000001490116,3.1));
#8276=CARTESIAN_POINT('',(-25.7000002980232,12.0000001490116,3.1));
#8277=CARTESIAN_POINT('Origin',(-24.0000002980232,12.0000001490116,3.1));
#8278=CARTESIAN_POINT('Origin',(-24.0000002980232,12.0000001490116,3.1));
#8279=CARTESIAN_POINT('',(0.,0.,0.));
#8280=CARTESIAN_POINT('Origin',(-26.375,5.085,0.));
#8281=CARTESIAN_POINT('',(-31.375,5.085,1.5));
#8282=CARTESIAN_POINT('',(-26.375,10.085,1.5));
#8283=CARTESIAN_POINT('Origin',(-26.375,5.085,1.5));
#8284=CARTESIAN_POINT('',(-26.375,10.085,0.));
#8285=CARTESIAN_POINT('',(-26.375,10.085,0.));
#8286=CARTESIAN_POINT('',(-31.375,5.085,0.));
#8287=CARTESIAN_POINT('Origin',(-26.375,5.085,0.));
#8288=CARTESIAN_POINT('',(-31.375,5.085,0.));
#8289=CARTESIAN_POINT('Origin',(84.625,10.085,0.));
#8290=CARTESIAN_POINT('',(79.625,10.085,1.5));
#8291=CARTESIAN_POINT('',(-31.375,10.085,1.5));
#8292=CARTESIAN_POINT('',(79.625,10.085,0.));
#8293=CARTESIAN_POINT('',(79.625,10.085,0.));
#8294=CARTESIAN_POINT('',(-31.375,10.085,0.));
#8295=CARTESIAN_POINT('Origin',(26.625,-18.915,1.5));
#8296=CARTESIAN_POINT('',(-31.375,-42.915,1.5));
#8297=CARTESIAN_POINT('',(-31.375,-47.915,1.5));
#8298=CARTESIAN_POINT('',(-26.375,-47.915,1.5));
#8299=CARTESIAN_POINT('Origin',(-26.375,-42.915,1.5));
#8300=CARTESIAN_POINT('',(79.625,-47.915,1.5));
#8301=CARTESIAN_POINT('',(84.625,-47.915,1.5));
#8302=CARTESIAN_POINT('',(84.625,-42.915,1.5));
#8303=CARTESIAN_POINT('Origin',(79.625,-42.915,1.5));
#8304=CARTESIAN_POINT('',(84.625,5.085,1.5));
#8305=CARTESIAN_POINT('',(84.625,10.085,1.5));
#8306=CARTESIAN_POINT('Origin',(79.625,5.085,1.5));
#8307=CARTESIAN_POINT('',(-28.075,5.085,1.5));
#8308=CARTESIAN_POINT('Origin',(-26.375,5.085,1.5));
#8309=CARTESIAN_POINT('',(-28.075,-42.915,1.5));
#8310=CARTESIAN_POINT('Origin',(-26.375,-42.915,1.5));
#8311=CARTESIAN_POINT('',(40.625,-3.025,1.5));
#8312=CARTESIAN_POINT('',(41.125,-2.525,1.5));
#8313=CARTESIAN_POINT('Origin',(41.125,-3.025,1.5));
#8314=CARTESIAN_POINT('',(54.125,-2.525,1.5));
#8315=CARTESIAN_POINT('',(41.125,-2.525,1.5));
#8316=CARTESIAN_POINT('',(54.625,-3.025,1.5));
#8317=CARTESIAN_POINT('Origin',(54.125,-3.025,1.5));
#8318=CARTESIAN_POINT('',(54.625,-16.025,1.5));
#8319=CARTESIAN_POINT('',(54.625,-3.025,1.5));
#8320=CARTESIAN_POINT('',(54.125,-16.525,1.5));
#8321=CARTESIAN_POINT('Origin',(54.125,-16.025,1.5));
#8322=CARTESIAN_POINT('',(41.125,-16.525,1.5));
#8323=CARTESIAN_POINT('',(41.125,-16.525,1.5));
#8324=CARTESIAN_POINT('',(40.625,-16.025,1.5));
#8325=CARTESIAN_POINT('Origin',(41.125,-16.025,1.5));
#8326=CARTESIAN_POINT('',(40.625,-3.025,1.5));
#8327=CARTESIAN_POINT('',(77.925,-42.915,1.5));
#8328=CARTESIAN_POINT('Origin',(79.625,-42.915,1.5));
#8329=CARTESIAN_POINT('',(77.925,5.085,1.5));
#8330=CARTESIAN_POINT('Origin',(79.625,5.085,1.5));
#8331=CARTESIAN_POINT('',(21.575,-3.025,1.5));
#8332=CARTESIAN_POINT('',(22.075,-2.525,1.5));
#8333=CARTESIAN_POINT('Origin',(22.075,-3.025,1.5));
#8334=CARTESIAN_POINT('',(35.075,-2.525,1.5));
#8335=CARTESIAN_POINT('',(22.075,-2.525,1.5));
#8336=CARTESIAN_POINT('',(35.575,-3.025,1.5));
#8337=CARTESIAN_POINT('Origin',(35.075,-3.025,1.5));
#8338=CARTESIAN_POINT('',(35.575,-16.025,1.5));
#8339=CARTESIAN_POINT('',(35.575,-3.025,1.5));
#8340=CARTESIAN_POINT('',(35.075,-16.525,1.5));
#8341=CARTESIAN_POINT('Origin',(35.075,-16.025,1.5));
#8342=CARTESIAN_POINT('',(22.075,-16.525,1.5));
#8343=CARTESIAN_POINT('',(22.075,-16.525,1.5));
#8344=CARTESIAN_POINT('',(21.575,-16.025,1.5));
#8345=CARTESIAN_POINT('Origin',(22.075,-16.025,1.5));
#8346=CARTESIAN_POINT('',(21.575,-3.025,1.5));
#8347=CARTESIAN_POINT('',(40.625,-22.075,1.5));
#8348=CARTESIAN_POINT('',(41.125,-21.575,1.5));
#8349=CARTESIAN_POINT('Origin',(41.125,-22.075,1.5));
#8350=CARTESIAN_POINT('',(54.125,-21.575,1.5));
#8351=CARTESIAN_POINT('',(41.125,-21.575,1.5));
#8352=CARTESIAN_POINT('',(54.625,-22.075,1.5));
#8353=CARTESIAN_POINT('Origin',(54.125,-22.075,1.5));
#8354=CARTESIAN_POINT('',(54.625,-35.075,1.5));
#8355=CARTESIAN_POINT('',(54.625,-22.075,1.5));
#8356=CARTESIAN_POINT('',(54.125,-35.575,1.5));
#8357=CARTESIAN_POINT('Origin',(54.125,-35.075,1.5));
#8358=CARTESIAN_POINT('',(41.125,-35.575,1.5));
#8359=CARTESIAN_POINT('',(41.125,-35.575,1.5));
#8360=CARTESIAN_POINT('',(40.625,-35.075,1.5));
#8361=CARTESIAN_POINT('Origin',(41.125,-35.075,1.5));
#8362=CARTESIAN_POINT('',(40.625,-22.075,1.5));
#8363=CARTESIAN_POINT('',(64.625,-6.91499999999935,1.5));
#8364=CARTESIAN_POINT('Origin',(66.225,-6.91499999999935,1.5));
#8365=CARTESIAN_POINT('',(21.575,-22.075,1.5));
#8366=CARTESIAN_POINT('',(22.075,-21.575,1.5));
#8367=CARTESIAN_POINT('Origin',(22.075,-22.075,1.5));
#8368=CARTESIAN_POINT('',(35.075,-21.575,1.5));
#8369=CARTESIAN_POINT('',(22.075,-21.575,1.5));
#8370=CARTESIAN_POINT('',(35.575,-22.075,1.5));
#8371=CARTESIAN_POINT('Origin',(35.075,-22.075,1.5));
#8372=CARTESIAN_POINT('',(35.575,-35.075,1.5));
#8373=CARTESIAN_POINT('',(35.575,-22.075,1.5));
#8374=CARTESIAN_POINT('',(35.075,-35.575,1.5));
#8375=CARTESIAN_POINT('Origin',(35.075,-35.075,1.5));
#8376=CARTESIAN_POINT('',(22.075,-35.575,1.5));
#8377=CARTESIAN_POINT('',(22.075,-35.575,1.5));
#8378=CARTESIAN_POINT('',(21.575,-35.075,1.5));
#8379=CARTESIAN_POINT('Origin',(22.075,-35.075,1.5));
#8380=CARTESIAN_POINT('',(21.575,-22.075,1.5));
#8381=CARTESIAN_POINT('',(2.525,-3.025,1.5));
#8382=CARTESIAN_POINT('',(3.025,-2.525,1.5));
#8383=CARTESIAN_POINT('Origin',(3.025,-3.025,1.5));
#8384=CARTESIAN_POINT('',(16.025,-2.525,1.5));
#8385=CARTESIAN_POINT('',(3.025,-2.525,1.5));
#8386=CARTESIAN_POINT('',(16.525,-3.025,1.5));
#8387=CARTESIAN_POINT('Origin',(16.025,-3.025,1.5));
#8388=CARTESIAN_POINT('',(16.525,-16.025,1.5));
#8389=CARTESIAN_POINT('',(16.525,-3.025,1.5));
#8390=CARTESIAN_POINT('',(16.025,-16.525,1.5));
#8391=CARTESIAN_POINT('Origin',(16.025,-16.025,1.5));
#8392=CARTESIAN_POINT('',(3.025,-16.525,1.5));
#8393=CARTESIAN_POINT('',(3.025,-16.525,1.5));
#8394=CARTESIAN_POINT('',(2.525,-16.025,1.5));
#8395=CARTESIAN_POINT('Origin',(3.025,-16.025,1.5));
#8396=CARTESIAN_POINT('',(2.525,-3.025,1.5));
#8397=CARTESIAN_POINT('',(2.525,-22.075,1.5));
#8398=CARTESIAN_POINT('',(3.025,-21.575,1.5));
#8399=CARTESIAN_POINT('Origin',(3.025,-22.075,1.5));
#8400=CARTESIAN_POINT('',(16.025,-21.575,1.5));
#8401=CARTESIAN_POINT('',(3.025,-21.575,1.5));
#8402=CARTESIAN_POINT('',(16.525,-22.075,1.5));
#8403=CARTESIAN_POINT('Origin',(16.025,-22.075,1.5));
#8404=CARTESIAN_POINT('',(16.525,-35.075,1.5));
#8405=CARTESIAN_POINT('',(16.525,-22.075,1.5));
#8406=CARTESIAN_POINT('',(16.025,-35.575,1.5));
#8407=CARTESIAN_POINT('Origin',(16.025,-35.075,1.5));
#8408=CARTESIAN_POINT('',(3.025,-35.575,1.5));
#8409=CARTESIAN_POINT('',(3.025,-35.575,1.5));
#8410=CARTESIAN_POINT('',(2.525,-35.075,1.5));
#8411=CARTESIAN_POINT('Origin',(3.025,-35.075,1.5));
#8412=CARTESIAN_POINT('',(2.525,-22.075,1.5));
#8413=CARTESIAN_POINT('Origin',(79.625,5.085,0.));
#8414=CARTESIAN_POINT('',(84.625,5.085,0.));
#8415=CARTESIAN_POINT('',(84.625,5.085,0.));
#8416=CARTESIAN_POINT('Origin',(79.625,5.085,0.));
#8417=CARTESIAN_POINT('Origin',(84.625,-47.915,0.));
#8418=CARTESIAN_POINT('',(84.625,-42.915,0.));
#8419=CARTESIAN_POINT('',(84.625,-42.915,0.));
#8420=CARTESIAN_POINT('',(84.625,10.085,0.));
#8421=CARTESIAN_POINT('Origin',(79.625,-42.915,0.));
#8422=CARTESIAN_POINT('',(79.625,-47.915,0.));
#8423=CARTESIAN_POINT('',(79.625,-47.915,0.));
#8424=CARTESIAN_POINT('Origin',(79.625,-42.915,0.));
#8425=CARTESIAN_POINT('Origin',(-31.375,-47.915,0.));
#8426=CARTESIAN_POINT('',(-26.375,-47.915,0.));
#8427=CARTESIAN_POINT('',(-26.375,-47.915,0.));
#8428=CARTESIAN_POINT('',(84.625,-47.915,0.));
#8429=CARTESIAN_POINT('Origin',(-26.375,-42.915,0.));
#8430=CARTESIAN_POINT('',(-31.375,-42.915,0.));
#8431=CARTESIAN_POINT('',(-31.375,-42.915,0.));
#8432=CARTESIAN_POINT('Origin',(-26.375,-42.915,0.));
#8433=CARTESIAN_POINT('Origin',(2.525,-35.075,0.));
#8434=CARTESIAN_POINT('',(2.525,-35.075,0.));
#8435=CARTESIAN_POINT('',(2.525,-22.075,0.));
#8436=CARTESIAN_POINT('',(2.525,-22.075,0.));
#8437=CARTESIAN_POINT('',(2.525,-22.075,0.));
#8438=CARTESIAN_POINT('',(2.525,-35.075,0.));
#8439=CARTESIAN_POINT('Origin',(3.025,-35.075,0.));
#8440=CARTESIAN_POINT('',(3.025,-35.575,0.));
#8441=CARTESIAN_POINT('Origin',(3.025,-35.075,0.));
#8442=CARTESIAN_POINT('',(3.025,-35.575,0.));
#8443=CARTESIAN_POINT('Origin',(16.025,-35.575,0.));
#8444=CARTESIAN_POINT('',(16.025,-35.575,0.));
#8445=CARTESIAN_POINT('',(3.025,-35.575,0.));
#8446=CARTESIAN_POINT('',(16.025,-35.575,0.));
#8447=CARTESIAN_POINT('Origin',(16.025,-35.075,0.));
#8448=CARTESIAN_POINT('',(16.525,-35.075,0.));
#8449=CARTESIAN_POINT('Origin',(16.025,-35.075,0.));
#8450=CARTESIAN_POINT('',(16.525,-35.075,0.));
#8451=CARTESIAN_POINT('Origin',(16.525,-22.075,0.));
#8452=CARTESIAN_POINT('',(16.525,-22.075,0.));
#8453=CARTESIAN_POINT('',(16.525,-22.075,0.));
#8454=CARTESIAN_POINT('',(16.525,-22.075,0.));
#8455=CARTESIAN_POINT('Origin',(16.025,-22.075,0.));
#8456=CARTESIAN_POINT('',(16.025,-21.575,0.));
#8457=CARTESIAN_POINT('Origin',(16.025,-22.075,0.));
#8458=CARTESIAN_POINT('',(16.025,-21.575,0.));
#8459=CARTESIAN_POINT('Origin',(3.025,-21.575,0.));
#8460=CARTESIAN_POINT('',(3.025,-21.575,0.));
#8461=CARTESIAN_POINT('',(3.025,-21.575,0.));
#8462=CARTESIAN_POINT('',(3.025,-21.575,0.));
#8463=CARTESIAN_POINT('Origin',(3.025,-22.075,0.));
#8464=CARTESIAN_POINT('Origin',(3.025,-22.075,0.));
#8465=CARTESIAN_POINT('Origin',(2.525,-16.025,0.));
#8466=CARTESIAN_POINT('',(2.525,-16.025,0.));
#8467=CARTESIAN_POINT('',(2.525,-3.025,0.));
#8468=CARTESIAN_POINT('',(2.525,-3.025,0.));
#8469=CARTESIAN_POINT('',(2.525,-3.025,0.));
#8470=CARTESIAN_POINT('',(2.525,-16.025,0.));
#8471=CARTESIAN_POINT('Origin',(3.025,-16.025,0.));
#8472=CARTESIAN_POINT('',(3.025,-16.525,0.));
#8473=CARTESIAN_POINT('Origin',(3.025,-16.025,0.));
#8474=CARTESIAN_POINT('',(3.025,-16.525,0.));
#8475=CARTESIAN_POINT('Origin',(16.025,-16.525,0.));
#8476=CARTESIAN_POINT('',(16.025,-16.525,0.));
#8477=CARTESIAN_POINT('',(3.025,-16.525,0.));
#8478=CARTESIAN_POINT('',(16.025,-16.525,0.));
#8479=CARTESIAN_POINT('Origin',(16.025,-16.025,0.));
#8480=CARTESIAN_POINT('',(16.525,-16.025,0.));
#8481=CARTESIAN_POINT('Origin',(16.025,-16.025,0.));
#8482=CARTESIAN_POINT('',(16.525,-16.025,0.));
#8483=CARTESIAN_POINT('Origin',(16.525,-3.025,0.));
#8484=CARTESIAN_POINT('',(16.525,-3.025,0.));
#8485=CARTESIAN_POINT('',(16.525,-3.025,0.));
#8486=CARTESIAN_POINT('',(16.525,-3.025,0.));
#8487=CARTESIAN_POINT('Origin',(16.025,-3.025,0.));
#8488=CARTESIAN_POINT('',(16.025,-2.525,0.));
#8489=CARTESIAN_POINT('Origin',(16.025,-3.025,0.));
#8490=CARTESIAN_POINT('',(16.025,-2.525,0.));
#8491=CARTESIAN_POINT('Origin',(3.025,-2.525,0.));
#8492=CARTESIAN_POINT('',(3.025,-2.525,0.));
#8493=CARTESIAN_POINT('',(3.025,-2.525,0.));
#8494=CARTESIAN_POINT('',(3.025,-2.525,0.));
#8495=CARTESIAN_POINT('Origin',(3.025,-3.025,0.));
#8496=CARTESIAN_POINT('Origin',(3.025,-3.025,0.));
#8497=CARTESIAN_POINT('Origin',(21.575,-35.075,0.));
#8498=CARTESIAN_POINT('',(21.575,-35.075,0.));
#8499=CARTESIAN_POINT('',(21.575,-22.075,0.));
#8500=CARTESIAN_POINT('',(21.575,-22.075,0.));
#8501=CARTESIAN_POINT('',(21.575,-22.075,0.));
#8502=CARTESIAN_POINT('',(21.575,-35.075,0.));
#8503=CARTESIAN_POINT('Origin',(22.075,-35.075,0.));
#8504=CARTESIAN_POINT('',(22.075,-35.575,0.));
#8505=CARTESIAN_POINT('Origin',(22.075,-35.075,0.));
#8506=CARTESIAN_POINT('',(22.075,-35.575,0.));
#8507=CARTESIAN_POINT('Origin',(35.075,-35.575,0.));
#8508=CARTESIAN_POINT('',(35.075,-35.575,0.));
#8509=CARTESIAN_POINT('',(22.075,-35.575,0.));
#8510=CARTESIAN_POINT('',(35.075,-35.575,0.));
#8511=CARTESIAN_POINT('Origin',(35.075,-35.075,0.));
#8512=CARTESIAN_POINT('',(35.575,-35.075,0.));
#8513=CARTESIAN_POINT('Origin',(35.075,-35.075,0.));
#8514=CARTESIAN_POINT('',(35.575,-35.075,0.));
#8515=CARTESIAN_POINT('Origin',(35.575,-22.075,0.));
#8516=CARTESIAN_POINT('',(35.575,-22.075,0.));
#8517=CARTESIAN_POINT('',(35.575,-22.075,0.));
#8518=CARTESIAN_POINT('',(35.575,-22.075,0.));
#8519=CARTESIAN_POINT('Origin',(35.075,-22.075,0.));
#8520=CARTESIAN_POINT('',(35.075,-21.575,0.));
#8521=CARTESIAN_POINT('Origin',(35.075,-22.075,0.));
#8522=CARTESIAN_POINT('',(35.075,-21.575,0.));
#8523=CARTESIAN_POINT('Origin',(22.075,-21.575,0.));
#8524=CARTESIAN_POINT('',(22.075,-21.575,0.));
#8525=CARTESIAN_POINT('',(22.075,-21.575,0.));
#8526=CARTESIAN_POINT('',(22.075,-21.575,0.));
#8527=CARTESIAN_POINT('Origin',(22.075,-22.075,0.));
#8528=CARTESIAN_POINT('Origin',(22.075,-22.075,0.));
#8529=CARTESIAN_POINT('Origin',(66.225,-6.91499999999935,0.));
#8530=CARTESIAN_POINT('',(64.625,-6.91499999999935,0.));
#8531=CARTESIAN_POINT('',(64.625,-6.91499999999935,0.));
#8532=CARTESIAN_POINT('Origin',(66.225,-6.91499999999935,0.));
#8533=CARTESIAN_POINT('Origin',(40.625,-35.075,0.));
#8534=CARTESIAN_POINT('',(40.625,-35.075,0.));
#8535=CARTESIAN_POINT('',(40.625,-22.075,0.));
#8536=CARTESIAN_POINT('',(40.625,-22.075,0.));
#8537=CARTESIAN_POINT('',(40.625,-22.075,0.));
#8538=CARTESIAN_POINT('',(40.625,-35.075,0.));
#8539=CARTESIAN_POINT('Origin',(41.125,-35.075,0.));
#8540=CARTESIAN_POINT('',(41.125,-35.575,0.));
#8541=CARTESIAN_POINT('Origin',(41.125,-35.075,0.));
#8542=CARTESIAN_POINT('',(41.125,-35.575,0.));
#8543=CARTESIAN_POINT('Origin',(54.125,-35.575,0.));
#8544=CARTESIAN_POINT('',(54.125,-35.575,0.));
#8545=CARTESIAN_POINT('',(41.125,-35.575,0.));
#8546=CARTESIAN_POINT('',(54.125,-35.575,0.));
#8547=CARTESIAN_POINT('Origin',(54.125,-35.075,0.));
#8548=CARTESIAN_POINT('',(54.625,-35.075,0.));
#8549=CARTESIAN_POINT('Origin',(54.125,-35.075,0.));
#8550=CARTESIAN_POINT('',(54.625,-35.075,0.));
#8551=CARTESIAN_POINT('Origin',(54.625,-22.075,0.));
#8552=CARTESIAN_POINT('',(54.625,-22.075,0.));
#8553=CARTESIAN_POINT('',(54.625,-22.075,0.));
#8554=CARTESIAN_POINT('',(54.625,-22.075,0.));
#8555=CARTESIAN_POINT('Origin',(54.125,-22.075,0.));
#8556=CARTESIAN_POINT('',(54.125,-21.575,0.));
#8557=CARTESIAN_POINT('Origin',(54.125,-22.075,0.));
#8558=CARTESIAN_POINT('',(54.125,-21.575,0.));
#8559=CARTESIAN_POINT('Origin',(41.125,-21.575,0.));
#8560=CARTESIAN_POINT('',(41.125,-21.575,0.));
#8561=CARTESIAN_POINT('',(41.125,-21.575,0.));
#8562=CARTESIAN_POINT('',(41.125,-21.575,0.));
#8563=CARTESIAN_POINT('Origin',(41.125,-22.075,0.));
#8564=CARTESIAN_POINT('Origin',(41.125,-22.075,0.));
#8565=CARTESIAN_POINT('Origin',(21.575,-16.025,0.));
#8566=CARTESIAN_POINT('',(21.575,-16.025,0.));
#8567=CARTESIAN_POINT('',(21.575,-3.025,0.));
#8568=CARTESIAN_POINT('',(21.575,-3.025,0.));
#8569=CARTESIAN_POINT('',(21.575,-3.025,0.));
#8570=CARTESIAN_POINT('',(21.575,-16.025,0.));
#8571=CARTESIAN_POINT('Origin',(22.075,-16.025,0.));
#8572=CARTESIAN_POINT('',(22.075,-16.525,0.));
#8573=CARTESIAN_POINT('Origin',(22.075,-16.025,0.));
#8574=CARTESIAN_POINT('',(22.075,-16.525,0.));
#8575=CARTESIAN_POINT('Origin',(35.075,-16.525,0.));
#8576=CARTESIAN_POINT('',(35.075,-16.525,0.));
#8577=CARTESIAN_POINT('',(22.075,-16.525,0.));
#8578=CARTESIAN_POINT('',(35.075,-16.525,0.));
#8579=CARTESIAN_POINT('Origin',(35.075,-16.025,0.));
#8580=CARTESIAN_POINT('',(35.575,-16.025,0.));
#8581=CARTESIAN_POINT('Origin',(35.075,-16.025,0.));
#8582=CARTESIAN_POINT('',(35.575,-16.025,0.));
#8583=CARTESIAN_POINT('Origin',(35.575,-3.025,0.));
#8584=CARTESIAN_POINT('',(35.575,-3.025,0.));
#8585=CARTESIAN_POINT('',(35.575,-3.025,0.));
#8586=CARTESIAN_POINT('',(35.575,-3.025,0.));
#8587=CARTESIAN_POINT('Origin',(35.075,-3.025,0.));
#8588=CARTESIAN_POINT('',(35.075,-2.525,0.));
#8589=CARTESIAN_POINT('Origin',(35.075,-3.025,0.));
#8590=CARTESIAN_POINT('',(35.075,-2.525,0.));
#8591=CARTESIAN_POINT('Origin',(22.075,-2.525,0.));
#8592=CARTESIAN_POINT('',(22.075,-2.525,0.));
#8593=CARTESIAN_POINT('',(22.075,-2.525,0.));
#8594=CARTESIAN_POINT('',(22.075,-2.525,0.));
#8595=CARTESIAN_POINT('Origin',(22.075,-3.025,0.));
#8596=CARTESIAN_POINT('Origin',(22.075,-3.025,0.));
#8597=CARTESIAN_POINT('Origin',(79.625,5.085,0.));
#8598=CARTESIAN_POINT('',(77.925,5.085,0.));
#8599=CARTESIAN_POINT('',(77.925,5.085,0.));
#8600=CARTESIAN_POINT('Origin',(79.625,5.085,0.));
#8601=CARTESIAN_POINT('Origin',(79.625,-42.915,0.));
#8602=CARTESIAN_POINT('',(77.925,-42.915,0.));
#8603=CARTESIAN_POINT('',(77.925,-42.915,0.));
#8604=CARTESIAN_POINT('Origin',(79.625,-42.915,0.));
#8605=CARTESIAN_POINT('Origin',(40.625,-16.025,0.));
#8606=CARTESIAN_POINT('',(40.625,-16.025,0.));
#8607=CARTESIAN_POINT('',(40.625,-3.025,0.));
#8608=CARTESIAN_POINT('',(40.625,-3.025,0.));
#8609=CARTESIAN_POINT('',(40.625,-3.025,0.));
#8610=CARTESIAN_POINT('',(40.625,-16.025,0.));
#8611=CARTESIAN_POINT('Origin',(41.125,-16.025,0.));
#8612=CARTESIAN_POINT('',(41.125,-16.525,0.));
#8613=CARTESIAN_POINT('Origin',(41.125,-16.025,0.));
#8614=CARTESIAN_POINT('',(41.125,-16.525,0.));
#8615=CARTESIAN_POINT('Origin',(54.125,-16.525,0.));
#8616=CARTESIAN_POINT('',(54.125,-16.525,0.));
#8617=CARTESIAN_POINT('',(41.125,-16.525,0.));
#8618=CARTESIAN_POINT('',(54.125,-16.525,0.));
#8619=CARTESIAN_POINT('Origin',(54.125,-16.025,0.));
#8620=CARTESIAN_POINT('',(54.625,-16.025,0.));
#8621=CARTESIAN_POINT('Origin',(54.125,-16.025,0.));
#8622=CARTESIAN_POINT('',(54.625,-16.025,0.));
#8623=CARTESIAN_POINT('Origin',(54.625,-3.025,0.));
#8624=CARTESIAN_POINT('',(54.625,-3.025,0.));
#8625=CARTESIAN_POINT('',(54.625,-3.025,0.));
#8626=CARTESIAN_POINT('',(54.625,-3.025,0.));
#8627=CARTESIAN_POINT('Origin',(54.125,-3.025,0.));
#8628=CARTESIAN_POINT('',(54.125,-2.525,0.));
#8629=CARTESIAN_POINT('Origin',(54.125,-3.025,0.));
#8630=CARTESIAN_POINT('',(54.125,-2.525,0.));
#8631=CARTESIAN_POINT('Origin',(41.125,-2.525,0.));
#8632=CARTESIAN_POINT('',(41.125,-2.525,0.));
#8633=CARTESIAN_POINT('',(41.125,-2.525,0.));
#8634=CARTESIAN_POINT('',(41.125,-2.525,0.));
#8635=CARTESIAN_POINT('Origin',(41.125,-3.025,0.));
#8636=CARTESIAN_POINT('Origin',(41.125,-3.025,0.));
#8637=CARTESIAN_POINT('Origin',(-26.375,-42.915,0.));
#8638=CARTESIAN_POINT('',(-28.075,-42.915,0.));
#8639=CARTESIAN_POINT('',(-28.075,-42.915,0.));
#8640=CARTESIAN_POINT('Origin',(-26.375,-42.915,0.));
#8641=CARTESIAN_POINT('Origin',(-26.375,5.085,0.));
#8642=CARTESIAN_POINT('',(-28.075,5.085,0.));
#8643=CARTESIAN_POINT('',(-28.075,5.085,0.));
#8644=CARTESIAN_POINT('Origin',(-26.375,5.085,0.));
#8645=CARTESIAN_POINT('Origin',(-31.375,10.085,0.));
#8646=CARTESIAN_POINT('',(-31.375,-47.915,0.));
#8647=CARTESIAN_POINT('Origin',(26.625,-18.915,0.));
#8648=CARTESIAN_POINT('Origin',(66.225,-6.91499999999935,-1.5));
#8649=CARTESIAN_POINT('',(64.625,-6.91499999999935,-1.5));
#8650=CARTESIAN_POINT('Origin',(66.225,-6.91499999999935,-1.5));
#8651=CARTESIAN_POINT('Origin',(66.225,-6.91499999999935,0.));
#8652=CARTESIAN_POINT('',(64.625,-6.91499999999935,0.));
#8653=CARTESIAN_POINT('Origin',(66.225,-6.91499999999935,0.));
#8654=CARTESIAN_POINT('Origin',(66.225,-6.91499999999935,0.));
#8655=CARTESIAN_POINT('',(64.625,-6.91499999999935,0.));
#8656=CARTESIAN_POINT('Ctrl Pts',(-2.30030602775514,-43.8749049603939,0.));
#8657=CARTESIAN_POINT('Ctrl Pts',(-2.30030602775514,-43.8749049603939,0.2));
#8658=CARTESIAN_POINT('Ctrl Pts',(-2.32107829101779,-43.8635526953092,0.));
#8659=CARTESIAN_POINT('Ctrl Pts',(-2.32107829101779,-43.8635526953092,0.2));
#8660=CARTESIAN_POINT('Ctrl Pts',(-2.36614484845113,-43.8389233374018,0.));
#8661=CARTESIAN_POINT('Ctrl Pts',(-2.36614484845113,-43.8389233374018,0.2));
#8662=CARTESIAN_POINT('Ctrl Pts',(-2.40464644234703,-43.8048842942205,0.));
#8663=CARTESIAN_POINT('Ctrl Pts',(-2.40464644234703,-43.8048842942205,0.2));
#8664=CARTESIAN_POINT('Ctrl Pts',(-2.42540172301233,-43.7865346670151,0.));
#8665=CARTESIAN_POINT('Ctrl Pts',(-2.42540172301233,-43.7865346670151,0.2));
#8666=CARTESIAN_POINT('',(-2.30030602775514,-43.8749049603939,0.));
#8667=CARTESIAN_POINT('',(-2.42540172301233,-43.7865346670151,0.));
#8668=CARTESIAN_POINT('Ctrl Pts',(-2.30030602775514,-43.8749049603939,0.));
#8669=CARTESIAN_POINT('Ctrl Pts',(-2.32107829101779,-43.8635526953092,0.));
#8670=CARTESIAN_POINT('Ctrl Pts',(-2.36614484845113,-43.8389233374018,0.));
#8671=CARTESIAN_POINT('Ctrl Pts',(-2.40464644234703,-43.8048842942205,0.));
#8672=CARTESIAN_POINT('Ctrl Pts',(-2.42540172301233,-43.7865346670151,0.));
#8673=CARTESIAN_POINT('',(-2.42540172301233,-43.7865346670151,0.2));
#8674=CARTESIAN_POINT('',(-2.42540172301233,-43.7865346670151,0.));
#8675=CARTESIAN_POINT('',(-2.30030602775514,-43.8749049603939,0.2));
#8676=CARTESIAN_POINT('Ctrl Pts',(-2.30030602775514,-43.8749049603939,0.2));
#8677=CARTESIAN_POINT('Ctrl Pts',(-2.32107829101779,-43.8635526953092,0.2));
#8678=CARTESIAN_POINT('Ctrl Pts',(-2.36614484845113,-43.8389233374018,0.2));
#8679=CARTESIAN_POINT('Ctrl Pts',(-2.40464644234703,-43.8048842942205,0.2));
#8680=CARTESIAN_POINT('Ctrl Pts',(-2.42540172301233,-43.7865346670151,0.2));
#8681=CARTESIAN_POINT('',(-2.30030602775514,-43.8749049603939,0.));
#8682=CARTESIAN_POINT('Ctrl Pts',(-2.19510330818594,-43.9028315246105,0.));
#8683=CARTESIAN_POINT('Ctrl Pts',(-2.19510330818594,-43.9028315246105,0.2));
#8684=CARTESIAN_POINT('Ctrl Pts',(-2.21172311042261,-43.9012963512734,0.));
#8685=CARTESIAN_POINT('Ctrl Pts',(-2.21172311042261,-43.9012963512734,0.2));
#8686=CARTESIAN_POINT('Ctrl Pts',(-2.24830178078631,-43.8979175746399,0.));
#8687=CARTESIAN_POINT('Ctrl Pts',(-2.24830178078631,-43.8979175746399,0.2));
#8688=CARTESIAN_POINT('Ctrl Pts',(-2.2819475011018,-43.8830288678942,0.));
#8689=CARTESIAN_POINT('Ctrl Pts',(-2.2819475011018,-43.8830288678942,0.2));
#8690=CARTESIAN_POINT('Ctrl Pts',(-2.30030602775514,-43.8749049603939,0.));
#8691=CARTESIAN_POINT('Ctrl Pts',(-2.30030602775514,-43.8749049603939,0.2));
#8692=CARTESIAN_POINT('',(-2.19510330818594,-43.9028315246105,0.));
#8693=CARTESIAN_POINT('Ctrl Pts',(-2.19510330818594,-43.9028315246105,0.));
#8694=CARTESIAN_POINT('Ctrl Pts',(-2.21172311042261,-43.9012963512734,0.));
#8695=CARTESIAN_POINT('Ctrl Pts',(-2.24830178078631,-43.8979175746399,0.));
#8696=CARTESIAN_POINT('Ctrl Pts',(-2.2819475011018,-43.8830288678942,0.));
#8697=CARTESIAN_POINT('Ctrl Pts',(-2.30030602775514,-43.8749049603939,0.));
#8698=CARTESIAN_POINT('',(-2.19510330818594,-43.9028315246105,0.2));
#8699=CARTESIAN_POINT('Ctrl Pts',(-2.19510330818594,-43.9028315246105,0.2));
#8700=CARTESIAN_POINT('Ctrl Pts',(-2.21172311042261,-43.9012963512734,0.2));
#8701=CARTESIAN_POINT('Ctrl Pts',(-2.24830178078631,-43.8979175746399,0.2));
#8702=CARTESIAN_POINT('Ctrl Pts',(-2.2819475011018,-43.8830288678942,0.2));
#8703=CARTESIAN_POINT('Ctrl Pts',(-2.30030602775514,-43.8749049603939,0.2));
#8704=CARTESIAN_POINT('',(-2.19510330818594,-43.9028315246105,0.));
#8705=CARTESIAN_POINT('Ctrl Pts',(-2.13542467914522,-43.8936501741409,0.));
#8706=CARTESIAN_POINT('Ctrl Pts',(-2.13542467914522,-43.8936501741409,0.2));
#8707=CARTESIAN_POINT('Ctrl Pts',(-2.14441763478549,-43.8963239937956,0.));
#8708=CARTESIAN_POINT('Ctrl Pts',(-2.14441763478549,-43.8963239937956,0.2));
#8709=CARTESIAN_POINT('Ctrl Pts',(-2.16387264524686,-43.9021084312412,0.));
#8710=CARTESIAN_POINT('Ctrl Pts',(-2.16387264524686,-43.9021084312412,0.2));
#8711=CARTESIAN_POINT('Ctrl Pts',(-2.18418188575754,-43.9025786574794,0.));
#8712=CARTESIAN_POINT('Ctrl Pts',(-2.18418188575754,-43.9025786574794,0.2));
#8713=CARTESIAN_POINT('Ctrl Pts',(-2.19510330818594,-43.9028315246105,0.));
#8714=CARTESIAN_POINT('Ctrl Pts',(-2.19510330818594,-43.9028315246105,0.2));
#8715=CARTESIAN_POINT('',(-2.13542467914522,-43.8936501741409,0.));
#8716=CARTESIAN_POINT('Ctrl Pts',(-2.13542467914522,-43.8936501741409,0.));
#8717=CARTESIAN_POINT('Ctrl Pts',(-2.14441763478549,-43.8963239937956,0.));
#8718=CARTESIAN_POINT('Ctrl Pts',(-2.16387264524686,-43.9021084312412,0.));
#8719=CARTESIAN_POINT('Ctrl Pts',(-2.18418188575754,-43.9025786574794,0.));
#8720=CARTESIAN_POINT('Ctrl Pts',(-2.19510330818594,-43.9028315246105,0.));
#8721=CARTESIAN_POINT('',(-2.13542467914522,-43.8936501741409,0.2));
#8722=CARTESIAN_POINT('Ctrl Pts',(-2.13542467914522,-43.8936501741409,0.2));
#8723=CARTESIAN_POINT('Ctrl Pts',(-2.14441763478549,-43.8963239937956,0.2));
#8724=CARTESIAN_POINT('Ctrl Pts',(-2.16387264524686,-43.9021084312412,0.2));
#8725=CARTESIAN_POINT('Ctrl Pts',(-2.18418188575754,-43.9025786574794,0.2));
#8726=CARTESIAN_POINT('Ctrl Pts',(-2.19510330818594,-43.9028315246105,0.2));
#8727=CARTESIAN_POINT('',(-2.13542467914522,-43.8936501741409,0.));
#8728=CARTESIAN_POINT('Ctrl Pts',(-2.09563887678087,-43.8687841594219,0.));
#8729=CARTESIAN_POINT('Ctrl Pts',(-2.09563887678087,-43.8687841594219,0.2));
#8730=CARTESIAN_POINT('Ctrl Pts',(-2.10129381108006,-43.8738041074795,0.));
#8731=CARTESIAN_POINT('Ctrl Pts',(-2.10129381108006,-43.8738041074795,0.2));
#8732=CARTESIAN_POINT('Ctrl Pts',(-2.11314508518018,-43.8843246152786,0.));
#8733=CARTESIAN_POINT('Ctrl Pts',(-2.11314508518018,-43.8843246152786,0.2));
#8734=CARTESIAN_POINT('Ctrl Pts',(-2.12777536131346,-43.8904484028784,0.));
#8735=CARTESIAN_POINT('Ctrl Pts',(-2.12777536131346,-43.8904484028784,0.2));
#8736=CARTESIAN_POINT('Ctrl Pts',(-2.13542467914522,-43.8936501741409,0.));
#8737=CARTESIAN_POINT('Ctrl Pts',(-2.13542467914522,-43.8936501741409,0.2));
#8738=CARTESIAN_POINT('',(-2.09563887678087,-43.8687841594219,0.));
#8739=CARTESIAN_POINT('Ctrl Pts',(-2.09563887678087,-43.8687841594219,0.));
#8740=CARTESIAN_POINT('Ctrl Pts',(-2.10129381108006,-43.8738041074795,0.));
#8741=CARTESIAN_POINT('Ctrl Pts',(-2.11314508518018,-43.8843246152786,0.));
#8742=CARTESIAN_POINT('Ctrl Pts',(-2.12777536131346,-43.8904484028784,0.));
#8743=CARTESIAN_POINT('Ctrl Pts',(-2.13542467914522,-43.8936501741409,0.));
#8744=CARTESIAN_POINT('',(-2.09563887678087,-43.8687841594219,0.2));
#8745=CARTESIAN_POINT('Ctrl Pts',(-2.09563887678087,-43.8687841594219,0.2));
#8746=CARTESIAN_POINT('Ctrl Pts',(-2.10129381108006,-43.8738041074795,0.2));
#8747=CARTESIAN_POINT('Ctrl Pts',(-2.11314508518018,-43.8843246152786,0.2));
#8748=CARTESIAN_POINT('Ctrl Pts',(-2.12777536131346,-43.8904484028784,0.2));
#8749=CARTESIAN_POINT('Ctrl Pts',(-2.13542467914522,-43.8936501741409,0.2));
#8750=CARTESIAN_POINT('',(-2.09563887678087,-43.8687841594219,0.));
#8751=CARTESIAN_POINT('Ctrl Pts',(-2.0734506752342,-43.8328239321709,0.));
#8752=CARTESIAN_POINT('Ctrl Pts',(-2.0734506752342,-43.8328239321709,0.2));
#8753=CARTESIAN_POINT('Ctrl Pts',(-2.07611179165921,-43.8394065721348,0.));
#8754=CARTESIAN_POINT('Ctrl Pts',(-2.07611179165921,-43.8394065721348,0.2));
#8755=CARTESIAN_POINT('Ctrl Pts',(-2.08146610454223,-43.8526512064664,0.));
#8756=CARTESIAN_POINT('Ctrl Pts',(-2.08146610454223,-43.8526512064664,0.2));
#8757=CARTESIAN_POINT('Ctrl Pts',(-2.09089578691595,-43.8633850713419,0.));
#8758=CARTESIAN_POINT('Ctrl Pts',(-2.09089578691595,-43.8633850713419,0.2));
#8759=CARTESIAN_POINT('Ctrl Pts',(-2.09563887678087,-43.8687841594219,0.));
#8760=CARTESIAN_POINT('Ctrl Pts',(-2.09563887678087,-43.8687841594219,0.2));
#8761=CARTESIAN_POINT('',(-2.0734506752342,-43.8328239321709,0.));
#8762=CARTESIAN_POINT('Ctrl Pts',(-2.0734506752342,-43.8328239321709,0.));
#8763=CARTESIAN_POINT('Ctrl Pts',(-2.07611179165921,-43.8394065721348,0.));
#8764=CARTESIAN_POINT('Ctrl Pts',(-2.08146610454223,-43.8526512064664,0.));
#8765=CARTESIAN_POINT('Ctrl Pts',(-2.09089578691595,-43.8633850713419,0.));
#8766=CARTESIAN_POINT('Ctrl Pts',(-2.09563887678087,-43.8687841594219,0.));
#8767=CARTESIAN_POINT('',(-2.0734506752342,-43.8328239321709,0.2));
#8768=CARTESIAN_POINT('Ctrl Pts',(-2.0734506752342,-43.8328239321709,0.2));
#8769=CARTESIAN_POINT('Ctrl Pts',(-2.07611179165921,-43.8394065721348,0.2));
#8770=CARTESIAN_POINT('Ctrl Pts',(-2.08146610454223,-43.8526512064664,0.2));
#8771=CARTESIAN_POINT('Ctrl Pts',(-2.09089578691595,-43.8633850713419,0.2));
#8772=CARTESIAN_POINT('Ctrl Pts',(-2.09563887678087,-43.8687841594219,0.2));
#8773=CARTESIAN_POINT('',(-2.0734506752342,-43.8328239321709,0.));
#8774=CARTESIAN_POINT('Ctrl Pts',(-2.06656469963491,-43.7903602421284,0.));
#8775=CARTESIAN_POINT('Ctrl Pts',(-2.06656469963491,-43.7903602421284,0.2));
#8776=CARTESIAN_POINT('Ctrl Pts',(-2.06684107564337,-43.7976454079885,0.));
#8777=CARTESIAN_POINT('Ctrl Pts',(-2.06684107564337,-43.7976454079885,0.2));
#8778=CARTESIAN_POINT('Ctrl Pts',(-2.06738885642406,-43.8120846998235,0.));
#8779=CARTESIAN_POINT('Ctrl Pts',(-2.06738885642406,-43.8120846998235,0.2));
#8780=CARTESIAN_POINT('Ctrl Pts',(-2.07144233103476,-43.8259528068057,0.));
#8781=CARTESIAN_POINT('Ctrl Pts',(-2.07144233103476,-43.8259528068057,0.2));
#8782=CARTESIAN_POINT('Ctrl Pts',(-2.0734506752342,-43.8328239321709,0.));
#8783=CARTESIAN_POINT('Ctrl Pts',(-2.0734506752342,-43.8328239321709,0.2));
#8784=CARTESIAN_POINT('',(-2.06656469963491,-43.7903602421284,0.));
#8785=CARTESIAN_POINT('Ctrl Pts',(-2.06656469963491,-43.7903602421284,0.));
#8786=CARTESIAN_POINT('Ctrl Pts',(-2.06684107564337,-43.7976454079885,0.));
#8787=CARTESIAN_POINT('Ctrl Pts',(-2.06738885642406,-43.8120846998235,0.));
#8788=CARTESIAN_POINT('Ctrl Pts',(-2.07144233103476,-43.8259528068057,0.));
#8789=CARTESIAN_POINT('Ctrl Pts',(-2.0734506752342,-43.8328239321709,0.));
#8790=CARTESIAN_POINT('',(-2.06656469963491,-43.7903602421284,0.2));
#8791=CARTESIAN_POINT('Ctrl Pts',(-2.06656469963491,-43.7903602421284,0.2));
#8792=CARTESIAN_POINT('Ctrl Pts',(-2.06684107564337,-43.7976454079885,0.2));
#8793=CARTESIAN_POINT('Ctrl Pts',(-2.06738885642406,-43.8120846998235,0.2));
#8794=CARTESIAN_POINT('Ctrl Pts',(-2.07144233103476,-43.8259528068057,0.2));
#8795=CARTESIAN_POINT('Ctrl Pts',(-2.0734506752342,-43.8328239321709,0.2));
#8796=CARTESIAN_POINT('',(-2.06656469963491,-43.7903602421284,0.));
#8797=CARTESIAN_POINT('Ctrl Pts',(-2.07765876315534,-43.7325944006443,0.));
#8798=CARTESIAN_POINT('Ctrl Pts',(-2.07765876315534,-43.7325944006443,0.2));
#8799=CARTESIAN_POINT('Ctrl Pts',(-2.07442414048069,-43.7415897484794,0.));
#8800=CARTESIAN_POINT('Ctrl Pts',(-2.07442414048069,-43.7415897484794,0.2));
#8801=CARTESIAN_POINT('Ctrl Pts',(-2.06771247688427,-43.7602545989658,0.));
#8802=CARTESIAN_POINT('Ctrl Pts',(-2.06771247688427,-43.7602545989658,0.2));
#8803=CARTESIAN_POINT('Ctrl Pts',(-2.06695639501267,-43.7800862614603,0.));
#8804=CARTESIAN_POINT('Ctrl Pts',(-2.06695639501267,-43.7800862614603,0.2));
#8805=CARTESIAN_POINT('Ctrl Pts',(-2.06656469963491,-43.7903602421284,0.));
#8806=CARTESIAN_POINT('Ctrl Pts',(-2.06656469963491,-43.7903602421284,0.2));
#8807=CARTESIAN_POINT('',(-2.07765876315534,-43.7325944006443,0.));
#8808=CARTESIAN_POINT('Ctrl Pts',(-2.07765876315534,-43.7325944006443,0.));
#8809=CARTESIAN_POINT('Ctrl Pts',(-2.07442414048069,-43.7415897484794,0.));
#8810=CARTESIAN_POINT('Ctrl Pts',(-2.06771247688427,-43.7602545989658,0.));
#8811=CARTESIAN_POINT('Ctrl Pts',(-2.06695639501267,-43.7800862614603,0.));
#8812=CARTESIAN_POINT('Ctrl Pts',(-2.06656469963491,-43.7903602421284,0.));
#8813=CARTESIAN_POINT('',(-2.07765876315534,-43.7325944006443,0.2));
#8814=CARTESIAN_POINT('Ctrl Pts',(-2.07765876315534,-43.7325944006443,0.2));
#8815=CARTESIAN_POINT('Ctrl Pts',(-2.07442414048069,-43.7415897484794,0.2));
#8816=CARTESIAN_POINT('Ctrl Pts',(-2.06771247688427,-43.7602545989658,0.2));
#8817=CARTESIAN_POINT('Ctrl Pts',(-2.06695639501267,-43.7800862614603,0.2));
#8818=CARTESIAN_POINT('Ctrl Pts',(-2.06656469963491,-43.7903602421284,0.2));
#8819=CARTESIAN_POINT('',(-2.07765876315534,-43.7325944006443,0.));
#8820=CARTESIAN_POINT('Ctrl Pts',(-2.11170620284975,-43.6886005103588,0.));
#8821=CARTESIAN_POINT('Ctrl Pts',(-2.11170620284975,-43.6886005103588,0.2));
#8822=CARTESIAN_POINT('Ctrl Pts',(-2.10457480526095,-43.6949657311793,0.));
#8823=CARTESIAN_POINT('Ctrl Pts',(-2.10457480526095,-43.6949657311793,0.2));
#8824=CARTESIAN_POINT('Ctrl Pts',(-2.09050012625731,-43.7075282673051,0.));
#8825=CARTESIAN_POINT('Ctrl Pts',(-2.09050012625731,-43.7075282673051,0.2));
#8826=CARTESIAN_POINT('Ctrl Pts',(-2.08190090635058,-43.7243138056536,0.));
#8827=CARTESIAN_POINT('Ctrl Pts',(-2.08190090635058,-43.7243138056536,0.2));
#8828=CARTESIAN_POINT('Ctrl Pts',(-2.07765876315534,-43.7325944006443,0.));
#8829=CARTESIAN_POINT('Ctrl Pts',(-2.07765876315534,-43.7325944006443,0.2));
#8830=CARTESIAN_POINT('',(-2.11170620284975,-43.6886005103588,0.));
#8831=CARTESIAN_POINT('Ctrl Pts',(-2.11170620284975,-43.6886005103588,0.));
#8832=CARTESIAN_POINT('Ctrl Pts',(-2.10457480526095,-43.6949657311793,0.));
#8833=CARTESIAN_POINT('Ctrl Pts',(-2.09050012625731,-43.7075282673051,0.));
#8834=CARTESIAN_POINT('Ctrl Pts',(-2.08190090635058,-43.7243138056536,0.));
#8835=CARTESIAN_POINT('Ctrl Pts',(-2.07765876315534,-43.7325944006443,0.));
#8836=CARTESIAN_POINT('',(-2.11170620284975,-43.6886005103588,0.2));
#8837=CARTESIAN_POINT('Ctrl Pts',(-2.11170620284975,-43.6886005103588,0.2));
#8838=CARTESIAN_POINT('Ctrl Pts',(-2.10457480526095,-43.6949657311793,0.2));
#8839=CARTESIAN_POINT('Ctrl Pts',(-2.09050012625731,-43.7075282673051,0.2));
#8840=CARTESIAN_POINT('Ctrl Pts',(-2.08190090635058,-43.7243138056536,0.2));
#8841=CARTESIAN_POINT('Ctrl Pts',(-2.07765876315534,-43.7325944006443,0.2));
#8842=CARTESIAN_POINT('',(-2.11170620284975,-43.6886005103588,0.));
#8843=CARTESIAN_POINT('Ctrl Pts',(-2.17061973176897,-43.6602914333344,0.));
#8844=CARTESIAN_POINT('Ctrl Pts',(-2.17061973176897,-43.6602914333344,0.2));
#8845=CARTESIAN_POINT('Ctrl Pts',(-2.159443764082,-43.6637487476844,0.));
#8846=CARTESIAN_POINT('Ctrl Pts',(-2.159443764082,-43.6637487476844,0.2));
#8847=CARTESIAN_POINT('Ctrl Pts',(-2.13838026851349,-43.6702647942167,0.));
#8848=CARTESIAN_POINT('Ctrl Pts',(-2.13838026851349,-43.6702647942167,0.2));
#8849=CARTESIAN_POINT('Ctrl Pts',(-2.1202274256904,-43.6827430334687,0.));
#8850=CARTESIAN_POINT('Ctrl Pts',(-2.1202274256904,-43.6827430334687,0.2));
#8851=CARTESIAN_POINT('Ctrl Pts',(-2.11170620284975,-43.6886005103588,0.));
#8852=CARTESIAN_POINT('Ctrl Pts',(-2.11170620284975,-43.6886005103588,0.2));
#8853=CARTESIAN_POINT('',(-2.17061973176897,-43.6602914333344,0.));
#8854=CARTESIAN_POINT('Ctrl Pts',(-2.17061973176897,-43.6602914333344,0.));
#8855=CARTESIAN_POINT('Ctrl Pts',(-2.159443764082,-43.6637487476844,0.));
#8856=CARTESIAN_POINT('Ctrl Pts',(-2.13838026851349,-43.6702647942167,0.));
#8857=CARTESIAN_POINT('Ctrl Pts',(-2.1202274256904,-43.6827430334687,0.));
#8858=CARTESIAN_POINT('Ctrl Pts',(-2.11170620284975,-43.6886005103588,0.));
#8859=CARTESIAN_POINT('',(-2.17061973176897,-43.6602914333344,0.2));
#8860=CARTESIAN_POINT('Ctrl Pts',(-2.17061973176897,-43.6602914333344,0.2));
#8861=CARTESIAN_POINT('Ctrl Pts',(-2.159443764082,-43.6637487476844,0.2));
#8862=CARTESIAN_POINT('Ctrl Pts',(-2.13838026851349,-43.6702647942167,0.2));
#8863=CARTESIAN_POINT('Ctrl Pts',(-2.1202274256904,-43.6827430334687,0.2));
#8864=CARTESIAN_POINT('Ctrl Pts',(-2.11170620284975,-43.6886005103588,0.2));
#8865=CARTESIAN_POINT('',(-2.17061973176897,-43.6602914333344,0.));
#8866=CARTESIAN_POINT('Ctrl Pts',(-2.25631213746965,-43.6503449082375,0.));
#8867=CARTESIAN_POINT('Ctrl Pts',(-2.25631213746965,-43.6503449082375,0.2));
#8868=CARTESIAN_POINT('Ctrl Pts',(-2.24081607039172,-43.6506253985919,0.));
#8869=CARTESIAN_POINT('Ctrl Pts',(-2.24081607039172,-43.6506253985919,0.2));
#8870=CARTESIAN_POINT('Ctrl Pts',(-2.21191413539861,-43.6511485451392,0.));
#8871=CARTESIAN_POINT('Ctrl Pts',(-2.21191413539861,-43.6511485451392,0.2));
#8872=CARTESIAN_POINT('Ctrl Pts',(-2.18370448877928,-43.6573943707813,0.));
#8873=CARTESIAN_POINT('Ctrl Pts',(-2.18370448877928,-43.6573943707813,0.2));
#8874=CARTESIAN_POINT('Ctrl Pts',(-2.17061973176897,-43.6602914333344,0.));
#8875=CARTESIAN_POINT('Ctrl Pts',(-2.17061973176897,-43.6602914333344,0.2));
#8876=CARTESIAN_POINT('',(-2.25631213746965,-43.6503449082375,0.));
#8877=CARTESIAN_POINT('Ctrl Pts',(-2.25631213746965,-43.6503449082375,0.));
#8878=CARTESIAN_POINT('Ctrl Pts',(-2.24081607039172,-43.6506253985919,0.));
#8879=CARTESIAN_POINT('Ctrl Pts',(-2.21191413539861,-43.6511485451392,0.));
#8880=CARTESIAN_POINT('Ctrl Pts',(-2.18370448877928,-43.6573943707813,0.));
#8881=CARTESIAN_POINT('Ctrl Pts',(-2.17061973176897,-43.6602914333344,0.));
#8882=CARTESIAN_POINT('',(-2.25631213746965,-43.6503449082375,0.2));
#8883=CARTESIAN_POINT('Ctrl Pts',(-2.25631213746965,-43.6503449082375,0.2));
#8884=CARTESIAN_POINT('Ctrl Pts',(-2.24081607039172,-43.6506253985919,0.2));
#8885=CARTESIAN_POINT('Ctrl Pts',(-2.21191413539861,-43.6511485451392,0.2));
#8886=CARTESIAN_POINT('Ctrl Pts',(-2.18370448877928,-43.6573943707813,0.2));
#8887=CARTESIAN_POINT('Ctrl Pts',(-2.17061973176897,-43.6602914333344,0.2));
#8888=CARTESIAN_POINT('',(-2.25631213746965,-43.6503449082375,0.));
#8889=CARTESIAN_POINT('Origin',(-2.42540172301233,-43.6503449082375,0.));
#8890=CARTESIAN_POINT('',(-2.42540172301233,-43.6503449082375,0.));
#8891=CARTESIAN_POINT('',(-2.42540172301233,-43.6503449082375,0.));
#8892=CARTESIAN_POINT('',(-2.42540172301233,-43.6503449082375,0.2));
#8893=CARTESIAN_POINT('',(-2.42540172301233,-43.6503449082375,0.2));
#8894=CARTESIAN_POINT('',(-2.42540172301233,-43.6503449082375,0.));
#8895=CARTESIAN_POINT('Origin',(-2.42540172301233,-43.7865346670151,0.));
#8896=CARTESIAN_POINT('',(-2.42540172301233,-43.7865346670151,0.));
#8897=CARTESIAN_POINT('',(-2.42540172301233,-43.7865346670151,0.2));
#8898=CARTESIAN_POINT('Origin',(-2.55929610691965,-43.470543846488,0.));
#8899=CARTESIAN_POINT('',(-2.55929610691965,-43.470543846488,0.));
#8900=CARTESIAN_POINT('',(-2.55929610691965,-44.0000006556511,0.));
#8901=CARTESIAN_POINT('',(-2.55929610691965,-43.470543846488,0.));
#8902=CARTESIAN_POINT('',(-2.55929610691965,-44.0000006556511,0.2));
#8903=CARTESIAN_POINT('',(-2.55929610691965,-44.0000006556511,0.));
#8904=CARTESIAN_POINT('',(-2.55929610691965,-43.470543846488,0.2));
#8905=CARTESIAN_POINT('',(-2.55929610691965,-43.470543846488,0.2));
#8906=CARTESIAN_POINT('',(-2.55929610691965,-43.470543846488,0.));
#8907=CARTESIAN_POINT('Ctrl Pts',(-2.53863818012178,-43.3588376641273,0.));
#8908=CARTESIAN_POINT('Ctrl Pts',(-2.53863818012178,-43.3588376641273,0.2));
#8909=CARTESIAN_POINT('Ctrl Pts',(-2.54465836315744,-43.3758893145816,0.));
#8910=CARTESIAN_POINT('Ctrl Pts',(-2.54465836315744,-43.3758893145816,0.2));
#8911=CARTESIAN_POINT('Ctrl Pts',(-2.55740927660609,-43.4120051797989,0.));
#8912=CARTESIAN_POINT('Ctrl Pts',(-2.55740927660609,-43.4120051797989,0.2));
#8913=CARTESIAN_POINT('Ctrl Pts',(-2.55864422424148,-43.4503192706248,0.));
#8914=CARTESIAN_POINT('Ctrl Pts',(-2.55864422424148,-43.4503192706248,0.2));
#8915=CARTESIAN_POINT('Ctrl Pts',(-2.55929610691965,-43.470543846488,0.));
#8916=CARTESIAN_POINT('Ctrl Pts',(-2.55929610691965,-43.470543846488,0.2));
#8917=CARTESIAN_POINT('',(-2.53863818012178,-43.3588376641273,0.));
#8918=CARTESIAN_POINT('Ctrl Pts',(-2.53863818012178,-43.3588376641273,0.));
#8919=CARTESIAN_POINT('Ctrl Pts',(-2.54465836315744,-43.3758893145816,0.));
#8920=CARTESIAN_POINT('Ctrl Pts',(-2.55740927660609,-43.4120051797989,0.));
#8921=CARTESIAN_POINT('Ctrl Pts',(-2.55864422424148,-43.4503192706248,0.));
#8922=CARTESIAN_POINT('Ctrl Pts',(-2.55929610691965,-43.470543846488,0.));
#8923=CARTESIAN_POINT('',(-2.53863818012178,-43.3588376641273,0.2));
#8924=CARTESIAN_POINT('Ctrl Pts',(-2.53863818012178,-43.3588376641273,0.2));
#8925=CARTESIAN_POINT('Ctrl Pts',(-2.54465836315744,-43.3758893145816,0.2));
#8926=CARTESIAN_POINT('Ctrl Pts',(-2.55740927660609,-43.4120051797989,0.2));
#8927=CARTESIAN_POINT('Ctrl Pts',(-2.55864422424148,-43.4503192706248,0.2));
#8928=CARTESIAN_POINT('Ctrl Pts',(-2.55929610691965,-43.470543846488,0.2));
#8929=CARTESIAN_POINT('',(-2.53863818012178,-43.3588376641273,0.));
#8930=CARTESIAN_POINT('Ctrl Pts',(-2.4793419893831,-43.280031234026,0.));
#8931=CARTESIAN_POINT('Ctrl Pts',(-2.4793419893831,-43.280031234026,0.2));
#8932=CARTESIAN_POINT('Ctrl Pts',(-2.49150619751218,-43.2912358790129,0.));
#8933=CARTESIAN_POINT('Ctrl Pts',(-2.49150619751218,-43.2912358790129,0.2));
#8934=CARTESIAN_POINT('Ctrl Pts',(-2.51608370257601,-43.3138746086352,0.));
#8935=CARTESIAN_POINT('Ctrl Pts',(-2.51608370257601,-43.3138746086352,0.2));
#8936=CARTESIAN_POINT('Ctrl Pts',(-2.53106939513046,-43.3437490548309,0.));
#8937=CARTESIAN_POINT('Ctrl Pts',(-2.53106939513046,-43.3437490548309,0.2));
#8938=CARTESIAN_POINT('Ctrl Pts',(-2.53863818012178,-43.3588376641273,0.));
#8939=CARTESIAN_POINT('Ctrl Pts',(-2.53863818012178,-43.3588376641273,0.2));
#8940=CARTESIAN_POINT('',(-2.4793419893831,-43.280031234026,0.));
#8941=CARTESIAN_POINT('Ctrl Pts',(-2.4793419893831,-43.280031234026,0.));
#8942=CARTESIAN_POINT('Ctrl Pts',(-2.49150619751218,-43.2912358790129,0.));
#8943=CARTESIAN_POINT('Ctrl Pts',(-2.51608370257601,-43.3138746086352,0.));
#8944=CARTESIAN_POINT('Ctrl Pts',(-2.53106939513046,-43.3437490548309,0.));
#8945=CARTESIAN_POINT('Ctrl Pts',(-2.53863818012178,-43.3588376641273,0.));
#8946=CARTESIAN_POINT('',(-2.4793419893831,-43.280031234026,0.2));
#8947=CARTESIAN_POINT('Ctrl Pts',(-2.4793419893831,-43.280031234026,0.2));
#8948=CARTESIAN_POINT('Ctrl Pts',(-2.49150619751218,-43.2912358790129,0.2));
#8949=CARTESIAN_POINT('Ctrl Pts',(-2.51608370257601,-43.3138746086352,0.2));
#8950=CARTESIAN_POINT('Ctrl Pts',(-2.53106939513046,-43.3437490548309,0.2));
#8951=CARTESIAN_POINT('Ctrl Pts',(-2.53863818012178,-43.3588376641273,0.2));
#8952=CARTESIAN_POINT('',(-2.4793419893831,-43.280031234026,0.));
#8953=CARTESIAN_POINT('Ctrl Pts',(-2.38485074602067,-43.2333595305681,0.));
#8954=CARTESIAN_POINT('Ctrl Pts',(-2.38485074602067,-43.2333595305681,0.2));
#8955=CARTESIAN_POINT('Ctrl Pts',(-2.40247703454671,-43.2389111247457,0.));
#8956=CARTESIAN_POINT('Ctrl Pts',(-2.40247703454671,-43.2389111247457,0.2));
#8957=CARTESIAN_POINT('Ctrl Pts',(-2.43640497206377,-43.2495971032543,0.));
#8958=CARTESIAN_POINT('Ctrl Pts',(-2.43640497206377,-43.2495971032543,0.2));
#8959=CARTESIAN_POINT('Ctrl Pts',(-2.4654070909752,-43.2701540570138,0.));
#8960=CARTESIAN_POINT('Ctrl Pts',(-2.4654070909752,-43.2701540570138,0.2));
#8961=CARTESIAN_POINT('Ctrl Pts',(-2.4793419893831,-43.280031234026,0.));
#8962=CARTESIAN_POINT('Ctrl Pts',(-2.4793419893831,-43.280031234026,0.2));
#8963=CARTESIAN_POINT('',(-2.38485074602067,-43.2333595305681,0.));
#8964=CARTESIAN_POINT('Ctrl Pts',(-2.38485074602067,-43.2333595305681,0.));
#8965=CARTESIAN_POINT('Ctrl Pts',(-2.40247703454671,-43.2389111247457,0.));
#8966=CARTESIAN_POINT('Ctrl Pts',(-2.43640497206377,-43.2495971032543,0.));
#8967=CARTESIAN_POINT('Ctrl Pts',(-2.4654070909752,-43.2701540570138,0.));
#8968=CARTESIAN_POINT('Ctrl Pts',(-2.4793419893831,-43.280031234026,0.));
#8969=CARTESIAN_POINT('',(-2.38485074602067,-43.2333595305681,0.2));
#8970=CARTESIAN_POINT('Ctrl Pts',(-2.38485074602067,-43.2333595305681,0.2));
#8971=CARTESIAN_POINT('Ctrl Pts',(-2.40247703454671,-43.2389111247457,0.2));
#8972=CARTESIAN_POINT('Ctrl Pts',(-2.43640497206377,-43.2495971032543,0.2));
#8973=CARTESIAN_POINT('Ctrl Pts',(-2.4654070909752,-43.2701540570138,0.2));
#8974=CARTESIAN_POINT('Ctrl Pts',(-2.4793419893831,-43.280031234026,0.2));
#8975=CARTESIAN_POINT('',(-2.38485074602067,-43.2333595305681,0.));
#8976=CARTESIAN_POINT('Ctrl Pts',(-2.25937253795564,-43.2180573046207,0.));
#8977=CARTESIAN_POINT('Ctrl Pts',(-2.25937253795564,-43.2180573046207,0.2));
#8978=CARTESIAN_POINT('Ctrl Pts',(-2.28152891442648,-43.218567527773,0.));
#8979=CARTESIAN_POINT('Ctrl Pts',(-2.28152891442648,-43.218567527773,0.2));
#8980=CARTESIAN_POINT('Ctrl Pts',(-2.32387114039428,-43.2195425962386,0.));
#8981=CARTESIAN_POINT('Ctrl Pts',(-2.32387114039428,-43.2195425962386,0.2));
#8982=CARTESIAN_POINT('Ctrl Pts',(-2.365164786835,-43.2288990293483,0.));
#8983=CARTESIAN_POINT('Ctrl Pts',(-2.365164786835,-43.2288990293483,0.2));
#8984=CARTESIAN_POINT('Ctrl Pts',(-2.38485074602067,-43.2333595305681,0.));
#8985=CARTESIAN_POINT('Ctrl Pts',(-2.38485074602067,-43.2333595305681,0.2));
#8986=CARTESIAN_POINT('',(-2.25937253795564,-43.2180573046207,0.));
#8987=CARTESIAN_POINT('Ctrl Pts',(-2.25937253795564,-43.2180573046207,0.));
#8988=CARTESIAN_POINT('Ctrl Pts',(-2.28152891442648,-43.218567527773,0.));
#8989=CARTESIAN_POINT('Ctrl Pts',(-2.32387114039428,-43.2195425962386,0.));
#8990=CARTESIAN_POINT('Ctrl Pts',(-2.365164786835,-43.2288990293483,0.));
#8991=CARTESIAN_POINT('Ctrl Pts',(-2.38485074602067,-43.2333595305681,0.));
#8992=CARTESIAN_POINT('',(-2.25937253795564,-43.2180573046207,0.2));
#8993=CARTESIAN_POINT('Ctrl Pts',(-2.25937253795564,-43.2180573046207,0.2));
#8994=CARTESIAN_POINT('Ctrl Pts',(-2.28152891442648,-43.218567527773,0.2));
#8995=CARTESIAN_POINT('Ctrl Pts',(-2.32387114039428,-43.2195425962386,0.2));
#8996=CARTESIAN_POINT('Ctrl Pts',(-2.365164786835,-43.2288990293483,0.2));
#8997=CARTESIAN_POINT('Ctrl Pts',(-2.38485074602067,-43.2333595305681,0.2));
#8998=CARTESIAN_POINT('',(-2.25937253795564,-43.2180573046207,0.));
#8999=CARTESIAN_POINT('Ctrl Pts',(-2.18362665735185,-43.2222653925419,0.));
#9000=CARTESIAN_POINT('Ctrl Pts',(-2.18362665735185,-43.2222653925419,0.2));
#9001=CARTESIAN_POINT('Ctrl Pts',(-2.19617748564153,-43.2210380378244,0.));
#9002=CARTESIAN_POINT('Ctrl Pts',(-2.19617748564153,-43.2210380378244,0.2));
#9003=CARTESIAN_POINT('Ctrl Pts',(-2.22136708586929,-43.2185747283153,0.));
#9004=CARTESIAN_POINT('Ctrl Pts',(-2.22136708586929,-43.2185747283153,0.2));
#9005=CARTESIAN_POINT('Ctrl Pts',(-2.24667460215187,-43.2182301801556,0.));
#9006=CARTESIAN_POINT('Ctrl Pts',(-2.24667460215187,-43.2182301801556,0.2));
#9007=CARTESIAN_POINT('Ctrl Pts',(-2.25937253795564,-43.2180573046207,0.));
#9008=CARTESIAN_POINT('Ctrl Pts',(-2.25937253795564,-43.2180573046207,0.2));
#9009=CARTESIAN_POINT('',(-2.18362665735185,-43.2222653925419,0.));
#9010=CARTESIAN_POINT('Ctrl Pts',(-2.18362665735185,-43.2222653925419,0.));
#9011=CARTESIAN_POINT('Ctrl Pts',(-2.19617748564153,-43.2210380378244,0.));
#9012=CARTESIAN_POINT('Ctrl Pts',(-2.22136708586929,-43.2185747283153,0.));
#9013=CARTESIAN_POINT('Ctrl Pts',(-2.24667460215187,-43.2182301801556,0.));
#9014=CARTESIAN_POINT('Ctrl Pts',(-2.25937253795564,-43.2180573046207,0.));
#9015=CARTESIAN_POINT('',(-2.18362665735185,-43.2222653925419,0.2));
#9016=CARTESIAN_POINT('Ctrl Pts',(-2.18362665735185,-43.2222653925419,0.2));
#9017=CARTESIAN_POINT('Ctrl Pts',(-2.19617748564153,-43.2210380378244,0.2));
#9018=CARTESIAN_POINT('Ctrl Pts',(-2.22136708586929,-43.2185747283153,0.2));
#9019=CARTESIAN_POINT('Ctrl Pts',(-2.24667460215187,-43.2182301801556,0.2));
#9020=CARTESIAN_POINT('Ctrl Pts',(-2.25937253795564,-43.2180573046207,0.2));
#9021=CARTESIAN_POINT('',(-2.18362665735185,-43.2222653925419,0.));
#9022=CARTESIAN_POINT('Ctrl Pts',(-2.11170620284975,-43.2333595305681,0.));
#9023=CARTESIAN_POINT('Ctrl Pts',(-2.11170620284975,-43.2333595305681,0.2));
#9024=CARTESIAN_POINT('Ctrl Pts',(-2.12341878714158,-43.231163684974,0.));
#9025=CARTESIAN_POINT('Ctrl Pts',(-2.12341878714158,-43.231163684974,0.2));
#9026=CARTESIAN_POINT('Ctrl Pts',(-2.14727257320508,-43.2266916376679,0.));
#9027=CARTESIAN_POINT('Ctrl Pts',(-2.14727257320508,-43.2266916376679,0.2));
#9028=CARTESIAN_POINT('Ctrl Pts',(-2.17136433147272,-43.2237583763821,0.));
#9029=CARTESIAN_POINT('Ctrl Pts',(-2.17136433147272,-43.2237583763821,0.2));
#9030=CARTESIAN_POINT('Ctrl Pts',(-2.18362665735185,-43.2222653925419,0.));
#9031=CARTESIAN_POINT('Ctrl Pts',(-2.18362665735185,-43.2222653925419,0.2));
#9032=CARTESIAN_POINT('',(-2.11170620284975,-43.2333595305681,0.));
#9033=CARTESIAN_POINT('Ctrl Pts',(-2.11170620284975,-43.2333595305681,0.));
#9034=CARTESIAN_POINT('Ctrl Pts',(-2.12341878714158,-43.231163684974,0.));
#9035=CARTESIAN_POINT('Ctrl Pts',(-2.14727257320508,-43.2266916376679,0.));
#9036=CARTESIAN_POINT('Ctrl Pts',(-2.17136433147272,-43.2237583763821,0.));
#9037=CARTESIAN_POINT('Ctrl Pts',(-2.18362665735185,-43.2222653925419,0.));
#9038=CARTESIAN_POINT('',(-2.11170620284975,-43.2333595305681,0.2));
#9039=CARTESIAN_POINT('Ctrl Pts',(-2.11170620284975,-43.2333595305681,0.2));
#9040=CARTESIAN_POINT('Ctrl Pts',(-2.12341878714158,-43.231163684974,0.2));
#9041=CARTESIAN_POINT('Ctrl Pts',(-2.14727257320508,-43.2266916376679,0.2));
#9042=CARTESIAN_POINT('Ctrl Pts',(-2.17136433147272,-43.2237583763821,0.2));
#9043=CARTESIAN_POINT('Ctrl Pts',(-2.18362665735185,-43.2222653925419,0.2));
#9044=CARTESIAN_POINT('',(-2.11170620284975,-43.2333595305681,0.));
#9045=CARTESIAN_POINT('Ctrl Pts',(-2.04628921113908,-43.2490442693233,0.));
#9046=CARTESIAN_POINT('Ctrl Pts',(-2.04628921113908,-43.2490442693233,0.2));
#9047=CARTESIAN_POINT('Ctrl Pts',(-2.05688032462795,-43.2461674117965,0.));
#9048=CARTESIAN_POINT('Ctrl Pts',(-2.05688032462795,-43.2461674117965,0.2));
#9049=CARTESIAN_POINT('Ctrl Pts',(-2.0785293062429,-43.240286912473,0.));
#9050=CARTESIAN_POINT('Ctrl Pts',(-2.0785293062429,-43.240286912473,0.2));
#9051=CARTESIAN_POINT('Ctrl Pts',(-2.10048941644518,-43.2357016110855,0.));
#9052=CARTESIAN_POINT('Ctrl Pts',(-2.10048941644518,-43.2357016110855,0.2));
#9053=CARTESIAN_POINT('Ctrl Pts',(-2.11170620284975,-43.2333595305681,0.));
#9054=CARTESIAN_POINT('Ctrl Pts',(-2.11170620284975,-43.2333595305681,0.2));
#9055=CARTESIAN_POINT('',(-2.04628921113908,-43.2490442693233,0.));
#9056=CARTESIAN_POINT('Ctrl Pts',(-2.04628921113908,-43.2490442693233,0.));
#9057=CARTESIAN_POINT('Ctrl Pts',(-2.05688032462795,-43.2461674117965,0.));
#9058=CARTESIAN_POINT('Ctrl Pts',(-2.0785293062429,-43.240286912473,0.));
#9059=CARTESIAN_POINT('Ctrl Pts',(-2.10048941644518,-43.2357016110855,0.));
#9060=CARTESIAN_POINT('Ctrl Pts',(-2.11170620284975,-43.2333595305681,0.));
#9061=CARTESIAN_POINT('',(-2.04628921113908,-43.2490442693233,0.2));
#9062=CARTESIAN_POINT('Ctrl Pts',(-2.04628921113908,-43.2490442693233,0.2));
#9063=CARTESIAN_POINT('Ctrl Pts',(-2.05688032462795,-43.2461674117965,0.2));
#9064=CARTESIAN_POINT('Ctrl Pts',(-2.0785293062429,-43.240286912473,0.2));
#9065=CARTESIAN_POINT('Ctrl Pts',(-2.10048941644518,-43.2357016110855,0.2));
#9066=CARTESIAN_POINT('Ctrl Pts',(-2.11170620284975,-43.2333595305681,0.2));
#9067=CARTESIAN_POINT('',(-2.04628921113908,-43.2490442693233,0.));
#9068=CARTESIAN_POINT('Ctrl Pts',(-1.99005356989801,-43.2670243829489,0.));
#9069=CARTESIAN_POINT('Ctrl Pts',(-1.99005356989801,-43.2670243829489,0.2));
#9070=CARTESIAN_POINT('Ctrl Pts',(-1.99892346076862,-43.2639192898061,0.));
#9071=CARTESIAN_POINT('Ctrl Pts',(-1.99892346076862,-43.2639192898061,0.2));
#9072=CARTESIAN_POINT('Ctrl Pts',(-2.01750471147072,-43.2574145294905,0.));
#9073=CARTESIAN_POINT('Ctrl Pts',(-2.01750471147072,-43.2574145294905,0.2));
#9074=CARTESIAN_POINT('Ctrl Pts',(-2.03640901173093,-43.2519173378325,0.));
#9075=CARTESIAN_POINT('Ctrl Pts',(-2.03640901173093,-43.2519173378325,0.2));
#9076=CARTESIAN_POINT('Ctrl Pts',(-2.04628921113908,-43.2490442693233,0.));
#9077=CARTESIAN_POINT('Ctrl Pts',(-2.04628921113908,-43.2490442693233,0.2));
#9078=CARTESIAN_POINT('',(-1.99005356989801,-43.2670243829489,0.));
#9079=CARTESIAN_POINT('Ctrl Pts',(-1.99005356989801,-43.2670243829489,0.));
#9080=CARTESIAN_POINT('Ctrl Pts',(-1.99892346076862,-43.2639192898061,0.));
#9081=CARTESIAN_POINT('Ctrl Pts',(-2.01750471147072,-43.2574145294905,0.));
#9082=CARTESIAN_POINT('Ctrl Pts',(-2.03640901173093,-43.2519173378325,0.));
#9083=CARTESIAN_POINT('Ctrl Pts',(-2.04628921113908,-43.2490442693233,0.));
#9084=CARTESIAN_POINT('',(-1.99005356989801,-43.2670243829489,0.2));
#9085=CARTESIAN_POINT('Ctrl Pts',(-1.99005356989801,-43.2670243829489,0.2));
#9086=CARTESIAN_POINT('Ctrl Pts',(-1.99892346076862,-43.2639192898061,0.2));
#9087=CARTESIAN_POINT('Ctrl Pts',(-2.01750471147072,-43.2574145294905,0.2));
#9088=CARTESIAN_POINT('Ctrl Pts',(-2.03640901173093,-43.2519173378325,0.2));
#9089=CARTESIAN_POINT('Ctrl Pts',(-2.04628921113908,-43.2490442693233,0.2));
#9090=CARTESIAN_POINT('',(-1.99005356989801,-43.2670243829489,0.));
#9091=CARTESIAN_POINT('Origin',(-1.99005356989801,-43.3871467411518,0.));
#9092=CARTESIAN_POINT('',(-1.99005356989801,-43.3871467411518,0.));
#9093=CARTESIAN_POINT('',(-1.99005356989801,-43.3871467411518,0.));
#9094=CARTESIAN_POINT('',(-1.99005356989801,-43.3871467411518,0.2));
#9095=CARTESIAN_POINT('',(-1.99005356989801,-43.3871467411518,0.2));
#9096=CARTESIAN_POINT('',(-1.99005356989801,-43.3871467411518,0.));
#9097=CARTESIAN_POINT('Ctrl Pts',(-2.12050496600568,-43.3458308130503,0.));
#9098=CARTESIAN_POINT('Ctrl Pts',(-2.12050496600568,-43.3458308130503,0.2));
#9099=CARTESIAN_POINT('Ctrl Pts',(-2.09899046704795,-43.3513060178299,0.));
#9100=CARTESIAN_POINT('Ctrl Pts',(-2.09899046704795,-43.3513060178299,0.2));
#9101=CARTESIAN_POINT('Ctrl Pts',(-2.05471634027843,-43.3625732990703,0.));
#9102=CARTESIAN_POINT('Ctrl Pts',(-2.05471634027843,-43.3625732990703,0.2));
#9103=CARTESIAN_POINT('Ctrl Pts',(-2.01200818957178,-43.3788034460563,0.));
#9104=CARTESIAN_POINT('Ctrl Pts',(-2.01200818957178,-43.3788034460563,0.2));
#9105=CARTESIAN_POINT('Ctrl Pts',(-1.99005356989801,-43.3871467411518,0.));
#9106=CARTESIAN_POINT('Ctrl Pts',(-1.99005356989801,-43.3871467411518,0.2));
#9107=CARTESIAN_POINT('',(-2.12050496600568,-43.3458308130503,0.));
#9108=CARTESIAN_POINT('Ctrl Pts',(-2.12050496600568,-43.3458308130503,0.));
#9109=CARTESIAN_POINT('Ctrl Pts',(-2.09899046704795,-43.3513060178299,0.));
#9110=CARTESIAN_POINT('Ctrl Pts',(-2.05471634027843,-43.3625732990703,0.));
#9111=CARTESIAN_POINT('Ctrl Pts',(-2.01200818957178,-43.3788034460563,0.));
#9112=CARTESIAN_POINT('Ctrl Pts',(-1.99005356989801,-43.3871467411518,0.));
#9113=CARTESIAN_POINT('',(-2.12050496600568,-43.3458308130503,0.2));
#9114=CARTESIAN_POINT('Ctrl Pts',(-2.12050496600568,-43.3458308130503,0.2));
#9115=CARTESIAN_POINT('Ctrl Pts',(-2.09899046704795,-43.3513060178299,0.2));
#9116=CARTESIAN_POINT('Ctrl Pts',(-2.05471634027843,-43.3625732990703,0.2));
#9117=CARTESIAN_POINT('Ctrl Pts',(-2.01200818957178,-43.3788034460563,0.2));
#9118=CARTESIAN_POINT('Ctrl Pts',(-1.99005356989801,-43.3871467411518,0.2));
#9119=CARTESIAN_POINT('',(-2.12050496600568,-43.3458308130503,0.));
#9120=CARTESIAN_POINT('Ctrl Pts',(-2.24866098724306,-43.3312936872244,0.));
#9121=CARTESIAN_POINT('Ctrl Pts',(-2.24866098724306,-43.3312936872244,0.2));
#9122=CARTESIAN_POINT('Ctrl Pts',(-2.22707324881287,-43.3318969636282,0.));
#9123=CARTESIAN_POINT('Ctrl Pts',(-2.22707324881287,-43.3318969636282,0.2));
#9124=CARTESIAN_POINT('Ctrl Pts',(-2.18394142414483,-43.333102296561,0.));
#9125=CARTESIAN_POINT('Ctrl Pts',(-2.18394142414483,-43.333102296561,0.2));
#9126=CARTESIAN_POINT('Ctrl Pts',(-2.1416361801723,-43.3415908378712,0.));
#9127=CARTESIAN_POINT('Ctrl Pts',(-2.1416361801723,-43.3415908378712,0.2));
#9128=CARTESIAN_POINT('Ctrl Pts',(-2.12050496600568,-43.3458308130503,0.));
#9129=CARTESIAN_POINT('Ctrl Pts',(-2.12050496600568,-43.3458308130503,0.2));
#9130=CARTESIAN_POINT('',(-2.24866098724306,-43.3312936872244,0.));
#9131=CARTESIAN_POINT('Ctrl Pts',(-2.24866098724306,-43.3312936872244,0.));
#9132=CARTESIAN_POINT('Ctrl Pts',(-2.22707324881287,-43.3318969636282,0.));
#9133=CARTESIAN_POINT('Ctrl Pts',(-2.18394142414483,-43.333102296561,0.));
#9134=CARTESIAN_POINT('Ctrl Pts',(-2.1416361801723,-43.3415908378712,0.));
#9135=CARTESIAN_POINT('Ctrl Pts',(-2.12050496600568,-43.3458308130503,0.));
#9136=CARTESIAN_POINT('',(-2.24866098724306,-43.3312936872244,0.2));
#9137=CARTESIAN_POINT('Ctrl Pts',(-2.24866098724306,-43.3312936872244,0.2));
#9138=CARTESIAN_POINT('Ctrl Pts',(-2.22707324881287,-43.3318969636282,0.2));
#9139=CARTESIAN_POINT('Ctrl Pts',(-2.18394142414483,-43.333102296561,0.2));
#9140=CARTESIAN_POINT('Ctrl Pts',(-2.1416361801723,-43.3415908378712,0.2));
#9141=CARTESIAN_POINT('Ctrl Pts',(-2.12050496600568,-43.3458308130503,0.2));
#9142=CARTESIAN_POINT('',(-2.24866098724306,-43.3312936872244,0.));
#9143=CARTESIAN_POINT('Ctrl Pts',(-2.38179034553468,-43.3722271025181,0.));
#9144=CARTESIAN_POINT('Ctrl Pts',(-2.38179034553468,-43.3722271025181,0.2));
#9145=CARTESIAN_POINT('Ctrl Pts',(-2.36397939716855,-43.3603256071395,0.));
#9146=CARTESIAN_POINT('Ctrl Pts',(-2.36397939716855,-43.3603256071395,0.2));
#9147=CARTESIAN_POINT('Ctrl Pts',(-2.32393910008357,-43.3335701867702,0.));
#9148=CARTESIAN_POINT('Ctrl Pts',(-2.32393910008357,-43.3335701867702,0.2));
#9149=CARTESIAN_POINT('Ctrl Pts',(-2.27553416758039,-43.3321063641171,0.));
#9150=CARTESIAN_POINT('Ctrl Pts',(-2.27553416758039,-43.3321063641171,0.2));
#9151=CARTESIAN_POINT('Ctrl Pts',(-2.24866098724306,-43.3312936872244,0.));
#9152=CARTESIAN_POINT('Ctrl Pts',(-2.24866098724306,-43.3312936872244,0.2));
#9153=CARTESIAN_POINT('',(-2.38179034553468,-43.3722271025181,0.));
#9154=CARTESIAN_POINT('Ctrl Pts',(-2.38179034553468,-43.3722271025181,0.));
#9155=CARTESIAN_POINT('Ctrl Pts',(-2.36397939716855,-43.3603256071395,0.));
#9156=CARTESIAN_POINT('Ctrl Pts',(-2.32393910008357,-43.3335701867702,0.));
#9157=CARTESIAN_POINT('Ctrl Pts',(-2.27553416758039,-43.3321063641171,0.));
#9158=CARTESIAN_POINT('Ctrl Pts',(-2.24866098724306,-43.3312936872244,0.));
#9159=CARTESIAN_POINT('',(-2.38179034553468,-43.3722271025181,0.2));
#9160=CARTESIAN_POINT('Ctrl Pts',(-2.38179034553468,-43.3722271025181,0.2));
#9161=CARTESIAN_POINT('Ctrl Pts',(-2.36397939716855,-43.3603256071395,0.2));
#9162=CARTESIAN_POINT('Ctrl Pts',(-2.32393910008357,-43.3335701867702,0.2));
#9163=CARTESIAN_POINT('Ctrl Pts',(-2.27553416758039,-43.3321063641171,0.2));
#9164=CARTESIAN_POINT('Ctrl Pts',(-2.24866098724306,-43.3312936872244,0.2));
#9165=CARTESIAN_POINT('',(-2.38179034553468,-43.3722271025181,0.));
#9166=CARTESIAN_POINT('Ctrl Pts',(-2.42540172301233,-43.4812553972006,0.));
#9167=CARTESIAN_POINT('Ctrl Pts',(-2.42540172301233,-43.4812553972006,0.2));
#9168=CARTESIAN_POINT('Ctrl Pts',(-2.42386664311548,-43.4599615385846,0.));
#9169=CARTESIAN_POINT('Ctrl Pts',(-2.42386664311548,-43.4599615385846,0.2));
#9170=CARTESIAN_POINT('Ctrl Pts',(-2.42090519731046,-43.4188818472928,0.));
#9171=CARTESIAN_POINT('Ctrl Pts',(-2.42090519731046,-43.4188818472928,0.2));
#9172=CARTESIAN_POINT('Ctrl Pts',(-2.39450558828503,-43.387393372575,0.));
#9173=CARTESIAN_POINT('Ctrl Pts',(-2.39450558828503,-43.387393372575,0.2));
#9174=CARTESIAN_POINT('Ctrl Pts',(-2.38179034553468,-43.3722271025181,0.));
#9175=CARTESIAN_POINT('Ctrl Pts',(-2.38179034553468,-43.3722271025181,0.2));
#9176=CARTESIAN_POINT('',(-2.42540172301233,-43.4812553972006,0.));
#9177=CARTESIAN_POINT('Ctrl Pts',(-2.42540172301233,-43.4812553972006,0.));
#9178=CARTESIAN_POINT('Ctrl Pts',(-2.42386664311548,-43.4599615385846,0.));
#9179=CARTESIAN_POINT('Ctrl Pts',(-2.42090519731046,-43.4188818472928,0.));
#9180=CARTESIAN_POINT('Ctrl Pts',(-2.39450558828503,-43.387393372575,0.));
#9181=CARTESIAN_POINT('Ctrl Pts',(-2.38179034553468,-43.3722271025181,0.));
#9182=CARTESIAN_POINT('',(-2.42540172301233,-43.4812553972006,0.2));
#9183=CARTESIAN_POINT('Ctrl Pts',(-2.42540172301233,-43.4812553972006,0.2));
#9184=CARTESIAN_POINT('Ctrl Pts',(-2.42386664311548,-43.4599615385846,0.2));
#9185=CARTESIAN_POINT('Ctrl Pts',(-2.42090519731046,-43.4188818472928,0.2));
#9186=CARTESIAN_POINT('Ctrl Pts',(-2.39450558828503,-43.387393372575,0.2));
#9187=CARTESIAN_POINT('Ctrl Pts',(-2.38179034553468,-43.3722271025181,0.2));
#9188=CARTESIAN_POINT('',(-2.42540172301233,-43.4812553972006,0.));
#9189=CARTESIAN_POINT('Origin',(-2.42540172301233,-43.5485851764679,0.));
#9190=CARTESIAN_POINT('',(-2.42540172301233,-43.5485851764679,0.));
#9191=CARTESIAN_POINT('',(-2.42540172301233,-43.5485851764679,0.));
#9192=CARTESIAN_POINT('',(-2.42540172301233,-43.5485851764679,0.2));
#9193=CARTESIAN_POINT('',(-2.42540172301233,-43.5485851764679,0.2));
#9194=CARTESIAN_POINT('',(-2.42540172301233,-43.5485851764679,0.));
#9195=CARTESIAN_POINT('Origin',(-2.26625866256654,-43.5485851764679,0.));
#9196=CARTESIAN_POINT('',(-2.26625866256654,-43.5485851764679,0.));
#9197=CARTESIAN_POINT('',(-2.26625866256654,-43.5485851764679,0.));
#9198=CARTESIAN_POINT('',(-2.26625866256654,-43.5485851764679,0.2));
#9199=CARTESIAN_POINT('',(-2.26625866256654,-43.5485851764679,0.2));
#9200=CARTESIAN_POINT('',(-2.26625866256654,-43.5485851764679,0.));
#9201=CARTESIAN_POINT('Ctrl Pts',(-2.01185925863683,-43.6140021681786,0.));
#9202=CARTESIAN_POINT('Ctrl Pts',(-2.01185925863683,-43.6140021681786,0.2));
#9203=CARTESIAN_POINT('Ctrl Pts',(-2.04666726747582,-43.5949896142275,0.));
#9204=CARTESIAN_POINT('Ctrl Pts',(-2.04666726747582,-43.5949896142275,0.2));
#9205=CARTESIAN_POINT('Ctrl Pts',(-2.12555940054396,-43.5518977802991,0.));
#9206=CARTESIAN_POINT('Ctrl Pts',(-2.12555940054396,-43.5518977802991,0.2));
#9207=CARTESIAN_POINT('Ctrl Pts',(-2.215821253897,-43.5497726677937,0.));
#9208=CARTESIAN_POINT('Ctrl Pts',(-2.215821253897,-43.5497726677937,0.2));
#9209=CARTESIAN_POINT('Ctrl Pts',(-2.26625866256654,-43.5485851764679,0.));
#9210=CARTESIAN_POINT('Ctrl Pts',(-2.26625866256654,-43.5485851764679,0.2));
#9211=CARTESIAN_POINT('',(-2.01185925863683,-43.6140021681786,0.));
#9212=CARTESIAN_POINT('Ctrl Pts',(-2.01185925863683,-43.6140021681786,0.));
#9213=CARTESIAN_POINT('Ctrl Pts',(-2.04666726747582,-43.5949896142275,0.));
#9214=CARTESIAN_POINT('Ctrl Pts',(-2.12555940054396,-43.5518977802991,0.));
#9215=CARTESIAN_POINT('Ctrl Pts',(-2.215821253897,-43.5497726677937,0.));
#9216=CARTESIAN_POINT('Ctrl Pts',(-2.26625866256654,-43.5485851764679,0.));
#9217=CARTESIAN_POINT('',(-2.01185925863683,-43.6140021681786,0.2));
#9218=CARTESIAN_POINT('Ctrl Pts',(-2.01185925863683,-43.6140021681786,0.2));
#9219=CARTESIAN_POINT('Ctrl Pts',(-2.04666726747582,-43.5949896142275,0.2));
#9220=CARTESIAN_POINT('Ctrl Pts',(-2.12555940054396,-43.5518977802991,0.2));
#9221=CARTESIAN_POINT('Ctrl Pts',(-2.215821253897,-43.5497726677937,0.2));
#9222=CARTESIAN_POINT('Ctrl Pts',(-2.26625866256654,-43.5485851764679,0.2));
#9223=CARTESIAN_POINT('',(-2.01185925863683,-43.6140021681786,0.));
#9224=CARTESIAN_POINT('Ctrl Pts',(-1.9257842656225,-43.7949509173632,0.));
#9225=CARTESIAN_POINT('Ctrl Pts',(-1.9257842656225,-43.7949509173632,0.2));
#9226=CARTESIAN_POINT('Ctrl Pts',(-1.92908309835799,-43.758750770017,0.));
#9227=CARTESIAN_POINT('Ctrl Pts',(-1.92908309835799,-43.758750770017,0.2));
#9228=CARTESIAN_POINT('Ctrl Pts',(-1.93555477545789,-43.6877330242331,0.));
#9229=CARTESIAN_POINT('Ctrl Pts',(-1.93555477545789,-43.6877330242331,0.2));
#9230=CARTESIAN_POINT('Ctrl Pts',(-1.98675669130582,-43.6382580664086,0.));
#9231=CARTESIAN_POINT('Ctrl Pts',(-1.98675669130582,-43.6382580664086,0.2));
#9232=CARTESIAN_POINT('Ctrl Pts',(-2.01185925863683,-43.6140021681786,0.));
#9233=CARTESIAN_POINT('Ctrl Pts',(-2.01185925863683,-43.6140021681786,0.2));
#9234=CARTESIAN_POINT('',(-1.9257842656225,-43.7949509173632,0.));
#9235=CARTESIAN_POINT('Ctrl Pts',(-1.9257842656225,-43.7949509173632,0.));
#9236=CARTESIAN_POINT('Ctrl Pts',(-1.92908309835799,-43.758750770017,0.));
#9237=CARTESIAN_POINT('Ctrl Pts',(-1.93555477545789,-43.6877330242331,0.));
#9238=CARTESIAN_POINT('Ctrl Pts',(-1.98675669130582,-43.6382580664086,0.));
#9239=CARTESIAN_POINT('Ctrl Pts',(-2.01185925863683,-43.6140021681786,0.));
#9240=CARTESIAN_POINT('',(-1.9257842656225,-43.7949509173632,0.2));
#9241=CARTESIAN_POINT('Ctrl Pts',(-1.9257842656225,-43.7949509173632,0.2));
#9242=CARTESIAN_POINT('Ctrl Pts',(-1.92908309835799,-43.758750770017,0.2));
#9243=CARTESIAN_POINT('Ctrl Pts',(-1.93555477545789,-43.6877330242331,0.2));
#9244=CARTESIAN_POINT('Ctrl Pts',(-1.98675669130582,-43.6382580664086,0.2));
#9245=CARTESIAN_POINT('Ctrl Pts',(-2.01185925863683,-43.6140021681786,0.2));
#9246=CARTESIAN_POINT('',(-1.9257842656225,-43.7949509173632,0.));
#9247=CARTESIAN_POINT('Ctrl Pts',(-1.93993880413473,-43.8814084231853,0.));
#9248=CARTESIAN_POINT('Ctrl Pts',(-1.93993880413473,-43.8814084231853,0.2));
#9249=CARTESIAN_POINT('Ctrl Pts',(-1.93581111986192,-43.867670410503,0.));
#9250=CARTESIAN_POINT('Ctrl Pts',(-1.93581111986192,-43.867670410503,0.2));
#9251=CARTESIAN_POINT('Ctrl Pts',(-1.92733937969519,-43.8394742438003,0.));
#9252=CARTESIAN_POINT('Ctrl Pts',(-1.92733937969519,-43.8394742438003,0.2));
#9253=CARTESIAN_POINT('Ctrl Pts',(-1.92631138874628,-43.8100425915527,0.));
#9254=CARTESIAN_POINT('Ctrl Pts',(-1.92631138874628,-43.8100425915527,0.2));
#9255=CARTESIAN_POINT('Ctrl Pts',(-1.9257842656225,-43.7949509173632,0.));
#9256=CARTESIAN_POINT('Ctrl Pts',(-1.9257842656225,-43.7949509173632,0.2));
#9257=CARTESIAN_POINT('',(-1.93993880413473,-43.8814084231853,0.));
#9258=CARTESIAN_POINT('Ctrl Pts',(-1.93993880413473,-43.8814084231853,0.));
#9259=CARTESIAN_POINT('Ctrl Pts',(-1.93581111986192,-43.867670410503,0.));
#9260=CARTESIAN_POINT('Ctrl Pts',(-1.92733937969519,-43.8394742438003,0.));
#9261=CARTESIAN_POINT('Ctrl Pts',(-1.92631138874628,-43.8100425915527,0.));
#9262=CARTESIAN_POINT('Ctrl Pts',(-1.9257842656225,-43.7949509173632,0.));
#9263=CARTESIAN_POINT('',(-1.93993880413473,-43.8814084231853,0.2));
#9264=CARTESIAN_POINT('Ctrl Pts',(-1.93993880413473,-43.8814084231853,0.2));
#9265=CARTESIAN_POINT('Ctrl Pts',(-1.93581111986192,-43.867670410503,0.2));
#9266=CARTESIAN_POINT('Ctrl Pts',(-1.92733937969519,-43.8394742438003,0.2));
#9267=CARTESIAN_POINT('Ctrl Pts',(-1.92631138874628,-43.8100425915527,0.2));
#9268=CARTESIAN_POINT('Ctrl Pts',(-1.9257842656225,-43.7949509173632,0.2));
#9269=CARTESIAN_POINT('',(-1.93993880413473,-43.8814084231853,0.));
#9270=CARTESIAN_POINT('Ctrl Pts',(-1.98431528173387,-43.9506509900093,0.));
#9271=CARTESIAN_POINT('Ctrl Pts',(-1.98431528173387,-43.9506509900093,0.2));
#9272=CARTESIAN_POINT('Ctrl Pts',(-1.97491038909903,-43.9404006461306,0.));
#9273=CARTESIAN_POINT('Ctrl Pts',(-1.97491038909903,-43.9404006461306,0.2));
#9274=CARTESIAN_POINT('Ctrl Pts',(-1.9560975829931,-43.9198966659794,0.));
#9275=CARTESIAN_POINT('Ctrl Pts',(-1.9560975829931,-43.9198966659794,0.2));
#9276=CARTESIAN_POINT('Ctrl Pts',(-1.94532564031667,-43.8942392107517,0.));
#9277=CARTESIAN_POINT('Ctrl Pts',(-1.94532564031667,-43.8942392107517,0.2));
#9278=CARTESIAN_POINT('Ctrl Pts',(-1.93993880413473,-43.8814084231853,0.));
#9279=CARTESIAN_POINT('Ctrl Pts',(-1.93993880413473,-43.8814084231853,0.2));
#9280=CARTESIAN_POINT('',(-1.98431528173387,-43.9506509900093,0.));
#9281=CARTESIAN_POINT('Ctrl Pts',(-1.98431528173387,-43.9506509900093,0.));
#9282=CARTESIAN_POINT('Ctrl Pts',(-1.97491038909903,-43.9404006461306,0.));
#9283=CARTESIAN_POINT('Ctrl Pts',(-1.9560975829931,-43.9198966659794,0.));
#9284=CARTESIAN_POINT('Ctrl Pts',(-1.94532564031667,-43.8942392107517,0.));
#9285=CARTESIAN_POINT('Ctrl Pts',(-1.93993880413473,-43.8814084231853,0.));
#9286=CARTESIAN_POINT('',(-1.98431528173387,-43.9506509900093,0.2));
#9287=CARTESIAN_POINT('Ctrl Pts',(-1.98431528173387,-43.9506509900093,0.2));
#9288=CARTESIAN_POINT('Ctrl Pts',(-1.97491038909903,-43.9404006461306,0.2));
#9289=CARTESIAN_POINT('Ctrl Pts',(-1.9560975829931,-43.9198966659794,0.2));
#9290=CARTESIAN_POINT('Ctrl Pts',(-1.94532564031667,-43.8942392107517,0.2));
#9291=CARTESIAN_POINT('Ctrl Pts',(-1.93993880413473,-43.8814084231853,0.2));
#9292=CARTESIAN_POINT('',(-1.98431528173387,-43.9506509900093,0.));
#9293=CARTESIAN_POINT('Ctrl Pts',(-2.06120892427862,-43.9969402551651,0.));
#9294=CARTESIAN_POINT('Ctrl Pts',(-2.06120892427862,-43.9969402551651,0.2));
#9295=CARTESIAN_POINT('Ctrl Pts',(-2.04656824077833,-43.9910243663925,0.));
#9296=CARTESIAN_POINT('Ctrl Pts',(-2.04656824077833,-43.9910243663925,0.2));
#9297=CARTESIAN_POINT('Ctrl Pts',(-2.01846056085008,-43.9796668428103,0.));
#9298=CARTESIAN_POINT('Ctrl Pts',(-2.01846056085008,-43.9796668428103,0.2));
#9299=CARTESIAN_POINT('Ctrl Pts',(-1.99537572506601,-43.9600498938679,0.));
#9300=CARTESIAN_POINT('Ctrl Pts',(-1.99537572506601,-43.9600498938679,0.2));
#9301=CARTESIAN_POINT('Ctrl Pts',(-1.98431528173387,-43.9506509900093,0.));
#9302=CARTESIAN_POINT('Ctrl Pts',(-1.98431528173387,-43.9506509900093,0.2));
#9303=CARTESIAN_POINT('',(-2.06120892427862,-43.9969402551651,0.));
#9304=CARTESIAN_POINT('Ctrl Pts',(-2.06120892427862,-43.9969402551651,0.));
#9305=CARTESIAN_POINT('Ctrl Pts',(-2.04656824077833,-43.9910243663925,0.));
#9306=CARTESIAN_POINT('Ctrl Pts',(-2.01846056085008,-43.9796668428103,0.));
#9307=CARTESIAN_POINT('Ctrl Pts',(-1.99537572506601,-43.9600498938679,0.));
#9308=CARTESIAN_POINT('Ctrl Pts',(-1.98431528173387,-43.9506509900093,0.));
#9309=CARTESIAN_POINT('',(-2.06120892427862,-43.9969402551651,0.2));
#9310=CARTESIAN_POINT('Ctrl Pts',(-2.06120892427862,-43.9969402551651,0.2));
#9311=CARTESIAN_POINT('Ctrl Pts',(-2.04656824077833,-43.9910243663925,0.2));
#9312=CARTESIAN_POINT('Ctrl Pts',(-2.01846056085008,-43.9796668428103,0.2));
#9313=CARTESIAN_POINT('Ctrl Pts',(-1.99537572506601,-43.9600498938679,0.2));
#9314=CARTESIAN_POINT('Ctrl Pts',(-1.98431528173387,-43.9506509900093,0.2));
#9315=CARTESIAN_POINT('',(-2.06120892427862,-43.9969402551651,0.));
#9316=CARTESIAN_POINT('Ctrl Pts',(-2.17368020676076,-44.0137726068497,0.));
#9317=CARTESIAN_POINT('Ctrl Pts',(-2.17368020676076,-44.0137726068497,0.2));
#9318=CARTESIAN_POINT('Ctrl Pts',(-2.15319659528636,-44.0132956755269,0.));
#9319=CARTESIAN_POINT('Ctrl Pts',(-2.15319659528636,-44.0132956755269,0.2));
#9320=CARTESIAN_POINT('Ctrl Pts',(-2.11496985437848,-44.0124056210496,0.));
#9321=CARTESIAN_POINT('Ctrl Pts',(-2.11496985437848,-44.0124056210496,0.2));
#9322=CARTESIAN_POINT('Ctrl Pts',(-2.07825179279713,-44.0018429641932,0.));
#9323=CARTESIAN_POINT('Ctrl Pts',(-2.07825179279713,-44.0018429641932,0.2));
#9324=CARTESIAN_POINT('Ctrl Pts',(-2.06120892427862,-43.9969402551651,0.));
#9325=CARTESIAN_POINT('Ctrl Pts',(-2.06120892427862,-43.9969402551651,0.2));
#9326=CARTESIAN_POINT('',(-2.17368020676076,-44.0137726068497,0.));
#9327=CARTESIAN_POINT('Ctrl Pts',(-2.17368020676076,-44.0137726068497,0.));
#9328=CARTESIAN_POINT('Ctrl Pts',(-2.15319659528636,-44.0132956755269,0.));
#9329=CARTESIAN_POINT('Ctrl Pts',(-2.11496985437848,-44.0124056210496,0.));
#9330=CARTESIAN_POINT('Ctrl Pts',(-2.07825179279713,-44.0018429641932,0.));
#9331=CARTESIAN_POINT('Ctrl Pts',(-2.06120892427862,-43.9969402551651,0.));
#9332=CARTESIAN_POINT('',(-2.17368020676076,-44.0137726068497,0.2));
#9333=CARTESIAN_POINT('Ctrl Pts',(-2.17368020676076,-44.0137726068497,0.2));
#9334=CARTESIAN_POINT('Ctrl Pts',(-2.15319659528636,-44.0132956755269,0.2));
#9335=CARTESIAN_POINT('Ctrl Pts',(-2.11496985437848,-44.0124056210496,0.2));
#9336=CARTESIAN_POINT('Ctrl Pts',(-2.07825179279713,-44.0018429641932,0.2));
#9337=CARTESIAN_POINT('Ctrl Pts',(-2.06120892427862,-43.9969402551651,0.2));
#9338=CARTESIAN_POINT('',(-2.17368020676076,-44.0137726068497,0.));
#9339=CARTESIAN_POINT('Ctrl Pts',(-2.30948737822473,-43.9862287044525,0.));
#9340=CARTESIAN_POINT('Ctrl Pts',(-2.30948737822473,-43.9862287044525,0.2));
#9341=CARTESIAN_POINT('Ctrl Pts',(-2.28762796867455,-43.9942623190731,0.));
#9342=CARTESIAN_POINT('Ctrl Pts',(-2.28762796867455,-43.9942623190731,0.2));
#9343=CARTESIAN_POINT('Ctrl Pts',(-2.24376835135475,-44.0103812934739,0.));
#9344=CARTESIAN_POINT('Ctrl Pts',(-2.24376835135475,-44.0103812934739,0.2));
#9345=CARTESIAN_POINT('Ctrl Pts',(-2.19709286753175,-44.0126397523549,0.));
#9346=CARTESIAN_POINT('Ctrl Pts',(-2.19709286753175,-44.0126397523549,0.2));
#9347=CARTESIAN_POINT('Ctrl Pts',(-2.17368020676076,-44.0137726068497,0.));
#9348=CARTESIAN_POINT('Ctrl Pts',(-2.17368020676076,-44.0137726068497,0.2));
#9349=CARTESIAN_POINT('',(-2.30948737822473,-43.9862287044525,0.));
#9350=CARTESIAN_POINT('Ctrl Pts',(-2.30948737822473,-43.9862287044525,0.));
#9351=CARTESIAN_POINT('Ctrl Pts',(-2.28762796867455,-43.9942623190731,0.));
#9352=CARTESIAN_POINT('Ctrl Pts',(-2.24376835135475,-44.0103812934739,0.));
#9353=CARTESIAN_POINT('Ctrl Pts',(-2.19709286753175,-44.0126397523549,0.));
#9354=CARTESIAN_POINT('Ctrl Pts',(-2.17368020676076,-44.0137726068497,0.));
#9355=CARTESIAN_POINT('',(-2.30948737822473,-43.9862287044525,0.2));
#9356=CARTESIAN_POINT('Ctrl Pts',(-2.30948737822473,-43.9862287044525,0.2));
#9357=CARTESIAN_POINT('Ctrl Pts',(-2.28762796867455,-43.9942623190731,0.2));
#9358=CARTESIAN_POINT('Ctrl Pts',(-2.24376835135475,-44.0103812934739,0.2));
#9359=CARTESIAN_POINT('Ctrl Pts',(-2.19709286753175,-44.0126397523549,0.2));
#9360=CARTESIAN_POINT('Ctrl Pts',(-2.17368020676076,-44.0137726068497,0.2));
#9361=CARTESIAN_POINT('',(-2.30948737822473,-43.9862287044525,0.));
#9362=CARTESIAN_POINT('Ctrl Pts',(-2.43687829934061,-43.8967107236385,0.));
#9363=CARTESIAN_POINT('Ctrl Pts',(-2.43687829934061,-43.8967107236385,0.2));
#9364=CARTESIAN_POINT('Ctrl Pts',(-2.41658731978196,-43.9156246310325,0.));
#9365=CARTESIAN_POINT('Ctrl Pts',(-2.41658731978196,-43.9156246310325,0.2));
#9366=CARTESIAN_POINT('Ctrl Pts',(-2.37823113721762,-43.9513777243177,0.));
#9367=CARTESIAN_POINT('Ctrl Pts',(-2.37823113721762,-43.9513777243177,0.2));
#9368=CARTESIAN_POINT('Ctrl Pts',(-2.33149800325697,-43.9750699917636,0.));
#9369=CARTESIAN_POINT('Ctrl Pts',(-2.33149800325697,-43.9750699917636,0.2));
#9370=CARTESIAN_POINT('Ctrl Pts',(-2.30948737822473,-43.9862287044525,0.));
#9371=CARTESIAN_POINT('Ctrl Pts',(-2.30948737822473,-43.9862287044525,0.2));
#9372=CARTESIAN_POINT('',(-2.43687829934061,-43.8967107236385,0.));
#9373=CARTESIAN_POINT('Ctrl Pts',(-2.43687829934061,-43.8967107236385,0.));
#9374=CARTESIAN_POINT('Ctrl Pts',(-2.41658731978196,-43.9156246310325,0.));
#9375=CARTESIAN_POINT('Ctrl Pts',(-2.37823113721762,-43.9513777243177,0.));
#9376=CARTESIAN_POINT('Ctrl Pts',(-2.33149800325697,-43.9750699917636,0.));
#9377=CARTESIAN_POINT('Ctrl Pts',(-2.30948737822473,-43.9862287044525,0.));
#9378=CARTESIAN_POINT('',(-2.43687829934061,-43.8967107236385,0.2));
#9379=CARTESIAN_POINT('Ctrl Pts',(-2.43687829934061,-43.8967107236385,0.2));
#9380=CARTESIAN_POINT('Ctrl Pts',(-2.41658731978196,-43.9156246310325,0.2));
#9381=CARTESIAN_POINT('Ctrl Pts',(-2.37823113721762,-43.9513777243177,0.2));
#9382=CARTESIAN_POINT('Ctrl Pts',(-2.33149800325697,-43.9750699917636,0.2));
#9383=CARTESIAN_POINT('Ctrl Pts',(-2.30948737822473,-43.9862287044525,0.2));
#9384=CARTESIAN_POINT('',(-2.43687829934061,-43.8967107236385,0.));
#9385=CARTESIAN_POINT('Origin',(-2.43993884883821,-44.0000006556511,0.));
#9386=CARTESIAN_POINT('',(-2.43993884883821,-44.0000006556511,0.));
#9387=CARTESIAN_POINT('',(-2.43993884883821,-44.0000006556511,0.));
#9388=CARTESIAN_POINT('',(-2.43993884883821,-44.0000006556511,0.2));
#9389=CARTESIAN_POINT('',(-2.43993884883821,-44.0000006556511,0.2));
#9390=CARTESIAN_POINT('',(-2.43993884883821,-44.0000006556511,0.));
#9391=CARTESIAN_POINT('Origin',(-2.55929610691965,-44.0000006556511,0.));
#9392=CARTESIAN_POINT('',(-2.55929610691965,-44.0000006556511,0.));
#9393=CARTESIAN_POINT('',(-2.55929610691965,-44.0000006556511,0.2));
#9394=CARTESIAN_POINT('Origin',(-5.65952591132373,-43.6140021681786,0.));
#9395=CARTESIAN_POINT('Origin',(-5.65952591132373,-43.6140021681786,0.2));
#9396=CARTESIAN_POINT('Ctrl Pts',(-3.79571563564241,-43.4621275961399,0.));
#9397=CARTESIAN_POINT('Ctrl Pts',(-3.79571563564241,-43.4621275961399,0.2));
#9398=CARTESIAN_POINT('Ctrl Pts',(-3.79085306070552,-43.4769984674609,0.));
#9399=CARTESIAN_POINT('Ctrl Pts',(-3.79085306070552,-43.4769984674609,0.2));
#9400=CARTESIAN_POINT('Ctrl Pts',(-3.78083236280159,-43.5076440638806,0.));
#9401=CARTESIAN_POINT('Ctrl Pts',(-3.78083236280159,-43.5076440638806,0.2));
#9402=CARTESIAN_POINT('Ctrl Pts',(-3.7775250264909,-43.5397235244833,0.));
#9403=CARTESIAN_POINT('Ctrl Pts',(-3.7775250264909,-43.5397235244833,0.2));
#9404=CARTESIAN_POINT('Ctrl Pts',(-3.77582258544862,-43.5562363266945,0.));
#9405=CARTESIAN_POINT('Ctrl Pts',(-3.77582258544862,-43.5562363266945,0.2));
#9406=CARTESIAN_POINT('',(-3.79571563564241,-43.4621275961399,0.));
#9407=CARTESIAN_POINT('',(-3.77582258544862,-43.5562363266945,0.));
#9408=CARTESIAN_POINT('Ctrl Pts',(-3.79571563564241,-43.4621275961399,0.));
#9409=CARTESIAN_POINT('Ctrl Pts',(-3.79085306070552,-43.4769984674609,0.));
#9410=CARTESIAN_POINT('Ctrl Pts',(-3.78083236280159,-43.5076440638806,0.));
#9411=CARTESIAN_POINT('Ctrl Pts',(-3.7775250264909,-43.5397235244833,0.));
#9412=CARTESIAN_POINT('Ctrl Pts',(-3.77582258544862,-43.5562363266945,0.));
#9413=CARTESIAN_POINT('',(-3.77582258544862,-43.5562363266945,0.2));
#9414=CARTESIAN_POINT('',(-3.77582258544862,-43.5562363266945,0.));
#9415=CARTESIAN_POINT('',(-3.79571563564241,-43.4621275961399,0.2));
#9416=CARTESIAN_POINT('Ctrl Pts',(-3.79571563564241,-43.4621275961399,0.2));
#9417=CARTESIAN_POINT('Ctrl Pts',(-3.79085306070552,-43.4769984674609,0.2));
#9418=CARTESIAN_POINT('Ctrl Pts',(-3.78083236280159,-43.5076440638806,0.2));
#9419=CARTESIAN_POINT('Ctrl Pts',(-3.7775250264909,-43.5397235244833,0.2));
#9420=CARTESIAN_POINT('Ctrl Pts',(-3.77582258544862,-43.5562363266945,0.2));
#9421=CARTESIAN_POINT('',(-3.79571563564241,-43.4621275961399,0.));
#9422=CARTESIAN_POINT('Ctrl Pts',(-3.83779651485383,-43.3886769413948,0.));
#9423=CARTESIAN_POINT('Ctrl Pts',(-3.83779651485383,-43.3886769413948,0.2));
#9424=CARTESIAN_POINT('Ctrl Pts',(-3.82945718974492,-43.3996119633249,0.));
#9425=CARTESIAN_POINT('Ctrl Pts',(-3.82945718974492,-43.3996119633249,0.2));
#9426=CARTESIAN_POINT('Ctrl Pts',(-3.81220434161417,-43.4222349298362,0.));
#9427=CARTESIAN_POINT('Ctrl Pts',(-3.81220434161417,-43.4222349298362,0.2));
#9428=CARTESIAN_POINT('Ctrl Pts',(-3.80133248099794,-43.4485382375916,0.));
#9429=CARTESIAN_POINT('Ctrl Pts',(-3.80133248099794,-43.4485382375916,0.2));
#9430=CARTESIAN_POINT('Ctrl Pts',(-3.79571563564241,-43.4621275961399,0.));
#9431=CARTESIAN_POINT('Ctrl Pts',(-3.79571563564241,-43.4621275961399,0.2));
#9432=CARTESIAN_POINT('',(-3.83779651485383,-43.3886769413948,0.));
#9433=CARTESIAN_POINT('Ctrl Pts',(-3.83779651485383,-43.3886769413948,0.));
#9434=CARTESIAN_POINT('Ctrl Pts',(-3.82945718974492,-43.3996119633249,0.));
#9435=CARTESIAN_POINT('Ctrl Pts',(-3.81220434161417,-43.4222349298362,0.));
#9436=CARTESIAN_POINT('Ctrl Pts',(-3.80133248099794,-43.4485382375916,0.));
#9437=CARTESIAN_POINT('Ctrl Pts',(-3.79571563564241,-43.4621275961399,0.));
#9438=CARTESIAN_POINT('',(-3.83779651485383,-43.3886769413948,0.2));
#9439=CARTESIAN_POINT('Ctrl Pts',(-3.83779651485383,-43.3886769413948,0.2));
#9440=CARTESIAN_POINT('Ctrl Pts',(-3.82945718974492,-43.3996119633249,0.2));
#9441=CARTESIAN_POINT('Ctrl Pts',(-3.81220434161417,-43.4222349298362,0.2));
#9442=CARTESIAN_POINT('Ctrl Pts',(-3.80133248099794,-43.4485382375916,0.2));
#9443=CARTESIAN_POINT('Ctrl Pts',(-3.79571563564241,-43.4621275961399,0.2));
#9444=CARTESIAN_POINT('',(-3.83779651485383,-43.3886769413948,0.));
#9445=CARTESIAN_POINT('Ctrl Pts',(-3.89977044425905,-43.3412401378155,0.));
#9446=CARTESIAN_POINT('Ctrl Pts',(-3.89977044425905,-43.3412401378155,0.2));
#9447=CARTESIAN_POINT('Ctrl Pts',(-3.88818534807156,-43.3474399778548,0.));
#9448=CARTESIAN_POINT('Ctrl Pts',(-3.88818534807156,-43.3474399778548,0.2));
#9449=CARTESIAN_POINT('Ctrl Pts',(-3.86494553267386,-43.3598769171496,0.));
#9450=CARTESIAN_POINT('Ctrl Pts',(-3.86494553267386,-43.3598769171496,0.2));
#9451=CARTESIAN_POINT('Ctrl Pts',(-3.84686424374264,-43.3790577789788,0.));
#9452=CARTESIAN_POINT('Ctrl Pts',(-3.84686424374264,-43.3790577789788,0.2));
#9453=CARTESIAN_POINT('Ctrl Pts',(-3.83779651485383,-43.3886769413948,0.));
#9454=CARTESIAN_POINT('Ctrl Pts',(-3.83779651485383,-43.3886769413948,0.2));
#9455=CARTESIAN_POINT('',(-3.89977044425905,-43.3412401378155,0.));
#9456=CARTESIAN_POINT('Ctrl Pts',(-3.89977044425905,-43.3412401378155,0.));
#9457=CARTESIAN_POINT('Ctrl Pts',(-3.88818534807156,-43.3474399778548,0.));
#9458=CARTESIAN_POINT('Ctrl Pts',(-3.86494553267386,-43.3598769171496,0.));
#9459=CARTESIAN_POINT('Ctrl Pts',(-3.84686424374264,-43.3790577789788,0.));
#9460=CARTESIAN_POINT('Ctrl Pts',(-3.83779651485383,-43.3886769413948,0.));
#9461=CARTESIAN_POINT('',(-3.89977044425905,-43.3412401378155,0.2));
#9462=CARTESIAN_POINT('Ctrl Pts',(-3.89977044425905,-43.3412401378155,0.2));
#9463=CARTESIAN_POINT('Ctrl Pts',(-3.88818534807156,-43.3474399778548,0.2));
#9464=CARTESIAN_POINT('Ctrl Pts',(-3.86494553267386,-43.3598769171496,0.2));
#9465=CARTESIAN_POINT('Ctrl Pts',(-3.84686424374264,-43.3790577789788,0.2));
#9466=CARTESIAN_POINT('Ctrl Pts',(-3.83779651485383,-43.3886769413948,0.2));
#9467=CARTESIAN_POINT('',(-3.89977044425905,-43.3412401378155,0.));
#9468=CARTESIAN_POINT('Ctrl Pts',(-3.97934204898775,-43.3244077116251,0.));
#9469=CARTESIAN_POINT('Ctrl Pts',(-3.97934204898775,-43.3244077116251,0.2));
#9470=CARTESIAN_POINT('Ctrl Pts',(-3.96527704286457,-43.3250383330154,0.));
#9471=CARTESIAN_POINT('Ctrl Pts',(-3.96527704286457,-43.3250383330154,0.2));
#9472=CARTESIAN_POINT('Ctrl Pts',(-3.93781439282352,-43.3262696538124,0.));
#9473=CARTESIAN_POINT('Ctrl Pts',(-3.93781439282352,-43.3262696538124,0.2));
#9474=CARTESIAN_POINT('Ctrl Pts',(-3.91224463929566,-43.33633147969,0.));
#9475=CARTESIAN_POINT('Ctrl Pts',(-3.91224463929566,-43.33633147969,0.2));
#9476=CARTESIAN_POINT('Ctrl Pts',(-3.89977044425905,-43.3412401378155,0.));
#9477=CARTESIAN_POINT('Ctrl Pts',(-3.89977044425905,-43.3412401378155,0.2));
#9478=CARTESIAN_POINT('',(-3.97934204898775,-43.3244077116251,0.));
#9479=CARTESIAN_POINT('Ctrl Pts',(-3.97934204898775,-43.3244077116251,0.));
#9480=CARTESIAN_POINT('Ctrl Pts',(-3.96527704286457,-43.3250383330154,0.));
#9481=CARTESIAN_POINT('Ctrl Pts',(-3.93781439282352,-43.3262696538124,0.));
#9482=CARTESIAN_POINT('Ctrl Pts',(-3.91224463929566,-43.33633147969,0.));
#9483=CARTESIAN_POINT('Ctrl Pts',(-3.89977044425905,-43.3412401378155,0.));
#9484=CARTESIAN_POINT('',(-3.97934204898775,-43.3244077116251,0.2));
#9485=CARTESIAN_POINT('Ctrl Pts',(-3.97934204898775,-43.3244077116251,0.2));
#9486=CARTESIAN_POINT('Ctrl Pts',(-3.96527704286457,-43.3250383330154,0.2));
#9487=CARTESIAN_POINT('Ctrl Pts',(-3.93781439282352,-43.3262696538124,0.2));
#9488=CARTESIAN_POINT('Ctrl Pts',(-3.91224463929566,-43.33633147969,0.2));
#9489=CARTESIAN_POINT('Ctrl Pts',(-3.89977044425905,-43.3412401378155,0.2));
#9490=CARTESIAN_POINT('',(-3.97934204898775,-43.3244077116251,0.));
#9491=CARTESIAN_POINT('Ctrl Pts',(-4.06809515319765,-43.3416227251291,0.));
#9492=CARTESIAN_POINT('Ctrl Pts',(-4.06809515319765,-43.3416227251291,0.2));
#9493=CARTESIAN_POINT('Ctrl Pts',(-4.05446540502245,-43.3366048068624,0.));
#9494=CARTESIAN_POINT('Ctrl Pts',(-4.05446540502245,-43.3366048068624,0.2));
#9495=CARTESIAN_POINT('Ctrl Pts',(-4.02583771230181,-43.3260652561391,0.));
#9496=CARTESIAN_POINT('Ctrl Pts',(-4.02583771230181,-43.3260652561391,0.2));
#9497=CARTESIAN_POINT('Ctrl Pts',(-3.99532667233514,-43.3249775545491,0.));
#9498=CARTESIAN_POINT('Ctrl Pts',(-3.99532667233514,-43.3249775545491,0.2));
#9499=CARTESIAN_POINT('Ctrl Pts',(-3.97934204898775,-43.3244077116251,0.));
#9500=CARTESIAN_POINT('Ctrl Pts',(-3.97934204898775,-43.3244077116251,0.2));
#9501=CARTESIAN_POINT('',(-4.06809515319765,-43.3416227251291,0.));
#9502=CARTESIAN_POINT('Ctrl Pts',(-4.06809515319765,-43.3416227251291,0.));
#9503=CARTESIAN_POINT('Ctrl Pts',(-4.05446540502245,-43.3366048068624,0.));
#9504=CARTESIAN_POINT('Ctrl Pts',(-4.02583771230181,-43.3260652561391,0.));
#9505=CARTESIAN_POINT('Ctrl Pts',(-3.99532667233514,-43.3249775545491,0.));
#9506=CARTESIAN_POINT('Ctrl Pts',(-3.97934204898775,-43.3244077116251,0.));
#9507=CARTESIAN_POINT('',(-4.06809515319765,-43.3416227251291,0.2));
#9508=CARTESIAN_POINT('Ctrl Pts',(-4.06809515319765,-43.3416227251291,0.2));
#9509=CARTESIAN_POINT('Ctrl Pts',(-4.05446540502245,-43.3366048068624,0.2));
#9510=CARTESIAN_POINT('Ctrl Pts',(-4.02583771230181,-43.3260652561391,0.2));
#9511=CARTESIAN_POINT('Ctrl Pts',(-3.99532667233514,-43.3249775545491,0.2));
#9512=CARTESIAN_POINT('Ctrl Pts',(-3.97934204898775,-43.3244077116251,0.2));
#9513=CARTESIAN_POINT('',(-4.06809515319765,-43.3416227251291,0.));
#9514=CARTESIAN_POINT('Ctrl Pts',(-4.1319817956537,-43.3894421160221,0.));
#9515=CARTESIAN_POINT('Ctrl Pts',(-4.1319817956537,-43.3894421160221,0.2));
#9516=CARTESIAN_POINT('Ctrl Pts',(-4.12283182635284,-43.3797626952952,0.));
#9517=CARTESIAN_POINT('Ctrl Pts',(-4.12283182635284,-43.3797626952952,0.2));
#9518=CARTESIAN_POINT('Ctrl Pts',(-4.10429303780746,-43.3601511831471,0.));
#9519=CARTESIAN_POINT('Ctrl Pts',(-4.10429303780746,-43.3601511831471,0.2));
#9520=CARTESIAN_POINT('Ctrl Pts',(-4.08026430847196,-43.3478516991436,0.));
#9521=CARTESIAN_POINT('Ctrl Pts',(-4.08026430847196,-43.3478516991436,0.2));
#9522=CARTESIAN_POINT('Ctrl Pts',(-4.06809515319765,-43.3416227251291,0.));
#9523=CARTESIAN_POINT('Ctrl Pts',(-4.06809515319765,-43.3416227251291,0.2));
#9524=CARTESIAN_POINT('',(-4.1319817956537,-43.3894421160221,0.));
#9525=CARTESIAN_POINT('Ctrl Pts',(-4.1319817956537,-43.3894421160221,0.));
#9526=CARTESIAN_POINT('Ctrl Pts',(-4.12283182635284,-43.3797626952952,0.));
#9527=CARTESIAN_POINT('Ctrl Pts',(-4.10429303780746,-43.3601511831471,0.));
#9528=CARTESIAN_POINT('Ctrl Pts',(-4.08026430847196,-43.3478516991436,0.));
#9529=CARTESIAN_POINT('Ctrl Pts',(-4.06809515319765,-43.3416227251291,0.));
#9530=CARTESIAN_POINT('',(-4.1319817956537,-43.3894421160221,0.2));
#9531=CARTESIAN_POINT('Ctrl Pts',(-4.1319817956537,-43.3894421160221,0.2));
#9532=CARTESIAN_POINT('Ctrl Pts',(-4.12283182635284,-43.3797626952952,0.2));
#9533=CARTESIAN_POINT('Ctrl Pts',(-4.10429303780746,-43.3601511831471,0.2));
#9534=CARTESIAN_POINT('Ctrl Pts',(-4.08026430847196,-43.3478516991436,0.2));
#9535=CARTESIAN_POINT('Ctrl Pts',(-4.06809515319765,-43.3416227251291,0.2));
#9536=CARTESIAN_POINT('',(-4.1319817956537,-43.3894421160221,0.));
#9537=CARTESIAN_POINT('Ctrl Pts',(-4.16985488496721,-43.4625101834536,0.));
#9538=CARTESIAN_POINT('Ctrl Pts',(-4.16985488496721,-43.4625101834536,0.2));
#9539=CARTESIAN_POINT('Ctrl Pts',(-4.16533368123404,-43.448991552375,0.));
#9540=CARTESIAN_POINT('Ctrl Pts',(-4.16533368123404,-43.448991552375,0.2));
#9541=CARTESIAN_POINT('Ctrl Pts',(-4.15652249546044,-43.4226456549398,0.));
#9542=CARTESIAN_POINT('Ctrl Pts',(-4.15652249546044,-43.4226456549398,0.2));
#9543=CARTESIAN_POINT('Ctrl Pts',(-4.14001765649641,-43.4003146265996,0.));
#9544=CARTESIAN_POINT('Ctrl Pts',(-4.14001765649641,-43.4003146265996,0.2));
#9545=CARTESIAN_POINT('Ctrl Pts',(-4.1319817956537,-43.3894421160221,0.));
#9546=CARTESIAN_POINT('Ctrl Pts',(-4.1319817956537,-43.3894421160221,0.2));
#9547=CARTESIAN_POINT('',(-4.16985488496721,-43.4625101834536,0.));
#9548=CARTESIAN_POINT('Ctrl Pts',(-4.16985488496721,-43.4625101834536,0.));
#9549=CARTESIAN_POINT('Ctrl Pts',(-4.16533368123404,-43.448991552375,0.));
#9550=CARTESIAN_POINT('Ctrl Pts',(-4.15652249546044,-43.4226456549398,0.));
#9551=CARTESIAN_POINT('Ctrl Pts',(-4.14001765649641,-43.4003146265996,0.));
#9552=CARTESIAN_POINT('Ctrl Pts',(-4.1319817956537,-43.3894421160221,0.));
#9553=CARTESIAN_POINT('',(-4.16985488496721,-43.4625101834536,0.2));
#9554=CARTESIAN_POINT('Ctrl Pts',(-4.16985488496721,-43.4625101834536,0.2));
#9555=CARTESIAN_POINT('Ctrl Pts',(-4.16533368123404,-43.448991552375,0.2));
#9556=CARTESIAN_POINT('Ctrl Pts',(-4.15652249546044,-43.4226456549398,0.2));
#9557=CARTESIAN_POINT('Ctrl Pts',(-4.14001765649641,-43.4003146265996,0.2));
#9558=CARTESIAN_POINT('Ctrl Pts',(-4.1319817956537,-43.3894421160221,0.2));
#9559=CARTESIAN_POINT('',(-4.16985488496721,-43.4625101834536,0.));
#9560=CARTESIAN_POINT('Ctrl Pts',(-4.17980111204088,-43.5562363266945,0.));
#9561=CARTESIAN_POINT('Ctrl Pts',(-4.17980111204088,-43.5562363266945,0.2));
#9562=CARTESIAN_POINT('Ctrl Pts',(-4.18004234516527,-43.5398069519878,0.));
#9563=CARTESIAN_POINT('Ctrl Pts',(-4.18004234516527,-43.5398069519878,0.2));
#9564=CARTESIAN_POINT('Ctrl Pts',(-4.18050713799219,-43.5081518650937,0.));
#9565=CARTESIAN_POINT('Ctrl Pts',(-4.18050713799219,-43.5081518650937,0.2));
#9566=CARTESIAN_POINT('Ctrl Pts',(-4.17331447059467,-43.4773334612564,0.));
#9567=CARTESIAN_POINT('Ctrl Pts',(-4.17331447059467,-43.4773334612564,0.2));
#9568=CARTESIAN_POINT('Ctrl Pts',(-4.16985488496721,-43.4625101834536,0.));
#9569=CARTESIAN_POINT('Ctrl Pts',(-4.16985488496721,-43.4625101834536,0.2));
#9570=CARTESIAN_POINT('',(-4.17980111204088,-43.5562363266945,0.));
#9571=CARTESIAN_POINT('Ctrl Pts',(-4.17980111204088,-43.5562363266945,0.));
#9572=CARTESIAN_POINT('Ctrl Pts',(-4.18004234516527,-43.5398069519878,0.));
#9573=CARTESIAN_POINT('Ctrl Pts',(-4.18050713799219,-43.5081518650937,0.));
#9574=CARTESIAN_POINT('Ctrl Pts',(-4.17331447059467,-43.4773334612564,0.));
#9575=CARTESIAN_POINT('Ctrl Pts',(-4.16985488496721,-43.4625101834536,0.));
#9576=CARTESIAN_POINT('',(-4.17980111204088,-43.5562363266945,0.2));
#9577=CARTESIAN_POINT('Ctrl Pts',(-4.17980111204088,-43.5562363266945,0.2));
#9578=CARTESIAN_POINT('Ctrl Pts',(-4.18004234516527,-43.5398069519878,0.2));
#9579=CARTESIAN_POINT('Ctrl Pts',(-4.18050713799219,-43.5081518650937,0.2));
#9580=CARTESIAN_POINT('Ctrl Pts',(-4.17331447059467,-43.4773334612564,0.2));
#9581=CARTESIAN_POINT('Ctrl Pts',(-4.16985488496721,-43.4625101834536,0.2));
#9582=CARTESIAN_POINT('',(-4.17980111204088,-43.5562363266945,0.));
#9583=CARTESIAN_POINT('Origin',(-3.77582258544862,-43.5562363266945,0.));
#9584=CARTESIAN_POINT('',(-3.77582258544862,-43.5562363266945,0.));
#9585=CARTESIAN_POINT('',(-3.77582258544862,-43.5562363266945,0.2));
#9586=CARTESIAN_POINT('Ctrl Pts',(-4.23221117816865,-43.3148438483477,0.));
#9587=CARTESIAN_POINT('Ctrl Pts',(-4.23221117816865,-43.3148438483477,0.2));
#9588=CARTESIAN_POINT('Ctrl Pts',(-4.24559619073922,-43.3313837604389,0.));
#9589=CARTESIAN_POINT('Ctrl Pts',(-4.24559619073922,-43.3313837604389,0.2));
#9590=CARTESIAN_POINT('Ctrl Pts',(-4.27310325456729,-43.3653743461934,0.));
#9591=CARTESIAN_POINT('Ctrl Pts',(-4.27310325456729,-43.3653743461934,0.2));
#9592=CARTESIAN_POINT('Ctrl Pts',(-4.28855010944304,-43.4063026019014,0.));
#9593=CARTESIAN_POINT('Ctrl Pts',(-4.28855010944304,-43.4063026019014,0.2));
#9594=CARTESIAN_POINT('Ctrl Pts',(-4.29648048244417,-43.427315056324,0.));
#9595=CARTESIAN_POINT('Ctrl Pts',(-4.29648048244417,-43.427315056324,0.2));
#9596=CARTESIAN_POINT('',(-4.23221117816865,-43.3148438483477,0.));
#9597=CARTESIAN_POINT('',(-4.29648048244417,-43.427315056324,0.));
#9598=CARTESIAN_POINT('Ctrl Pts',(-4.23221117816865,-43.3148438483477,0.));
#9599=CARTESIAN_POINT('Ctrl Pts',(-4.24559619073922,-43.3313837604389,0.));
#9600=CARTESIAN_POINT('Ctrl Pts',(-4.27310325456729,-43.3653743461934,0.));
#9601=CARTESIAN_POINT('Ctrl Pts',(-4.28855010944304,-43.4063026019014,0.));
#9602=CARTESIAN_POINT('Ctrl Pts',(-4.29648048244417,-43.427315056324,0.));
#9603=CARTESIAN_POINT('',(-4.29648048244417,-43.427315056324,0.2));
#9604=CARTESIAN_POINT('',(-4.29648048244417,-43.427315056324,0.));
#9605=CARTESIAN_POINT('',(-4.23221117816865,-43.3148438483477,0.2));
#9606=CARTESIAN_POINT('Ctrl Pts',(-4.23221117816865,-43.3148438483477,0.2));
#9607=CARTESIAN_POINT('Ctrl Pts',(-4.24559619073922,-43.3313837604389,0.2));
#9608=CARTESIAN_POINT('Ctrl Pts',(-4.27310325456729,-43.3653743461934,0.2));
#9609=CARTESIAN_POINT('Ctrl Pts',(-4.28855010944304,-43.4063026019014,0.2));
#9610=CARTESIAN_POINT('Ctrl Pts',(-4.29648048244417,-43.427315056324,0.2));
#9611=CARTESIAN_POINT('',(-4.23221117816865,-43.3148438483477,0.));
#9612=CARTESIAN_POINT('Ctrl Pts',(-4.12777370773256,-43.2433059066534,0.));
#9613=CARTESIAN_POINT('Ctrl Pts',(-4.12777370773256,-43.2433059066534,0.2));
#9614=CARTESIAN_POINT('Ctrl Pts',(-4.14749838267513,-43.2524685119156,0.));
#9615=CARTESIAN_POINT('Ctrl Pts',(-4.14749838267513,-43.2524685119156,0.2));
#9616=CARTESIAN_POINT('Ctrl Pts',(-4.18631089142075,-43.2704978937891,0.));
#9617=CARTESIAN_POINT('Ctrl Pts',(-4.18631089142075,-43.2704978937891,0.2));
#9618=CARTESIAN_POINT('Ctrl Pts',(-4.21707936708792,-43.3002244493391,0.));
#9619=CARTESIAN_POINT('Ctrl Pts',(-4.21707936708792,-43.3002244493391,0.2));
#9620=CARTESIAN_POINT('Ctrl Pts',(-4.23221117816865,-43.3148438483477,0.));
#9621=CARTESIAN_POINT('Ctrl Pts',(-4.23221117816865,-43.3148438483477,0.2));
#9622=CARTESIAN_POINT('',(-4.12777370773256,-43.2433059066534,0.));
#9623=CARTESIAN_POINT('Ctrl Pts',(-4.12777370773256,-43.2433059066534,0.));
#9624=CARTESIAN_POINT('Ctrl Pts',(-4.14749838267513,-43.2524685119156,0.));
#9625=CARTESIAN_POINT('Ctrl Pts',(-4.18631089142075,-43.2704978937891,0.));
#9626=CARTESIAN_POINT('Ctrl Pts',(-4.21707936708792,-43.3002244493391,0.));
#9627=CARTESIAN_POINT('Ctrl Pts',(-4.23221117816865,-43.3148438483477,0.));
#9628=CARTESIAN_POINT('',(-4.12777370773256,-43.2433059066534,0.2));
#9629=CARTESIAN_POINT('Ctrl Pts',(-4.12777370773256,-43.2433059066534,0.2));
#9630=CARTESIAN_POINT('Ctrl Pts',(-4.14749838267513,-43.2524685119156,0.2));
#9631=CARTESIAN_POINT('Ctrl Pts',(-4.18631089142075,-43.2704978937891,0.2));
#9632=CARTESIAN_POINT('Ctrl Pts',(-4.21707936708792,-43.3002244493391,0.2));
#9633=CARTESIAN_POINT('Ctrl Pts',(-4.23221117816865,-43.3148438483477,0.2));
#9634=CARTESIAN_POINT('',(-4.12777370773256,-43.2433059066534,0.));
#9635=CARTESIAN_POINT('Ctrl Pts',(-3.98546314798295,-43.2180573046207,0.));
#9636=CARTESIAN_POINT('Ctrl Pts',(-3.98546314798295,-43.2180573046207,0.2));
#9637=CARTESIAN_POINT('Ctrl Pts',(-4.01094192466514,-43.2188976577344,0.));
#9638=CARTESIAN_POINT('Ctrl Pts',(-4.01094192466514,-43.2188976577344,0.2));
#9639=CARTESIAN_POINT('Ctrl Pts',(-4.05961917809133,-43.2205031540262,0.));
#9640=CARTESIAN_POINT('Ctrl Pts',(-4.05961917809133,-43.2205031540262,0.2));
#9641=CARTESIAN_POINT('Ctrl Pts',(-4.10577627873758,-43.2359461327037,0.));
#9642=CARTESIAN_POINT('Ctrl Pts',(-4.10577627873758,-43.2359461327037,0.2));
#9643=CARTESIAN_POINT('Ctrl Pts',(-4.12777370773256,-43.2433059066534,0.));
#9644=CARTESIAN_POINT('Ctrl Pts',(-4.12777370773256,-43.2433059066534,0.2));
#9645=CARTESIAN_POINT('',(-3.98546314798295,-43.2180573046207,0.));
#9646=CARTESIAN_POINT('Ctrl Pts',(-3.98546314798295,-43.2180573046207,0.));
#9647=CARTESIAN_POINT('Ctrl Pts',(-4.01094192466514,-43.2188976577344,0.));
#9648=CARTESIAN_POINT('Ctrl Pts',(-4.05961917809133,-43.2205031540262,0.));
#9649=CARTESIAN_POINT('Ctrl Pts',(-4.10577627873758,-43.2359461327037,0.));
#9650=CARTESIAN_POINT('Ctrl Pts',(-4.12777370773256,-43.2433059066534,0.));
#9651=CARTESIAN_POINT('',(-3.98546314798295,-43.2180573046207,0.2));
#9652=CARTESIAN_POINT('Ctrl Pts',(-3.98546314798295,-43.2180573046207,0.2));
#9653=CARTESIAN_POINT('Ctrl Pts',(-4.01094192466514,-43.2188976577344,0.2));
#9654=CARTESIAN_POINT('Ctrl Pts',(-4.05961917809133,-43.2205031540262,0.2));
#9655=CARTESIAN_POINT('Ctrl Pts',(-4.10577627873758,-43.2359461327037,0.2));
#9656=CARTESIAN_POINT('Ctrl Pts',(-4.12777370773256,-43.2433059066534,0.2));
#9657=CARTESIAN_POINT('',(-3.98546314798295,-43.2180573046207,0.));
#9658=CARTESIAN_POINT('Ctrl Pts',(-3.83779651485383,-43.2501919567585,0.));
#9659=CARTESIAN_POINT('Ctrl Pts',(-3.83779651485383,-43.2501919567585,0.2));
#9660=CARTESIAN_POINT('Ctrl Pts',(-3.86064495221823,-43.2408223133456,0.));
#9661=CARTESIAN_POINT('Ctrl Pts',(-3.86064495221823,-43.2408223133456,0.2));
#9662=CARTESIAN_POINT('Ctrl Pts',(-3.90794159512568,-43.2214269966506,0.));
#9663=CARTESIAN_POINT('Ctrl Pts',(-3.90794159512568,-43.2214269966506,0.2));
#9664=CARTESIAN_POINT('Ctrl Pts',(-3.95904643794448,-43.2192055811192,0.));
#9665=CARTESIAN_POINT('Ctrl Pts',(-3.95904643794448,-43.2192055811192,0.2));
#9666=CARTESIAN_POINT('Ctrl Pts',(-3.98546314798295,-43.2180573046207,0.));
#9667=CARTESIAN_POINT('Ctrl Pts',(-3.98546314798295,-43.2180573046207,0.2));
#9668=CARTESIAN_POINT('',(-3.83779651485383,-43.2501919567585,0.));
#9669=CARTESIAN_POINT('Ctrl Pts',(-3.83779651485383,-43.2501919567585,0.));
#9670=CARTESIAN_POINT('Ctrl Pts',(-3.86064495221823,-43.2408223133456,0.));
#9671=CARTESIAN_POINT('Ctrl Pts',(-3.90794159512568,-43.2214269966506,0.));
#9672=CARTESIAN_POINT('Ctrl Pts',(-3.95904643794448,-43.2192055811192,0.));
#9673=CARTESIAN_POINT('Ctrl Pts',(-3.98546314798295,-43.2180573046207,0.));
#9674=CARTESIAN_POINT('',(-3.83779651485383,-43.2501919567585,0.2));
#9675=CARTESIAN_POINT('Ctrl Pts',(-3.83779651485383,-43.2501919567585,0.2));
#9676=CARTESIAN_POINT('Ctrl Pts',(-3.86064495221823,-43.2408223133456,0.2));
#9677=CARTESIAN_POINT('Ctrl Pts',(-3.90794159512568,-43.2214269966506,0.2));
#9678=CARTESIAN_POINT('Ctrl Pts',(-3.95904643794448,-43.2192055811192,0.2));
#9679=CARTESIAN_POINT('Ctrl Pts',(-3.98546314798295,-43.2180573046207,0.2));
#9680=CARTESIAN_POINT('',(-3.83779651485383,-43.2501919567585,0.));
#9681=CARTESIAN_POINT('Ctrl Pts',(-3.72800326906145,-43.3370320498943,0.));
#9682=CARTESIAN_POINT('Ctrl Pts',(-3.72800326906145,-43.3370320498943,0.2));
#9683=CARTESIAN_POINT('Ctrl Pts',(-3.74383963851761,-43.3197019908512,0.));
#9684=CARTESIAN_POINT('Ctrl Pts',(-3.74383963851761,-43.3197019908512,0.2));
#9685=CARTESIAN_POINT('Ctrl Pts',(-3.77572625991088,-43.284807816845,0.));
#9686=CARTESIAN_POINT('Ctrl Pts',(-3.77572625991088,-43.284807816845,0.2));
#9687=CARTESIAN_POINT('Ctrl Pts',(-3.81701411582733,-43.2617820592581,0.));
#9688=CARTESIAN_POINT('Ctrl Pts',(-3.81701411582733,-43.2617820592581,0.2));
#9689=CARTESIAN_POINT('Ctrl Pts',(-3.83779651485383,-43.2501919567585,0.));
#9690=CARTESIAN_POINT('Ctrl Pts',(-3.83779651485383,-43.2501919567585,0.2));
#9691=CARTESIAN_POINT('',(-3.72800326906145,-43.3370320498943,0.));
#9692=CARTESIAN_POINT('Ctrl Pts',(-3.72800326906145,-43.3370320498943,0.));
#9693=CARTESIAN_POINT('Ctrl Pts',(-3.74383963851761,-43.3197019908512,0.));
#9694=CARTESIAN_POINT('Ctrl Pts',(-3.77572625991088,-43.284807816845,0.));
#9695=CARTESIAN_POINT('Ctrl Pts',(-3.81701411582733,-43.2617820592581,0.));
#9696=CARTESIAN_POINT('Ctrl Pts',(-3.83779651485383,-43.2501919567585,0.));
#9697=CARTESIAN_POINT('',(-3.72800326906145,-43.3370320498943,0.2));
#9698=CARTESIAN_POINT('Ctrl Pts',(-3.72800326906145,-43.3370320498943,0.2));
#9699=CARTESIAN_POINT('Ctrl Pts',(-3.74383963851761,-43.3197019908512,0.2));
#9700=CARTESIAN_POINT('Ctrl Pts',(-3.77572625991088,-43.284807816845,0.2));
#9701=CARTESIAN_POINT('Ctrl Pts',(-3.81701411582733,-43.2617820592581,0.2));
#9702=CARTESIAN_POINT('Ctrl Pts',(-3.83779651485383,-43.2501919567585,0.2));
#9703=CARTESIAN_POINT('',(-3.72800326906145,-43.3370320498943,0.));
#9704=CARTESIAN_POINT('Ctrl Pts',(-3.65990824066102,-43.4640404582024,0.));
#9705=CARTESIAN_POINT('Ctrl Pts',(-3.65990824066102,-43.4640404582024,0.2));
#9706=CARTESIAN_POINT('Ctrl Pts',(-3.6684366827438,-43.4408484475945,0.));
#9707=CARTESIAN_POINT('Ctrl Pts',(-3.6684366827438,-43.4408484475945,0.2));
#9708=CARTESIAN_POINT('Ctrl Pts',(-3.6851833762955,-43.3953079501944,0.));
#9709=CARTESIAN_POINT('Ctrl Pts',(-3.6851833762955,-43.3953079501944,0.2));
#9710=CARTESIAN_POINT('Ctrl Pts',(-3.7139073178654,-43.3562159897287,0.));
#9711=CARTESIAN_POINT('Ctrl Pts',(-3.7139073178654,-43.3562159897287,0.2));
#9712=CARTESIAN_POINT('Ctrl Pts',(-3.72800326906145,-43.3370320498943,0.));
#9713=CARTESIAN_POINT('Ctrl Pts',(-3.72800326906145,-43.3370320498943,0.2));
#9714=CARTESIAN_POINT('',(-3.65990824066102,-43.4640404582024,0.));
#9715=CARTESIAN_POINT('Ctrl Pts',(-3.65990824066102,-43.4640404582024,0.));
#9716=CARTESIAN_POINT('Ctrl Pts',(-3.6684366827438,-43.4408484475945,0.));
#9717=CARTESIAN_POINT('Ctrl Pts',(-3.6851833762955,-43.3953079501944,0.));
#9718=CARTESIAN_POINT('Ctrl Pts',(-3.7139073178654,-43.3562159897287,0.));
#9719=CARTESIAN_POINT('Ctrl Pts',(-3.72800326906145,-43.3370320498943,0.));
#9720=CARTESIAN_POINT('',(-3.65990824066102,-43.4640404582024,0.2));
#9721=CARTESIAN_POINT('Ctrl Pts',(-3.65990824066102,-43.4640404582024,0.2));
#9722=CARTESIAN_POINT('Ctrl Pts',(-3.6684366827438,-43.4408484475945,0.2));
#9723=CARTESIAN_POINT('Ctrl Pts',(-3.6851833762955,-43.3953079501944,0.2));
#9724=CARTESIAN_POINT('Ctrl Pts',(-3.7139073178654,-43.3562159897287,0.2));
#9725=CARTESIAN_POINT('Ctrl Pts',(-3.72800326906145,-43.3370320498943,0.2));
#9726=CARTESIAN_POINT('',(-3.65990824066102,-43.4640404582024,0.));
#9727=CARTESIAN_POINT('Ctrl Pts',(-3.63657242618501,-43.6174451559782,0.));
#9728=CARTESIAN_POINT('Ctrl Pts',(-3.63657242618501,-43.6174451559782,0.2));
#9729=CARTESIAN_POINT('Ctrl Pts',(-3.63747855414292,-43.5909851066344,0.));
#9730=CARTESIAN_POINT('Ctrl Pts',(-3.63747855414292,-43.5909851066344,0.2));
#9731=CARTESIAN_POINT('Ctrl Pts',(-3.63926118531503,-43.5389300868501,0.));
#9732=CARTESIAN_POINT('Ctrl Pts',(-3.63926118531503,-43.5389300868501,0.2));
#9733=CARTESIAN_POINT('Ctrl Pts',(-3.65310256341967,-43.4887255589473,0.));
#9734=CARTESIAN_POINT('Ctrl Pts',(-3.65310256341967,-43.4887255589473,0.2));
#9735=CARTESIAN_POINT('Ctrl Pts',(-3.65990824066102,-43.4640404582024,0.));
#9736=CARTESIAN_POINT('Ctrl Pts',(-3.65990824066102,-43.4640404582024,0.2));
#9737=CARTESIAN_POINT('',(-3.63657242618501,-43.6174451559782,0.));
#9738=CARTESIAN_POINT('Ctrl Pts',(-3.63657242618501,-43.6174451559782,0.));
#9739=CARTESIAN_POINT('Ctrl Pts',(-3.63747855414292,-43.5909851066344,0.));
#9740=CARTESIAN_POINT('Ctrl Pts',(-3.63926118531503,-43.5389300868501,0.));
#9741=CARTESIAN_POINT('Ctrl Pts',(-3.65310256341967,-43.4887255589473,0.));
#9742=CARTESIAN_POINT('Ctrl Pts',(-3.65990824066102,-43.4640404582024,0.));
#9743=CARTESIAN_POINT('',(-3.63657242618501,-43.6174451559782,0.2));
#9744=CARTESIAN_POINT('Ctrl Pts',(-3.63657242618501,-43.6174451559782,0.2));
#9745=CARTESIAN_POINT('Ctrl Pts',(-3.63747855414292,-43.5909851066344,0.2));
#9746=CARTESIAN_POINT('Ctrl Pts',(-3.63926118531503,-43.5389300868501,0.2));
#9747=CARTESIAN_POINT('Ctrl Pts',(-3.65310256341967,-43.4887255589473,0.2));
#9748=CARTESIAN_POINT('Ctrl Pts',(-3.65990824066102,-43.4640404582024,0.2));
#9749=CARTESIAN_POINT('',(-3.63657242618501,-43.6174451559782,0.));
#9750=CARTESIAN_POINT('Ctrl Pts',(-3.65837818942964,-43.7846219539642,0.));
#9751=CARTESIAN_POINT('Ctrl Pts',(-3.65837818942964,-43.7846219539642,0.2));
#9752=CARTESIAN_POINT('Ctrl Pts',(-3.65202229477234,-43.7585062013924,0.));
#9753=CARTESIAN_POINT('Ctrl Pts',(-3.65202229477234,-43.7585062013924,0.2));
#9754=CARTESIAN_POINT('Ctrl Pts',(-3.63865889366686,-43.703597286817,0.));
#9755=CARTESIAN_POINT('Ctrl Pts',(-3.63865889366686,-43.703597286817,0.2));
#9756=CARTESIAN_POINT('Ctrl Pts',(-3.63729016221589,-43.6470811263338,0.));
#9757=CARTESIAN_POINT('Ctrl Pts',(-3.63729016221589,-43.6470811263338,0.2));
#9758=CARTESIAN_POINT('Ctrl Pts',(-3.63657242618501,-43.6174451559782,0.));
#9759=CARTESIAN_POINT('Ctrl Pts',(-3.63657242618501,-43.6174451559782,0.2));
#9760=CARTESIAN_POINT('',(-3.65837818942964,-43.7846219539642,0.));
#9761=CARTESIAN_POINT('Ctrl Pts',(-3.65837818942964,-43.7846219539642,0.));
#9762=CARTESIAN_POINT('Ctrl Pts',(-3.65202229477234,-43.7585062013924,0.));
#9763=CARTESIAN_POINT('Ctrl Pts',(-3.63865889366686,-43.703597286817,0.));
#9764=CARTESIAN_POINT('Ctrl Pts',(-3.63729016221589,-43.6470811263338,0.));
#9765=CARTESIAN_POINT('Ctrl Pts',(-3.63657242618501,-43.6174451559782,0.));
#9766=CARTESIAN_POINT('',(-3.65837818942964,-43.7846219539642,0.2));
#9767=CARTESIAN_POINT('Ctrl Pts',(-3.65837818942964,-43.7846219539642,0.2));
#9768=CARTESIAN_POINT('Ctrl Pts',(-3.65202229477234,-43.7585062013924,0.2));
#9769=CARTESIAN_POINT('Ctrl Pts',(-3.63865889366686,-43.703597286817,0.2));
#9770=CARTESIAN_POINT('Ctrl Pts',(-3.63729016221589,-43.6470811263338,0.2));
#9771=CARTESIAN_POINT('Ctrl Pts',(-3.63657242618501,-43.6174451559782,0.2));
#9772=CARTESIAN_POINT('',(-3.65837818942964,-43.7846219539642,0.));
#9773=CARTESIAN_POINT('Ctrl Pts',(-3.72570789419115,-43.909334987402,0.));
#9774=CARTESIAN_POINT('Ctrl Pts',(-3.72570789419115,-43.909334987402,0.2));
#9775=CARTESIAN_POINT('Ctrl Pts',(-3.71141707329736,-43.8910571093687,0.));
#9776=CARTESIAN_POINT('Ctrl Pts',(-3.71141707329736,-43.8910571093687,0.2));
#9777=CARTESIAN_POINT('Ctrl Pts',(-3.68191761237579,-43.8533274678892,0.));
#9778=CARTESIAN_POINT('Ctrl Pts',(-3.68191761237579,-43.8533274678892,0.2));
#9779=CARTESIAN_POINT('Ctrl Pts',(-3.66638574516222,-43.8079939471158,0.));
#9780=CARTESIAN_POINT('Ctrl Pts',(-3.66638574516222,-43.8079939471158,0.2));
#9781=CARTESIAN_POINT('Ctrl Pts',(-3.65837818942964,-43.7846219539642,0.));
#9782=CARTESIAN_POINT('Ctrl Pts',(-3.65837818942964,-43.7846219539642,0.2));
#9783=CARTESIAN_POINT('',(-3.72570789419115,-43.909334987402,0.));
#9784=CARTESIAN_POINT('Ctrl Pts',(-3.72570789419115,-43.909334987402,0.));
#9785=CARTESIAN_POINT('Ctrl Pts',(-3.71141707329736,-43.8910571093687,0.));
#9786=CARTESIAN_POINT('Ctrl Pts',(-3.68191761237579,-43.8533274678892,0.));
#9787=CARTESIAN_POINT('Ctrl Pts',(-3.66638574516222,-43.8079939471158,0.));
#9788=CARTESIAN_POINT('Ctrl Pts',(-3.65837818942964,-43.7846219539642,0.));
#9789=CARTESIAN_POINT('',(-3.72570789419115,-43.909334987402,0.2));
#9790=CARTESIAN_POINT('Ctrl Pts',(-3.72570789419115,-43.909334987402,0.2));
#9791=CARTESIAN_POINT('Ctrl Pts',(-3.71141707329736,-43.8910571093687,0.2));
#9792=CARTESIAN_POINT('Ctrl Pts',(-3.68191761237579,-43.8533274678892,0.2));
#9793=CARTESIAN_POINT('Ctrl Pts',(-3.66638574516222,-43.8079939471158,0.2));
#9794=CARTESIAN_POINT('Ctrl Pts',(-3.65837818942964,-43.7846219539642,0.2));
#9795=CARTESIAN_POINT('',(-3.72570789419115,-43.909334987402,0.));
#9796=CARTESIAN_POINT('Ctrl Pts',(-3.84238726459444,-43.9869937300682,0.));
#9797=CARTESIAN_POINT('Ctrl Pts',(-3.84238726459444,-43.9869937300682,0.2));
#9798=CARTESIAN_POINT('Ctrl Pts',(-3.81996367386091,-43.9773132945151,0.));
#9799=CARTESIAN_POINT('Ctrl Pts',(-3.81996367386091,-43.9773132945151,0.2));
#9800=CARTESIAN_POINT('Ctrl Pts',(-3.77634066242539,-43.9584809069707,0.));
#9801=CARTESIAN_POINT('Ctrl Pts',(-3.77634066242539,-43.9584809069707,0.2));
#9802=CARTESIAN_POINT('Ctrl Pts',(-3.74226675074295,-43.925407587432,0.));
#9803=CARTESIAN_POINT('Ctrl Pts',(-3.74226675074295,-43.925407587432,0.2));
#9804=CARTESIAN_POINT('Ctrl Pts',(-3.72570789419115,-43.909334987402,0.));
#9805=CARTESIAN_POINT('Ctrl Pts',(-3.72570789419115,-43.909334987402,0.2));
#9806=CARTESIAN_POINT('',(-3.84238726459444,-43.9869937300682,0.));
#9807=CARTESIAN_POINT('Ctrl Pts',(-3.84238726459444,-43.9869937300682,0.));
#9808=CARTESIAN_POINT('Ctrl Pts',(-3.81996367386091,-43.9773132945151,0.));
#9809=CARTESIAN_POINT('Ctrl Pts',(-3.77634066242539,-43.9584809069707,0.));
#9810=CARTESIAN_POINT('Ctrl Pts',(-3.74226675074295,-43.925407587432,0.));
#9811=CARTESIAN_POINT('Ctrl Pts',(-3.72570789419115,-43.909334987402,0.));
#9812=CARTESIAN_POINT('',(-3.84238726459444,-43.9869937300682,0.2));
#9813=CARTESIAN_POINT('Ctrl Pts',(-3.84238726459444,-43.9869937300682,0.2));
#9814=CARTESIAN_POINT('Ctrl Pts',(-3.81996367386091,-43.9773132945151,0.2));
#9815=CARTESIAN_POINT('Ctrl Pts',(-3.77634066242539,-43.9584809069707,0.2));
#9816=CARTESIAN_POINT('Ctrl Pts',(-3.74226675074295,-43.925407587432,0.2));
#9817=CARTESIAN_POINT('Ctrl Pts',(-3.72570789419115,-43.909334987402,0.2));
#9818=CARTESIAN_POINT('',(-3.84238726459444,-43.9869937300682,0.));
#9819=CARTESIAN_POINT('Ctrl Pts',(-4.01224202476442,-44.0137726068497,0.));
#9820=CARTESIAN_POINT('Ctrl Pts',(-4.01224202476442,-44.0137726068497,0.2));
#9821=CARTESIAN_POINT('Ctrl Pts',(-3.98140111742446,-44.0129851146506,0.));
#9822=CARTESIAN_POINT('Ctrl Pts',(-3.98140111742446,-44.0129851146506,0.2));
#9823=CARTESIAN_POINT('Ctrl Pts',(-3.92356280573584,-44.0115082703166,0.));
#9824=CARTESIAN_POINT('Ctrl Pts',(-3.92356280573584,-44.0115082703166,0.2));
#9825=CARTESIAN_POINT('Ctrl Pts',(-3.86821988568592,-43.9947950310582,0.));
#9826=CARTESIAN_POINT('Ctrl Pts',(-3.86821988568592,-43.9947950310582,0.2));
#9827=CARTESIAN_POINT('Ctrl Pts',(-3.84238726459444,-43.9869937300682,0.));
#9828=CARTESIAN_POINT('Ctrl Pts',(-3.84238726459444,-43.9869937300682,0.2));
#9829=CARTESIAN_POINT('',(-4.01224202476442,-44.0137726068497,0.));
#9830=CARTESIAN_POINT('Ctrl Pts',(-4.01224202476442,-44.0137726068497,0.));
#9831=CARTESIAN_POINT('Ctrl Pts',(-3.98140111742446,-44.0129851146506,0.));
#9832=CARTESIAN_POINT('Ctrl Pts',(-3.92356280573584,-44.0115082703166,0.));
#9833=CARTESIAN_POINT('Ctrl Pts',(-3.86821988568592,-43.9947950310582,0.));
#9834=CARTESIAN_POINT('Ctrl Pts',(-3.84238726459444,-43.9869937300682,0.));
#9835=CARTESIAN_POINT('',(-4.01224202476442,-44.0137726068497,0.2));
#9836=CARTESIAN_POINT('Ctrl Pts',(-4.01224202476442,-44.0137726068497,0.2));
#9837=CARTESIAN_POINT('Ctrl Pts',(-3.98140111742446,-44.0129851146506,0.2));
#9838=CARTESIAN_POINT('Ctrl Pts',(-3.92356280573584,-44.0115082703166,0.2));
#9839=CARTESIAN_POINT('Ctrl Pts',(-3.86821988568592,-43.9947950310582,0.2));
#9840=CARTESIAN_POINT('Ctrl Pts',(-3.84238726459444,-43.9869937300682,0.2));
#9841=CARTESIAN_POINT('',(-4.01224202476442,-44.0137726068497,0.));
#9842=CARTESIAN_POINT('Ctrl Pts',(-4.15416992269456,-44.0042087435722,0.));
#9843=CARTESIAN_POINT('Ctrl Pts',(-4.15416992269456,-44.0042087435722,0.2));
#9844=CARTESIAN_POINT('Ctrl Pts',(-4.13095672468494,-44.0069979863495,0.));
#9845=CARTESIAN_POINT('Ctrl Pts',(-4.13095672468494,-44.0069979863495,0.2));
#9846=CARTESIAN_POINT('Ctrl Pts',(-4.08381560882121,-44.0126623509441,0.));
#9847=CARTESIAN_POINT('Ctrl Pts',(-4.08381560882121,-44.0126623509441,0.2));
#9848=CARTESIAN_POINT('Ctrl Pts',(-4.03633981743505,-44.0133987997115,0.));
#9849=CARTESIAN_POINT('Ctrl Pts',(-4.03633981743505,-44.0133987997115,0.2));
#9850=CARTESIAN_POINT('Ctrl Pts',(-4.01224202476442,-44.0137726068497,0.));
#9851=CARTESIAN_POINT('Ctrl Pts',(-4.01224202476442,-44.0137726068497,0.2));
#9852=CARTESIAN_POINT('',(-4.15416992269456,-44.0042087435722,0.));
#9853=CARTESIAN_POINT('Ctrl Pts',(-4.15416992269456,-44.0042087435722,0.));
#9854=CARTESIAN_POINT('Ctrl Pts',(-4.13095672468494,-44.0069979863495,0.));
#9855=CARTESIAN_POINT('Ctrl Pts',(-4.08381560882121,-44.0126623509441,0.));
#9856=CARTESIAN_POINT('Ctrl Pts',(-4.03633981743505,-44.0133987997115,0.));
#9857=CARTESIAN_POINT('Ctrl Pts',(-4.01224202476442,-44.0137726068497,0.));
#9858=CARTESIAN_POINT('',(-4.15416992269456,-44.0042087435722,0.2));
#9859=CARTESIAN_POINT('Ctrl Pts',(-4.15416992269456,-44.0042087435722,0.2));
#9860=CARTESIAN_POINT('Ctrl Pts',(-4.13095672468494,-44.0069979863495,0.2));
#9861=CARTESIAN_POINT('Ctrl Pts',(-4.08381560882121,-44.0126623509441,0.2));
#9862=CARTESIAN_POINT('Ctrl Pts',(-4.03633981743505,-44.0133987997115,0.2));
#9863=CARTESIAN_POINT('Ctrl Pts',(-4.01224202476442,-44.0137726068497,0.2));
#9864=CARTESIAN_POINT('',(-4.15416992269456,-44.0042087435722,0.));
#9865=CARTESIAN_POINT('Ctrl Pts',(-4.27697039209306,-43.9793427288532,0.));
#9866=CARTESIAN_POINT('Ctrl Pts',(-4.27697039209306,-43.9793427288532,0.2));
#9867=CARTESIAN_POINT('Ctrl Pts',(-4.2577467572904,-43.9842762907364,0.));
#9868=CARTESIAN_POINT('Ctrl Pts',(-4.2577467572904,-43.9842762907364,0.2));
#9869=CARTESIAN_POINT('Ctrl Pts',(-4.21724349155749,-43.994671066231,0.));
#9870=CARTESIAN_POINT('Ctrl Pts',(-4.21724349155749,-43.994671066231,0.2));
#9871=CARTESIAN_POINT('Ctrl Pts',(-4.17589409458269,-44.0009237202937,0.));
#9872=CARTESIAN_POINT('Ctrl Pts',(-4.17589409458269,-44.0009237202937,0.2));
#9873=CARTESIAN_POINT('Ctrl Pts',(-4.15416992269456,-44.0042087435722,0.));
#9874=CARTESIAN_POINT('Ctrl Pts',(-4.15416992269456,-44.0042087435722,0.2));
#9875=CARTESIAN_POINT('',(-4.27697039209306,-43.9793427288532,0.));
#9876=CARTESIAN_POINT('Ctrl Pts',(-4.27697039209306,-43.9793427288532,0.));
#9877=CARTESIAN_POINT('Ctrl Pts',(-4.2577467572904,-43.9842762907364,0.));
#9878=CARTESIAN_POINT('Ctrl Pts',(-4.21724349155749,-43.994671066231,0.));
#9879=CARTESIAN_POINT('Ctrl Pts',(-4.17589409458269,-44.0009237202937,0.));
#9880=CARTESIAN_POINT('Ctrl Pts',(-4.15416992269456,-44.0042087435722,0.));
#9881=CARTESIAN_POINT('',(-4.27697039209306,-43.9793427288532,0.2));
#9882=CARTESIAN_POINT('Ctrl Pts',(-4.27697039209306,-43.9793427288532,0.2));
#9883=CARTESIAN_POINT('Ctrl Pts',(-4.2577467572904,-43.9842762907364,0.2));
#9884=CARTESIAN_POINT('Ctrl Pts',(-4.21724349155749,-43.994671066231,0.2));
#9885=CARTESIAN_POINT('Ctrl Pts',(-4.17589409458269,-44.0009237202937,0.2));
#9886=CARTESIAN_POINT('Ctrl Pts',(-4.15416992269456,-44.0042087435722,0.2));
#9887=CARTESIAN_POINT('',(-4.27697039209306,-43.9793427288532,0.));
#9888=CARTESIAN_POINT('Origin',(-4.27697039209306,-43.8699318468571,0.));
#9889=CARTESIAN_POINT('',(-4.27697039209306,-43.8699318468571,0.));
#9890=CARTESIAN_POINT('',(-4.27697039209306,-43.8699318468571,0.));
#9891=CARTESIAN_POINT('',(-4.27697039209306,-43.8699318468571,0.2));
#9892=CARTESIAN_POINT('',(-4.27697039209306,-43.8699318468571,0.2));
#9893=CARTESIAN_POINT('',(-4.27697039209306,-43.8699318468571,0.));
#9894=CARTESIAN_POINT('Ctrl Pts',(-4.22379500232637,-43.8825561106205,0.));
#9895=CARTESIAN_POINT('Ctrl Pts',(-4.22379500232637,-43.8825561106205,0.2));
#9896=CARTESIAN_POINT('Ctrl Pts',(-4.23302991780624,-43.8806385569471,0.));
#9897=CARTESIAN_POINT('Ctrl Pts',(-4.23302991780624,-43.8806385569471,0.2));
#9898=CARTESIAN_POINT('Ctrl Pts',(-4.25087476154778,-43.8769332230171,0.));
#9899=CARTESIAN_POINT('Ctrl Pts',(-4.25087476154778,-43.8769332230171,0.2));
#9900=CARTESIAN_POINT('Ctrl Pts',(-4.26847734944236,-43.8722105036704,0.));
#9901=CARTESIAN_POINT('Ctrl Pts',(-4.26847734944236,-43.8722105036704,0.2));
#9902=CARTESIAN_POINT('Ctrl Pts',(-4.27697039209306,-43.8699318468571,0.));
#9903=CARTESIAN_POINT('Ctrl Pts',(-4.27697039209306,-43.8699318468571,0.2));
#9904=CARTESIAN_POINT('',(-4.22379500232637,-43.8825561106205,0.));
#9905=CARTESIAN_POINT('Ctrl Pts',(-4.22379500232637,-43.8825561106205,0.));
#9906=CARTESIAN_POINT('Ctrl Pts',(-4.23302991780624,-43.8806385569471,0.));
#9907=CARTESIAN_POINT('Ctrl Pts',(-4.25087476154778,-43.8769332230171,0.));
#9908=CARTESIAN_POINT('Ctrl Pts',(-4.26847734944236,-43.8722105036704,0.));
#9909=CARTESIAN_POINT('Ctrl Pts',(-4.27697039209306,-43.8699318468571,0.));
#9910=CARTESIAN_POINT('',(-4.22379500232637,-43.8825561106205,0.2));
#9911=CARTESIAN_POINT('Ctrl Pts',(-4.22379500232637,-43.8825561106205,0.2));
#9912=CARTESIAN_POINT('Ctrl Pts',(-4.23302991780624,-43.8806385569471,0.2));
#9913=CARTESIAN_POINT('Ctrl Pts',(-4.25087476154778,-43.8769332230171,0.2));
#9914=CARTESIAN_POINT('Ctrl Pts',(-4.26847734944236,-43.8722105036704,0.2));
#9915=CARTESIAN_POINT('Ctrl Pts',(-4.27697039209306,-43.8699318468571,0.2));
#9916=CARTESIAN_POINT('',(-4.22379500232637,-43.8825561106205,0.));
#9917=CARTESIAN_POINT('Ctrl Pts',(-4.163733785972,-43.8928851485252,0.));
#9918=CARTESIAN_POINT('Ctrl Pts',(-4.163733785972,-43.8928851485252,0.2));
#9919=CARTESIAN_POINT('Ctrl Pts',(-4.17397877673427,-43.8913270239555,0.));
#9920=CARTESIAN_POINT('Ctrl Pts',(-4.17397877673427,-43.8913270239555,0.2));
#9921=CARTESIAN_POINT('Ctrl Pts',(-4.19406601536911,-43.888272026564,0.));
#9922=CARTESIAN_POINT('Ctrl Pts',(-4.19406601536911,-43.888272026564,0.2));
#9923=CARTESIAN_POINT('Ctrl Pts',(-4.2140186883037,-43.8844357774006,0.));
#9924=CARTESIAN_POINT('Ctrl Pts',(-4.2140186883037,-43.8844357774006,0.2));
#9925=CARTESIAN_POINT('Ctrl Pts',(-4.22379500232637,-43.8825561106205,0.));
#9926=CARTESIAN_POINT('Ctrl Pts',(-4.22379500232637,-43.8825561106205,0.2));
#9927=CARTESIAN_POINT('',(-4.163733785972,-43.8928851485252,0.));
#9928=CARTESIAN_POINT('Ctrl Pts',(-4.163733785972,-43.8928851485252,0.));
#9929=CARTESIAN_POINT('Ctrl Pts',(-4.17397877673427,-43.8913270239555,0.));
#9930=CARTESIAN_POINT('Ctrl Pts',(-4.19406601536911,-43.888272026564,0.));
#9931=CARTESIAN_POINT('Ctrl Pts',(-4.2140186883037,-43.8844357774006,0.));
#9932=CARTESIAN_POINT('Ctrl Pts',(-4.22379500232637,-43.8825561106205,0.));
#9933=CARTESIAN_POINT('',(-4.163733785972,-43.8928851485252,0.2));
#9934=CARTESIAN_POINT('Ctrl Pts',(-4.163733785972,-43.8928851485252,0.2));
#9935=CARTESIAN_POINT('Ctrl Pts',(-4.17397877673427,-43.8913270239555,0.2));
#9936=CARTESIAN_POINT('Ctrl Pts',(-4.19406601536911,-43.888272026564,0.2));
#9937=CARTESIAN_POINT('Ctrl Pts',(-4.2140186883037,-43.8844357774006,0.2));
#9938=CARTESIAN_POINT('Ctrl Pts',(-4.22379500232637,-43.8825561106205,0.2));
#9939=CARTESIAN_POINT('',(-4.163733785972,-43.8928851485252,0.));
#9940=CARTESIAN_POINT('Ctrl Pts',(-4.09869945608079,-43.9001536369324,0.));
#9941=CARTESIAN_POINT('Ctrl Pts',(-4.09869945608079,-43.9001536369324,0.2));
#9942=CARTESIAN_POINT('Ctrl Pts',(-4.10974011388708,-43.8991937493506,0.));
#9943=CARTESIAN_POINT('Ctrl Pts',(-4.10974011388708,-43.8991937493506,0.2));
#9944=CARTESIAN_POINT('Ctrl Pts',(-4.13147792542188,-43.8973038388294,0.));
#9945=CARTESIAN_POINT('Ctrl Pts',(-4.13147792542188,-43.8973038388294,0.2));
#9946=CARTESIAN_POINT('Ctrl Pts',(-4.15309570154215,-43.8943424465084,0.));
#9947=CARTESIAN_POINT('Ctrl Pts',(-4.15309570154215,-43.8943424465084,0.2));
#9948=CARTESIAN_POINT('Ctrl Pts',(-4.163733785972,-43.8928851485252,0.));
#9949=CARTESIAN_POINT('Ctrl Pts',(-4.163733785972,-43.8928851485252,0.2));
#9950=CARTESIAN_POINT('',(-4.09869945608079,-43.9001536369324,0.));
#9951=CARTESIAN_POINT('Ctrl Pts',(-4.09869945608079,-43.9001536369324,0.));
#9952=CARTESIAN_POINT('Ctrl Pts',(-4.10974011388708,-43.8991937493506,0.));
#9953=CARTESIAN_POINT('Ctrl Pts',(-4.13147792542188,-43.8973038388294,0.));
#9954=CARTESIAN_POINT('Ctrl Pts',(-4.15309570154215,-43.8943424465084,0.));
#9955=CARTESIAN_POINT('Ctrl Pts',(-4.163733785972,-43.8928851485252,0.));
#9956=CARTESIAN_POINT('',(-4.09869945608079,-43.9001536369324,0.2));
#9957=CARTESIAN_POINT('Ctrl Pts',(-4.09869945608079,-43.9001536369324,0.2));
#9958=CARTESIAN_POINT('Ctrl Pts',(-4.10974011388708,-43.8991937493506,0.2));
#9959=CARTESIAN_POINT('Ctrl Pts',(-4.13147792542188,-43.8973038388294,0.2));
#9960=CARTESIAN_POINT('Ctrl Pts',(-4.15309570154215,-43.8943424465084,0.2));
#9961=CARTESIAN_POINT('Ctrl Pts',(-4.163733785972,-43.8928851485252,0.2));
#9962=CARTESIAN_POINT('',(-4.09869945608079,-43.9001536369324,0.));
#9963=CARTESIAN_POINT('Ctrl Pts',(-4.03136975131929,-43.9028315246105,0.));
#9964=CARTESIAN_POINT('Ctrl Pts',(-4.03136975131929,-43.9028315246105,0.2));
#9965=CARTESIAN_POINT('Ctrl Pts',(-4.04259574082395,-43.9027195735002,0.));
#9966=CARTESIAN_POINT('Ctrl Pts',(-4.04259574082395,-43.9027195735002,0.2));
#9967=CARTESIAN_POINT('Ctrl Pts',(-4.06506555523173,-43.9024954934162,0.));
#9968=CARTESIAN_POINT('Ctrl Pts',(-4.06506555523173,-43.9024954934162,0.2));
#9969=CARTESIAN_POINT('Ctrl Pts',(-4.08748222472619,-43.9009346687281,0.));
#9970=CARTESIAN_POINT('Ctrl Pts',(-4.08748222472619,-43.9009346687281,0.2));
#9971=CARTESIAN_POINT('Ctrl Pts',(-4.09869945608079,-43.9001536369324,0.));
#9972=CARTESIAN_POINT('Ctrl Pts',(-4.09869945608079,-43.9001536369324,0.2));
#9973=CARTESIAN_POINT('',(-4.03136975131929,-43.9028315246105,0.));
#9974=CARTESIAN_POINT('Ctrl Pts',(-4.03136975131929,-43.9028315246105,0.));
#9975=CARTESIAN_POINT('Ctrl Pts',(-4.04259574082395,-43.9027195735002,0.));
#9976=CARTESIAN_POINT('Ctrl Pts',(-4.06506555523173,-43.9024954934162,0.));
#9977=CARTESIAN_POINT('Ctrl Pts',(-4.08748222472619,-43.9009346687281,0.));
#9978=CARTESIAN_POINT('Ctrl Pts',(-4.09869945608079,-43.9001536369324,0.));
#9979=CARTESIAN_POINT('',(-4.03136975131929,-43.9028315246105,0.2));
#9980=CARTESIAN_POINT('Ctrl Pts',(-4.03136975131929,-43.9028315246105,0.2));
#9981=CARTESIAN_POINT('Ctrl Pts',(-4.04259574082395,-43.9027195735002,0.2));
#9982=CARTESIAN_POINT('Ctrl Pts',(-4.06506555523173,-43.9024954934162,0.2));
#9983=CARTESIAN_POINT('Ctrl Pts',(-4.08748222472619,-43.9009346687281,0.2));
#9984=CARTESIAN_POINT('Ctrl Pts',(-4.09869945608079,-43.9001536369324,0.2));
#9985=CARTESIAN_POINT('',(-4.03136975131929,-43.9028315246105,0.));
#9986=CARTESIAN_POINT('Ctrl Pts',(-3.84162223897874,-43.8397099077702,0.));
#9987=CARTESIAN_POINT('Ctrl Pts',(-3.84162223897874,-43.8397099077702,0.2));
#9988=CARTESIAN_POINT('Ctrl Pts',(-3.86748931814388,-43.8580854927653,0.));
#9989=CARTESIAN_POINT('Ctrl Pts',(-3.86748931814388,-43.8580854927653,0.2));
#9990=CARTESIAN_POINT('Ctrl Pts',(-3.92402116288598,-43.8982448672102,0.));
#9991=CARTESIAN_POINT('Ctrl Pts',(-3.92402116288598,-43.8982448672102,0.2));
#9992=CARTESIAN_POINT('Ctrl Pts',(-3.99361806249469,-43.9012185172534,0.));
#9993=CARTESIAN_POINT('Ctrl Pts',(-3.99361806249469,-43.9012185172534,0.2));
#9994=CARTESIAN_POINT('Ctrl Pts',(-4.03136975131929,-43.9028315246105,0.));
#9995=CARTESIAN_POINT('Ctrl Pts',(-4.03136975131929,-43.9028315246105,0.2));
#9996=CARTESIAN_POINT('',(-3.84162223897874,-43.8397099077702,0.));
#9997=CARTESIAN_POINT('Ctrl Pts',(-3.84162223897874,-43.8397099077702,0.));
#9998=CARTESIAN_POINT('Ctrl Pts',(-3.86748931814388,-43.8580854927653,0.));
#9999=CARTESIAN_POINT('Ctrl Pts',(-3.92402116288598,-43.8982448672102,0.));
#10000=CARTESIAN_POINT('Ctrl Pts',(-3.99361806249469,-43.9012185172534,
0.));
#10001=CARTESIAN_POINT('Ctrl Pts',(-4.03136975131929,-43.9028315246105,
0.));
#10002=CARTESIAN_POINT('',(-3.84162223897874,-43.8397099077702,0.2));
#10003=CARTESIAN_POINT('Ctrl Pts',(-3.84162223897874,-43.8397099077702,
0.2));
#10004=CARTESIAN_POINT('Ctrl Pts',(-3.86748931814388,-43.8580854927653,
0.2));
#10005=CARTESIAN_POINT('Ctrl Pts',(-3.92402116288598,-43.8982448672102,
0.2));
#10006=CARTESIAN_POINT('Ctrl Pts',(-3.99361806249469,-43.9012185172534,
0.2));
#10007=CARTESIAN_POINT('Ctrl Pts',(-4.03136975131929,-43.9028315246105,
0.2));
#10008=CARTESIAN_POINT('',(-3.84162223897874,-43.8397099077702,0.));
#10009=CARTESIAN_POINT('Ctrl Pts',(-3.77582258544862,-43.6587611585855,
0.));
#10010=CARTESIAN_POINT('Ctrl Pts',(-3.77582258544862,-43.6587611585855,
0.2));
#10011=CARTESIAN_POINT('Ctrl Pts',(-3.77768345523613,-43.6948577372938,
0.));
#10012=CARTESIAN_POINT('Ctrl Pts',(-3.77768345523613,-43.6948577372938,
0.2));
#10013=CARTESIAN_POINT('Ctrl Pts',(-3.78115538583049,-43.7622051770822,
0.));
#10014=CARTESIAN_POINT('Ctrl Pts',(-3.78115538583049,-43.7622051770822,
0.2));
#10015=CARTESIAN_POINT('Ctrl Pts',(-3.82245719038212,-43.8151446814889,
0.));
#10016=CARTESIAN_POINT('Ctrl Pts',(-3.82245719038212,-43.8151446814889,
0.2));
#10017=CARTESIAN_POINT('Ctrl Pts',(-3.84162223897874,-43.8397099077702,
0.));
#10018=CARTESIAN_POINT('Ctrl Pts',(-3.84162223897874,-43.8397099077702,
0.2));
#10019=CARTESIAN_POINT('',(-3.77582258544862,-43.6587611585855,0.));
#10020=CARTESIAN_POINT('Ctrl Pts',(-3.77582258544862,-43.6587611585855,
0.));
#10021=CARTESIAN_POINT('Ctrl Pts',(-3.77768345523613,-43.6948577372938,
0.));
#10022=CARTESIAN_POINT('Ctrl Pts',(-3.78115538583049,-43.7622051770822,
0.));
#10023=CARTESIAN_POINT('Ctrl Pts',(-3.82245719038212,-43.8151446814889,
0.));
#10024=CARTESIAN_POINT('Ctrl Pts',(-3.84162223897874,-43.8397099077702,
0.));
#10025=CARTESIAN_POINT('',(-3.77582258544862,-43.6587611585855,0.2));
#10026=CARTESIAN_POINT('Ctrl Pts',(-3.77582258544862,-43.6587611585855,
0.2));
#10027=CARTESIAN_POINT('Ctrl Pts',(-3.77768345523613,-43.6948577372938,
0.2));
#10028=CARTESIAN_POINT('Ctrl Pts',(-3.78115538583049,-43.7622051770822,
0.2));
#10029=CARTESIAN_POINT('Ctrl Pts',(-3.82245719038212,-43.8151446814889,
0.2));
#10030=CARTESIAN_POINT('Ctrl Pts',(-3.84162223897874,-43.8397099077702,
0.2));
#10031=CARTESIAN_POINT('',(-3.77582258544862,-43.6587611585855,0.));
#10032=CARTESIAN_POINT('Origin',(-4.3152258452028,-43.6587611585855,0.));
#10033=CARTESIAN_POINT('',(-4.3152258452028,-43.6587611585855,0.));
#10034=CARTESIAN_POINT('',(-4.3152258452028,-43.6587611585855,0.));
#10035=CARTESIAN_POINT('',(-4.3152258452028,-43.6587611585855,0.2));
#10036=CARTESIAN_POINT('',(-4.3152258452028,-43.6587611585855,0.2));
#10037=CARTESIAN_POINT('',(-4.3152258452028,-43.6587611585855,0.));
#10038=CARTESIAN_POINT('Ctrl Pts',(-4.3175212200731,-43.6228009313345,0.));
#10039=CARTESIAN_POINT('Ctrl Pts',(-4.3175212200731,-43.6228009313345,0.2));
#10040=CARTESIAN_POINT('Ctrl Pts',(-4.31724270220229,-43.6289881699987,
0.));
#10041=CARTESIAN_POINT('Ctrl Pts',(-4.31724270220229,-43.6289881699987,
0.2));
#10042=CARTESIAN_POINT('Ctrl Pts',(-4.31670247011473,-43.6409893563136,
0.));
#10043=CARTESIAN_POINT('Ctrl Pts',(-4.31670247011473,-43.6409893563136,
0.2));
#10044=CARTESIAN_POINT('Ctrl Pts',(-4.31570773997577,-43.6529613521812,
0.));
#10045=CARTESIAN_POINT('Ctrl Pts',(-4.31570773997577,-43.6529613521812,
0.2));
#10046=CARTESIAN_POINT('Ctrl Pts',(-4.3152258452028,-43.6587611585855,0.));
#10047=CARTESIAN_POINT('Ctrl Pts',(-4.3152258452028,-43.6587611585855,0.2));
#10048=CARTESIAN_POINT('',(-4.3175212200731,-43.6228009313345,0.));
#10049=CARTESIAN_POINT('Ctrl Pts',(-4.3175212200731,-43.6228009313345,0.));
#10050=CARTESIAN_POINT('Ctrl Pts',(-4.31724270220229,-43.6289881699987,
0.));
#10051=CARTESIAN_POINT('Ctrl Pts',(-4.31670247011473,-43.6409893563136,
0.));
#10052=CARTESIAN_POINT('Ctrl Pts',(-4.31570773997577,-43.6529613521812,
0.));
#10053=CARTESIAN_POINT('Ctrl Pts',(-4.3152258452028,-43.6587611585855,0.));
#10054=CARTESIAN_POINT('',(-4.3175212200731,-43.6228009313345,0.2));
#10055=CARTESIAN_POINT('Ctrl Pts',(-4.3175212200731,-43.6228009313345,0.2));
#10056=CARTESIAN_POINT('Ctrl Pts',(-4.31724270220229,-43.6289881699987,
0.2));
#10057=CARTESIAN_POINT('Ctrl Pts',(-4.31670247011473,-43.6409893563136,
0.2));
#10058=CARTESIAN_POINT('Ctrl Pts',(-4.31570773997577,-43.6529613521812,
0.2));
#10059=CARTESIAN_POINT('Ctrl Pts',(-4.3152258452028,-43.6587611585855,0.2));
#10060=CARTESIAN_POINT('',(-4.3175212200731,-43.6228009313345,0.));
#10061=CARTESIAN_POINT('Ctrl Pts',(-4.3182862456888,-43.5753640532494,0.));
#10062=CARTESIAN_POINT('Ctrl Pts',(-4.3182862456888,-43.5753640532494,0.2));
#10063=CARTESIAN_POINT('Ctrl Pts',(-4.31826862393351,-43.5840360997983,
0.));
#10064=CARTESIAN_POINT('Ctrl Pts',(-4.31826862393351,-43.5840360997983,
0.2));
#10065=CARTESIAN_POINT('Ctrl Pts',(-4.31823648534048,-43.5998521958827,
0.));
#10066=CARTESIAN_POINT('Ctrl Pts',(-4.31823648534048,-43.5998521958827,
0.2));
#10067=CARTESIAN_POINT('Ctrl Pts',(-4.31774377486808,-43.615660432073,0.));
#10068=CARTESIAN_POINT('Ctrl Pts',(-4.31774377486808,-43.615660432073,0.2));
#10069=CARTESIAN_POINT('Ctrl Pts',(-4.3175212200731,-43.6228009313345,0.));
#10070=CARTESIAN_POINT('Ctrl Pts',(-4.3175212200731,-43.6228009313345,0.2));
#10071=CARTESIAN_POINT('',(-4.3182862456888,-43.5753640532494,0.));
#10072=CARTESIAN_POINT('Ctrl Pts',(-4.3182862456888,-43.5753640532494,0.));
#10073=CARTESIAN_POINT('Ctrl Pts',(-4.31826862393351,-43.5840360997983,
0.));
#10074=CARTESIAN_POINT('Ctrl Pts',(-4.31823648534048,-43.5998521958827,
0.));
#10075=CARTESIAN_POINT('Ctrl Pts',(-4.31774377486808,-43.615660432073,0.));
#10076=CARTESIAN_POINT('Ctrl Pts',(-4.3175212200731,-43.6228009313345,0.));
#10077=CARTESIAN_POINT('',(-4.3182862456888,-43.5753640532494,0.2));
#10078=CARTESIAN_POINT('Ctrl Pts',(-4.3182862456888,-43.5753640532494,0.2));
#10079=CARTESIAN_POINT('Ctrl Pts',(-4.31826862393351,-43.5840360997983,
0.2));
#10080=CARTESIAN_POINT('Ctrl Pts',(-4.31823648534048,-43.5998521958827,
0.2));
#10081=CARTESIAN_POINT('Ctrl Pts',(-4.31774377486808,-43.615660432073,0.2));
#10082=CARTESIAN_POINT('Ctrl Pts',(-4.3175212200731,-43.6228009313345,0.2));
#10083=CARTESIAN_POINT('',(-4.3182862456888,-43.5753640532494,0.));
#10084=CARTESIAN_POINT('Ctrl Pts',(-4.29648048244417,-43.427315056324,0.));
#10085=CARTESIAN_POINT('Ctrl Pts',(-4.29648048244417,-43.427315056324,0.2));
#10086=CARTESIAN_POINT('Ctrl Pts',(-4.30283756686713,-43.4505464402493,
0.));
#10087=CARTESIAN_POINT('Ctrl Pts',(-4.30283756686713,-43.4505464402493,
0.2));
#10088=CARTESIAN_POINT('Ctrl Pts',(-4.31609486330567,-43.4989940182399,
0.));
#10089=CARTESIAN_POINT('Ctrl Pts',(-4.31609486330567,-43.4989940182399,
0.2));
#10090=CARTESIAN_POINT('Ctrl Pts',(-4.31753610322525,-43.5492214655183,
0.));
#10091=CARTESIAN_POINT('Ctrl Pts',(-4.31753610322525,-43.5492214655183,
0.2));
#10092=CARTESIAN_POINT('Ctrl Pts',(-4.3182862456888,-43.5753640532494,0.));
#10093=CARTESIAN_POINT('Ctrl Pts',(-4.3182862456888,-43.5753640532494,0.2));
#10094=CARTESIAN_POINT('Ctrl Pts',(-4.29648048244417,-43.427315056324,0.));
#10095=CARTESIAN_POINT('Ctrl Pts',(-4.30283756686713,-43.4505464402493,
0.));
#10096=CARTESIAN_POINT('Ctrl Pts',(-4.31609486330567,-43.4989940182399,
0.));
#10097=CARTESIAN_POINT('Ctrl Pts',(-4.31753610322525,-43.5492214655183,
0.));
#10098=CARTESIAN_POINT('Ctrl Pts',(-4.3182862456888,-43.5753640532494,0.));
#10099=CARTESIAN_POINT('Ctrl Pts',(-4.29648048244417,-43.427315056324,0.2));
#10100=CARTESIAN_POINT('Ctrl Pts',(-4.30283756686713,-43.4505464402493,
0.2));
#10101=CARTESIAN_POINT('Ctrl Pts',(-4.31609486330567,-43.4989940182399,
0.2));
#10102=CARTESIAN_POINT('Ctrl Pts',(-4.31753610322525,-43.5492214655183,
0.2));
#10103=CARTESIAN_POINT('Ctrl Pts',(-4.3182862456888,-43.5753640532494,0.2));
#10104=CARTESIAN_POINT('Origin',(-5.65952591132373,-43.6140021681786,0.));
#10105=CARTESIAN_POINT('Origin',(-5.65952591132373,-43.6140021681786,0.2));
#10106=CARTESIAN_POINT('Ctrl Pts',(-10.2280033286661,-43.8925026357174,
0.));
#10107=CARTESIAN_POINT('Ctrl Pts',(-10.2280033286661,-43.8925026357174,
0.2));
#10108=CARTESIAN_POINT('Ctrl Pts',(-10.242902135866,-43.8902662793101,0.));
#10109=CARTESIAN_POINT('Ctrl Pts',(-10.242902135866,-43.8902662793101,0.2));
#10110=CARTESIAN_POINT('Ctrl Pts',(-10.2735262428727,-43.8856695074343,
0.));
#10111=CARTESIAN_POINT('Ctrl Pts',(-10.2735262428727,-43.8856695074343,
0.2));
#10112=CARTESIAN_POINT('Ctrl Pts',(-10.3036060187766,-43.878304391523,0.));
#10113=CARTESIAN_POINT('Ctrl Pts',(-10.3036060187766,-43.878304391523,0.2));
#10114=CARTESIAN_POINT('Ctrl Pts',(-10.3190518077463,-43.8745224475861,
0.));
#10115=CARTESIAN_POINT('Ctrl Pts',(-10.3190518077463,-43.8745224475861,
0.2));
#10116=CARTESIAN_POINT('',(-10.2280033286661,-43.8925026357174,0.));
#10117=CARTESIAN_POINT('',(-10.3190518077463,-43.8745224475861,0.));
#10118=CARTESIAN_POINT('Ctrl Pts',(-10.2280033286661,-43.8925026357174,
0.));
#10119=CARTESIAN_POINT('Ctrl Pts',(-10.242902135866,-43.8902662793101,0.));
#10120=CARTESIAN_POINT('Ctrl Pts',(-10.2735262428727,-43.8856695074343,
0.));
#10121=CARTESIAN_POINT('Ctrl Pts',(-10.3036060187766,-43.878304391523,0.));
#10122=CARTESIAN_POINT('Ctrl Pts',(-10.3190518077463,-43.8745224475861,
0.));
#10123=CARTESIAN_POINT('',(-10.3190518077463,-43.8745224475861,0.2));
#10124=CARTESIAN_POINT('',(-10.3190518077463,-43.8745224475861,0.));
#10125=CARTESIAN_POINT('',(-10.2280033286661,-43.8925026357174,0.2));
#10126=CARTESIAN_POINT('Ctrl Pts',(-10.2280033286661,-43.8925026357174,
0.2));
#10127=CARTESIAN_POINT('Ctrl Pts',(-10.242902135866,-43.8902662793101,0.2));
#10128=CARTESIAN_POINT('Ctrl Pts',(-10.2735262428727,-43.8856695074343,
0.2));
#10129=CARTESIAN_POINT('Ctrl Pts',(-10.3036060187766,-43.878304391523,0.2));
#10130=CARTESIAN_POINT('Ctrl Pts',(-10.3190518077463,-43.8745224475861,
0.2));
#10131=CARTESIAN_POINT('',(-10.2280033286661,-43.8925026357174,0.));
#10132=CARTESIAN_POINT('Ctrl Pts',(-10.1476669963449,-43.8982409238815,
0.));
#10133=CARTESIAN_POINT('Ctrl Pts',(-10.1476669963449,-43.8982409238815,
0.2));
#10134=CARTESIAN_POINT('Ctrl Pts',(-10.1604964930747,-43.8979614830926,
0.));
#10135=CARTESIAN_POINT('Ctrl Pts',(-10.1604964930747,-43.8979614830926,
0.2));
#10136=CARTESIAN_POINT('Ctrl Pts',(-10.1873681294048,-43.8973761887966,
0.));
#10137=CARTESIAN_POINT('Ctrl Pts',(-10.1873681294048,-43.8973761887966,
0.2));
#10138=CARTESIAN_POINT('Ctrl Pts',(-10.2140568001989,-43.8941753024692,
0.));
#10139=CARTESIAN_POINT('Ctrl Pts',(-10.2140568001989,-43.8941753024692,
0.2));
#10140=CARTESIAN_POINT('Ctrl Pts',(-10.2280033286661,-43.8925026357174,
0.));
#10141=CARTESIAN_POINT('Ctrl Pts',(-10.2280033286661,-43.8925026357174,
0.2));
#10142=CARTESIAN_POINT('',(-10.1476669963449,-43.8982409238815,0.));
#10143=CARTESIAN_POINT('Ctrl Pts',(-10.1476669963449,-43.8982409238815,
0.));
#10144=CARTESIAN_POINT('Ctrl Pts',(-10.1604964930747,-43.8979614830926,
0.));
#10145=CARTESIAN_POINT('Ctrl Pts',(-10.1873681294048,-43.8973761887966,
0.));
#10146=CARTESIAN_POINT('Ctrl Pts',(-10.2140568001989,-43.8941753024692,
0.));
#10147=CARTESIAN_POINT('Ctrl Pts',(-10.2280033286661,-43.8925026357174,
0.));
#10148=CARTESIAN_POINT('',(-10.1476669963449,-43.8982409238815,0.2));
#10149=CARTESIAN_POINT('Ctrl Pts',(-10.1476669963449,-43.8982409238815,
0.2));
#10150=CARTESIAN_POINT('Ctrl Pts',(-10.1604964930747,-43.8979614830926,
0.2));
#10151=CARTESIAN_POINT('Ctrl Pts',(-10.1873681294048,-43.8973761887966,
0.2));
#10152=CARTESIAN_POINT('Ctrl Pts',(-10.2140568001989,-43.8941753024692,
0.2));
#10153=CARTESIAN_POINT('Ctrl Pts',(-10.2280033286661,-43.8925026357174,
0.2));
#10154=CARTESIAN_POINT('',(-10.1476669963449,-43.8982409238815,0.));
#10155=CARTESIAN_POINT('Ctrl Pts',(-10.0179804023355,-43.857307434082,0.));
#10156=CARTESIAN_POINT('Ctrl Pts',(-10.0179804023355,-43.857307434082,0.2));
#10157=CARTESIAN_POINT('Ctrl Pts',(-10.0355562743387,-43.869216899038,0.));
#10158=CARTESIAN_POINT('Ctrl Pts',(-10.0355562743387,-43.869216899038,0.2));
#10159=CARTESIAN_POINT('Ctrl Pts',(-10.0744998592782,-43.8956051920349,
0.));
#10160=CARTESIAN_POINT('Ctrl Pts',(-10.0744998592782,-43.8956051920349,
0.2));
#10161=CARTESIAN_POINT('Ctrl Pts',(-10.1217445831938,-43.8973071094312,
0.));
#10162=CARTESIAN_POINT('Ctrl Pts',(-10.1217445831938,-43.8973071094312,
0.2));
#10163=CARTESIAN_POINT('Ctrl Pts',(-10.1476669963449,-43.8982409238815,
0.));
#10164=CARTESIAN_POINT('Ctrl Pts',(-10.1476669963449,-43.8982409238815,
0.2));
#10165=CARTESIAN_POINT('',(-10.0179804023355,-43.857307434082,0.));
#10166=CARTESIAN_POINT('Ctrl Pts',(-10.0179804023355,-43.857307434082,0.));
#10167=CARTESIAN_POINT('Ctrl Pts',(-10.0355562743387,-43.869216899038,0.));
#10168=CARTESIAN_POINT('Ctrl Pts',(-10.0744998592782,-43.8956051920349,
0.));
#10169=CARTESIAN_POINT('Ctrl Pts',(-10.1217445831938,-43.8973071094312,
0.));
#10170=CARTESIAN_POINT('Ctrl Pts',(-10.1476669963449,-43.8982409238815,
0.));
#10171=CARTESIAN_POINT('',(-10.0179804023355,-43.857307434082,0.2));
#10172=CARTESIAN_POINT('Ctrl Pts',(-10.0179804023355,-43.857307434082,0.2));
#10173=CARTESIAN_POINT('Ctrl Pts',(-10.0355562743387,-43.869216899038,0.2));
#10174=CARTESIAN_POINT('Ctrl Pts',(-10.0744998592782,-43.8956051920349,
0.2));
#10175=CARTESIAN_POINT('Ctrl Pts',(-10.1217445831938,-43.8973071094312,
0.2));
#10176=CARTESIAN_POINT('Ctrl Pts',(-10.1476669963449,-43.8982409238815,
0.2));
#10177=CARTESIAN_POINT('',(-10.0179804023355,-43.857307434082,0.));
#10178=CARTESIAN_POINT('Ctrl Pts',(-9.97398681007325,-43.7337420135736,
0.));
#10179=CARTESIAN_POINT('Ctrl Pts',(-9.97398681007325,-43.7337420135736,
0.2));
#10180=CARTESIAN_POINT('Ctrl Pts',(-9.975067093389,-43.7587877010645,0.));
#10181=CARTESIAN_POINT('Ctrl Pts',(-9.975067093389,-43.7587877010645,0.2));
#10182=CARTESIAN_POINT('Ctrl Pts',(-9.97705023003105,-43.8047654736215,
0.));
#10183=CARTESIAN_POINT('Ctrl Pts',(-9.97705023003105,-43.8047654736215,
0.2));
#10184=CARTESIAN_POINT('Ctrl Pts',(-10.0051758040463,-43.8408702030824,
0.));
#10185=CARTESIAN_POINT('Ctrl Pts',(-10.0051758040463,-43.8408702030824,
0.2));
#10186=CARTESIAN_POINT('Ctrl Pts',(-10.0179804023355,-43.857307434082,0.));
#10187=CARTESIAN_POINT('Ctrl Pts',(-10.0179804023355,-43.857307434082,0.2));
#10188=CARTESIAN_POINT('',(-9.97398681007325,-43.7337420135736,0.));
#10189=CARTESIAN_POINT('Ctrl Pts',(-9.97398681007325,-43.7337420135736,
0.));
#10190=CARTESIAN_POINT('Ctrl Pts',(-9.975067093389,-43.7587877010645,0.));
#10191=CARTESIAN_POINT('Ctrl Pts',(-9.97705023003105,-43.8047654736215,
0.));
#10192=CARTESIAN_POINT('Ctrl Pts',(-10.0051758040463,-43.8408702030824,
0.));
#10193=CARTESIAN_POINT('Ctrl Pts',(-10.0179804023355,-43.857307434082,0.));
#10194=CARTESIAN_POINT('',(-9.97398681007325,-43.7337420135736,0.2));
#10195=CARTESIAN_POINT('Ctrl Pts',(-9.97398681007325,-43.7337420135736,
0.2));
#10196=CARTESIAN_POINT('Ctrl Pts',(-9.975067093389,-43.7587877010645,0.2));
#10197=CARTESIAN_POINT('Ctrl Pts',(-9.97705023003105,-43.8047654736215,
0.2));
#10198=CARTESIAN_POINT('Ctrl Pts',(-10.0051758040463,-43.8408702030824,
0.2));
#10199=CARTESIAN_POINT('Ctrl Pts',(-10.0179804023355,-43.857307434082,0.2));
#10200=CARTESIAN_POINT('',(-9.97398681007325,-43.7337420135736,0.));
#10201=CARTESIAN_POINT('Origin',(-9.97398681007325,-43.34353543818,0.));
#10202=CARTESIAN_POINT('',(-9.97398681007326,-43.34353543818,0.));
#10203=CARTESIAN_POINT('',(-9.97398681007325,-43.34353543818,0.));
#10204=CARTESIAN_POINT('',(-9.97398681007326,-43.34353543818,0.2));
#10205=CARTESIAN_POINT('',(-9.97398681007325,-43.34353543818,0.2));
#10206=CARTESIAN_POINT('',(-9.97398681007326,-43.34353543818,0.));
#10207=CARTESIAN_POINT('Origin',(-10.3190518077463,-43.34353543818,0.));
#10208=CARTESIAN_POINT('',(-10.3190518077463,-43.34353543818,0.));
#10209=CARTESIAN_POINT('',(-10.3190518077463,-43.34353543818,0.));
#10210=CARTESIAN_POINT('',(-10.3190518077463,-43.34353543818,0.2));
#10211=CARTESIAN_POINT('',(-10.3190518077463,-43.34353543818,0.2));
#10212=CARTESIAN_POINT('',(-10.3190518077463,-43.34353543818,0.));
#10213=CARTESIAN_POINT('Origin',(-10.3190518077463,-43.2318292558193,0.));
#10214=CARTESIAN_POINT('',(-10.3190518077463,-43.2318292558193,0.));
#10215=CARTESIAN_POINT('',(-10.3190518077463,-43.2318292558193,0.));
#10216=CARTESIAN_POINT('',(-10.3190518077463,-43.2318292558193,0.2));
#10217=CARTESIAN_POINT('',(-10.3190518077463,-43.2318292558193,0.2));
#10218=CARTESIAN_POINT('',(-10.3190518077463,-43.2318292558193,0.));
#10219=CARTESIAN_POINT('Origin',(-9.97398681007325,-43.2318292558193,0.));
#10220=CARTESIAN_POINT('',(-9.97398681007325,-43.2318292558193,0.));
#10221=CARTESIAN_POINT('',(-9.97398681007325,-43.2318292558193,0.));
#10222=CARTESIAN_POINT('',(-9.97398681007325,-43.2318292558193,0.2));
#10223=CARTESIAN_POINT('',(-9.97398681007325,-43.2318292558193,0.2));
#10224=CARTESIAN_POINT('',(-9.97398681007325,-43.2318292558193,0.));
#10225=CARTESIAN_POINT('Origin',(-9.97398681007325,-42.9862286150455,0.));
#10226=CARTESIAN_POINT('',(-9.97398681007325,-42.9862286150455,0.));
#10227=CARTESIAN_POINT('',(-9.97398681007325,-42.9862286150455,0.));
#10228=CARTESIAN_POINT('',(-9.97398681007325,-42.9862286150455,0.2));
#10229=CARTESIAN_POINT('',(-9.97398681007325,-42.9862286150455,0.2));
#10230=CARTESIAN_POINT('',(-9.97398681007325,-42.9862286150455,0.));
#10231=CARTESIAN_POINT('Origin',(-9.84085745178163,-43.0206586420536,0.));
#10232=CARTESIAN_POINT('',(-9.84085745178163,-43.0206586420536,0.));
#10233=CARTESIAN_POINT('',(-9.84085745178163,-43.0206586420536,0.));
#10234=CARTESIAN_POINT('',(-9.84085745178163,-43.0206586420536,0.2));
#10235=CARTESIAN_POINT('',(-9.84085745178163,-43.0206586420536,0.2));
#10236=CARTESIAN_POINT('',(-9.84085745178163,-43.0206586420536,0.));
#10237=CARTESIAN_POINT('Origin',(-9.84085745178163,-43.2318292558193,0.));
#10238=CARTESIAN_POINT('',(-9.84085745178163,-43.2318292558193,0.));
#10239=CARTESIAN_POINT('',(-9.84085745178163,-43.2318292558193,0.));
#10240=CARTESIAN_POINT('',(-9.84085745178163,-43.2318292558193,0.2));
#10241=CARTESIAN_POINT('',(-9.84085745178163,-43.2318292558193,0.2));
#10242=CARTESIAN_POINT('',(-9.84085745178163,-43.2318292558193,0.));
#10243=CARTESIAN_POINT('Origin',(-9.625861113891,-43.2318292558193,0.));
#10244=CARTESIAN_POINT('',(-9.625861113891,-43.2318292558193,0.));
#10245=CARTESIAN_POINT('',(-9.625861113891,-43.2318292558193,0.));
#10246=CARTESIAN_POINT('',(-9.625861113891,-43.2318292558193,0.2));
#10247=CARTESIAN_POINT('',(-9.625861113891,-43.2318292558193,0.2));
#10248=CARTESIAN_POINT('',(-9.625861113891,-43.2318292558193,0.));
#10249=CARTESIAN_POINT('Origin',(-9.625861113891,-43.34353543818,0.));
#10250=CARTESIAN_POINT('',(-9.625861113891,-43.34353543818,0.));
#10251=CARTESIAN_POINT('',(-9.625861113891,-43.34353543818,0.));
#10252=CARTESIAN_POINT('',(-9.625861113891,-43.34353543818,0.2));
#10253=CARTESIAN_POINT('',(-9.625861113891,-43.34353543818,0.2));
#10254=CARTESIAN_POINT('',(-9.625861113891,-43.34353543818,0.));
#10255=CARTESIAN_POINT('Origin',(-9.84085745178163,-43.34353543818,0.));
#10256=CARTESIAN_POINT('',(-9.84085745178163,-43.34353543818,0.));
#10257=CARTESIAN_POINT('',(-9.84085745178163,-43.34353543818,0.));
#10258=CARTESIAN_POINT('',(-9.84085745178163,-43.34353543818,0.2));
#10259=CARTESIAN_POINT('',(-9.84085745178163,-43.34353543818,0.2));
#10260=CARTESIAN_POINT('',(-9.84085745178163,-43.34353543818,0.));
#10261=CARTESIAN_POINT('Origin',(-9.84085745178163,-43.7444535642862,0.));
#10262=CARTESIAN_POINT('',(-9.84085745178163,-43.7444535642862,0.));
#10263=CARTESIAN_POINT('',(-9.84085745178163,-43.7444535642862,0.));
#10264=CARTESIAN_POINT('',(-9.84085745178163,-43.7444535642862,0.2));
#10265=CARTESIAN_POINT('',(-9.84085745178163,-43.7444535642862,0.2));
#10266=CARTESIAN_POINT('',(-9.84085745178163,-43.7444535642862,0.));
#10267=CARTESIAN_POINT('Ctrl Pts',(-9.91201288066804,-43.945295214653,0.));
#10268=CARTESIAN_POINT('Ctrl Pts',(-9.91201288066804,-43.945295214653,0.2));
#10269=CARTESIAN_POINT('Ctrl Pts',(-9.89130793938279,-43.9187558786112,
0.));
#10270=CARTESIAN_POINT('Ctrl Pts',(-9.89130793938279,-43.9187558786112,
0.2));
#10271=CARTESIAN_POINT('Ctrl Pts',(-9.8455623036249,-43.8601196920554,0.));
#10272=CARTESIAN_POINT('Ctrl Pts',(-9.8455623036249,-43.8601196920554,0.2));
#10273=CARTESIAN_POINT('Ctrl Pts',(-9.84252179512536,-43.7853705062561,
0.));
#10274=CARTESIAN_POINT('Ctrl Pts',(-9.84252179512536,-43.7853705062561,
0.2));
#10275=CARTESIAN_POINT('Ctrl Pts',(-9.84085745178163,-43.7444535642862,
0.));
#10276=CARTESIAN_POINT('Ctrl Pts',(-9.84085745178163,-43.7444535642862,
0.2));
#10277=CARTESIAN_POINT('',(-9.91201288066804,-43.945295214653,0.));
#10278=CARTESIAN_POINT('Ctrl Pts',(-9.91201288066804,-43.945295214653,0.));
#10279=CARTESIAN_POINT('Ctrl Pts',(-9.89130793938279,-43.9187558786112,
0.));
#10280=CARTESIAN_POINT('Ctrl Pts',(-9.8455623036249,-43.8601196920554,0.));
#10281=CARTESIAN_POINT('Ctrl Pts',(-9.84252179512536,-43.7853705062561,
0.));
#10282=CARTESIAN_POINT('Ctrl Pts',(-9.84085745178163,-43.7444535642862,
0.));
#10283=CARTESIAN_POINT('',(-9.91201288066804,-43.945295214653,0.2));
#10284=CARTESIAN_POINT('Ctrl Pts',(-9.91201288066804,-43.945295214653,0.2));
#10285=CARTESIAN_POINT('Ctrl Pts',(-9.89130793938279,-43.9187558786112,
0.2));
#10286=CARTESIAN_POINT('Ctrl Pts',(-9.8455623036249,-43.8601196920554,0.2));
#10287=CARTESIAN_POINT('Ctrl Pts',(-9.84252179512536,-43.7853705062561,
0.2));
#10288=CARTESIAN_POINT('Ctrl Pts',(-9.84085745178163,-43.7444535642862,
0.2));
#10289=CARTESIAN_POINT('',(-9.91201288066804,-43.945295214653,0.));
#10290=CARTESIAN_POINT('Ctrl Pts',(-10.1277739461511,-44.0107122063637,
0.));
#10291=CARTESIAN_POINT('Ctrl Pts',(-10.1277739461511,-44.0107122063637,
0.2));
#10292=CARTESIAN_POINT('Ctrl Pts',(-10.0843413324694,-44.0094071287996,
0.));
#10293=CARTESIAN_POINT('Ctrl Pts',(-10.0843413324694,-44.0094071287996,
0.2));
#10294=CARTESIAN_POINT('Ctrl Pts',(-10.0060797998565,-44.0070555003416,
0.));
#10295=CARTESIAN_POINT('Ctrl Pts',(-10.0060797998565,-44.0070555003416,
0.2));
#10296=CARTESIAN_POINT('Ctrl Pts',(-9.94098304621061,-43.9643157769909,
0.));
#10297=CARTESIAN_POINT('Ctrl Pts',(-9.94098304621061,-43.9643157769909,
0.2));
#10298=CARTESIAN_POINT('Ctrl Pts',(-9.91201288066804,-43.945295214653,0.));
#10299=CARTESIAN_POINT('Ctrl Pts',(-9.91201288066804,-43.945295214653,0.2));
#10300=CARTESIAN_POINT('',(-10.1277739461511,-44.0107122063637,0.));
#10301=CARTESIAN_POINT('Ctrl Pts',(-10.1277739461511,-44.0107122063637,
0.));
#10302=CARTESIAN_POINT('Ctrl Pts',(-10.0843413324694,-44.0094071287996,
0.));
#10303=CARTESIAN_POINT('Ctrl Pts',(-10.0060797998565,-44.0070555003416,
0.));
#10304=CARTESIAN_POINT('Ctrl Pts',(-9.94098304621061,-43.9643157769909,
0.));
#10305=CARTESIAN_POINT('Ctrl Pts',(-9.91201288066804,-43.945295214653,0.));
#10306=CARTESIAN_POINT('',(-10.1277739461511,-44.0107122063637,0.2));
#10307=CARTESIAN_POINT('Ctrl Pts',(-10.1277739461511,-44.0107122063637,
0.2));
#10308=CARTESIAN_POINT('Ctrl Pts',(-10.0843413324694,-44.0094071287996,
0.2));
#10309=CARTESIAN_POINT('Ctrl Pts',(-10.0060797998565,-44.0070555003416,
0.2));
#10310=CARTESIAN_POINT('Ctrl Pts',(-9.94098304621061,-43.9643157769909,
0.2));
#10311=CARTESIAN_POINT('Ctrl Pts',(-9.91201288066804,-43.945295214653,0.2));
#10312=CARTESIAN_POINT('',(-10.1277739461511,-44.0107122063637,0.));
#10313=CARTESIAN_POINT('Ctrl Pts',(-10.2257079537958,-44.0057389438152,
0.));
#10314=CARTESIAN_POINT('Ctrl Pts',(-10.2257079537958,-44.0057389438152,
0.2));
#10315=CARTESIAN_POINT('Ctrl Pts',(-10.2095235309035,-44.007189442824,0.));
#10316=CARTESIAN_POINT('Ctrl Pts',(-10.2095235309035,-44.007189442824,0.2));
#10317=CARTESIAN_POINT('Ctrl Pts',(-10.1769431697813,-44.0101093975129,
0.));
#10318=CARTESIAN_POINT('Ctrl Pts',(-10.1769431697813,-44.0101093975129,
0.2));
#10319=CARTESIAN_POINT('Ctrl Pts',(-10.1442344702029,-44.0105104022908,
0.));
#10320=CARTESIAN_POINT('Ctrl Pts',(-10.1442344702029,-44.0105104022908,
0.2));
#10321=CARTESIAN_POINT('Ctrl Pts',(-10.1277739461511,-44.0107122063637,
0.));
#10322=CARTESIAN_POINT('Ctrl Pts',(-10.1277739461511,-44.0107122063637,
0.2));
#10323=CARTESIAN_POINT('',(-10.2257079537958,-44.0057389438152,0.));
#10324=CARTESIAN_POINT('Ctrl Pts',(-10.2257079537958,-44.0057389438152,
0.));
#10325=CARTESIAN_POINT('Ctrl Pts',(-10.2095235309035,-44.007189442824,0.));
#10326=CARTESIAN_POINT('Ctrl Pts',(-10.1769431697813,-44.0101093975129,
0.));
#10327=CARTESIAN_POINT('Ctrl Pts',(-10.1442344702029,-44.0105104022908,
0.));
#10328=CARTESIAN_POINT('Ctrl Pts',(-10.1277739461511,-44.0107122063637,
0.));
#10329=CARTESIAN_POINT('',(-10.2257079537958,-44.0057389438152,0.2));
#10330=CARTESIAN_POINT('Ctrl Pts',(-10.2257079537958,-44.0057389438152,
0.2));
#10331=CARTESIAN_POINT('Ctrl Pts',(-10.2095235309035,-44.007189442824,0.2));
#10332=CARTESIAN_POINT('Ctrl Pts',(-10.1769431697813,-44.0101093975129,
0.2));
#10333=CARTESIAN_POINT('Ctrl Pts',(-10.1442344702029,-44.0105104022908,
0.2));
#10334=CARTESIAN_POINT('Ctrl Pts',(-10.1277739461511,-44.0107122063637,
0.2));
#10335=CARTESIAN_POINT('',(-10.2257079537958,-44.0057389438152,0.));
#10336=CARTESIAN_POINT('Ctrl Pts',(-10.3190518077463,-43.9892891049385,
0.));
#10337=CARTESIAN_POINT('Ctrl Pts',(-10.3190518077463,-43.9892891049385,
0.2));
#10338=CARTESIAN_POINT('Ctrl Pts',(-10.3037987805644,-43.9928517305257,
0.));
#10339=CARTESIAN_POINT('Ctrl Pts',(-10.3037987805644,-43.9928517305257,
0.2));
#10340=CARTESIAN_POINT('Ctrl Pts',(-10.2729867605857,-44.0000484456078,
0.));
#10341=CARTESIAN_POINT('Ctrl Pts',(-10.2729867605857,-44.0000484456078,
0.2));
#10342=CARTESIAN_POINT('Ctrl Pts',(-10.2415715412022,-44.0038295953814,
0.));
#10343=CARTESIAN_POINT('Ctrl Pts',(-10.2415715412022,-44.0038295953814,
0.2));
#10344=CARTESIAN_POINT('Ctrl Pts',(-10.2257079537958,-44.0057389438152,
0.));
#10345=CARTESIAN_POINT('Ctrl Pts',(-10.2257079537958,-44.0057389438152,
0.2));
#10346=CARTESIAN_POINT('',(-10.3190518077463,-43.9892891049385,0.));
#10347=CARTESIAN_POINT('Ctrl Pts',(-10.3190518077463,-43.9892891049385,
0.));
#10348=CARTESIAN_POINT('Ctrl Pts',(-10.3037987805644,-43.9928517305257,
0.));
#10349=CARTESIAN_POINT('Ctrl Pts',(-10.2729867605857,-44.0000484456078,
0.));
#10350=CARTESIAN_POINT('Ctrl Pts',(-10.2415715412022,-44.0038295953814,
0.));
#10351=CARTESIAN_POINT('Ctrl Pts',(-10.2257079537958,-44.0057389438152,
0.));
#10352=CARTESIAN_POINT('',(-10.3190518077463,-43.9892891049385,0.2));
#10353=CARTESIAN_POINT('Ctrl Pts',(-10.3190518077463,-43.9892891049385,
0.2));
#10354=CARTESIAN_POINT('Ctrl Pts',(-10.3037987805644,-43.9928517305257,
0.2));
#10355=CARTESIAN_POINT('Ctrl Pts',(-10.2729867605857,-44.0000484456078,
0.2));
#10356=CARTESIAN_POINT('Ctrl Pts',(-10.2415715412022,-44.0038295953814,
0.2));
#10357=CARTESIAN_POINT('Ctrl Pts',(-10.2257079537958,-44.0057389438152,
0.2));
#10358=CARTESIAN_POINT('',(-10.3190518077463,-43.9892891049385,0.));
#10359=CARTESIAN_POINT('Origin',(-10.3190518077463,-43.8745224475861,0.));
#10360=CARTESIAN_POINT('',(-10.3190518077463,-43.8745224475861,0.));
#10361=CARTESIAN_POINT('',(-10.3190518077463,-43.8745224475861,0.2));
#10362=CARTESIAN_POINT('Origin',(-5.65952591132373,-43.6140021681786,0.));
#10363=CARTESIAN_POINT('Origin',(-5.65952591132373,-43.6140021681786,0.2));
#10364=CARTESIAN_POINT('Origin',(-8.46442288719117,-43.0000006407499,0.));
#10365=CARTESIAN_POINT('',(-8.46442288719117,-43.0000006407499,0.));
#10366=CARTESIAN_POINT('',(-8.63045222125947,-43.0000006407499,0.));
#10367=CARTESIAN_POINT('',(-8.46442288719117,-43.0000006407499,0.));
#10368=CARTESIAN_POINT('',(-8.63045222125947,-43.0000006407499,0.2));
#10369=CARTESIAN_POINT('',(-8.63045222125947,-43.0000006407499,0.));
#10370=CARTESIAN_POINT('',(-8.46442288719117,-43.0000006407499,0.2));
#10371=CARTESIAN_POINT('',(-8.46442288719117,-43.0000006407499,0.2));
#10372=CARTESIAN_POINT('',(-8.46442288719117,-43.0000006407499,0.));
#10373=CARTESIAN_POINT('Origin',(-8.32287735305726,-43.3764351904392,0.));
#10374=CARTESIAN_POINT('',(-8.32287735305726,-43.3764351904392,0.));
#10375=CARTESIAN_POINT('',(-8.32287735305726,-43.3764351904392,0.));
#10376=CARTESIAN_POINT('',(-8.32287735305726,-43.3764351904392,0.2));
#10377=CARTESIAN_POINT('',(-8.32287735305726,-43.3764351904392,0.2));
#10378=CARTESIAN_POINT('',(-8.32287735305726,-43.3764351904392,0.));
#10379=CARTESIAN_POINT('Origin',(-8.28079647384584,-43.5034435987473,0.));
#10380=CARTESIAN_POINT('',(-8.28079647384584,-43.5034435987473,0.));
#10381=CARTESIAN_POINT('',(-8.28079647384584,-43.5034435987473,0.));
#10382=CARTESIAN_POINT('',(-8.28079647384584,-43.5034435987473,0.2));
#10383=CARTESIAN_POINT('',(-8.28079647384584,-43.5034435987473,0.2));
#10384=CARTESIAN_POINT('',(-8.28079647384584,-43.5034435987473,0.));
#10385=CARTESIAN_POINT('Origin',(-8.23718494735658,-43.3764351904392,0.));
#10386=CARTESIAN_POINT('',(-8.23718494735658,-43.3764351904392,0.));
#10387=CARTESIAN_POINT('',(-8.23718494735658,-43.3764351904392,0.));
#10388=CARTESIAN_POINT('',(-8.23718494735658,-43.3764351904392,0.2));
#10389=CARTESIAN_POINT('',(-8.23718494735658,-43.3764351904392,0.2));
#10390=CARTESIAN_POINT('',(-8.23718494735658,-43.3764351904392,0.));
#10391=CARTESIAN_POINT('Origin',(-8.10252553783357,-43.0000006407499,0.));
#10392=CARTESIAN_POINT('',(-8.10252553783357,-43.0000006407499,0.));
#10393=CARTESIAN_POINT('',(-8.10252553783357,-43.0000006407499,0.));
#10394=CARTESIAN_POINT('',(-8.10252553783357,-43.0000006407499,0.2));
#10395=CARTESIAN_POINT('',(-8.10252553783357,-43.0000006407499,0.2));
#10396=CARTESIAN_POINT('',(-8.10252553783357,-43.0000006407499,0.));
#10397=CARTESIAN_POINT('Origin',(-7.94108695350587,-43.0000006407499,0.));
#10398=CARTESIAN_POINT('',(-7.94108695350587,-43.0000006407499,0.));
#10399=CARTESIAN_POINT('',(-7.94108695350587,-43.0000006407499,0.));
#10400=CARTESIAN_POINT('',(-7.94108695350587,-43.0000006407499,0.2));
#10401=CARTESIAN_POINT('',(-7.94108695350587,-43.0000006407499,0.2));
#10402=CARTESIAN_POINT('',(-7.94108695350587,-43.0000006407499,0.));
#10403=CARTESIAN_POINT('Origin',(-7.89211994968355,-44.0000006556511,0.));
#10404=CARTESIAN_POINT('',(-7.89211994968355,-44.0000006556511,0.));
#10405=CARTESIAN_POINT('',(-7.89211994968355,-44.0000006556511,0.));
#10406=CARTESIAN_POINT('',(-7.89211994968355,-44.0000006556511,0.2));
#10407=CARTESIAN_POINT('',(-7.89211994968355,-44.0000006556511,0.2));
#10408=CARTESIAN_POINT('',(-7.89211994968355,-44.0000006556511,0.));
#10409=CARTESIAN_POINT('Origin',(-8.02065855823457,-44.0000006556511,0.));
#10410=CARTESIAN_POINT('',(-8.02065855823457,-44.0000006556511,0.));
#10411=CARTESIAN_POINT('',(-8.02065855823457,-44.0000006556511,0.));
#10412=CARTESIAN_POINT('',(-8.02065855823457,-44.0000006556511,0.2));
#10413=CARTESIAN_POINT('',(-8.02065855823457,-44.0000006556511,0.2));
#10414=CARTESIAN_POINT('',(-8.02065855823457,-44.0000006556511,0.));
#10415=CARTESIAN_POINT('Origin',(-8.03825623355806,-43.3871467411518,0.));
#10416=CARTESIAN_POINT('',(-8.03825623355806,-43.3871467411518,0.));
#10417=CARTESIAN_POINT('',(-8.03825623355806,-43.3871467411518,0.));
#10418=CARTESIAN_POINT('',(-8.03825623355806,-43.3871467411518,0.2));
#10419=CARTESIAN_POINT('',(-8.03825623355806,-43.3871467411518,0.2));
#10420=CARTESIAN_POINT('',(-8.03825623355806,-43.3871467411518,0.));
#10421=CARTESIAN_POINT('Origin',(-8.04131633602083,-43.136955499649,0.));
#10422=CARTESIAN_POINT('',(-8.04131633602083,-43.136955499649,0.));
#10423=CARTESIAN_POINT('',(-8.04131633602083,-43.136955499649,0.));
#10424=CARTESIAN_POINT('',(-8.04131633602083,-43.136955499649,0.2));
#10425=CARTESIAN_POINT('',(-8.04131633602083,-43.136955499649,0.2));
#10426=CARTESIAN_POINT('',(-8.04131633602083,-43.136955499649,0.));
#10427=CARTESIAN_POINT('Origin',(-8.0879885610193,-43.29150788486,0.));
#10428=CARTESIAN_POINT('',(-8.0879885610193,-43.29150788486,0.));
#10429=CARTESIAN_POINT('',(-8.0879885610193,-43.29150788486,0.));
#10430=CARTESIAN_POINT('',(-8.0879885610193,-43.29150788486,0.2));
#10431=CARTESIAN_POINT('',(-8.0879885610193,-43.29150788486,0.2));
#10432=CARTESIAN_POINT('',(-8.0879885610193,-43.29150788486,0.));
#10433=CARTESIAN_POINT('Origin',(-8.22876877151429,-43.6740633845329,0.));
#10434=CARTESIAN_POINT('',(-8.22876877151429,-43.6740633845329,0.));
#10435=CARTESIAN_POINT('',(-8.22876877151429,-43.6740633845329,0.));
#10436=CARTESIAN_POINT('',(-8.22876877151429,-43.6740633845329,0.2));
#10437=CARTESIAN_POINT('',(-8.22876877151429,-43.6740633845329,0.2));
#10438=CARTESIAN_POINT('',(-8.22876877151429,-43.6740633845329,0.));
#10439=CARTESIAN_POINT('Origin',(-8.32287735305726,-43.6740633845329,0.));
#10440=CARTESIAN_POINT('',(-8.32287735305726,-43.6740633845329,0.));
#10441=CARTESIAN_POINT('',(-8.32287735305726,-43.6740633845329,0.));
#10442=CARTESIAN_POINT('',(-8.32287735305726,-43.6740633845329,0.2));
#10443=CARTESIAN_POINT('',(-8.32287735305726,-43.6740633845329,0.2));
#10444=CARTESIAN_POINT('',(-8.32287735305726,-43.6740633845329,0.));
#10445=CARTESIAN_POINT('Origin',(-8.47054368816316,-43.2762056589127,0.));
#10446=CARTESIAN_POINT('',(-8.47054368816316,-43.2762056589127,0.));
#10447=CARTESIAN_POINT('',(-8.47054368816316,-43.2762056589127,0.));
#10448=CARTESIAN_POINT('',(-8.47054368816316,-43.2762056589127,0.2));
#10449=CARTESIAN_POINT('',(-8.47054368816316,-43.2762056589127,0.2));
#10450=CARTESIAN_POINT('',(-8.47054368816316,-43.2762056589127,0.));
#10451=CARTESIAN_POINT('Origin',(-8.51721591316163,-43.136955499649,0.));
#10452=CARTESIAN_POINT('',(-8.51721591316163,-43.136955499649,0.));
#10453=CARTESIAN_POINT('',(-8.51721591316163,-43.136955499649,0.));
#10454=CARTESIAN_POINT('',(-8.51721591316163,-43.136955499649,0.2));
#10455=CARTESIAN_POINT('',(-8.51721591316163,-43.136955499649,0.2));
#10456=CARTESIAN_POINT('',(-8.51721591316163,-43.136955499649,0.));
#10457=CARTESIAN_POINT('Origin',(-8.52563208900392,-43.3764351904392,0.));
#10458=CARTESIAN_POINT('',(-8.52563208900392,-43.3764351904392,0.));
#10459=CARTESIAN_POINT('',(-8.52563208900392,-43.3764351904392,0.));
#10460=CARTESIAN_POINT('',(-8.52563208900392,-43.3764351904392,0.2));
#10461=CARTESIAN_POINT('',(-8.52563208900392,-43.3764351904392,0.2));
#10462=CARTESIAN_POINT('',(-8.52563208900392,-43.3764351904392,0.));
#10463=CARTESIAN_POINT('Origin',(-8.54552454315126,-44.0000006556511,0.));
#10464=CARTESIAN_POINT('',(-8.54552454315126,-44.0000006556511,0.));
#10465=CARTESIAN_POINT('',(-8.54552454315126,-44.0000006556511,0.));
#10466=CARTESIAN_POINT('',(-8.54552454315126,-44.0000006556511,0.2));
#10467=CARTESIAN_POINT('',(-8.54552454315126,-44.0000006556511,0.2));
#10468=CARTESIAN_POINT('',(-8.54552454315126,-44.0000006556511,0.));
#10469=CARTESIAN_POINT('Origin',(-8.67865390144288,-44.0000006556511,0.));
#10470=CARTESIAN_POINT('',(-8.67865390144288,-44.0000006556511,0.));
#10471=CARTESIAN_POINT('',(-8.67865390144288,-44.0000006556511,0.));
#10472=CARTESIAN_POINT('',(-8.67865390144288,-44.0000006556511,0.2));
#10473=CARTESIAN_POINT('',(-8.67865390144288,-44.0000006556511,0.2));
#10474=CARTESIAN_POINT('',(-8.67865390144288,-44.0000006556511,0.));
#10475=CARTESIAN_POINT('Origin',(-8.63045222125947,-43.0000006407499,0.));
#10476=CARTESIAN_POINT('',(-8.63045222125947,-43.0000006407499,0.));
#10477=CARTESIAN_POINT('',(-8.63045222125947,-43.0000006407499,0.2));
#10478=CARTESIAN_POINT('Origin',(-5.65952591132373,-43.6140021681786,0.));
#10479=CARTESIAN_POINT('Origin',(-5.65952591132373,-43.6140021681786,0.2));
#10480=CARTESIAN_POINT('Ctrl Pts',(-9.07230324111879,-42.9403219372034,
0.));
#10481=CARTESIAN_POINT('Ctrl Pts',(-9.07230324111879,-42.9403219372034,
0.2));
#10482=CARTESIAN_POINT('Ctrl Pts',(-9.07724687290551,-42.935739678168,0.));
#10483=CARTESIAN_POINT('Ctrl Pts',(-9.07724687290551,-42.935739678168,0.2));
#10484=CARTESIAN_POINT('Ctrl Pts',(-9.08719105569969,-42.9265224015941,
0.));
#10485=CARTESIAN_POINT('Ctrl Pts',(-9.08719105569969,-42.9265224015941,
0.2));
#10486=CARTESIAN_POINT('Ctrl Pts',(-9.09943091791189,-42.9206860845395,
0.));
#10487=CARTESIAN_POINT('Ctrl Pts',(-9.09943091791189,-42.9206860845395,
0.2));
#10488=CARTESIAN_POINT('Ctrl Pts',(-9.10558587871492,-42.9177512228489,
0.));
#10489=CARTESIAN_POINT('Ctrl Pts',(-9.10558587871492,-42.9177512228489,
0.2));
#10490=CARTESIAN_POINT('',(-9.07230324111879,-42.9403219372034,0.));
#10491=CARTESIAN_POINT('',(-9.10558587871492,-42.9177512228489,0.));
#10492=CARTESIAN_POINT('Ctrl Pts',(-9.07230324111879,-42.9403219372034,
0.));
#10493=CARTESIAN_POINT('Ctrl Pts',(-9.07724687290551,-42.935739678168,0.));
#10494=CARTESIAN_POINT('Ctrl Pts',(-9.08719105569969,-42.9265224015941,
0.));
#10495=CARTESIAN_POINT('Ctrl Pts',(-9.09943091791189,-42.9206860845395,
0.));
#10496=CARTESIAN_POINT('Ctrl Pts',(-9.10558587871492,-42.9177512228489,
0.));
#10497=CARTESIAN_POINT('',(-9.10558587871492,-42.9177512228489,0.2));
#10498=CARTESIAN_POINT('',(-9.10558587871492,-42.9177512228489,0.));
#10499=CARTESIAN_POINT('',(-9.07230324111879,-42.9403219372034,0.2));
#10500=CARTESIAN_POINT('Ctrl Pts',(-9.07230324111879,-42.9403219372034,
0.2));
#10501=CARTESIAN_POINT('Ctrl Pts',(-9.07724687290551,-42.935739678168,0.2));
#10502=CARTESIAN_POINT('Ctrl Pts',(-9.08719105569969,-42.9265224015941,
0.2));
#10503=CARTESIAN_POINT('Ctrl Pts',(-9.09943091791189,-42.9206860845395,
0.2));
#10504=CARTESIAN_POINT('Ctrl Pts',(-9.10558587871492,-42.9177512228489,
0.2));
#10505=CARTESIAN_POINT('',(-9.07230324111879,-42.9403219372034,0.));
#10506=CARTESIAN_POINT('Ctrl Pts',(-9.05011541210115,-42.9736042767763,
0.));
#10507=CARTESIAN_POINT('Ctrl Pts',(-9.05011541210115,-42.9736042767763,
0.2));
#10508=CARTESIAN_POINT('Ctrl Pts',(-9.05304510667429,-42.9675343968368,
0.));
#10509=CARTESIAN_POINT('Ctrl Pts',(-9.05304510667429,-42.9675343968368,
0.2));
#10510=CARTESIAN_POINT('Ctrl Pts',(-9.05889681860323,-42.9554105429802,
0.));
#10511=CARTESIAN_POINT('Ctrl Pts',(-9.05889681860323,-42.9554105429802,
0.2));
#10512=CARTESIAN_POINT('Ctrl Pts',(-9.06783834392419,-42.9453470715019,
0.));
#10513=CARTESIAN_POINT('Ctrl Pts',(-9.06783834392419,-42.9453470715019,
0.2));
#10514=CARTESIAN_POINT('Ctrl Pts',(-9.07230324111879,-42.9403219372034,
0.));
#10515=CARTESIAN_POINT('Ctrl Pts',(-9.07230324111879,-42.9403219372034,
0.2));
#10516=CARTESIAN_POINT('',(-9.05011541210115,-42.9736042767763,0.));
#10517=CARTESIAN_POINT('Ctrl Pts',(-9.05011541210115,-42.9736042767763,
0.));
#10518=CARTESIAN_POINT('Ctrl Pts',(-9.05304510667429,-42.9675343968368,
0.));
#10519=CARTESIAN_POINT('Ctrl Pts',(-9.05889681860323,-42.9554105429802,
0.));
#10520=CARTESIAN_POINT('Ctrl Pts',(-9.06783834392419,-42.9453470715019,
0.));
#10521=CARTESIAN_POINT('Ctrl Pts',(-9.07230324111879,-42.9403219372034,
0.));
#10522=CARTESIAN_POINT('',(-9.05011541210115,-42.9736042767763,0.2));
#10523=CARTESIAN_POINT('Ctrl Pts',(-9.05011541210115,-42.9736042767763,
0.2));
#10524=CARTESIAN_POINT('Ctrl Pts',(-9.05304510667429,-42.9675343968368,
0.2));
#10525=CARTESIAN_POINT('Ctrl Pts',(-9.05889681860323,-42.9554105429802,
0.2));
#10526=CARTESIAN_POINT('Ctrl Pts',(-9.06783834392419,-42.9453470715019,
0.2));
#10527=CARTESIAN_POINT('Ctrl Pts',(-9.07230324111879,-42.9403219372034,
0.2));
#10528=CARTESIAN_POINT('',(-9.05011541210115,-42.9736042767763,0.));
#10529=CARTESIAN_POINT('Ctrl Pts',(-9.04208130203187,-43.0145377665758,
0.));
#10530=CARTESIAN_POINT('Ctrl Pts',(-9.04208130203187,-43.0145377665758,
0.2));
#10531=CARTESIAN_POINT('Ctrl Pts',(-9.04238607569612,-43.0073561554094,
0.));
#10532=CARTESIAN_POINT('Ctrl Pts',(-9.04238607569612,-43.0073561554094,
0.2));
#10533=CARTESIAN_POINT('Ctrl Pts',(-9.0429826632744,-42.9932983134219,0.));
#10534=CARTESIAN_POINT('Ctrl Pts',(-9.0429826632744,-42.9932983134219,0.2));
#10535=CARTESIAN_POINT('Ctrl Pts',(-9.04777251266777,-42.9800731919756,
0.));
#10536=CARTESIAN_POINT('Ctrl Pts',(-9.04777251266777,-42.9800731919756,
0.2));
#10537=CARTESIAN_POINT('Ctrl Pts',(-9.05011541210115,-42.9736042767763,
0.));
#10538=CARTESIAN_POINT('Ctrl Pts',(-9.05011541210115,-42.9736042767763,
0.2));
#10539=CARTESIAN_POINT('',(-9.04208130203187,-43.0145377665758,0.));
#10540=CARTESIAN_POINT('Ctrl Pts',(-9.04208130203187,-43.0145377665758,
0.));
#10541=CARTESIAN_POINT('Ctrl Pts',(-9.04238607569612,-43.0073561554094,
0.));
#10542=CARTESIAN_POINT('Ctrl Pts',(-9.0429826632744,-42.9932983134219,0.));
#10543=CARTESIAN_POINT('Ctrl Pts',(-9.04777251266777,-42.9800731919756,
0.));
#10544=CARTESIAN_POINT('Ctrl Pts',(-9.05011541210115,-42.9736042767763,
0.));
#10545=CARTESIAN_POINT('',(-9.04208130203187,-43.0145377665758,0.2));
#10546=CARTESIAN_POINT('Ctrl Pts',(-9.04208130203187,-43.0145377665758,
0.2));
#10547=CARTESIAN_POINT('Ctrl Pts',(-9.04238607569612,-43.0073561554094,
0.2));
#10548=CARTESIAN_POINT('Ctrl Pts',(-9.0429826632744,-42.9932983134219,0.2));
#10549=CARTESIAN_POINT('Ctrl Pts',(-9.04777251266777,-42.9800731919756,
0.2));
#10550=CARTESIAN_POINT('Ctrl Pts',(-9.05011541210115,-42.9736042767763,
0.2));
#10551=CARTESIAN_POINT('',(-9.04208130203187,-43.0145377665758,0.));
#10552=CARTESIAN_POINT('Ctrl Pts',(-9.05011541210115,-43.0550885945559,
0.));
#10553=CARTESIAN_POINT('Ctrl Pts',(-9.05011541210115,-43.0550885945559,
0.2));
#10554=CARTESIAN_POINT('Ctrl Pts',(-9.04777224946293,-43.0485880033065,
0.));
#10555=CARTESIAN_POINT('Ctrl Pts',(-9.04777224946293,-43.0485880033065,
0.2));
#10556=CARTESIAN_POINT('Ctrl Pts',(-9.04304686574138,-43.0354784617113,
0.));
#10557=CARTESIAN_POINT('Ctrl Pts',(-9.04304686574138,-43.0354784617113,
0.2));
#10558=CARTESIAN_POINT('Ctrl Pts',(-9.04240492529024,-43.021556356779,0.));
#10559=CARTESIAN_POINT('Ctrl Pts',(-9.04240492529024,-43.021556356779,0.2));
#10560=CARTESIAN_POINT('Ctrl Pts',(-9.04208130203187,-43.0145377665758,
0.));
#10561=CARTESIAN_POINT('Ctrl Pts',(-9.04208130203187,-43.0145377665758,
0.2));
#10562=CARTESIAN_POINT('',(-9.05011541210115,-43.0550885945559,0.));
#10563=CARTESIAN_POINT('Ctrl Pts',(-9.05011541210115,-43.0550885945559,
0.));
#10564=CARTESIAN_POINT('Ctrl Pts',(-9.04777224946293,-43.0485880033065,
0.));
#10565=CARTESIAN_POINT('Ctrl Pts',(-9.04304686574138,-43.0354784617113,
0.));
#10566=CARTESIAN_POINT('Ctrl Pts',(-9.04240492529024,-43.021556356779,0.));
#10567=CARTESIAN_POINT('Ctrl Pts',(-9.04208130203187,-43.0145377665758,
0.));
#10568=CARTESIAN_POINT('',(-9.05011541210115,-43.0550885945559,0.2));
#10569=CARTESIAN_POINT('Ctrl Pts',(-9.05011541210115,-43.0550885945559,
0.2));
#10570=CARTESIAN_POINT('Ctrl Pts',(-9.04777224946293,-43.0485880033065,
0.2));
#10571=CARTESIAN_POINT('Ctrl Pts',(-9.04304686574138,-43.0354784617113,
0.2));
#10572=CARTESIAN_POINT('Ctrl Pts',(-9.04240492529024,-43.021556356779,0.2));
#10573=CARTESIAN_POINT('Ctrl Pts',(-9.04208130203187,-43.0145377665758,
0.2));
#10574=CARTESIAN_POINT('',(-9.05011541210115,-43.0550885945559,0.));
#10575=CARTESIAN_POINT('Ctrl Pts',(-9.07230324111879,-43.0887535214424,
0.));
#10576=CARTESIAN_POINT('Ctrl Pts',(-9.07230324111879,-43.0887535214424,
0.2));
#10577=CARTESIAN_POINT('Ctrl Pts',(-9.06783255715247,-43.0836985254365,
0.));
#10578=CARTESIAN_POINT('Ctrl Pts',(-9.06783255715247,-43.0836985254365,
0.2));
#10579=CARTESIAN_POINT('Ctrl Pts',(-9.05883986691815,-43.0735305033712,
0.));
#10580=CARTESIAN_POINT('Ctrl Pts',(-9.05883986691815,-43.0735305033712,
0.2));
#10581=CARTESIAN_POINT('Ctrl Pts',(-9.05303460746456,-43.0612592419872,
0.));
#10582=CARTESIAN_POINT('Ctrl Pts',(-9.05303460746456,-43.0612592419872,
0.2));
#10583=CARTESIAN_POINT('Ctrl Pts',(-9.05011541210115,-43.0550885945559,
0.));
#10584=CARTESIAN_POINT('Ctrl Pts',(-9.05011541210115,-43.0550885945559,
0.2));
#10585=CARTESIAN_POINT('',(-9.07230324111879,-43.0887535214424,0.));
#10586=CARTESIAN_POINT('Ctrl Pts',(-9.07230324111879,-43.0887535214424,
0.));
#10587=CARTESIAN_POINT('Ctrl Pts',(-9.06783255715247,-43.0836985254365,
0.));
#10588=CARTESIAN_POINT('Ctrl Pts',(-9.05883986691815,-43.0735305033712,
0.));
#10589=CARTESIAN_POINT('Ctrl Pts',(-9.05303460746456,-43.0612592419872,
0.));
#10590=CARTESIAN_POINT('Ctrl Pts',(-9.05011541210115,-43.0550885945559,
0.));
#10591=CARTESIAN_POINT('',(-9.07230324111879,-43.0887535214424,0.2));
#10592=CARTESIAN_POINT('Ctrl Pts',(-9.07230324111879,-43.0887535214424,
0.2));
#10593=CARTESIAN_POINT('Ctrl Pts',(-9.06783255715247,-43.0836985254365,
0.2));
#10594=CARTESIAN_POINT('Ctrl Pts',(-9.05883986691815,-43.0735305033712,
0.2));
#10595=CARTESIAN_POINT('Ctrl Pts',(-9.05303460746456,-43.0612592419872,
0.2));
#10596=CARTESIAN_POINT('Ctrl Pts',(-9.05011541210115,-43.0550885945559,
0.2));
#10597=CARTESIAN_POINT('',(-9.07230324111879,-43.0887535214424,0.));
#10598=CARTESIAN_POINT('Ctrl Pts',(-9.10558587871492,-43.1113242357969,
0.));
#10599=CARTESIAN_POINT('Ctrl Pts',(-9.10558587871492,-43.1113242357969,
0.2));
#10600=CARTESIAN_POINT('Ctrl Pts',(-9.09943091541844,-43.108389390255,0.));
#10601=CARTESIAN_POINT('Ctrl Pts',(-9.09943091541844,-43.108389390255,0.2));
#10602=CARTESIAN_POINT('Ctrl Pts',(-9.08719103570014,-43.1025530993311,
0.));
#10603=CARTESIAN_POINT('Ctrl Pts',(-9.08719103570014,-43.1025530993311,
0.2));
#10604=CARTESIAN_POINT('Ctrl Pts',(-9.07724686968851,-43.0933357976908,
0.));
#10605=CARTESIAN_POINT('Ctrl Pts',(-9.07724686968851,-43.0933357976908,
0.2));
#10606=CARTESIAN_POINT('Ctrl Pts',(-9.07230324111879,-43.0887535214424,
0.));
#10607=CARTESIAN_POINT('Ctrl Pts',(-9.07230324111879,-43.0887535214424,
0.2));
#10608=CARTESIAN_POINT('',(-9.10558587871492,-43.1113242357969,0.));
#10609=CARTESIAN_POINT('Ctrl Pts',(-9.10558587871492,-43.1113242357969,
0.));
#10610=CARTESIAN_POINT('Ctrl Pts',(-9.09943091541844,-43.108389390255,0.));
#10611=CARTESIAN_POINT('Ctrl Pts',(-9.08719103570014,-43.1025530993311,
0.));
#10612=CARTESIAN_POINT('Ctrl Pts',(-9.07724686968851,-43.0933357976908,
0.));
#10613=CARTESIAN_POINT('Ctrl Pts',(-9.07230324111879,-43.0887535214424,
0.));
#10614=CARTESIAN_POINT('',(-9.10558587871492,-43.1113242357969,0.2));
#10615=CARTESIAN_POINT('Ctrl Pts',(-9.10558587871492,-43.1113242357969,
0.2));
#10616=CARTESIAN_POINT('Ctrl Pts',(-9.09943091541844,-43.108389390255,0.2));
#10617=CARTESIAN_POINT('Ctrl Pts',(-9.08719103570014,-43.1025530993311,
0.2));
#10618=CARTESIAN_POINT('Ctrl Pts',(-9.07724686968851,-43.0933357976908,
0.2));
#10619=CARTESIAN_POINT('Ctrl Pts',(-9.07230324111879,-43.0887535214424,
0.2));
#10620=CARTESIAN_POINT('',(-9.10558587871492,-43.1113242357969,0.));
#10621=CARTESIAN_POINT('Ctrl Pts',(-9.14690203033387,-43.1193579733372,
0.));
#10622=CARTESIAN_POINT('Ctrl Pts',(-9.14690203033387,-43.1193579733372,
0.2));
#10623=CARTESIAN_POINT('Ctrl Pts',(-9.13969063977765,-43.1190469903941,
0.));
#10624=CARTESIAN_POINT('Ctrl Pts',(-9.13969063977765,-43.1190469903941,
0.2));
#10625=CARTESIAN_POINT('Ctrl Pts',(-9.12551302991901,-43.1184355972369,
0.));
#10626=CARTESIAN_POINT('Ctrl Pts',(-9.12551302991901,-43.1184355972369,
0.2));
#10627=CARTESIAN_POINT('Ctrl Pts',(-9.11215124132274,-43.1136672032392,
0.));
#10628=CARTESIAN_POINT('Ctrl Pts',(-9.11215124132274,-43.1136672032392,
0.2));
#10629=CARTESIAN_POINT('Ctrl Pts',(-9.10558587871492,-43.1113242357969,
0.));
#10630=CARTESIAN_POINT('Ctrl Pts',(-9.10558587871492,-43.1113242357969,
0.2));
#10631=CARTESIAN_POINT('',(-9.14690203033387,-43.1193579733372,0.));
#10632=CARTESIAN_POINT('Ctrl Pts',(-9.14690203033387,-43.1193579733372,
0.));
#10633=CARTESIAN_POINT('Ctrl Pts',(-9.13969063977765,-43.1190469903941,
0.));
#10634=CARTESIAN_POINT('Ctrl Pts',(-9.12551302991901,-43.1184355972369,
0.));
#10635=CARTESIAN_POINT('Ctrl Pts',(-9.11215124132274,-43.1136672032392,
0.));
#10636=CARTESIAN_POINT('Ctrl Pts',(-9.10558587871492,-43.1113242357969,
0.));
#10637=CARTESIAN_POINT('',(-9.14690203033387,-43.1193579733372,0.2));
#10638=CARTESIAN_POINT('Ctrl Pts',(-9.14690203033387,-43.1193579733372,
0.2));
#10639=CARTESIAN_POINT('Ctrl Pts',(-9.13969063977765,-43.1190469903941,
0.2));
#10640=CARTESIAN_POINT('Ctrl Pts',(-9.12551302991901,-43.1184355972369,
0.2));
#10641=CARTESIAN_POINT('Ctrl Pts',(-9.11215124132274,-43.1136672032392,
0.2));
#10642=CARTESIAN_POINT('Ctrl Pts',(-9.10558587871492,-43.1113242357969,
0.2));
#10643=CARTESIAN_POINT('',(-9.14690203033387,-43.1193579733372,0.));
#10644=CARTESIAN_POINT('Ctrl Pts',(-9.18821758590638,-43.1113242357969,
0.));
#10645=CARTESIAN_POINT('Ctrl Pts',(-9.18821758590638,-43.1113242357969,
0.2));
#10646=CARTESIAN_POINT('Ctrl Pts',(-9.18165222380876,-43.1136672035501,
0.));
#10647=CARTESIAN_POINT('Ctrl Pts',(-9.18165222380876,-43.1136672035501,
0.2));
#10648=CARTESIAN_POINT('Ctrl Pts',(-9.16829062369752,-43.1184355312869,
0.));
#10649=CARTESIAN_POINT('Ctrl Pts',(-9.16829062369752,-43.1184355312869,
0.2));
#10650=CARTESIAN_POINT('Ctrl Pts',(-9.15411321887381,-43.1190469709525,
0.));
#10651=CARTESIAN_POINT('Ctrl Pts',(-9.15411321887381,-43.1190469709525,
0.2));
#10652=CARTESIAN_POINT('Ctrl Pts',(-9.14690203033387,-43.1193579733372,
0.));
#10653=CARTESIAN_POINT('Ctrl Pts',(-9.14690203033387,-43.1193579733372,
0.2));
#10654=CARTESIAN_POINT('',(-9.18821758590638,-43.1113242357969,0.));
#10655=CARTESIAN_POINT('Ctrl Pts',(-9.18821758590638,-43.1113242357969,
0.));
#10656=CARTESIAN_POINT('Ctrl Pts',(-9.18165222380876,-43.1136672035501,
0.));
#10657=CARTESIAN_POINT('Ctrl Pts',(-9.16829062369752,-43.1184355312869,
0.));
#10658=CARTESIAN_POINT('Ctrl Pts',(-9.15411321887381,-43.1190469709525,
0.));
#10659=CARTESIAN_POINT('Ctrl Pts',(-9.14690203033387,-43.1193579733372,
0.));
#10660=CARTESIAN_POINT('',(-9.18821758590638,-43.1113242357969,0.2));
#10661=CARTESIAN_POINT('Ctrl Pts',(-9.18821758590638,-43.1113242357969,
0.2));
#10662=CARTESIAN_POINT('Ctrl Pts',(-9.18165222380876,-43.1136672035501,
0.2));
#10663=CARTESIAN_POINT('Ctrl Pts',(-9.16829062369752,-43.1184355312869,
0.2));
#10664=CARTESIAN_POINT('Ctrl Pts',(-9.15411321887381,-43.1190469709525,
0.2));
#10665=CARTESIAN_POINT('Ctrl Pts',(-9.14690203033387,-43.1193579733372,
0.2));
#10666=CARTESIAN_POINT('',(-9.18821758590638,-43.1113242357969,0.));
#10667=CARTESIAN_POINT('Ctrl Pts',(-9.22150022350251,-43.0887535214424,
0.));
#10668=CARTESIAN_POINT('Ctrl Pts',(-9.22150022350251,-43.0887535214424,
0.2));
#10669=CARTESIAN_POINT('Ctrl Pts',(-9.21655659171579,-43.0933357804778,
0.));
#10670=CARTESIAN_POINT('Ctrl Pts',(-9.21655659171579,-43.0933357804778,
0.2));
#10671=CARTESIAN_POINT('Ctrl Pts',(-9.20661240892162,-43.1025530570518,
0.));
#10672=CARTESIAN_POINT('Ctrl Pts',(-9.20661240892162,-43.1025530570518,
0.2));
#10673=CARTESIAN_POINT('Ctrl Pts',(-9.19437254670942,-43.1083893741063,
0.));
#10674=CARTESIAN_POINT('Ctrl Pts',(-9.19437254670942,-43.1083893741063,
0.2));
#10675=CARTESIAN_POINT('Ctrl Pts',(-9.18821758590638,-43.1113242357969,
0.));
#10676=CARTESIAN_POINT('Ctrl Pts',(-9.18821758590638,-43.1113242357969,
0.2));
#10677=CARTESIAN_POINT('',(-9.22150022350251,-43.0887535214424,0.));
#10678=CARTESIAN_POINT('Ctrl Pts',(-9.22150022350251,-43.0887535214424,
0.));
#10679=CARTESIAN_POINT('Ctrl Pts',(-9.21655659171579,-43.0933357804778,
0.));
#10680=CARTESIAN_POINT('Ctrl Pts',(-9.20661240892162,-43.1025530570518,
0.));
#10681=CARTESIAN_POINT('Ctrl Pts',(-9.19437254670942,-43.1083893741063,
0.));
#10682=CARTESIAN_POINT('Ctrl Pts',(-9.18821758590638,-43.1113242357969,
0.));
#10683=CARTESIAN_POINT('',(-9.22150022350251,-43.0887535214424,0.2));
#10684=CARTESIAN_POINT('Ctrl Pts',(-9.22150022350251,-43.0887535214424,
0.2));
#10685=CARTESIAN_POINT('Ctrl Pts',(-9.21655659171579,-43.0933357804778,
0.2));
#10686=CARTESIAN_POINT('Ctrl Pts',(-9.20661240892162,-43.1025530570518,
0.2));
#10687=CARTESIAN_POINT('Ctrl Pts',(-9.19437254670942,-43.1083893741063,
0.2));
#10688=CARTESIAN_POINT('Ctrl Pts',(-9.18821758590638,-43.1113242357969,
0.2));
#10689=CARTESIAN_POINT('',(-9.22150022350251,-43.0887535214424,0.));
#10690=CARTESIAN_POINT('Ctrl Pts',(-9.24368805252015,-43.0550885945559,
0.));
#10691=CARTESIAN_POINT('Ctrl Pts',(-9.24368805252015,-43.0550885945559,
0.2));
#10692=CARTESIAN_POINT('Ctrl Pts',(-9.24076886083579,-43.0612592568905,
0.));
#10693=CARTESIAN_POINT('Ctrl Pts',(-9.24076886083579,-43.0612592568905,
0.2));
#10694=CARTESIAN_POINT('Ctrl Pts',(-9.23496361751931,-43.0735305292664,
0.));
#10695=CARTESIAN_POINT('Ctrl Pts',(-9.23496361751931,-43.0735305292664,
0.2));
#10696=CARTESIAN_POINT('Ctrl Pts',(-9.22597090945965,-43.0836985392246,
0.));
#10697=CARTESIAN_POINT('Ctrl Pts',(-9.22597090945965,-43.0836985392246,
0.2));
#10698=CARTESIAN_POINT('Ctrl Pts',(-9.22150022350251,-43.0887535214424,
0.));
#10699=CARTESIAN_POINT('Ctrl Pts',(-9.22150022350251,-43.0887535214424,
0.2));
#10700=CARTESIAN_POINT('',(-9.24368805252015,-43.0550885945559,0.));
#10701=CARTESIAN_POINT('Ctrl Pts',(-9.24368805252015,-43.0550885945559,
0.));
#10702=CARTESIAN_POINT('Ctrl Pts',(-9.24076886083579,-43.0612592568905,
0.));
#10703=CARTESIAN_POINT('Ctrl Pts',(-9.23496361751931,-43.0735305292664,
0.));
#10704=CARTESIAN_POINT('Ctrl Pts',(-9.22597090945965,-43.0836985392246,
0.));
#10705=CARTESIAN_POINT('Ctrl Pts',(-9.22150022350251,-43.0887535214424,
0.));
#10706=CARTESIAN_POINT('',(-9.24368805252015,-43.0550885945559,0.2));
#10707=CARTESIAN_POINT('Ctrl Pts',(-9.24368805252015,-43.0550885945559,
0.2));
#10708=CARTESIAN_POINT('Ctrl Pts',(-9.24076886083579,-43.0612592568905,
0.2));
#10709=CARTESIAN_POINT('Ctrl Pts',(-9.23496361751931,-43.0735305292664,
0.2));
#10710=CARTESIAN_POINT('Ctrl Pts',(-9.22597090945965,-43.0836985392246,
0.2));
#10711=CARTESIAN_POINT('Ctrl Pts',(-9.22150022350251,-43.0887535214424,
0.2));
#10712=CARTESIAN_POINT('',(-9.24368805252015,-43.0550885945559,0.));
#10713=CARTESIAN_POINT('Ctrl Pts',(-9.25172216258943,-43.0145377665758,
0.));
#10714=CARTESIAN_POINT('Ctrl Pts',(-9.25172216258943,-43.0145377665758,
0.2));
#10715=CARTESIAN_POINT('Ctrl Pts',(-9.25139853933107,-43.021556356779,0.));
#10716=CARTESIAN_POINT('Ctrl Pts',(-9.25139853933107,-43.021556356779,0.2));
#10717=CARTESIAN_POINT('Ctrl Pts',(-9.25075659887992,-43.0354784617113,
0.));
#10718=CARTESIAN_POINT('Ctrl Pts',(-9.25075659887992,-43.0354784617113,
0.2));
#10719=CARTESIAN_POINT('Ctrl Pts',(-9.24603121515837,-43.0485880033065,
0.));
#10720=CARTESIAN_POINT('Ctrl Pts',(-9.24603121515837,-43.0485880033065,
0.2));
#10721=CARTESIAN_POINT('Ctrl Pts',(-9.24368805252015,-43.0550885945559,
0.));
#10722=CARTESIAN_POINT('Ctrl Pts',(-9.24368805252015,-43.0550885945559,
0.2));
#10723=CARTESIAN_POINT('',(-9.25172216258943,-43.0145377665758,0.));
#10724=CARTESIAN_POINT('Ctrl Pts',(-9.25172216258943,-43.0145377665758,
0.));
#10725=CARTESIAN_POINT('Ctrl Pts',(-9.25139853933107,-43.021556356779,0.));
#10726=CARTESIAN_POINT('Ctrl Pts',(-9.25075659887992,-43.0354784617113,
0.));
#10727=CARTESIAN_POINT('Ctrl Pts',(-9.24603121515837,-43.0485880033065,
0.));
#10728=CARTESIAN_POINT('Ctrl Pts',(-9.24368805252015,-43.0550885945559,
0.));
#10729=CARTESIAN_POINT('',(-9.25172216258943,-43.0145377665758,0.2));
#10730=CARTESIAN_POINT('Ctrl Pts',(-9.25172216258943,-43.0145377665758,
0.2));
#10731=CARTESIAN_POINT('Ctrl Pts',(-9.25139853933107,-43.021556356779,0.2));
#10732=CARTESIAN_POINT('Ctrl Pts',(-9.25075659887992,-43.0354784617113,
0.2));
#10733=CARTESIAN_POINT('Ctrl Pts',(-9.24603121515837,-43.0485880033065,
0.2));
#10734=CARTESIAN_POINT('Ctrl Pts',(-9.24368805252015,-43.0550885945559,
0.2));
#10735=CARTESIAN_POINT('',(-9.25172216258943,-43.0145377665758,0.));
#10736=CARTESIAN_POINT('Ctrl Pts',(-9.24368805252015,-42.9736042767763,
0.));
#10737=CARTESIAN_POINT('Ctrl Pts',(-9.24368805252015,-42.9736042767763,
0.2));
#10738=CARTESIAN_POINT('Ctrl Pts',(-9.24603124591019,-42.9800731730423,
0.));
#10739=CARTESIAN_POINT('Ctrl Pts',(-9.24603124591019,-42.9800731730423,
0.2));
#10740=CARTESIAN_POINT('Ctrl Pts',(-9.25082166899536,-42.9932981804786,
0.));
#10741=CARTESIAN_POINT('Ctrl Pts',(-9.25082166899536,-42.9932981804786,
0.2));
#10742=CARTESIAN_POINT('Ctrl Pts',(-9.25141768339838,-43.0073561363723,
0.));
#10743=CARTESIAN_POINT('Ctrl Pts',(-9.25141768339838,-43.0073561363723,
0.2));
#10744=CARTESIAN_POINT('Ctrl Pts',(-9.25172216258943,-43.0145377665758,
0.));
#10745=CARTESIAN_POINT('Ctrl Pts',(-9.25172216258943,-43.0145377665758,
0.2));
#10746=CARTESIAN_POINT('',(-9.24368805252015,-42.9736042767763,0.));
#10747=CARTESIAN_POINT('Ctrl Pts',(-9.24368805252015,-42.9736042767763,
0.));
#10748=CARTESIAN_POINT('Ctrl Pts',(-9.24603124591019,-42.9800731730423,
0.));
#10749=CARTESIAN_POINT('Ctrl Pts',(-9.25082166899536,-42.9932981804786,
0.));
#10750=CARTESIAN_POINT('Ctrl Pts',(-9.25141768339838,-43.0073561363723,
0.));
#10751=CARTESIAN_POINT('Ctrl Pts',(-9.25172216258943,-43.0145377665758,
0.));
#10752=CARTESIAN_POINT('',(-9.24368805252015,-42.9736042767763,0.2));
#10753=CARTESIAN_POINT('Ctrl Pts',(-9.24368805252015,-42.9736042767763,
0.2));
#10754=CARTESIAN_POINT('Ctrl Pts',(-9.24603124591019,-42.9800731730423,
0.2));
#10755=CARTESIAN_POINT('Ctrl Pts',(-9.25082166899536,-42.9932981804786,
0.2));
#10756=CARTESIAN_POINT('Ctrl Pts',(-9.25141768339838,-43.0073561363723,
0.2));
#10757=CARTESIAN_POINT('Ctrl Pts',(-9.25172216258943,-43.0145377665758,
0.2));
#10758=CARTESIAN_POINT('',(-9.24368805252015,-42.9736042767763,0.));
#10759=CARTESIAN_POINT('Ctrl Pts',(-9.22150022350251,-42.9403219372034,
0.));
#10760=CARTESIAN_POINT('Ctrl Pts',(-9.22150022350251,-42.9403219372034,
0.2));
#10761=CARTESIAN_POINT('Ctrl Pts',(-9.22596512069712,-42.9453470715019,
0.));
#10762=CARTESIAN_POINT('Ctrl Pts',(-9.22596512069712,-42.9453470715019,
0.2));
#10763=CARTESIAN_POINT('Ctrl Pts',(-9.23490664601807,-42.9554105429802,
0.));
#10764=CARTESIAN_POINT('Ctrl Pts',(-9.23490664601807,-42.9554105429802,
0.2));
#10765=CARTESIAN_POINT('Ctrl Pts',(-9.24075835794701,-42.9675343968368,
0.));
#10766=CARTESIAN_POINT('Ctrl Pts',(-9.24075835794701,-42.9675343968368,
0.2));
#10767=CARTESIAN_POINT('Ctrl Pts',(-9.24368805252015,-42.9736042767763,
0.));
#10768=CARTESIAN_POINT('Ctrl Pts',(-9.24368805252015,-42.9736042767763,
0.2));
#10769=CARTESIAN_POINT('',(-9.22150022350251,-42.9403219372034,0.));
#10770=CARTESIAN_POINT('Ctrl Pts',(-9.22150022350251,-42.9403219372034,
0.));
#10771=CARTESIAN_POINT('Ctrl Pts',(-9.22596512069712,-42.9453470715019,
0.));
#10772=CARTESIAN_POINT('Ctrl Pts',(-9.23490664601807,-42.9554105429802,
0.));
#10773=CARTESIAN_POINT('Ctrl Pts',(-9.24075835794701,-42.9675343968368,
0.));
#10774=CARTESIAN_POINT('Ctrl Pts',(-9.24368805252015,-42.9736042767763,
0.));
#10775=CARTESIAN_POINT('',(-9.22150022350251,-42.9403219372034,0.2));
#10776=CARTESIAN_POINT('Ctrl Pts',(-9.22150022350251,-42.9403219372034,
0.2));
#10777=CARTESIAN_POINT('Ctrl Pts',(-9.22596512069712,-42.9453470715019,
0.2));
#10778=CARTESIAN_POINT('Ctrl Pts',(-9.23490664601807,-42.9554105429802,
0.2));
#10779=CARTESIAN_POINT('Ctrl Pts',(-9.24075835794701,-42.9675343968368,
0.2));
#10780=CARTESIAN_POINT('Ctrl Pts',(-9.24368805252015,-42.9736042767763,
0.2));
#10781=CARTESIAN_POINT('',(-9.22150022350251,-42.9403219372034,0.));
#10782=CARTESIAN_POINT('Ctrl Pts',(-9.18821758590638,-42.9177512228489,
0.));
#10783=CARTESIAN_POINT('Ctrl Pts',(-9.18821758590638,-42.9177512228489,
0.2));
#10784=CARTESIAN_POINT('Ctrl Pts',(-9.1943727871961,-42.920686024543,0.));
#10785=CARTESIAN_POINT('Ctrl Pts',(-9.1943727871961,-42.920686024543,0.2));
#10786=CARTESIAN_POINT('Ctrl Pts',(-9.20661283234011,-42.9265220814865,
0.));
#10787=CARTESIAN_POINT('Ctrl Pts',(-9.20661283234011,-42.9265220814865,
0.2));
#10788=CARTESIAN_POINT('Ctrl Pts',(-9.2165568128969,-42.9357396465681,0.));
#10789=CARTESIAN_POINT('Ctrl Pts',(-9.2165568128969,-42.9357396465681,0.2));
#10790=CARTESIAN_POINT('Ctrl Pts',(-9.22150022350251,-42.9403219372034,
0.));
#10791=CARTESIAN_POINT('Ctrl Pts',(-9.22150022350251,-42.9403219372034,
0.2));
#10792=CARTESIAN_POINT('',(-9.18821758590638,-42.9177512228489,0.));
#10793=CARTESIAN_POINT('Ctrl Pts',(-9.18821758590638,-42.9177512228489,
0.));
#10794=CARTESIAN_POINT('Ctrl Pts',(-9.1943727871961,-42.920686024543,0.));
#10795=CARTESIAN_POINT('Ctrl Pts',(-9.20661283234011,-42.9265220814865,
0.));
#10796=CARTESIAN_POINT('Ctrl Pts',(-9.2165568128969,-42.9357396465681,0.));
#10797=CARTESIAN_POINT('Ctrl Pts',(-9.22150022350251,-42.9403219372034,
0.));
#10798=CARTESIAN_POINT('',(-9.18821758590638,-42.9177512228489,0.2));
#10799=CARTESIAN_POINT('Ctrl Pts',(-9.18821758590638,-42.9177512228489,
0.2));
#10800=CARTESIAN_POINT('Ctrl Pts',(-9.1943727871961,-42.920686024543,0.2));
#10801=CARTESIAN_POINT('Ctrl Pts',(-9.20661283234011,-42.9265220814865,
0.2));
#10802=CARTESIAN_POINT('Ctrl Pts',(-9.2165568128969,-42.9357396465681,0.2));
#10803=CARTESIAN_POINT('Ctrl Pts',(-9.22150022350251,-42.9403219372034,
0.2));
#10804=CARTESIAN_POINT('',(-9.18821758590638,-42.9177512228489,0.));
#10805=CARTESIAN_POINT('Ctrl Pts',(-9.14690203033387,-42.9097175598145,
0.));
#10806=CARTESIAN_POINT('Ctrl Pts',(-9.14690203033387,-42.9097175598145,
0.2));
#10807=CARTESIAN_POINT('Ctrl Pts',(-9.15411342562199,-42.9100285108518,
0.));
#10808=CARTESIAN_POINT('Ctrl Pts',(-9.15411342562199,-42.9100285108518,
0.2));
#10809=CARTESIAN_POINT('Ctrl Pts',(-9.16829085110361,-42.910639832931,0.));
#10810=CARTESIAN_POINT('Ctrl Pts',(-9.16829085110361,-42.910639832931,0.2));
#10811=CARTESIAN_POINT('Ctrl Pts',(-9.18165242274541,-42.9154082682417,
0.));
#10812=CARTESIAN_POINT('Ctrl Pts',(-9.18165242274541,-42.9154082682417,
0.2));
#10813=CARTESIAN_POINT('Ctrl Pts',(-9.18821758590638,-42.9177512228489,
0.));
#10814=CARTESIAN_POINT('Ctrl Pts',(-9.18821758590638,-42.9177512228489,
0.2));
#10815=CARTESIAN_POINT('',(-9.14690203033387,-42.9097175598145,0.));
#10816=CARTESIAN_POINT('Ctrl Pts',(-9.14690203033387,-42.9097175598145,
0.));
#10817=CARTESIAN_POINT('Ctrl Pts',(-9.15411342562199,-42.9100285108518,
0.));
#10818=CARTESIAN_POINT('Ctrl Pts',(-9.16829085110361,-42.910639832931,0.));
#10819=CARTESIAN_POINT('Ctrl Pts',(-9.18165242274541,-42.9154082682417,
0.));
#10820=CARTESIAN_POINT('Ctrl Pts',(-9.18821758590638,-42.9177512228489,
0.));
#10821=CARTESIAN_POINT('',(-9.14690203033387,-42.9097175598145,0.2));
#10822=CARTESIAN_POINT('Ctrl Pts',(-9.14690203033387,-42.9097175598145,
0.2));
#10823=CARTESIAN_POINT('Ctrl Pts',(-9.15411342562199,-42.9100285108518,
0.2));
#10824=CARTESIAN_POINT('Ctrl Pts',(-9.16829085110361,-42.910639832931,0.2));
#10825=CARTESIAN_POINT('Ctrl Pts',(-9.18165242274541,-42.9154082682417,
0.2));
#10826=CARTESIAN_POINT('Ctrl Pts',(-9.18821758590638,-42.9177512228489,
0.2));
#10827=CARTESIAN_POINT('',(-9.14690203033387,-42.9097175598145,0.));
#10828=CARTESIAN_POINT('Ctrl Pts',(-9.10558587871492,-42.9177512228489,
0.));
#10829=CARTESIAN_POINT('Ctrl Pts',(-9.10558587871492,-42.9177512228489,
0.2));
#10830=CARTESIAN_POINT('Ctrl Pts',(-9.11215124194129,-42.915408267932,0.));
#10831=CARTESIAN_POINT('Ctrl Pts',(-9.11215124194129,-42.915408267932,0.2));
#10832=CARTESIAN_POINT('Ctrl Pts',(-9.12551303422909,-42.9106398985577,
0.));
#10833=CARTESIAN_POINT('Ctrl Pts',(-9.12551303422909,-42.9106398985577,
0.2));
#10834=CARTESIAN_POINT('Ctrl Pts',(-9.13969064039014,-42.9100285301987,
0.));
#10835=CARTESIAN_POINT('Ctrl Pts',(-9.13969064039014,-42.9100285301987,
0.2));
#10836=CARTESIAN_POINT('Ctrl Pts',(-9.14690203033387,-42.9097175598145,
0.));
#10837=CARTESIAN_POINT('Ctrl Pts',(-9.14690203033387,-42.9097175598145,
0.2));
#10838=CARTESIAN_POINT('Ctrl Pts',(-9.10558587871492,-42.9177512228489,
0.));
#10839=CARTESIAN_POINT('Ctrl Pts',(-9.11215124194129,-42.915408267932,0.));
#10840=CARTESIAN_POINT('Ctrl Pts',(-9.12551303422909,-42.9106398985577,
0.));
#10841=CARTESIAN_POINT('Ctrl Pts',(-9.13969064039014,-42.9100285301987,
0.));
#10842=CARTESIAN_POINT('Ctrl Pts',(-9.14690203033387,-42.9097175598145,
0.));
#10843=CARTESIAN_POINT('Ctrl Pts',(-9.10558587871492,-42.9177512228489,
0.2));
#10844=CARTESIAN_POINT('Ctrl Pts',(-9.11215124194129,-42.915408267932,0.2));
#10845=CARTESIAN_POINT('Ctrl Pts',(-9.12551303422909,-42.9106398985577,
0.2));
#10846=CARTESIAN_POINT('Ctrl Pts',(-9.13969064039014,-42.9100285301987,
0.2));
#10847=CARTESIAN_POINT('Ctrl Pts',(-9.14690203033387,-42.9097175598145,
0.2));
#10848=CARTESIAN_POINT('Origin',(-5.65952591132373,-43.6140021681786,0.));
#10849=CARTESIAN_POINT('Origin',(-5.65952591132373,-43.6140021681786,0.2));
#10850=CARTESIAN_POINT('Origin',(-8.84774333797395,-43.8890595734119,0.));
#10851=CARTESIAN_POINT('',(-8.84774333797395,-43.8890595734119,0.));
#10852=CARTESIAN_POINT('',(-9.1002298053354,-43.8890595734119,0.));
#10853=CARTESIAN_POINT('',(-8.84774333797395,-43.8890595734119,0.));
#10854=CARTESIAN_POINT('',(-9.1002298053354,-43.8890595734119,0.2));
#10855=CARTESIAN_POINT('',(-9.1002298053354,-43.8890595734119,0.));
#10856=CARTESIAN_POINT('',(-8.84774333797395,-43.8890595734119,0.2));
#10857=CARTESIAN_POINT('',(-8.84774333797395,-43.8890595734119,0.2));
#10858=CARTESIAN_POINT('',(-8.84774333797395,-43.8890595734119,0.));
#10859=CARTESIAN_POINT('Origin',(-8.84774333797395,-44.0000006556511,0.));
#10860=CARTESIAN_POINT('',(-8.84774333797395,-44.0000006556511,0.));
#10861=CARTESIAN_POINT('',(-8.84774333797395,-44.0000006556511,0.));
#10862=CARTESIAN_POINT('',(-8.84774333797395,-44.0000006556511,0.2));
#10863=CARTESIAN_POINT('',(-8.84774333797395,-44.0000006556511,0.2));
#10864=CARTESIAN_POINT('',(-8.84774333797395,-44.0000006556511,0.));
#10865=CARTESIAN_POINT('Origin',(-9.46365780197084,-44.0000006556511,0.));
#10866=CARTESIAN_POINT('',(-9.46365780197084,-44.0000006556511,0.));
#10867=CARTESIAN_POINT('',(-9.46365780197084,-44.0000006556511,0.));
#10868=CARTESIAN_POINT('',(-9.46365780197084,-44.0000006556511,0.2));
#10869=CARTESIAN_POINT('',(-9.46365780197084,-44.0000006556511,0.2));
#10870=CARTESIAN_POINT('',(-9.46365780197084,-44.0000006556511,0.));
#10871=CARTESIAN_POINT('Origin',(-9.46365780197084,-43.8890595734119,0.));
#10872=CARTESIAN_POINT('',(-9.46365780197084,-43.8890595734119,0.));
#10873=CARTESIAN_POINT('',(-9.46365780197084,-43.8890595734119,0.));
#10874=CARTESIAN_POINT('',(-9.46365780197084,-43.8890595734119,0.2));
#10875=CARTESIAN_POINT('',(-9.46365780197084,-43.8890595734119,0.2));
#10876=CARTESIAN_POINT('',(-9.46365780197084,-43.8890595734119,0.));
#10877=CARTESIAN_POINT('Origin',(-9.23488921485841,-43.8890595734119,0.));
#10878=CARTESIAN_POINT('',(-9.23488921485841,-43.8890595734119,0.));
#10879=CARTESIAN_POINT('',(-9.23488921485841,-43.8890595734119,0.));
#10880=CARTESIAN_POINT('',(-9.23488921485841,-43.8890595734119,0.2));
#10881=CARTESIAN_POINT('',(-9.23488921485841,-43.8890595734119,0.2));
#10882=CARTESIAN_POINT('',(-9.23488921485841,-43.8890595734119,0.));
#10883=CARTESIAN_POINT('Origin',(-9.23488921485841,-43.2318292558193,0.));
#10884=CARTESIAN_POINT('',(-9.23488921485841,-43.2318292558193,0.));
#10885=CARTESIAN_POINT('',(-9.23488921485841,-43.2318292558193,0.));
#10886=CARTESIAN_POINT('',(-9.23488921485841,-43.2318292558193,0.2));
#10887=CARTESIAN_POINT('',(-9.23488921485841,-43.2318292558193,0.2));
#10888=CARTESIAN_POINT('',(-9.23488921485841,-43.2318292558193,0.));
#10889=CARTESIAN_POINT('Origin',(-8.87299186550081,-43.2318292558193,0.));
#10890=CARTESIAN_POINT('',(-8.87299186550081,-43.2318292558193,0.));
#10891=CARTESIAN_POINT('',(-8.87299186550081,-43.2318292558193,0.));
#10892=CARTESIAN_POINT('',(-8.87299186550081,-43.2318292558193,0.2));
#10893=CARTESIAN_POINT('',(-8.87299186550081,-43.2318292558193,0.2));
#10894=CARTESIAN_POINT('',(-8.87299186550081,-43.2318292558193,0.));
#10895=CARTESIAN_POINT('Origin',(-8.87299186550081,-43.342005237937,0.));
#10896=CARTESIAN_POINT('',(-8.87299186550081,-43.342005237937,0.));
#10897=CARTESIAN_POINT('',(-8.87299186550081,-43.342005237937,0.));
#10898=CARTESIAN_POINT('',(-8.87299186550081,-43.342005237937,0.2));
#10899=CARTESIAN_POINT('',(-8.87299186550081,-43.342005237937,0.2));
#10900=CARTESIAN_POINT('',(-8.87299186550081,-43.342005237937,0.));
#10901=CARTESIAN_POINT('Origin',(-9.1002298053354,-43.342005237937,0.));
#10902=CARTESIAN_POINT('',(-9.1002298053354,-43.342005237937,0.));
#10903=CARTESIAN_POINT('',(-9.1002298053354,-43.342005237937,0.));
#10904=CARTESIAN_POINT('',(-9.1002298053354,-43.342005237937,0.2));
#10905=CARTESIAN_POINT('',(-9.1002298053354,-43.342005237937,0.2));
#10906=CARTESIAN_POINT('',(-9.1002298053354,-43.342005237937,0.));
#10907=CARTESIAN_POINT('Origin',(-9.1002298053354,-43.8890595734119,0.));
#10908=CARTESIAN_POINT('',(-9.1002298053354,-43.8890595734119,0.));
#10909=CARTESIAN_POINT('',(-9.1002298053354,-43.8890595734119,0.2));
#10910=CARTESIAN_POINT('Origin',(-5.65952591132373,-43.6140021681786,0.));
#10911=CARTESIAN_POINT('Origin',(-5.65952591132373,-43.6140021681786,0.2));
#10912=CARTESIAN_POINT('Origin',(-6.611323421821,-43.7368024885654,0.));
#10913=CARTESIAN_POINT('',(-6.611323421821,-43.7368024885654,0.));
#10914=CARTESIAN_POINT('',(-6.7911250051111,-43.2318292558193,0.));
#10915=CARTESIAN_POINT('',(-6.611323421821,-43.7368024885654,0.));
#10916=CARTESIAN_POINT('',(-6.7911250051111,-43.2318292558193,0.2));
#10917=CARTESIAN_POINT('',(-6.7911250051111,-43.2318292558193,0.));
#10918=CARTESIAN_POINT('',(-6.611323421821,-43.7368024885654,0.2));
#10919=CARTESIAN_POINT('',(-6.611323421821,-43.7368024885654,0.2));
#10920=CARTESIAN_POINT('',(-6.611323421821,-43.7368024885654,0.));
#10921=CARTESIAN_POINT('Origin',(-6.56694716773927,-43.8592202961445,0.));
#10922=CARTESIAN_POINT('',(-6.56694716773927,-43.8592202961445,0.));
#10923=CARTESIAN_POINT('',(-6.56694716773927,-43.8592202961445,0.));
#10924=CARTESIAN_POINT('',(-6.56694716773927,-43.8592202961445,0.2));
#10925=CARTESIAN_POINT('',(-6.56694716773927,-43.8592202961445,0.2));
#10926=CARTESIAN_POINT('',(-6.56694716773927,-43.8592202961445,0.));
#10927=CARTESIAN_POINT('Origin',(-6.52792639099061,-43.7398628890514,0.));
#10928=CARTESIAN_POINT('',(-6.52792639099061,-43.7398628890514,0.));
#10929=CARTESIAN_POINT('',(-6.52792639099061,-43.7398628890514,0.));
#10930=CARTESIAN_POINT('',(-6.52792639099061,-43.7398628890514,0.2));
#10931=CARTESIAN_POINT('',(-6.52792639099061,-43.7398628890514,0.2));
#10932=CARTESIAN_POINT('',(-6.52792639099061,-43.7398628890514,0.));
#10933=CARTESIAN_POINT('Origin',(-6.33358842693269,-43.2318292558193,0.));
#10934=CARTESIAN_POINT('',(-6.33358842693269,-43.2318292558193,0.));
#10935=CARTESIAN_POINT('',(-6.33358842693269,-43.2318292558193,0.));
#10936=CARTESIAN_POINT('',(-6.33358842693269,-43.2318292558193,0.2));
#10937=CARTESIAN_POINT('',(-6.33358842693269,-43.2318292558193,0.2));
#10938=CARTESIAN_POINT('',(-6.33358842693269,-43.2318292558193,0.));
#10939=CARTESIAN_POINT('Origin',(-6.18209666572511,-43.2318292558193,0.));
#10940=CARTESIAN_POINT('',(-6.18209666572511,-43.2318292558193,0.));
#10941=CARTESIAN_POINT('',(-6.18209666572511,-43.2318292558193,0.));
#10942=CARTESIAN_POINT('',(-6.18209666572511,-43.2318292558193,0.2));
#10943=CARTESIAN_POINT('',(-6.18209666572511,-43.2318292558193,0.2));
#10944=CARTESIAN_POINT('',(-6.18209666572511,-43.2318292558193,0.));
#10945=CARTESIAN_POINT('Origin',(-6.48890561424196,-44.0000006556511,0.));
#10946=CARTESIAN_POINT('',(-6.48890561424196,-44.0000006556511,0.));
#10947=CARTESIAN_POINT('',(-6.48890561424196,-44.0000006556511,0.));
#10948=CARTESIAN_POINT('',(-6.48890561424196,-44.0000006556511,0.2));
#10949=CARTESIAN_POINT('',(-6.48890561424196,-44.0000006556511,0.2));
#10950=CARTESIAN_POINT('',(-6.48890561424196,-44.0000006556511,0.));
#10951=CARTESIAN_POINT('Ctrl Pts',(-6.43840855918825,-44.0925790369511,
0.));
#10952=CARTESIAN_POINT('Ctrl Pts',(-6.43840855918825,-44.0925790369511,
0.2));
#10953=CARTESIAN_POINT('Ctrl Pts',(-6.44724308955613,-44.0786478972092,
0.));
#10954=CARTESIAN_POINT('Ctrl Pts',(-6.44724308955613,-44.0786478972092,
0.2));
#10955=CARTESIAN_POINT('Ctrl Pts',(-6.46610592800771,-44.0489031538607,
0.));
#10956=CARTESIAN_POINT('Ctrl Pts',(-6.46610592800771,-44.0489031538607,
0.2));
#10957=CARTESIAN_POINT('Ctrl Pts',(-6.4809916923251,-44.0169750362805,0.));
#10958=CARTESIAN_POINT('Ctrl Pts',(-6.4809916923251,-44.0169750362805,0.2));
#10959=CARTESIAN_POINT('Ctrl Pts',(-6.48890561424196,-44.0000006556511,
0.));
#10960=CARTESIAN_POINT('Ctrl Pts',(-6.48890561424196,-44.0000006556511,
0.2));
#10961=CARTESIAN_POINT('',(-6.43840855918825,-44.0925790369511,0.));
#10962=CARTESIAN_POINT('Ctrl Pts',(-6.43840855918825,-44.0925790369511,
0.));
#10963=CARTESIAN_POINT('Ctrl Pts',(-6.44724308955613,-44.0786478972092,
0.));
#10964=CARTESIAN_POINT('Ctrl Pts',(-6.46610592800771,-44.0489031538607,
0.));
#10965=CARTESIAN_POINT('Ctrl Pts',(-6.4809916923251,-44.0169750362805,0.));
#10966=CARTESIAN_POINT('Ctrl Pts',(-6.48890561424196,-44.0000006556511,
0.));
#10967=CARTESIAN_POINT('',(-6.43840855918825,-44.0925790369511,0.2));
#10968=CARTESIAN_POINT('Ctrl Pts',(-6.43840855918825,-44.0925790369511,
0.2));
#10969=CARTESIAN_POINT('Ctrl Pts',(-6.44724308955613,-44.0786478972092,
0.2));
#10970=CARTESIAN_POINT('Ctrl Pts',(-6.46610592800771,-44.0489031538607,
0.2));
#10971=CARTESIAN_POINT('Ctrl Pts',(-6.4809916923251,-44.0169750362805,0.2));
#10972=CARTESIAN_POINT('Ctrl Pts',(-6.48890561424196,-44.0000006556511,
0.2));
#10973=CARTESIAN_POINT('',(-6.43840855918825,-44.0925790369511,0.));
#10974=CARTESIAN_POINT('Ctrl Pts',(-6.3840854819864,-44.1549356281757,0.));
#10975=CARTESIAN_POINT('Ctrl Pts',(-6.3840854819864,-44.1549356281757,0.2));
#10976=CARTESIAN_POINT('Ctrl Pts',(-6.3936400592835,-44.1459939057067,0.));
#10977=CARTESIAN_POINT('Ctrl Pts',(-6.3936400592835,-44.1459939057067,0.2));
#10978=CARTESIAN_POINT('Ctrl Pts',(-6.41386478197575,-44.1270664480385,
0.));
#10979=CARTESIAN_POINT('Ctrl Pts',(-6.41386478197575,-44.1270664480385,
0.2));
#10980=CARTESIAN_POINT('Ctrl Pts',(-6.42993188692466,-44.1044899371551,
0.));
#10981=CARTESIAN_POINT('Ctrl Pts',(-6.42993188692466,-44.1044899371551,
0.2));
#10982=CARTESIAN_POINT('Ctrl Pts',(-6.43840855918825,-44.0925790369511,
0.));
#10983=CARTESIAN_POINT('Ctrl Pts',(-6.43840855918825,-44.0925790369511,
0.2));
#10984=CARTESIAN_POINT('',(-6.3840854819864,-44.1549356281757,0.));
#10985=CARTESIAN_POINT('Ctrl Pts',(-6.3840854819864,-44.1549356281757,0.));
#10986=CARTESIAN_POINT('Ctrl Pts',(-6.3936400592835,-44.1459939057067,0.));
#10987=CARTESIAN_POINT('Ctrl Pts',(-6.41386478197575,-44.1270664480385,
0.));
#10988=CARTESIAN_POINT('Ctrl Pts',(-6.42993188692466,-44.1044899371551,
0.));
#10989=CARTESIAN_POINT('Ctrl Pts',(-6.43840855918825,-44.0925790369511,
0.));
#10990=CARTESIAN_POINT('',(-6.3840854819864,-44.1549356281757,0.2));
#10991=CARTESIAN_POINT('Ctrl Pts',(-6.3840854819864,-44.1549356281757,0.2));
#10992=CARTESIAN_POINT('Ctrl Pts',(-6.3936400592835,-44.1459939057067,0.2));
#10993=CARTESIAN_POINT('Ctrl Pts',(-6.41386478197575,-44.1270664480385,
0.2));
#10994=CARTESIAN_POINT('Ctrl Pts',(-6.42993188692466,-44.1044899371551,
0.2));
#10995=CARTESIAN_POINT('Ctrl Pts',(-6.43840855918825,-44.0925790369511,
0.2));
#10996=CARTESIAN_POINT('',(-6.3840854819864,-44.1549356281757,0.));
#10997=CARTESIAN_POINT('Ctrl Pts',(-6.32402426563203,-44.1897481679916,
0.));
#10998=CARTESIAN_POINT('Ctrl Pts',(-6.32402426563203,-44.1897481679916,
0.2));
#10999=CARTESIAN_POINT('Ctrl Pts',(-6.33458388395988,-44.1855175009427,
0.));
#11000=CARTESIAN_POINT('Ctrl Pts',(-6.33458388395988,-44.1855175009427,
0.2));
#11001=CARTESIAN_POINT('Ctrl Pts',(-6.3562816560983,-44.1768243790163,0.));
#11002=CARTESIAN_POINT('Ctrl Pts',(-6.3562816560983,-44.1768243790163,0.2));
#11003=CARTESIAN_POINT('Ctrl Pts',(-6.37465424835087,-44.1623604309348,
0.));
#11004=CARTESIAN_POINT('Ctrl Pts',(-6.37465424835087,-44.1623604309348,
0.2));
#11005=CARTESIAN_POINT('Ctrl Pts',(-6.3840854819864,-44.1549356281757,0.));
#11006=CARTESIAN_POINT('Ctrl Pts',(-6.3840854819864,-44.1549356281757,0.2));
#11007=CARTESIAN_POINT('',(-6.32402426563203,-44.1897481679916,0.));
#11008=CARTESIAN_POINT('Ctrl Pts',(-6.32402426563203,-44.1897481679916,
0.));
#11009=CARTESIAN_POINT('Ctrl Pts',(-6.33458388395988,-44.1855175009427,
0.));
#11010=CARTESIAN_POINT('Ctrl Pts',(-6.3562816560983,-44.1768243790163,0.));
#11011=CARTESIAN_POINT('Ctrl Pts',(-6.37465424835087,-44.1623604309348,
0.));
#11012=CARTESIAN_POINT('Ctrl Pts',(-6.3840854819864,-44.1549356281757,0.));
#11013=CARTESIAN_POINT('',(-6.32402426563203,-44.1897481679916,0.2));
#11014=CARTESIAN_POINT('Ctrl Pts',(-6.32402426563203,-44.1897481679916,
0.2));
#11015=CARTESIAN_POINT('Ctrl Pts',(-6.33458388395988,-44.1855175009427,
0.2));
#11016=CARTESIAN_POINT('Ctrl Pts',(-6.3562816560983,-44.1768243790163,0.2));
#11017=CARTESIAN_POINT('Ctrl Pts',(-6.37465424835087,-44.1623604309348,
0.2));
#11018=CARTESIAN_POINT('Ctrl Pts',(-6.3840854819864,-44.1549356281757,0.2));
#11019=CARTESIAN_POINT('',(-6.32402426563203,-44.1897481679916,0.));
#11020=CARTESIAN_POINT('Ctrl Pts',(-6.25554687343538,-44.2004597187042,
0.));
#11021=CARTESIAN_POINT('Ctrl Pts',(-6.25554687343538,-44.2004597187042,
0.2));
#11022=CARTESIAN_POINT('Ctrl Pts',(-6.2674517512711,-44.2000565812695,0.));
#11023=CARTESIAN_POINT('Ctrl Pts',(-6.2674517512711,-44.2000565812695,0.2));
#11024=CARTESIAN_POINT('Ctrl Pts',(-6.29071827680747,-44.1992687019187,
0.));
#11025=CARTESIAN_POINT('Ctrl Pts',(-6.29071827680747,-44.1992687019187,
0.2));
#11026=CARTESIAN_POINT('Ctrl Pts',(-6.31309643213772,-44.1928718947808,
0.));
#11027=CARTESIAN_POINT('Ctrl Pts',(-6.31309643213772,-44.1928718947808,
0.2));
#11028=CARTESIAN_POINT('Ctrl Pts',(-6.32402426563203,-44.1897481679916,
0.));
#11029=CARTESIAN_POINT('Ctrl Pts',(-6.32402426563203,-44.1897481679916,
0.2));
#11030=CARTESIAN_POINT('',(-6.25554687343538,-44.2004597187042,0.));
#11031=CARTESIAN_POINT('Ctrl Pts',(-6.25554687343538,-44.2004597187042,
0.));
#11032=CARTESIAN_POINT('Ctrl Pts',(-6.2674517512711,-44.2000565812695,0.));
#11033=CARTESIAN_POINT('Ctrl Pts',(-6.29071827680747,-44.1992687019187,
0.));
#11034=CARTESIAN_POINT('Ctrl Pts',(-6.31309643213772,-44.1928718947808,
0.));
#11035=CARTESIAN_POINT('Ctrl Pts',(-6.32402426563203,-44.1897481679916,
0.));
#11036=CARTESIAN_POINT('',(-6.25554687343538,-44.2004597187042,0.2));
#11037=CARTESIAN_POINT('Ctrl Pts',(-6.25554687343538,-44.2004597187042,
0.2));
#11038=CARTESIAN_POINT('Ctrl Pts',(-6.2674517512711,-44.2000565812695,0.2));
#11039=CARTESIAN_POINT('Ctrl Pts',(-6.29071827680747,-44.1992687019187,
0.2));
#11040=CARTESIAN_POINT('Ctrl Pts',(-6.31309643213772,-44.1928718947808,
0.2));
#11041=CARTESIAN_POINT('Ctrl Pts',(-6.32402426563203,-44.1897481679916,
0.2));
#11042=CARTESIAN_POINT('',(-6.25554687343538,-44.2004597187042,0.));
#11043=CARTESIAN_POINT('Ctrl Pts',(-6.21346599422395,-44.1985470056534,
0.));
#11044=CARTESIAN_POINT('Ctrl Pts',(-6.21346599422395,-44.1985470056534,
0.2));
#11045=CARTESIAN_POINT('Ctrl Pts',(-6.22028467431861,-44.1991047740737,
0.));
#11046=CARTESIAN_POINT('Ctrl Pts',(-6.22028467431861,-44.1991047740737,
0.2));
#11047=CARTESIAN_POINT('Ctrl Pts',(-6.23428822887371,-44.2002502656342,
0.));
#11048=CARTESIAN_POINT('Ctrl Pts',(-6.23428822887371,-44.2002502656342,
0.2));
#11049=CARTESIAN_POINT('Ctrl Pts',(-6.24833818928694,-44.2003886943724,
0.));
#11050=CARTESIAN_POINT('Ctrl Pts',(-6.24833818928694,-44.2003886943724,
0.2));
#11051=CARTESIAN_POINT('Ctrl Pts',(-6.25554687343538,-44.2004597187042,
0.));
#11052=CARTESIAN_POINT('Ctrl Pts',(-6.25554687343538,-44.2004597187042,
0.2));
#11053=CARTESIAN_POINT('',(-6.21346599422395,-44.1985470056534,0.));
#11054=CARTESIAN_POINT('Ctrl Pts',(-6.21346599422395,-44.1985470056534,
0.));
#11055=CARTESIAN_POINT('Ctrl Pts',(-6.22028467431861,-44.1991047740737,
0.));
#11056=CARTESIAN_POINT('Ctrl Pts',(-6.23428822887371,-44.2002502656342,
0.));
#11057=CARTESIAN_POINT('Ctrl Pts',(-6.24833818928694,-44.2003886943724,
0.));
#11058=CARTESIAN_POINT('Ctrl Pts',(-6.25554687343538,-44.2004597187042,
0.));
#11059=CARTESIAN_POINT('',(-6.21346599422395,-44.1985470056534,0.2));
#11060=CARTESIAN_POINT('Ctrl Pts',(-6.21346599422395,-44.1985470056534,
0.2));
#11061=CARTESIAN_POINT('Ctrl Pts',(-6.22028467431861,-44.1991047740737,
0.2));
#11062=CARTESIAN_POINT('Ctrl Pts',(-6.23428822887371,-44.2002502656342,
0.2));
#11063=CARTESIAN_POINT('Ctrl Pts',(-6.24833818928694,-44.2003886943724,
0.2));
#11064=CARTESIAN_POINT('Ctrl Pts',(-6.25554687343538,-44.2004597187042,
0.2));
#11065=CARTESIAN_POINT('',(-6.21346599422395,-44.1985470056534,0.));
#11066=CARTESIAN_POINT('Ctrl Pts',(-6.17674059234559,-44.1943387687206,
0.));
#11067=CARTESIAN_POINT('Ctrl Pts',(-6.17674059234559,-44.1943387687206,
0.2));
#11068=CARTESIAN_POINT('Ctrl Pts',(-6.18260328774556,-44.1950998017607,
0.));
#11069=CARTESIAN_POINT('Ctrl Pts',(-6.18260328774556,-44.1950998017607,
0.2));
#11070=CARTESIAN_POINT('Ctrl Pts',(-6.19482397423149,-44.1966861618825,
0.));
#11071=CARTESIAN_POINT('Ctrl Pts',(-6.19482397423149,-44.1966861618825,
0.2));
#11072=CARTESIAN_POINT('Ctrl Pts',(-6.20708632610829,-44.197910188094,0.));
#11073=CARTESIAN_POINT('Ctrl Pts',(-6.20708632610829,-44.197910188094,0.2));
#11074=CARTESIAN_POINT('Ctrl Pts',(-6.21346599422395,-44.1985470056534,
0.));
#11075=CARTESIAN_POINT('Ctrl Pts',(-6.21346599422395,-44.1985470056534,
0.2));
#11076=CARTESIAN_POINT('',(-6.17674059234559,-44.1943387687206,0.));
#11077=CARTESIAN_POINT('Ctrl Pts',(-6.17674059234559,-44.1943387687206,
0.));
#11078=CARTESIAN_POINT('Ctrl Pts',(-6.18260328774556,-44.1950998017607,
0.));
#11079=CARTESIAN_POINT('Ctrl Pts',(-6.19482397423149,-44.1966861618825,
0.));
#11080=CARTESIAN_POINT('Ctrl Pts',(-6.20708632610829,-44.197910188094,0.));
#11081=CARTESIAN_POINT('Ctrl Pts',(-6.21346599422395,-44.1985470056534,
0.));
#11082=CARTESIAN_POINT('',(-6.17674059234559,-44.1943387687206,0.2));
#11083=CARTESIAN_POINT('Ctrl Pts',(-6.17674059234559,-44.1943387687206,
0.2));
#11084=CARTESIAN_POINT('Ctrl Pts',(-6.18260328774556,-44.1950998017607,
0.2));
#11085=CARTESIAN_POINT('Ctrl Pts',(-6.19482397423149,-44.1966861618825,
0.2));
#11086=CARTESIAN_POINT('Ctrl Pts',(-6.20708632610829,-44.197910188094,0.2));
#11087=CARTESIAN_POINT('Ctrl Pts',(-6.21346599422395,-44.1985470056534,
0.2));
#11088=CARTESIAN_POINT('',(-6.17674059234559,-44.1943387687206,0.));
#11089=CARTESIAN_POINT('Origin',(-6.17674059234559,-44.3152263760567,0.));
#11090=CARTESIAN_POINT('',(-6.17674059234559,-44.3152263760567,0.));
#11091=CARTESIAN_POINT('',(-6.17674059234559,-44.3152263760567,0.));
#11092=CARTESIAN_POINT('',(-6.17674059234559,-44.3152263760567,0.2));
#11093=CARTESIAN_POINT('',(-6.17674059234559,-44.3152263760567,0.2));
#11094=CARTESIAN_POINT('',(-6.17674059234559,-44.3152263760567,0.));
#11095=CARTESIAN_POINT('Ctrl Pts',(-6.21193594299257,-44.317521750927,0.));
#11096=CARTESIAN_POINT('Ctrl Pts',(-6.21193594299257,-44.317521750927,0.2));
#11097=CARTESIAN_POINT('Ctrl Pts',(-6.20632376506912,-44.3172244570504,
0.));
#11098=CARTESIAN_POINT('Ctrl Pts',(-6.20632376506912,-44.3172244570504,
0.2));
#11099=CARTESIAN_POINT('Ctrl Pts',(-6.19458269527576,-44.3166024974117,
0.));
#11100=CARTESIAN_POINT('Ctrl Pts',(-6.19458269527576,-44.3166024974117,
0.2));
#11101=CARTESIAN_POINT('Ctrl Pts',(-6.1828599294573,-44.3156983467942,0.));
#11102=CARTESIAN_POINT('Ctrl Pts',(-6.1828599294573,-44.3156983467942,0.2));
#11103=CARTESIAN_POINT('Ctrl Pts',(-6.17674059234559,-44.3152263760567,
0.));
#11104=CARTESIAN_POINT('Ctrl Pts',(-6.17674059234559,-44.3152263760567,
0.2));
#11105=CARTESIAN_POINT('',(-6.21193594299257,-44.317521750927,0.));
#11106=CARTESIAN_POINT('Ctrl Pts',(-6.21193594299257,-44.317521750927,0.));
#11107=CARTESIAN_POINT('Ctrl Pts',(-6.20632376506912,-44.3172244570504,
0.));
#11108=CARTESIAN_POINT('Ctrl Pts',(-6.19458269527576,-44.3166024974117,
0.));
#11109=CARTESIAN_POINT('Ctrl Pts',(-6.1828599294573,-44.3156983467942,0.));
#11110=CARTESIAN_POINT('Ctrl Pts',(-6.17674059234559,-44.3152263760567,
0.));
#11111=CARTESIAN_POINT('',(-6.21193594299257,-44.317521750927,0.2));
#11112=CARTESIAN_POINT('Ctrl Pts',(-6.21193594299257,-44.317521750927,0.2));
#11113=CARTESIAN_POINT('Ctrl Pts',(-6.20632376506912,-44.3172244570504,
0.2));
#11114=CARTESIAN_POINT('Ctrl Pts',(-6.19458269527576,-44.3166024974117,
0.2));
#11115=CARTESIAN_POINT('Ctrl Pts',(-6.1828599294573,-44.3156983467942,0.2));
#11116=CARTESIAN_POINT('Ctrl Pts',(-6.17674059234559,-44.3152263760567,
0.2));
#11117=CARTESIAN_POINT('',(-6.21193594299257,-44.317521750927,0.));
#11118=CARTESIAN_POINT('Ctrl Pts',(-6.24789602123201,-44.3182867765427,
0.));
#11119=CARTESIAN_POINT('Ctrl Pts',(-6.24789602123201,-44.3182867765427,
0.2));
#11120=CARTESIAN_POINT('Ctrl Pts',(-6.24158303079612,-44.3182622540141,
0.));
#11121=CARTESIAN_POINT('Ctrl Pts',(-6.24158303079612,-44.3182622540141,
0.2));
#11122=CARTESIAN_POINT('Ctrl Pts',(-6.22959177361483,-44.3182156745127,
0.));
#11123=CARTESIAN_POINT('Ctrl Pts',(-6.22959177361483,-44.3182156745127,
0.2));
#11124=CARTESIAN_POINT('Ctrl Pts',(-6.21760980926654,-44.3177447497603,
0.));
#11125=CARTESIAN_POINT('Ctrl Pts',(-6.21760980926654,-44.3177447497603,
0.2));
#11126=CARTESIAN_POINT('Ctrl Pts',(-6.21193594299257,-44.317521750927,0.));
#11127=CARTESIAN_POINT('Ctrl Pts',(-6.21193594299257,-44.317521750927,0.2));
#11128=CARTESIAN_POINT('',(-6.24789602123201,-44.3182867765427,0.));
#11129=CARTESIAN_POINT('Ctrl Pts',(-6.24789602123201,-44.3182867765427,
0.));
#11130=CARTESIAN_POINT('Ctrl Pts',(-6.24158303079612,-44.3182622540141,
0.));
#11131=CARTESIAN_POINT('Ctrl Pts',(-6.22959177361483,-44.3182156745127,
0.));
#11132=CARTESIAN_POINT('Ctrl Pts',(-6.21760980926654,-44.3177447497603,
0.));
#11133=CARTESIAN_POINT('Ctrl Pts',(-6.21193594299257,-44.317521750927,0.));
#11134=CARTESIAN_POINT('',(-6.24789602123201,-44.3182867765427,0.2));
#11135=CARTESIAN_POINT('Ctrl Pts',(-6.24789602123201,-44.3182867765427,
0.2));
#11136=CARTESIAN_POINT('Ctrl Pts',(-6.24158303079612,-44.3182622540141,
0.2));
#11137=CARTESIAN_POINT('Ctrl Pts',(-6.22959177361483,-44.3182156745127,
0.2));
#11138=CARTESIAN_POINT('Ctrl Pts',(-6.21760980926654,-44.3177447497603,
0.2));
#11139=CARTESIAN_POINT('Ctrl Pts',(-6.21193594299257,-44.317521750927,0.2));
#11140=CARTESIAN_POINT('',(-6.24789602123201,-44.3182867765427,0.));
#11141=CARTESIAN_POINT('Ctrl Pts',(-6.38485080562532,-44.2953334748745,
0.));
#11142=CARTESIAN_POINT('Ctrl Pts',(-6.38485080562532,-44.2953334748745,
0.2));
#11143=CARTESIAN_POINT('Ctrl Pts',(-6.36339975538598,-44.3020255187554,
0.));
#11144=CARTESIAN_POINT('Ctrl Pts',(-6.36339975538598,-44.3020255187554,
0.2));
#11145=CARTESIAN_POINT('Ctrl Pts',(-6.31881866776299,-44.3159333969851,
0.));
#11146=CARTESIAN_POINT('Ctrl Pts',(-6.31881866776299,-44.3159333969851,
0.2));
#11147=CARTESIAN_POINT('Ctrl Pts',(-6.27212311043556,-44.3174828649677,
0.));
#11148=CARTESIAN_POINT('Ctrl Pts',(-6.27212311043556,-44.3174828649677,
0.2));
#11149=CARTESIAN_POINT('Ctrl Pts',(-6.24789602123201,-44.3182867765427,
0.));
#11150=CARTESIAN_POINT('Ctrl Pts',(-6.24789602123201,-44.3182867765427,
0.2));
#11151=CARTESIAN_POINT('',(-6.38485080562532,-44.2953334748745,0.));
#11152=CARTESIAN_POINT('Ctrl Pts',(-6.38485080562532,-44.2953334748745,
0.));
#11153=CARTESIAN_POINT('Ctrl Pts',(-6.36339975538598,-44.3020255187554,
0.));
#11154=CARTESIAN_POINT('Ctrl Pts',(-6.31881866776299,-44.3159333969851,
0.));
#11155=CARTESIAN_POINT('Ctrl Pts',(-6.27212311043556,-44.3174828649677,
0.));
#11156=CARTESIAN_POINT('Ctrl Pts',(-6.24789602123201,-44.3182867765427,
0.));
#11157=CARTESIAN_POINT('',(-6.38485080562532,-44.2953334748745,0.2));
#11158=CARTESIAN_POINT('Ctrl Pts',(-6.38485080562532,-44.2953334748745,
0.2));
#11159=CARTESIAN_POINT('Ctrl Pts',(-6.36339975538598,-44.3020255187554,
0.2));
#11160=CARTESIAN_POINT('Ctrl Pts',(-6.31881866776299,-44.3159333969851,
0.2));
#11161=CARTESIAN_POINT('Ctrl Pts',(-6.27212311043556,-44.3174828649677,
0.2));
#11162=CARTESIAN_POINT('Ctrl Pts',(-6.24789602123201,-44.3182867765427,
0.2));
#11163=CARTESIAN_POINT('',(-6.38485080562532,-44.2953334748745,0.));
#11164=CARTESIAN_POINT('Ctrl Pts',(-6.49732179008424,-44.2237956821918,
0.));
#11165=CARTESIAN_POINT('Ctrl Pts',(-6.49732179008424,-44.2237956821918,
0.2));
#11166=CARTESIAN_POINT('Ctrl Pts',(-6.48003093778545,-44.2388423898504,
0.));
#11167=CARTESIAN_POINT('Ctrl Pts',(-6.48003093778545,-44.2388423898504,
0.2));
#11168=CARTESIAN_POINT('Ctrl Pts',(-6.44612456004738,-44.2683481276109,
0.));
#11169=CARTESIAN_POINT('Ctrl Pts',(-6.44612456004738,-44.2683481276109,
0.2));
#11170=CARTESIAN_POINT('Ctrl Pts',(-6.40500237477317,-44.2864585969355,
0.));
#11171=CARTESIAN_POINT('Ctrl Pts',(-6.40500237477317,-44.2864585969355,
0.2));
#11172=CARTESIAN_POINT('Ctrl Pts',(-6.38485080562532,-44.2953334748745,
0.));
#11173=CARTESIAN_POINT('Ctrl Pts',(-6.38485080562532,-44.2953334748745,
0.2));
#11174=CARTESIAN_POINT('',(-6.49732179008424,-44.2237956821918,0.));
#11175=CARTESIAN_POINT('Ctrl Pts',(-6.49732179008424,-44.2237956821918,
0.));
#11176=CARTESIAN_POINT('Ctrl Pts',(-6.48003093778545,-44.2388423898504,
0.));
#11177=CARTESIAN_POINT('Ctrl Pts',(-6.44612456004738,-44.2683481276109,
0.));
#11178=CARTESIAN_POINT('Ctrl Pts',(-6.40500237477317,-44.2864585969355,
0.));
#11179=CARTESIAN_POINT('Ctrl Pts',(-6.38485080562532,-44.2953334748745,
0.));
#11180=CARTESIAN_POINT('',(-6.49732179008424,-44.2237956821918,0.2));
#11181=CARTESIAN_POINT('Ctrl Pts',(-6.49732179008424,-44.2237956821918,
0.2));
#11182=CARTESIAN_POINT('Ctrl Pts',(-6.48003093778545,-44.2388423898504,
0.2));
#11183=CARTESIAN_POINT('Ctrl Pts',(-6.44612456004738,-44.2683481276109,
0.2));
#11184=CARTESIAN_POINT('Ctrl Pts',(-6.40500237477317,-44.2864585969355,
0.2));
#11185=CARTESIAN_POINT('Ctrl Pts',(-6.38485080562532,-44.2953334748745,
0.2));
#11186=CARTESIAN_POINT('',(-6.49732179008424,-44.2237956821918,0.));
#11187=CARTESIAN_POINT('Ctrl Pts',(-6.59181303344667,-44.099465161562,0.));
#11188=CARTESIAN_POINT('Ctrl Pts',(-6.59181303344667,-44.099465161562,0.2));
#11189=CARTESIAN_POINT('Ctrl Pts',(-6.57757438216396,-44.1230942072742,
0.));
#11190=CARTESIAN_POINT('Ctrl Pts',(-6.57757438216396,-44.1230942072742,
0.2));
#11191=CARTESIAN_POINT('Ctrl Pts',(-6.55054031646642,-44.1679572467202,
0.));
#11192=CARTESIAN_POINT('Ctrl Pts',(-6.55054031646642,-44.1679572467202,
0.2));
#11193=CARTESIAN_POINT('Ctrl Pts',(-6.51441850080418,-44.2058573129206,
0.));
#11194=CARTESIAN_POINT('Ctrl Pts',(-6.51441850080418,-44.2058573129206,
0.2));
#11195=CARTESIAN_POINT('Ctrl Pts',(-6.49732179008424,-44.2237956821918,
0.));
#11196=CARTESIAN_POINT('Ctrl Pts',(-6.49732179008424,-44.2237956821918,
0.2));
#11197=CARTESIAN_POINT('',(-6.59181303344667,-44.099465161562,0.));
#11198=CARTESIAN_POINT('Ctrl Pts',(-6.59181303344667,-44.099465161562,0.));
#11199=CARTESIAN_POINT('Ctrl Pts',(-6.57757438216396,-44.1230942072742,
0.));
#11200=CARTESIAN_POINT('Ctrl Pts',(-6.55054031646642,-44.1679572467202,
0.));
#11201=CARTESIAN_POINT('Ctrl Pts',(-6.51441850080418,-44.2058573129206,
0.));
#11202=CARTESIAN_POINT('Ctrl Pts',(-6.49732179008424,-44.2237956821918,
0.));
#11203=CARTESIAN_POINT('',(-6.59181303344667,-44.099465161562,0.2));
#11204=CARTESIAN_POINT('Ctrl Pts',(-6.59181303344667,-44.099465161562,0.2));
#11205=CARTESIAN_POINT('Ctrl Pts',(-6.57757438216396,-44.1230942072742,
0.2));
#11206=CARTESIAN_POINT('Ctrl Pts',(-6.55054031646642,-44.1679572467202,
0.2));
#11207=CARTESIAN_POINT('Ctrl Pts',(-6.51441850080418,-44.2058573129206,
0.2));
#11208=CARTESIAN_POINT('Ctrl Pts',(-6.49732179008424,-44.2237956821918,
0.2));
#11209=CARTESIAN_POINT('',(-6.59181303344667,-44.099465161562,0.));
#11210=CARTESIAN_POINT('Ctrl Pts',(-6.67559272609651,-43.9188988506794,
0.));
#11211=CARTESIAN_POINT('Ctrl Pts',(-6.67559272609651,-43.9188988506794,
0.2));
#11212=CARTESIAN_POINT('Ctrl Pts',(-6.66248128347015,-43.9517095257636,
0.));
#11213=CARTESIAN_POINT('Ctrl Pts',(-6.66248128347015,-43.9517095257636,
0.2));
#11214=CARTESIAN_POINT('Ctrl Pts',(-6.63782014005801,-44.0134227015566,
0.));
#11215=CARTESIAN_POINT('Ctrl Pts',(-6.63782014005801,-44.0134227015566,
0.2));
#11216=CARTESIAN_POINT('Ctrl Pts',(-6.60648732031157,-44.0720213200845,
0.));
#11217=CARTESIAN_POINT('Ctrl Pts',(-6.60648732031157,-44.0720213200845,
0.2));
#11218=CARTESIAN_POINT('Ctrl Pts',(-6.59181303344667,-44.099465161562,0.));
#11219=CARTESIAN_POINT('Ctrl Pts',(-6.59181303344667,-44.099465161562,0.2));
#11220=CARTESIAN_POINT('',(-6.67559272609651,-43.9188988506794,0.));
#11221=CARTESIAN_POINT('Ctrl Pts',(-6.67559272609651,-43.9188988506794,
0.));
#11222=CARTESIAN_POINT('Ctrl Pts',(-6.66248128347015,-43.9517095257636,
0.));
#11223=CARTESIAN_POINT('Ctrl Pts',(-6.63782014005801,-44.0134227015566,
0.));
#11224=CARTESIAN_POINT('Ctrl Pts',(-6.60648732031157,-44.0720213200845,
0.));
#11225=CARTESIAN_POINT('Ctrl Pts',(-6.59181303344667,-44.099465161562,0.));
#11226=CARTESIAN_POINT('',(-6.67559272609651,-43.9188988506794,0.2));
#11227=CARTESIAN_POINT('Ctrl Pts',(-6.67559272609651,-43.9188988506794,
0.2));
#11228=CARTESIAN_POINT('Ctrl Pts',(-6.66248128347015,-43.9517095257636,
0.2));
#11229=CARTESIAN_POINT('Ctrl Pts',(-6.63782014005801,-44.0134227015566,
0.2));
#11230=CARTESIAN_POINT('Ctrl Pts',(-6.60648732031157,-44.0720213200845,
0.2));
#11231=CARTESIAN_POINT('Ctrl Pts',(-6.59181303344667,-44.099465161562,0.2));
#11232=CARTESIAN_POINT('',(-6.67559272609651,-43.9188988506794,0.));
#11233=CARTESIAN_POINT('Origin',(-6.93726069293916,-43.2318292558193,0.));
#11234=CARTESIAN_POINT('',(-6.93726069293916,-43.2318292558193,0.));
#11235=CARTESIAN_POINT('',(-6.93726069293916,-43.2318292558193,0.));
#11236=CARTESIAN_POINT('',(-6.93726069293916,-43.2318292558193,0.2));
#11237=CARTESIAN_POINT('',(-6.93726069293916,-43.2318292558193,0.2));
#11238=CARTESIAN_POINT('',(-6.93726069293916,-43.2318292558193,0.));
#11239=CARTESIAN_POINT('Origin',(-6.7911250051111,-43.2318292558193,0.));
#11240=CARTESIAN_POINT('',(-6.7911250051111,-43.2318292558193,0.));
#11241=CARTESIAN_POINT('',(-6.7911250051111,-43.2318292558193,0.2));
#11242=CARTESIAN_POINT('Origin',(-5.65952591132373,-43.6140021681786,0.));
#11243=CARTESIAN_POINT('Origin',(-5.65952591132373,-43.6140021681786,0.2));
#11244=CARTESIAN_POINT('Ctrl Pts',(-5.8435348328203,-43.8381797075272,0.));
#11245=CARTESIAN_POINT('Ctrl Pts',(-5.8435348328203,-43.8381797075272,0.2));
#11246=CARTESIAN_POINT('Ctrl Pts',(-5.85374459579992,-43.825384692497,0.));
#11247=CARTESIAN_POINT('Ctrl Pts',(-5.85374459579992,-43.825384692497,0.2));
#11248=CARTESIAN_POINT('Ctrl Pts',(-5.87551826533754,-43.7980976311274,
0.));
#11249=CARTESIAN_POINT('Ctrl Pts',(-5.87551826533754,-43.7980976311274,
0.2));
#11250=CARTESIAN_POINT('Ctrl Pts',(-5.88761020588404,-43.7653099532726,
0.));
#11251=CARTESIAN_POINT('Ctrl Pts',(-5.88761020588404,-43.7653099532726,
0.2));
#11252=CARTESIAN_POINT('Ctrl Pts',(-5.89403218589723,-43.7478965520859,
0.));
#11253=CARTESIAN_POINT('Ctrl Pts',(-5.89403218589723,-43.7478965520859,
0.2));
#11254=CARTESIAN_POINT('',(-5.8435348328203,-43.8381797075272,0.));
#11255=CARTESIAN_POINT('',(-5.89403218589723,-43.7478965520859,0.));
#11256=CARTESIAN_POINT('Ctrl Pts',(-5.8435348328203,-43.8381797075272,0.));
#11257=CARTESIAN_POINT('Ctrl Pts',(-5.85374459579992,-43.825384692497,0.));
#11258=CARTESIAN_POINT('Ctrl Pts',(-5.87551826533754,-43.7980976311274,
0.));
#11259=CARTESIAN_POINT('Ctrl Pts',(-5.88761020588404,-43.7653099532726,
0.));
#11260=CARTESIAN_POINT('Ctrl Pts',(-5.89403218589723,-43.7478965520859,
0.));
#11261=CARTESIAN_POINT('',(-5.89403218589723,-43.7478965520859,0.2));
#11262=CARTESIAN_POINT('',(-5.89403218589723,-43.7478965520859,0.));
#11263=CARTESIAN_POINT('',(-5.8435348328203,-43.8381797075272,0.2));
#11264=CARTESIAN_POINT('Ctrl Pts',(-5.8435348328203,-43.8381797075272,0.2));
#11265=CARTESIAN_POINT('Ctrl Pts',(-5.85374459579992,-43.825384692497,0.2));
#11266=CARTESIAN_POINT('Ctrl Pts',(-5.87551826533754,-43.7980976311274,
0.2));
#11267=CARTESIAN_POINT('Ctrl Pts',(-5.88761020588404,-43.7653099532726,
0.2));
#11268=CARTESIAN_POINT('Ctrl Pts',(-5.89403218589723,-43.7478965520859,
0.2));
#11269=CARTESIAN_POINT('',(-5.8435348328203,-43.8381797075272,0.));
#11270=CARTESIAN_POINT('Ctrl Pts',(-5.77008432708681,-43.8867641985416,
0.));
#11271=CARTESIAN_POINT('Ctrl Pts',(-5.77008432708681,-43.8867641985416,
0.2));
#11272=CARTESIAN_POINT('Ctrl Pts',(-5.78364024717422,-43.8810290572702,
0.));
#11273=CARTESIAN_POINT('Ctrl Pts',(-5.78364024717422,-43.8810290572702,
0.2));
#11274=CARTESIAN_POINT('Ctrl Pts',(-5.81113149253979,-43.8693982587051,
0.));
#11275=CARTESIAN_POINT('Ctrl Pts',(-5.81113149253979,-43.8693982587051,
0.2));
#11276=CARTESIAN_POINT('Ctrl Pts',(-5.83263479741087,-43.8486811962726,
0.));
#11277=CARTESIAN_POINT('Ctrl Pts',(-5.83263479741087,-43.8486811962726,
0.2));
#11278=CARTESIAN_POINT('Ctrl Pts',(-5.8435348328203,-43.8381797075272,0.));
#11279=CARTESIAN_POINT('Ctrl Pts',(-5.8435348328203,-43.8381797075272,0.2));
#11280=CARTESIAN_POINT('',(-5.77008432708681,-43.8867641985416,0.));
#11281=CARTESIAN_POINT('Ctrl Pts',(-5.77008432708681,-43.8867641985416,
0.));
#11282=CARTESIAN_POINT('Ctrl Pts',(-5.78364024717422,-43.8810290572702,
0.));
#11283=CARTESIAN_POINT('Ctrl Pts',(-5.81113149253979,-43.8693982587051,
0.));
#11284=CARTESIAN_POINT('Ctrl Pts',(-5.83263479741087,-43.8486811962726,
0.));
#11285=CARTESIAN_POINT('Ctrl Pts',(-5.8435348328203,-43.8381797075272,0.));
#11286=CARTESIAN_POINT('',(-5.77008432708681,-43.8867641985416,0.2));
#11287=CARTESIAN_POINT('Ctrl Pts',(-5.77008432708681,-43.8867641985416,
0.2));
#11288=CARTESIAN_POINT('Ctrl Pts',(-5.78364024717422,-43.8810290572702,
0.2));
#11289=CARTESIAN_POINT('Ctrl Pts',(-5.81113149253979,-43.8693982587051,
0.2));
#11290=CARTESIAN_POINT('Ctrl Pts',(-5.83263479741087,-43.8486811962726,
0.2));
#11291=CARTESIAN_POINT('Ctrl Pts',(-5.8435348328203,-43.8381797075272,0.2));
#11292=CARTESIAN_POINT('',(-5.77008432708681,-43.8867641985416,0.));
#11293=CARTESIAN_POINT('Ctrl Pts',(-5.68247920833528,-43.9013013243675,
0.));
#11294=CARTESIAN_POINT('Ctrl Pts',(-5.68247920833528,-43.9013013243675,
0.2));
#11295=CARTESIAN_POINT('Ctrl Pts',(-5.69753583238759,-43.9007199848312,
0.));
#11296=CARTESIAN_POINT('Ctrl Pts',(-5.69753583238759,-43.9007199848312,
0.2));
#11297=CARTESIAN_POINT('Ctrl Pts',(-5.72735377209528,-43.8995687076802,
0.));
#11298=CARTESIAN_POINT('Ctrl Pts',(-5.72735377209528,-43.8995687076802,
0.2));
#11299=CARTESIAN_POINT('Ctrl Pts',(-5.75593516274518,-43.891004094423,0.));
#11300=CARTESIAN_POINT('Ctrl Pts',(-5.75593516274518,-43.891004094423,0.2));
#11301=CARTESIAN_POINT('Ctrl Pts',(-5.77008432708681,-43.8867641985416,
0.));
#11302=CARTESIAN_POINT('Ctrl Pts',(-5.77008432708681,-43.8867641985416,
0.2));
#11303=CARTESIAN_POINT('',(-5.68247920833528,-43.9013013243675,0.));
#11304=CARTESIAN_POINT('Ctrl Pts',(-5.68247920833528,-43.9013013243675,
0.));
#11305=CARTESIAN_POINT('Ctrl Pts',(-5.69753583238759,-43.9007199848312,
0.));
#11306=CARTESIAN_POINT('Ctrl Pts',(-5.72735377209528,-43.8995687076802,
0.));
#11307=CARTESIAN_POINT('Ctrl Pts',(-5.75593516274518,-43.891004094423,0.));
#11308=CARTESIAN_POINT('Ctrl Pts',(-5.77008432708681,-43.8867641985416,
0.));
#11309=CARTESIAN_POINT('',(-5.68247920833528,-43.9013013243675,0.2));
#11310=CARTESIAN_POINT('Ctrl Pts',(-5.68247920833528,-43.9013013243675,
0.2));
#11311=CARTESIAN_POINT('Ctrl Pts',(-5.69753583238759,-43.9007199848312,
0.2));
#11312=CARTESIAN_POINT('Ctrl Pts',(-5.72735377209528,-43.8995687076802,
0.2));
#11313=CARTESIAN_POINT('Ctrl Pts',(-5.75593516274518,-43.891004094423,0.2));
#11314=CARTESIAN_POINT('Ctrl Pts',(-5.77008432708681,-43.8867641985416,
0.2));
#11315=CARTESIAN_POINT('',(-5.68247920833528,-43.9013013243675,0.));
#11316=CARTESIAN_POINT('Ctrl Pts',(-5.60520297847688,-43.8925026357174,
0.));
#11317=CARTESIAN_POINT('Ctrl Pts',(-5.60520297847688,-43.8925026357174,
0.2));
#11318=CARTESIAN_POINT('Ctrl Pts',(-5.6183601839935,-43.8950681854096,0.));
#11319=CARTESIAN_POINT('Ctrl Pts',(-5.6183601839935,-43.8950681854096,0.2));
#11320=CARTESIAN_POINT('Ctrl Pts',(-5.64388947627799,-43.9000461929264,
0.));
#11321=CARTESIAN_POINT('Ctrl Pts',(-5.64388947627799,-43.9000461929264,
0.2));
#11322=CARTESIAN_POINT('Ctrl Pts',(-5.6698824235929,-43.9008916138113,0.));
#11323=CARTESIAN_POINT('Ctrl Pts',(-5.6698824235929,-43.9008916138113,0.2));
#11324=CARTESIAN_POINT('Ctrl Pts',(-5.68247920833528,-43.9013013243675,
0.));
#11325=CARTESIAN_POINT('Ctrl Pts',(-5.68247920833528,-43.9013013243675,
0.2));
#11326=CARTESIAN_POINT('',(-5.60520297847688,-43.8925026357174,0.));
#11327=CARTESIAN_POINT('Ctrl Pts',(-5.60520297847688,-43.8925026357174,
0.));
#11328=CARTESIAN_POINT('Ctrl Pts',(-5.6183601839935,-43.8950681854096,0.));
#11329=CARTESIAN_POINT('Ctrl Pts',(-5.64388947627799,-43.9000461929264,
0.));
#11330=CARTESIAN_POINT('Ctrl Pts',(-5.6698824235929,-43.9008916138113,0.));
#11331=CARTESIAN_POINT('Ctrl Pts',(-5.68247920833528,-43.9013013243675,
0.));
#11332=CARTESIAN_POINT('',(-5.60520297847688,-43.8925026357174,0.2));
#11333=CARTESIAN_POINT('Ctrl Pts',(-5.60520297847688,-43.8925026357174,
0.2));
#11334=CARTESIAN_POINT('Ctrl Pts',(-5.6183601839935,-43.8950681854096,0.2));
#11335=CARTESIAN_POINT('Ctrl Pts',(-5.64388947627799,-43.9000461929264,
0.2));
#11336=CARTESIAN_POINT('Ctrl Pts',(-5.6698824235929,-43.9008916138113,0.2));
#11337=CARTESIAN_POINT('Ctrl Pts',(-5.68247920833528,-43.9013013243675,
0.2));
#11338=CARTESIAN_POINT('',(-5.60520297847688,-43.8925026357174,0.));
#11339=CARTESIAN_POINT('Ctrl Pts',(-5.52563137374818,-43.8684014976025,
0.));
#11340=CARTESIAN_POINT('Ctrl Pts',(-5.52563137374818,-43.8684014976025,
0.2));
#11341=CARTESIAN_POINT('Ctrl Pts',(-5.53868493821751,-43.8732275536706,
0.));
#11342=CARTESIAN_POINT('Ctrl Pts',(-5.53868493821751,-43.8732275536706,
0.2));
#11343=CARTESIAN_POINT('Ctrl Pts',(-5.5647261712942,-43.882855303333,0.));
#11344=CARTESIAN_POINT('Ctrl Pts',(-5.5647261712942,-43.882855303333,0.2));
#11345=CARTESIAN_POINT('Ctrl Pts',(-5.5917334895779,-43.8892922877304,0.));
#11346=CARTESIAN_POINT('Ctrl Pts',(-5.5917334895779,-43.8892922877304,0.2));
#11347=CARTESIAN_POINT('Ctrl Pts',(-5.60520297847688,-43.8925026357174,
0.));
#11348=CARTESIAN_POINT('Ctrl Pts',(-5.60520297847688,-43.8925026357174,
0.2));
#11349=CARTESIAN_POINT('',(-5.52563137374818,-43.8684014976025,0.));
#11350=CARTESIAN_POINT('Ctrl Pts',(-5.52563137374818,-43.8684014976025,
0.));
#11351=CARTESIAN_POINT('Ctrl Pts',(-5.53868493821751,-43.8732275536706,
0.));
#11352=CARTESIAN_POINT('Ctrl Pts',(-5.5647261712942,-43.882855303333,0.));
#11353=CARTESIAN_POINT('Ctrl Pts',(-5.5917334895779,-43.8892922877304,0.));
#11354=CARTESIAN_POINT('Ctrl Pts',(-5.60520297847688,-43.8925026357174,
0.));
#11355=CARTESIAN_POINT('',(-5.52563137374818,-43.8684014976025,0.2));
#11356=CARTESIAN_POINT('Ctrl Pts',(-5.52563137374818,-43.8684014976025,
0.2));
#11357=CARTESIAN_POINT('Ctrl Pts',(-5.53868493821751,-43.8732275536706,
0.2));
#11358=CARTESIAN_POINT('Ctrl Pts',(-5.5647261712942,-43.882855303333,0.2));
#11359=CARTESIAN_POINT('Ctrl Pts',(-5.5917334895779,-43.8892922877304,0.2));
#11360=CARTESIAN_POINT('Ctrl Pts',(-5.60520297847688,-43.8925026357174,
0.2));
#11361=CARTESIAN_POINT('',(-5.52563137374818,-43.8684014976025,0.));
#11362=CARTESIAN_POINT('Origin',(-5.52563137374818,-43.4957925230265,0.));
#11363=CARTESIAN_POINT('',(-5.52563137374818,-43.4957925230265,0.));
#11364=CARTESIAN_POINT('',(-5.52563137374818,-43.4957925230265,0.));
#11365=CARTESIAN_POINT('',(-5.52563137374818,-43.4957925230265,0.2));
#11366=CARTESIAN_POINT('',(-5.52563137374818,-43.4957925230265,0.2));
#11367=CARTESIAN_POINT('',(-5.52563137374818,-43.4957925230265,0.));
#11368=CARTESIAN_POINT('Ctrl Pts',(-5.59181339107454,-43.4188988804817,
0.));
#11369=CARTESIAN_POINT('Ctrl Pts',(-5.59181339107454,-43.4188988804817,
0.2));
#11370=CARTESIAN_POINT('Ctrl Pts',(-5.58095417798905,-43.4303159312128,
0.));
#11371=CARTESIAN_POINT('Ctrl Pts',(-5.58095417798905,-43.4303159312128,
0.2));
#11372=CARTESIAN_POINT('Ctrl Pts',(-5.55762141995511,-43.4548472927463,
0.));
#11373=CARTESIAN_POINT('Ctrl Pts',(-5.55762141995511,-43.4548472927463,
0.2));
#11374=CARTESIAN_POINT('Ctrl Pts',(-5.53677548095918,-43.4815287725752,
0.));
#11375=CARTESIAN_POINT('Ctrl Pts',(-5.53677548095918,-43.4815287725752,
0.2));
#11376=CARTESIAN_POINT('Ctrl Pts',(-5.52563137374818,-43.4957925230265,
0.));
#11377=CARTESIAN_POINT('Ctrl Pts',(-5.52563137374818,-43.4957925230265,
0.2));
#11378=CARTESIAN_POINT('',(-5.59181339107454,-43.4188988804817,0.));
#11379=CARTESIAN_POINT('Ctrl Pts',(-5.59181339107454,-43.4188988804817,
0.));
#11380=CARTESIAN_POINT('Ctrl Pts',(-5.58095417798905,-43.4303159312128,
0.));
#11381=CARTESIAN_POINT('Ctrl Pts',(-5.55762141995511,-43.4548472927463,
0.));
#11382=CARTESIAN_POINT('Ctrl Pts',(-5.53677548095918,-43.4815287725752,
0.));
#11383=CARTESIAN_POINT('Ctrl Pts',(-5.52563137374818,-43.4957925230265,
0.));
#11384=CARTESIAN_POINT('',(-5.59181339107454,-43.4188988804817,0.2));
#11385=CARTESIAN_POINT('Ctrl Pts',(-5.59181339107454,-43.4188988804817,
0.2));
#11386=CARTESIAN_POINT('Ctrl Pts',(-5.58095417798905,-43.4303159312128,
0.2));
#11387=CARTESIAN_POINT('Ctrl Pts',(-5.55762141995511,-43.4548472927463,
0.2));
#11388=CARTESIAN_POINT('Ctrl Pts',(-5.53677548095918,-43.4815287725752,
0.2));
#11389=CARTESIAN_POINT('Ctrl Pts',(-5.52563137374818,-43.4957925230265,
0.2));
#11390=CARTESIAN_POINT('',(-5.59181339107454,-43.4188988804817,0.));
#11391=CARTESIAN_POINT('Ctrl Pts',(-5.65072691999376,-43.3691667020321,
0.));
#11392=CARTESIAN_POINT('Ctrl Pts',(-5.65072691999376,-43.3691667020321,
0.2));
#11393=CARTESIAN_POINT('Ctrl Pts',(-5.6409899946081,-43.3762288987599,0.));
#11394=CARTESIAN_POINT('Ctrl Pts',(-5.6409899946081,-43.3762288987599,0.2));
#11395=CARTESIAN_POINT('Ctrl Pts',(-5.62013497423821,-43.3913550551985,
0.));
#11396=CARTESIAN_POINT('Ctrl Pts',(-5.62013497423821,-43.3913550551985,
0.2));
#11397=CARTESIAN_POINT('Ctrl Pts',(-5.60166172922457,-43.4093209941126,
0.));
#11398=CARTESIAN_POINT('Ctrl Pts',(-5.60166172922457,-43.4093209941126,
0.2));
#11399=CARTESIAN_POINT('Ctrl Pts',(-5.59181339107454,-43.4188988804817,
0.));
#11400=CARTESIAN_POINT('Ctrl Pts',(-5.59181339107454,-43.4188988804817,
0.2));
#11401=CARTESIAN_POINT('',(-5.65072691999376,-43.3691667020321,0.));
#11402=CARTESIAN_POINT('Ctrl Pts',(-5.65072691999376,-43.3691667020321,
0.));
#11403=CARTESIAN_POINT('Ctrl Pts',(-5.6409899946081,-43.3762288987599,0.));
#11404=CARTESIAN_POINT('Ctrl Pts',(-5.62013497423821,-43.3913550551985,
0.));
#11405=CARTESIAN_POINT('Ctrl Pts',(-5.60166172922457,-43.4093209941126,
0.));
#11406=CARTESIAN_POINT('Ctrl Pts',(-5.59181339107454,-43.4188988804817,
0.));
#11407=CARTESIAN_POINT('',(-5.65072691999376,-43.3691667020321,0.2));
#11408=CARTESIAN_POINT('Ctrl Pts',(-5.65072691999376,-43.3691667020321,
0.2));
#11409=CARTESIAN_POINT('Ctrl Pts',(-5.6409899946081,-43.3762288987599,0.2));
#11410=CARTESIAN_POINT('Ctrl Pts',(-5.62013497423821,-43.3913550551985,
0.2));
#11411=CARTESIAN_POINT('Ctrl Pts',(-5.60166172922457,-43.4093209941126,
0.2));
#11412=CARTESIAN_POINT('Ctrl Pts',(-5.59181339107454,-43.4188988804817,
0.2));
#11413=CARTESIAN_POINT('',(-5.65072691999376,-43.3691667020321,0.));
#11414=CARTESIAN_POINT('Ctrl Pts',(-5.70466733537614,-43.3423878252506,
0.));
#11415=CARTESIAN_POINT('Ctrl Pts',(-5.70466733537614,-43.3423878252506,
0.2));
#11416=CARTESIAN_POINT('Ctrl Pts',(-5.6956923030008,-43.3456646008889,0.));
#11417=CARTESIAN_POINT('Ctrl Pts',(-5.6956923030008,-43.3456646008889,0.2));
#11418=CARTESIAN_POINT('Ctrl Pts',(-5.67672778563933,-43.3525885278325,
0.));
#11419=CARTESIAN_POINT('Ctrl Pts',(-5.67672778563933,-43.3525885278325,
0.2));
#11420=CARTESIAN_POINT('Ctrl Pts',(-5.65969753669381,-43.3634470291428,
0.));
#11421=CARTESIAN_POINT('Ctrl Pts',(-5.65969753669381,-43.3634470291428,
0.2));
#11422=CARTESIAN_POINT('Ctrl Pts',(-5.65072691999376,-43.3691667020321,
0.));
#11423=CARTESIAN_POINT('Ctrl Pts',(-5.65072691999376,-43.3691667020321,
0.2));
#11424=CARTESIAN_POINT('',(-5.70466733537614,-43.3423878252506,0.));
#11425=CARTESIAN_POINT('Ctrl Pts',(-5.70466733537614,-43.3423878252506,
0.));
#11426=CARTESIAN_POINT('Ctrl Pts',(-5.6956923030008,-43.3456646008889,0.));
#11427=CARTESIAN_POINT('Ctrl Pts',(-5.67672778563933,-43.3525885278325,
0.));
#11428=CARTESIAN_POINT('Ctrl Pts',(-5.65969753669381,-43.3634470291428,
0.));
#11429=CARTESIAN_POINT('Ctrl Pts',(-5.65072691999376,-43.3691667020321,
0.));
#11430=CARTESIAN_POINT('',(-5.70466733537614,-43.3423878252506,0.2));
#11431=CARTESIAN_POINT('Ctrl Pts',(-5.70466733537614,-43.3423878252506,
0.2));
#11432=CARTESIAN_POINT('Ctrl Pts',(-5.6956923030008,-43.3456646008889,0.2));
#11433=CARTESIAN_POINT('Ctrl Pts',(-5.67672778563933,-43.3525885278325,
0.2));
#11434=CARTESIAN_POINT('Ctrl Pts',(-5.65969753669381,-43.3634470291428,
0.2));
#11435=CARTESIAN_POINT('Ctrl Pts',(-5.65072691999376,-43.3691667020321,
0.2));
#11436=CARTESIAN_POINT('',(-5.70466733537614,-43.3423878252506,0.));
#11437=CARTESIAN_POINT('Ctrl Pts',(-5.75592971406877,-43.3343541622162,
0.));
#11438=CARTESIAN_POINT('Ctrl Pts',(-5.75592971406877,-43.3343541622162,
0.2));
#11439=CARTESIAN_POINT('Ctrl Pts',(-5.74740166761716,-43.3347138141865,
0.));
#11440=CARTESIAN_POINT('Ctrl Pts',(-5.74740166761716,-43.3347138141865,
0.2));
#11441=CARTESIAN_POINT('Ctrl Pts',(-5.73001234467591,-43.3354471713856,
0.));
#11442=CARTESIAN_POINT('Ctrl Pts',(-5.73001234467591,-43.3354471713856,
0.2));
#11443=CARTESIAN_POINT('Ctrl Pts',(-5.71322291657835,-43.3400449053078,
0.));
#11444=CARTESIAN_POINT('Ctrl Pts',(-5.71322291657835,-43.3400449053078,
0.2));
#11445=CARTESIAN_POINT('Ctrl Pts',(-5.70466733537614,-43.3423878252506,
0.));
#11446=CARTESIAN_POINT('Ctrl Pts',(-5.70466733537614,-43.3423878252506,
0.2));
#11447=CARTESIAN_POINT('',(-5.75592971406877,-43.3343541622162,0.));
#11448=CARTESIAN_POINT('Ctrl Pts',(-5.75592971406877,-43.3343541622162,
0.));
#11449=CARTESIAN_POINT('Ctrl Pts',(-5.74740166761716,-43.3347138141865,
0.));
#11450=CARTESIAN_POINT('Ctrl Pts',(-5.73001234467591,-43.3354471713856,
0.));
#11451=CARTESIAN_POINT('Ctrl Pts',(-5.71322291657835,-43.3400449053078,
0.));
#11452=CARTESIAN_POINT('Ctrl Pts',(-5.70466733537614,-43.3423878252506,
0.));
#11453=CARTESIAN_POINT('',(-5.75592971406877,-43.3343541622162,0.2));
#11454=CARTESIAN_POINT('Ctrl Pts',(-5.75592971406877,-43.3343541622162,
0.2));
#11455=CARTESIAN_POINT('Ctrl Pts',(-5.74740166761716,-43.3347138141865,
0.2));
#11456=CARTESIAN_POINT('Ctrl Pts',(-5.73001234467591,-43.3354471713856,
0.2));
#11457=CARTESIAN_POINT('Ctrl Pts',(-5.71322291657835,-43.3400449053078,
0.2));
#11458=CARTESIAN_POINT('Ctrl Pts',(-5.70466733537614,-43.3423878252506,
0.2));
#11459=CARTESIAN_POINT('',(-5.75592971406877,-43.3343541622162,0.));
#11460=CARTESIAN_POINT('Ctrl Pts',(-5.82708514295518,-43.3546295762062,
0.));
#11461=CARTESIAN_POINT('Ctrl Pts',(-5.82708514295518,-43.3546295762062,
0.2));
#11462=CARTESIAN_POINT('Ctrl Pts',(-5.81642743761042,-43.3487180493675,
0.));
#11463=CARTESIAN_POINT('Ctrl Pts',(-5.81642743761042,-43.3487180493675,
0.2));
#11464=CARTESIAN_POINT('Ctrl Pts',(-5.79431166792003,-43.3364510592553,
0.));
#11465=CARTESIAN_POINT('Ctrl Pts',(-5.79431166792003,-43.3364510592553,
0.2));
#11466=CARTESIAN_POINT('Ctrl Pts',(-5.76902869157807,-43.3350697903799,
0.));
#11467=CARTESIAN_POINT('Ctrl Pts',(-5.76902869157807,-43.3350697903799,
0.2));
#11468=CARTESIAN_POINT('Ctrl Pts',(-5.75592971406877,-43.3343541622162,
0.));
#11469=CARTESIAN_POINT('Ctrl Pts',(-5.75592971406877,-43.3343541622162,
0.2));
#11470=CARTESIAN_POINT('',(-5.82708514295518,-43.3546295762062,0.));
#11471=CARTESIAN_POINT('Ctrl Pts',(-5.82708514295518,-43.3546295762062,
0.));
#11472=CARTESIAN_POINT('Ctrl Pts',(-5.81642743761042,-43.3487180493675,
0.));
#11473=CARTESIAN_POINT('Ctrl Pts',(-5.79431166792003,-43.3364510592553,
0.));
#11474=CARTESIAN_POINT('Ctrl Pts',(-5.76902869157807,-43.3350697903799,
0.));
#11475=CARTESIAN_POINT('Ctrl Pts',(-5.75592971406877,-43.3343541622162,
0.));
#11476=CARTESIAN_POINT('',(-5.82708514295518,-43.3546295762062,0.2));
#11477=CARTESIAN_POINT('Ctrl Pts',(-5.82708514295518,-43.3546295762062,
0.2));
#11478=CARTESIAN_POINT('Ctrl Pts',(-5.81642743761042,-43.3487180493675,
0.2));
#11479=CARTESIAN_POINT('Ctrl Pts',(-5.79431166792003,-43.3364510592553,
0.2));
#11480=CARTESIAN_POINT('Ctrl Pts',(-5.76902869157807,-43.3350697903799,
0.2));
#11481=CARTESIAN_POINT('Ctrl Pts',(-5.75592971406877,-43.3343541622162,
0.2));
#11482=CARTESIAN_POINT('',(-5.82708514295518,-43.3546295762062,0.));
#11483=CARTESIAN_POINT('Ctrl Pts',(-5.87605214677751,-43.4108652174473,
0.));
#11484=CARTESIAN_POINT('Ctrl Pts',(-5.87605214677751,-43.4108652174473,
0.2));
#11485=CARTESIAN_POINT('Ctrl Pts',(-5.86939685787237,-43.3996473877645,
0.));
#11486=CARTESIAN_POINT('Ctrl Pts',(-5.86939685787237,-43.3996473877645,
0.2));
#11487=CARTESIAN_POINT('Ctrl Pts',(-5.8564948382477,-43.3779003741072,0.));
#11488=CARTESIAN_POINT('Ctrl Pts',(-5.8564948382477,-43.3779003741072,0.2));
#11489=CARTESIAN_POINT('Ctrl Pts',(-5.83667921273694,-43.3622210067436,
0.));
#11490=CARTESIAN_POINT('Ctrl Pts',(-5.83667921273694,-43.3622210067436,
0.2));
#11491=CARTESIAN_POINT('Ctrl Pts',(-5.82708514295518,-43.3546295762062,
0.));
#11492=CARTESIAN_POINT('Ctrl Pts',(-5.82708514295518,-43.3546295762062,
0.2));
#11493=CARTESIAN_POINT('',(-5.87605214677751,-43.4108652174473,0.));
#11494=CARTESIAN_POINT('Ctrl Pts',(-5.87605214677751,-43.4108652174473,
0.));
#11495=CARTESIAN_POINT('Ctrl Pts',(-5.86939685787237,-43.3996473877645,
0.));
#11496=CARTESIAN_POINT('Ctrl Pts',(-5.8564948382477,-43.3779003741072,0.));
#11497=CARTESIAN_POINT('Ctrl Pts',(-5.83667921273694,-43.3622210067436,
0.));
#11498=CARTESIAN_POINT('Ctrl Pts',(-5.82708514295518,-43.3546295762062,
0.));
#11499=CARTESIAN_POINT('',(-5.87605214677751,-43.4108652174473,0.2));
#11500=CARTESIAN_POINT('Ctrl Pts',(-5.87605214677751,-43.4108652174473,
0.2));
#11501=CARTESIAN_POINT('Ctrl Pts',(-5.86939685787237,-43.3996473877645,
0.2));
#11502=CARTESIAN_POINT('Ctrl Pts',(-5.8564948382477,-43.3779003741072,0.2));
#11503=CARTESIAN_POINT('Ctrl Pts',(-5.83667921273694,-43.3622210067436,
0.2));
#11504=CARTESIAN_POINT('Ctrl Pts',(-5.82708514295518,-43.3546295762062,
0.2));
#11505=CARTESIAN_POINT('',(-5.87605214677751,-43.4108652174473,0.));
#11506=CARTESIAN_POINT('Ctrl Pts',(-5.90397871099412,-43.4973227232695,
0.));
#11507=CARTESIAN_POINT('Ctrl Pts',(-5.90397871099412,-43.4973227232695,
0.2));
#11508=CARTESIAN_POINT('Ctrl Pts',(-5.90082106271304,-43.4814930118834,
0.));
#11509=CARTESIAN_POINT('Ctrl Pts',(-5.90082106271304,-43.4814930118834,
0.2));
#11510=CARTESIAN_POINT('Ctrl Pts',(-5.89485363911265,-43.4515775226003,
0.));
#11511=CARTESIAN_POINT('Ctrl Pts',(-5.89485363911265,-43.4515775226003,
0.2));
#11512=CARTESIAN_POINT('Ctrl Pts',(-5.88207091992059,-43.423898125925,0.));
#11513=CARTESIAN_POINT('Ctrl Pts',(-5.88207091992059,-43.423898125925,0.2));
#11514=CARTESIAN_POINT('Ctrl Pts',(-5.87605214677751,-43.4108652174473,
0.));
#11515=CARTESIAN_POINT('Ctrl Pts',(-5.87605214677751,-43.4108652174473,
0.2));
#11516=CARTESIAN_POINT('',(-5.90397871099412,-43.4973227232695,0.));
#11517=CARTESIAN_POINT('Ctrl Pts',(-5.90397871099412,-43.4973227232695,
0.));
#11518=CARTESIAN_POINT('Ctrl Pts',(-5.90082106271304,-43.4814930118834,
0.));
#11519=CARTESIAN_POINT('Ctrl Pts',(-5.89485363911265,-43.4515775226003,
0.));
#11520=CARTESIAN_POINT('Ctrl Pts',(-5.88207091992059,-43.423898125925,0.));
#11521=CARTESIAN_POINT('Ctrl Pts',(-5.87605214677751,-43.4108652174473,
0.));
#11522=CARTESIAN_POINT('',(-5.90397871099412,-43.4973227232695,0.2));
#11523=CARTESIAN_POINT('Ctrl Pts',(-5.90397871099412,-43.4973227232695,
0.2));
#11524=CARTESIAN_POINT('Ctrl Pts',(-5.90082106271304,-43.4814930118834,
0.2));
#11525=CARTESIAN_POINT('Ctrl Pts',(-5.89485363911265,-43.4515775226003,
0.2));
#11526=CARTESIAN_POINT('Ctrl Pts',(-5.88207091992059,-43.423898125925,0.2));
#11527=CARTESIAN_POINT('Ctrl Pts',(-5.87605214677751,-43.4108652174473,
0.2));
#11528=CARTESIAN_POINT('',(-5.90397871099412,-43.4973227232695,0.));
#11529=CARTESIAN_POINT('Ctrl Pts',(-5.91277754865587,-43.6082638800144,
0.));
#11530=CARTESIAN_POINT('Ctrl Pts',(-5.91277754865587,-43.6082638800144,
0.2));
#11531=CARTESIAN_POINT('Ctrl Pts',(-5.91247548450986,-43.5889098541609,
0.));
#11532=CARTESIAN_POINT('Ctrl Pts',(-5.91247548450986,-43.5889098541609,
0.2));
#11533=CARTESIAN_POINT('Ctrl Pts',(-5.91189534233323,-43.551738654489,0.));
#11534=CARTESIAN_POINT('Ctrl Pts',(-5.91189534233323,-43.551738654489,0.2));
#11535=CARTESIAN_POINT('Ctrl Pts',(-5.9065438349953,-43.5149544159981,0.));
#11536=CARTESIAN_POINT('Ctrl Pts',(-5.9065438349953,-43.5149544159981,0.2));
#11537=CARTESIAN_POINT('Ctrl Pts',(-5.90397871099412,-43.4973227232695,
0.));
#11538=CARTESIAN_POINT('Ctrl Pts',(-5.90397871099412,-43.4973227232695,
0.2));
#11539=CARTESIAN_POINT('',(-5.91277754865587,-43.6082638800144,0.));
#11540=CARTESIAN_POINT('Ctrl Pts',(-5.91277754865587,-43.6082638800144,
0.));
#11541=CARTESIAN_POINT('Ctrl Pts',(-5.91247548450986,-43.5889098541609,
0.));
#11542=CARTESIAN_POINT('Ctrl Pts',(-5.91189534233323,-43.551738654489,0.));
#11543=CARTESIAN_POINT('Ctrl Pts',(-5.9065438349953,-43.5149544159981,0.));
#11544=CARTESIAN_POINT('Ctrl Pts',(-5.90397871099412,-43.4973227232695,
0.));
#11545=CARTESIAN_POINT('',(-5.91277754865587,-43.6082638800144,0.2));
#11546=CARTESIAN_POINT('Ctrl Pts',(-5.91277754865587,-43.6082638800144,
0.2));
#11547=CARTESIAN_POINT('Ctrl Pts',(-5.91247548450986,-43.5889098541609,
0.2));
#11548=CARTESIAN_POINT('Ctrl Pts',(-5.91189534233323,-43.551738654489,0.2));
#11549=CARTESIAN_POINT('Ctrl Pts',(-5.9065438349953,-43.5149544159981,0.2));
#11550=CARTESIAN_POINT('Ctrl Pts',(-5.90397871099412,-43.4973227232695,
0.2));
#11551=CARTESIAN_POINT('',(-5.91277754865587,-43.6082638800144,0.));
#11552=CARTESIAN_POINT('Ctrl Pts',(-5.89403218589723,-43.7478965520859,
0.));
#11553=CARTESIAN_POINT('Ctrl Pts',(-5.89403218589723,-43.7478965520859,
0.2));
#11554=CARTESIAN_POINT('Ctrl Pts',(-5.89948887444975,-43.7269966636983,
0.));
#11555=CARTESIAN_POINT('Ctrl Pts',(-5.89948887444975,-43.7269966636983,
0.2));
#11556=CARTESIAN_POINT('Ctrl Pts',(-5.91143104353815,-43.6812564682204,
0.));
#11557=CARTESIAN_POINT('Ctrl Pts',(-5.91143104353815,-43.6812564682204,
0.2));
#11558=CARTESIAN_POINT('Ctrl Pts',(-5.91230365573352,-43.6339531035305,
0.));
#11559=CARTESIAN_POINT('Ctrl Pts',(-5.91230365573352,-43.6339531035305,
0.2));
#11560=CARTESIAN_POINT('Ctrl Pts',(-5.91277754865587,-43.6082638800144,
0.));
#11561=CARTESIAN_POINT('Ctrl Pts',(-5.91277754865587,-43.6082638800144,
0.2));
#11562=CARTESIAN_POINT('Ctrl Pts',(-5.89403218589723,-43.7478965520859,
0.));
#11563=CARTESIAN_POINT('Ctrl Pts',(-5.89948887444975,-43.7269966636983,
0.));
#11564=CARTESIAN_POINT('Ctrl Pts',(-5.91143104353815,-43.6812564682204,
0.));
#11565=CARTESIAN_POINT('Ctrl Pts',(-5.91230365573352,-43.6339531035305,
0.));
#11566=CARTESIAN_POINT('Ctrl Pts',(-5.91277754865587,-43.6082638800144,
0.));
#11567=CARTESIAN_POINT('Ctrl Pts',(-5.89403218589723,-43.7478965520859,
0.2));
#11568=CARTESIAN_POINT('Ctrl Pts',(-5.89948887444975,-43.7269966636983,
0.2));
#11569=CARTESIAN_POINT('Ctrl Pts',(-5.91143104353815,-43.6812564682204,
0.2));
#11570=CARTESIAN_POINT('Ctrl Pts',(-5.91230365573352,-43.6339531035305,
0.2));
#11571=CARTESIAN_POINT('Ctrl Pts',(-5.91277754865587,-43.6082638800144,
0.2));
#11572=CARTESIAN_POINT('Ctrl Pts',(-5.98163730464876,-43.3232600241899,
0.));
#11573=CARTESIAN_POINT('Ctrl Pts',(-5.98163730464876,-43.3232600241899,
0.2));
#11574=CARTESIAN_POINT('Ctrl Pts',(-5.99227614258471,-43.341339889215,0.));
#11575=CARTESIAN_POINT('Ctrl Pts',(-5.99227614258471,-43.341339889215,0.2));
#11576=CARTESIAN_POINT('Ctrl Pts',(-6.01461730179668,-43.3793069252286,
0.));
#11577=CARTESIAN_POINT('Ctrl Pts',(-6.01461730179668,-43.3793069252286,
0.2));
#11578=CARTESIAN_POINT('Ctrl Pts',(-6.02611332659665,-43.421858828192,0.));
#11579=CARTESIAN_POINT('Ctrl Pts',(-6.02611332659665,-43.421858828192,0.2));
#11580=CARTESIAN_POINT('Ctrl Pts',(-6.03213495574891,-43.4441475570202,
0.));
#11581=CARTESIAN_POINT('Ctrl Pts',(-6.03213495574891,-43.4441475570202,
0.2));
#11582=CARTESIAN_POINT('',(-5.98163730464876,-43.3232600241899,0.));
#11583=CARTESIAN_POINT('',(-6.03213495574891,-43.4441475570202,0.));
#11584=CARTESIAN_POINT('Ctrl Pts',(-5.98163730464876,-43.3232600241899,
0.));
#11585=CARTESIAN_POINT('Ctrl Pts',(-5.99227614258471,-43.341339889215,0.));
#11586=CARTESIAN_POINT('Ctrl Pts',(-6.01461730179668,-43.3793069252286,
0.));
#11587=CARTESIAN_POINT('Ctrl Pts',(-6.02611332659665,-43.421858828192,0.));
#11588=CARTESIAN_POINT('Ctrl Pts',(-6.03213495574891,-43.4441475570202,
0.));
#11589=CARTESIAN_POINT('',(-6.03213495574891,-43.4441475570202,0.2));
#11590=CARTESIAN_POINT('',(-6.03213495574891,-43.4441475570202,0.));
#11591=CARTESIAN_POINT('',(-5.98163730464876,-43.3232600241899,0.2));
#11592=CARTESIAN_POINT('Ctrl Pts',(-5.98163730464876,-43.3232600241899,
0.2));
#11593=CARTESIAN_POINT('Ctrl Pts',(-5.99227614258471,-43.341339889215,0.2));
#11594=CARTESIAN_POINT('Ctrl Pts',(-6.01461730179668,-43.3793069252286,
0.2));
#11595=CARTESIAN_POINT('Ctrl Pts',(-6.02611332659665,-43.421858828192,0.2));
#11596=CARTESIAN_POINT('Ctrl Pts',(-6.03213495574891,-43.4441475570202,
0.2));
#11597=CARTESIAN_POINT('',(-5.98163730464876,-43.3232600241899,0.));
#11598=CARTESIAN_POINT('Ctrl Pts',(-5.89824027381837,-43.2456012815237,
0.));
#11599=CARTESIAN_POINT('Ctrl Pts',(-5.89824027381837,-43.2456012815237,
0.2));
#11600=CARTESIAN_POINT('Ctrl Pts',(-5.91423316717607,-43.2558503213237,
0.));
#11601=CARTESIAN_POINT('Ctrl Pts',(-5.91423316717607,-43.2558503213237,
0.2));
#11602=CARTESIAN_POINT('Ctrl Pts',(-5.946728005792,-43.2766746266461,0.));
#11603=CARTESIAN_POINT('Ctrl Pts',(-5.946728005792,-43.2766746266461,0.2));
#11604=CARTESIAN_POINT('Ctrl Pts',(-5.9698799750204,-43.3075702254049,0.));
#11605=CARTESIAN_POINT('Ctrl Pts',(-5.9698799750204,-43.3075702254049,0.2));
#11606=CARTESIAN_POINT('Ctrl Pts',(-5.98163730464876,-43.3232600241899,
0.));
#11607=CARTESIAN_POINT('Ctrl Pts',(-5.98163730464876,-43.3232600241899,
0.2));
#11608=CARTESIAN_POINT('',(-5.89824027381837,-43.2456012815237,0.));
#11609=CARTESIAN_POINT('Ctrl Pts',(-5.89824027381837,-43.2456012815237,
0.));
#11610=CARTESIAN_POINT('Ctrl Pts',(-5.91423316717607,-43.2558503213237,
0.));
#11611=CARTESIAN_POINT('Ctrl Pts',(-5.946728005792,-43.2766746266461,0.));
#11612=CARTESIAN_POINT('Ctrl Pts',(-5.9698799750204,-43.3075702254049,0.));
#11613=CARTESIAN_POINT('Ctrl Pts',(-5.98163730464876,-43.3232600241899,
0.));
#11614=CARTESIAN_POINT('',(-5.89824027381837,-43.2456012815237,0.2));
#11615=CARTESIAN_POINT('Ctrl Pts',(-5.89824027381837,-43.2456012815237,
0.2));
#11616=CARTESIAN_POINT('Ctrl Pts',(-5.91423316717607,-43.2558503213237,
0.2));
#11617=CARTESIAN_POINT('Ctrl Pts',(-5.946728005792,-43.2766746266461,0.2));
#11618=CARTESIAN_POINT('Ctrl Pts',(-5.9698799750204,-43.3075702254049,0.2));
#11619=CARTESIAN_POINT('Ctrl Pts',(-5.98163730464876,-43.3232600241899,
0.2));
#11620=CARTESIAN_POINT('',(-5.89824027381837,-43.2456012815237,0.));
#11621=CARTESIAN_POINT('Ctrl Pts',(-5.78270859085023,-43.2180573046207,
0.));
#11622=CARTESIAN_POINT('Ctrl Pts',(-5.78270859085023,-43.2180573046207,
0.2));
#11623=CARTESIAN_POINT('Ctrl Pts',(-5.80362784983831,-43.2190187582767,
0.));
#11624=CARTESIAN_POINT('Ctrl Pts',(-5.80362784983831,-43.2190187582767,
0.2));
#11625=CARTESIAN_POINT('Ctrl Pts',(-5.84392398942862,-43.2208707775451,
0.));
#11626=CARTESIAN_POINT('Ctrl Pts',(-5.84392398942862,-43.2208707775451,
0.2));
#11627=CARTESIAN_POINT('Ctrl Pts',(-5.88060281967274,-43.2375708513347,
0.));
#11628=CARTESIAN_POINT('Ctrl Pts',(-5.88060281967274,-43.2375708513347,
0.2));
#11629=CARTESIAN_POINT('Ctrl Pts',(-5.89824027381837,-43.2456012815237,
0.));
#11630=CARTESIAN_POINT('Ctrl Pts',(-5.89824027381837,-43.2456012815237,
0.2));
#11631=CARTESIAN_POINT('',(-5.78270859085023,-43.2180573046207,0.));
#11632=CARTESIAN_POINT('Ctrl Pts',(-5.78270859085023,-43.2180573046207,
0.));
#11633=CARTESIAN_POINT('Ctrl Pts',(-5.80362784983831,-43.2190187582767,
0.));
#11634=CARTESIAN_POINT('Ctrl Pts',(-5.84392398942862,-43.2208707775451,
0.));
#11635=CARTESIAN_POINT('Ctrl Pts',(-5.88060281967274,-43.2375708513347,
0.));
#11636=CARTESIAN_POINT('Ctrl Pts',(-5.89824027381837,-43.2456012815237,
0.));
#11637=CARTESIAN_POINT('',(-5.78270859085023,-43.2180573046207,0.2));
#11638=CARTESIAN_POINT('Ctrl Pts',(-5.78270859085023,-43.2180573046207,
0.2));
#11639=CARTESIAN_POINT('Ctrl Pts',(-5.80362784983831,-43.2190187582767,
0.2));
#11640=CARTESIAN_POINT('Ctrl Pts',(-5.84392398942862,-43.2208707775451,
0.2));
#11641=CARTESIAN_POINT('Ctrl Pts',(-5.88060281967274,-43.2375708513347,
0.2));
#11642=CARTESIAN_POINT('Ctrl Pts',(-5.89824027381837,-43.2456012815237,
0.2));
#11643=CARTESIAN_POINT('',(-5.78270859085023,-43.2180573046207,0.));
#11644=CARTESIAN_POINT('Ctrl Pts',(-5.64231074415147,-43.2498093694448,
0.));
#11645=CARTESIAN_POINT('Ctrl Pts',(-5.64231074415147,-43.2498093694448,
0.2));
#11646=CARTESIAN_POINT('Ctrl Pts',(-5.66461297786662,-43.2405485078966,
0.));
#11647=CARTESIAN_POINT('Ctrl Pts',(-5.66461297786662,-43.2405485078966,
0.2));
#11648=CARTESIAN_POINT('Ctrl Pts',(-5.70957566326642,-43.2218780370529,
0.));
#11649=CARTESIAN_POINT('Ctrl Pts',(-5.70957566326642,-43.2218780370529,
0.2));
#11650=CARTESIAN_POINT('Ctrl Pts',(-5.7582018133844,-43.219337628581,0.));
#11651=CARTESIAN_POINT('Ctrl Pts',(-5.7582018133844,-43.219337628581,0.2));
#11652=CARTESIAN_POINT('Ctrl Pts',(-5.78270859085023,-43.2180573046207,
0.));
#11653=CARTESIAN_POINT('Ctrl Pts',(-5.78270859085023,-43.2180573046207,
0.2));
#11654=CARTESIAN_POINT('',(-5.64231074415147,-43.2498093694448,0.));
#11655=CARTESIAN_POINT('Ctrl Pts',(-5.64231074415147,-43.2498093694448,
0.));
#11656=CARTESIAN_POINT('Ctrl Pts',(-5.66461297786662,-43.2405485078966,
0.));
#11657=CARTESIAN_POINT('Ctrl Pts',(-5.70957566326642,-43.2218780370529,
0.));
#11658=CARTESIAN_POINT('Ctrl Pts',(-5.7582018133844,-43.219337628581,0.));
#11659=CARTESIAN_POINT('Ctrl Pts',(-5.78270859085023,-43.2180573046207,
0.));
#11660=CARTESIAN_POINT('',(-5.64231074415147,-43.2498093694448,0.2));
#11661=CARTESIAN_POINT('Ctrl Pts',(-5.64231074415147,-43.2498093694448,
0.2));
#11662=CARTESIAN_POINT('Ctrl Pts',(-5.66461297786662,-43.2405485078966,
0.2));
#11663=CARTESIAN_POINT('Ctrl Pts',(-5.70957566326642,-43.2218780370529,
0.2));
#11664=CARTESIAN_POINT('Ctrl Pts',(-5.7582018133844,-43.219337628581,0.2));
#11665=CARTESIAN_POINT('Ctrl Pts',(-5.78270859085023,-43.2180573046207,
0.2));
#11666=CARTESIAN_POINT('',(-5.64231074415147,-43.2498093694448,0.));
#11667=CARTESIAN_POINT('Ctrl Pts',(-5.5195105727762,-43.3588376641273,0.));
#11668=CARTESIAN_POINT('Ctrl Pts',(-5.5195105727762,-43.3588376641273,0.2));
#11669=CARTESIAN_POINT('Ctrl Pts',(-5.53806023839325,-43.3354423500029,
0.));
#11670=CARTESIAN_POINT('Ctrl Pts',(-5.53806023839325,-43.3354423500029,
0.2));
#11671=CARTESIAN_POINT('Ctrl Pts',(-5.57264565376033,-43.2918223369342,
0.));
#11672=CARTESIAN_POINT('Ctrl Pts',(-5.57264565376033,-43.2918223369342,
0.2));
#11673=CARTESIAN_POINT('Ctrl Pts',(-5.62024226838168,-43.2631182182506,
0.));
#11674=CARTESIAN_POINT('Ctrl Pts',(-5.62024226838168,-43.2631182182506,
0.2));
#11675=CARTESIAN_POINT('Ctrl Pts',(-5.64231074415147,-43.2498093694448,
0.));
#11676=CARTESIAN_POINT('Ctrl Pts',(-5.64231074415147,-43.2498093694448,
0.2));
#11677=CARTESIAN_POINT('',(-5.5195105727762,-43.3588376641273,0.));
#11678=CARTESIAN_POINT('Ctrl Pts',(-5.5195105727762,-43.3588376641273,0.));
#11679=CARTESIAN_POINT('Ctrl Pts',(-5.53806023839325,-43.3354423500029,
0.));
#11680=CARTESIAN_POINT('Ctrl Pts',(-5.57264565376033,-43.2918223369342,
0.));
#11681=CARTESIAN_POINT('Ctrl Pts',(-5.62024226838168,-43.2631182182506,
0.));
#11682=CARTESIAN_POINT('Ctrl Pts',(-5.64231074415147,-43.2498093694448,
0.));
#11683=CARTESIAN_POINT('',(-5.5195105727762,-43.3588376641273,0.2));
#11684=CARTESIAN_POINT('Ctrl Pts',(-5.5195105727762,-43.3588376641273,0.2));
#11685=CARTESIAN_POINT('Ctrl Pts',(-5.53806023839325,-43.3354423500029,
0.2));
#11686=CARTESIAN_POINT('Ctrl Pts',(-5.57264565376033,-43.2918223369342,
0.2));
#11687=CARTESIAN_POINT('Ctrl Pts',(-5.62024226838168,-43.2631182182506,
0.2));
#11688=CARTESIAN_POINT('Ctrl Pts',(-5.64231074415147,-43.2498093694448,
0.2));
#11689=CARTESIAN_POINT('',(-5.5195105727762,-43.3588376641273,0.));
#11690=CARTESIAN_POINT('Origin',(-5.52563137374818,-43.2165270298719,0.));
#11691=CARTESIAN_POINT('',(-5.52563137374818,-43.2165270298719,0.));
#11692=CARTESIAN_POINT('',(-5.52563137374818,-43.2165270298719,0.));
#11693=CARTESIAN_POINT('',(-5.52563137374818,-43.2165270298719,0.2));
#11694=CARTESIAN_POINT('',(-5.52563137374818,-43.2165270298719,0.2));
#11695=CARTESIAN_POINT('',(-5.52563137374818,-43.2165270298719,0.));
#11696=CARTESIAN_POINT('Origin',(-5.52563137374818,-42.918898910284,0.));
#11697=CARTESIAN_POINT('',(-5.52563137374818,-42.918898910284,0.));
#11698=CARTESIAN_POINT('',(-5.52563137374818,-42.918898910284,0.));
#11699=CARTESIAN_POINT('',(-5.52563137374818,-42.918898910284,0.2));
#11700=CARTESIAN_POINT('',(-5.52563137374818,-42.918898910284,0.2));
#11701=CARTESIAN_POINT('',(-5.52563137374818,-42.918898910284,0.));
#11702=CARTESIAN_POINT('Origin',(-5.39250201545656,-42.918898910284,0.));
#11703=CARTESIAN_POINT('',(-5.39250201545656,-42.918898910284,0.));
#11704=CARTESIAN_POINT('',(-5.39250201545656,-42.918898910284,0.));
#11705=CARTESIAN_POINT('',(-5.39250201545656,-42.918898910284,0.2));
#11706=CARTESIAN_POINT('',(-5.39250201545656,-42.918898910284,0.2));
#11707=CARTESIAN_POINT('',(-5.39250201545656,-42.918898910284,0.));
#11708=CARTESIAN_POINT('Origin',(-5.39250201545656,-43.9548590779305,0.));
#11709=CARTESIAN_POINT('',(-5.39250201545656,-43.9548590779305,0.));
#11710=CARTESIAN_POINT('',(-5.39250201545656,-43.9548590779305,0.));
#11711=CARTESIAN_POINT('',(-5.39250201545656,-43.9548590779305,0.2));
#11712=CARTESIAN_POINT('',(-5.39250201545656,-43.9548590779305,0.2));
#11713=CARTESIAN_POINT('',(-5.39250201545656,-43.9548590779305,0.));
#11714=CARTESIAN_POINT('Ctrl Pts',(-5.53328252397478,-43.9961750805378,
0.));
#11715=CARTESIAN_POINT('Ctrl Pts',(-5.53328252397478,-43.9961750805378,
0.2));
#11716=CARTESIAN_POINT('Ctrl Pts',(-5.50951795427952,-43.9911570254433,
0.));
#11717=CARTESIAN_POINT('Ctrl Pts',(-5.50951795427952,-43.9911570254433,
0.2));
#11718=CARTESIAN_POINT('Ctrl Pts',(-5.46152539878682,-43.9810230617032,
0.));
#11719=CARTESIAN_POINT('Ctrl Pts',(-5.46152539878682,-43.9810230617032,
0.2));
#11720=CARTESIAN_POINT('Ctrl Pts',(-5.4156574435542,-43.9636363678251,0.));
#11721=CARTESIAN_POINT('Ctrl Pts',(-5.4156574435542,-43.9636363678251,0.2));
#11722=CARTESIAN_POINT('Ctrl Pts',(-5.39250201545656,-43.9548590779305,
0.));
#11723=CARTESIAN_POINT('Ctrl Pts',(-5.39250201545656,-43.9548590779305,
0.2));
#11724=CARTESIAN_POINT('',(-5.53328252397478,-43.9961750805378,0.));
#11725=CARTESIAN_POINT('Ctrl Pts',(-5.53328252397478,-43.9961750805378,
0.));
#11726=CARTESIAN_POINT('Ctrl Pts',(-5.50951795427952,-43.9911570254433,
0.));
#11727=CARTESIAN_POINT('Ctrl Pts',(-5.46152539878682,-43.9810230617032,
0.));
#11728=CARTESIAN_POINT('Ctrl Pts',(-5.4156574435542,-43.9636363678251,0.));
#11729=CARTESIAN_POINT('Ctrl Pts',(-5.39250201545656,-43.9548590779305,
0.));
#11730=CARTESIAN_POINT('',(-5.53328252397478,-43.9961750805378,0.2));
#11731=CARTESIAN_POINT('Ctrl Pts',(-5.53328252397478,-43.9961750805378,
0.2));
#11732=CARTESIAN_POINT('Ctrl Pts',(-5.50951795427952,-43.9911570254433,
0.2));
#11733=CARTESIAN_POINT('Ctrl Pts',(-5.46152539878682,-43.9810230617032,
0.2));
#11734=CARTESIAN_POINT('Ctrl Pts',(-5.4156574435542,-43.9636363678251,0.2));
#11735=CARTESIAN_POINT('Ctrl Pts',(-5.39250201545656,-43.9548590779305,
0.2));
#11736=CARTESIAN_POINT('',(-5.53328252397478,-43.9961750805378,0.));
#11737=CARTESIAN_POINT('Ctrl Pts',(-5.67253268323839,-44.0091820061207,
0.));
#11738=CARTESIAN_POINT('Ctrl Pts',(-5.67253268323839,-44.0091820061207,
0.2));
#11739=CARTESIAN_POINT('Ctrl Pts',(-5.6495320692772,-44.0086078684246,0.));
#11740=CARTESIAN_POINT('Ctrl Pts',(-5.6495320692772,-44.0086078684246,0.2));
#11741=CARTESIAN_POINT('Ctrl Pts',(-5.60282148050858,-44.007441886079,0.));
#11742=CARTESIAN_POINT('Ctrl Pts',(-5.60282148050858,-44.007441886079,0.2));
#11743=CARTESIAN_POINT('Ctrl Pts',(-5.55669566956499,-43.9999685133361,
0.));
#11744=CARTESIAN_POINT('Ctrl Pts',(-5.55669566956499,-43.9999685133361,
0.2));
#11745=CARTESIAN_POINT('Ctrl Pts',(-5.53328252397478,-43.9961750805378,
0.));
#11746=CARTESIAN_POINT('Ctrl Pts',(-5.53328252397478,-43.9961750805378,
0.2));
#11747=CARTESIAN_POINT('',(-5.67253268323839,-44.0091820061207,0.));
#11748=CARTESIAN_POINT('Ctrl Pts',(-5.67253268323839,-44.0091820061207,
0.));
#11749=CARTESIAN_POINT('Ctrl Pts',(-5.6495320692772,-44.0086078684246,0.));
#11750=CARTESIAN_POINT('Ctrl Pts',(-5.60282148050858,-44.007441886079,0.));
#11751=CARTESIAN_POINT('Ctrl Pts',(-5.55669566956499,-43.9999685133361,
0.));
#11752=CARTESIAN_POINT('Ctrl Pts',(-5.53328252397478,-43.9961750805378,
0.));
#11753=CARTESIAN_POINT('',(-5.67253268323839,-44.0091820061207,0.2));
#11754=CARTESIAN_POINT('Ctrl Pts',(-5.67253268323839,-44.0091820061207,
0.2));
#11755=CARTESIAN_POINT('Ctrl Pts',(-5.6495320692772,-44.0086078684246,0.2));
#11756=CARTESIAN_POINT('Ctrl Pts',(-5.60282148050858,-44.007441886079,0.2));
#11757=CARTESIAN_POINT('Ctrl Pts',(-5.55669566956499,-43.9999685133361,
0.2));
#11758=CARTESIAN_POINT('Ctrl Pts',(-5.53328252397478,-43.9961750805378,
0.2));
#11759=CARTESIAN_POINT('',(-5.67253268323839,-44.0091820061207,0.));
#11760=CARTESIAN_POINT('Ctrl Pts',(-5.82938021980226,-43.9812554419041,
0.));
#11761=CARTESIAN_POINT('Ctrl Pts',(-5.82938021980226,-43.9812554419041,
0.2));
#11762=CARTESIAN_POINT('Ctrl Pts',(-5.80491651983072,-43.9893973417246,
0.));
#11763=CARTESIAN_POINT('Ctrl Pts',(-5.80491651983072,-43.9893973417246,
0.2));
#11764=CARTESIAN_POINT('Ctrl Pts',(-5.75402173824945,-44.0063359165725,
0.));
#11765=CARTESIAN_POINT('Ctrl Pts',(-5.75402173824945,-44.0063359165725,
0.2));
#11766=CARTESIAN_POINT('Ctrl Pts',(-5.70038680312034,-44.0082091721682,
0.));
#11767=CARTESIAN_POINT('Ctrl Pts',(-5.70038680312034,-44.0082091721682,
0.2));
#11768=CARTESIAN_POINT('Ctrl Pts',(-5.67253268323839,-44.0091820061207,
0.));
#11769=CARTESIAN_POINT('Ctrl Pts',(-5.67253268323839,-44.0091820061207,
0.2));
#11770=CARTESIAN_POINT('',(-5.82938021980226,-43.9812554419041,0.));
#11771=CARTESIAN_POINT('Ctrl Pts',(-5.82938021980226,-43.9812554419041,
0.));
#11772=CARTESIAN_POINT('Ctrl Pts',(-5.80491651983072,-43.9893973417246,
0.));
#11773=CARTESIAN_POINT('Ctrl Pts',(-5.75402173824945,-44.0063359165725,
0.));
#11774=CARTESIAN_POINT('Ctrl Pts',(-5.70038680312034,-44.0082091721682,
0.));
#11775=CARTESIAN_POINT('Ctrl Pts',(-5.67253268323839,-44.0091820061207,
0.));
#11776=CARTESIAN_POINT('',(-5.82938021980226,-43.9812554419041,0.2));
#11777=CARTESIAN_POINT('Ctrl Pts',(-5.82938021980226,-43.9812554419041,
0.2));
#11778=CARTESIAN_POINT('Ctrl Pts',(-5.80491651983072,-43.9893973417246,
0.2));
#11779=CARTESIAN_POINT('Ctrl Pts',(-5.75402173824945,-44.0063359165725,
0.2));
#11780=CARTESIAN_POINT('Ctrl Pts',(-5.70038680312034,-44.0082091721682,
0.2));
#11781=CARTESIAN_POINT('Ctrl Pts',(-5.67253268323839,-44.0091820061207,
0.2));
#11782=CARTESIAN_POINT('',(-5.82938021980226,-43.9812554419041,0.));
#11783=CARTESIAN_POINT('Ctrl Pts',(-5.94758993946016,-43.9009188115597,
0.));
#11784=CARTESIAN_POINT('Ctrl Pts',(-5.94758993946016,-43.9009188115597,
0.2));
#11785=CARTESIAN_POINT('Ctrl Pts',(-5.93037579810883,-43.9174254834175,
0.));
#11786=CARTESIAN_POINT('Ctrl Pts',(-5.93037579810883,-43.9174254834175,
0.2));
#11787=CARTESIAN_POINT('Ctrl Pts',(-5.89550905237048,-43.9508592701459,
0.));
#11788=CARTESIAN_POINT('Ctrl Pts',(-5.89550905237048,-43.9508592701459,
0.2));
#11789=CARTESIAN_POINT('Ctrl Pts',(-5.85160719171101,-43.9710387961603,
0.));
#11790=CARTESIAN_POINT('Ctrl Pts',(-5.85160719171101,-43.9710387961603,
0.2));
#11791=CARTESIAN_POINT('Ctrl Pts',(-5.82938021980226,-43.9812554419041,
0.));
#11792=CARTESIAN_POINT('Ctrl Pts',(-5.82938021980226,-43.9812554419041,
0.2));
#11793=CARTESIAN_POINT('',(-5.94758993946016,-43.9009188115597,0.));
#11794=CARTESIAN_POINT('Ctrl Pts',(-5.94758993946016,-43.9009188115597,
0.));
#11795=CARTESIAN_POINT('Ctrl Pts',(-5.93037579810883,-43.9174254834175,
0.));
#11796=CARTESIAN_POINT('Ctrl Pts',(-5.89550905237048,-43.9508592701459,
0.));
#11797=CARTESIAN_POINT('Ctrl Pts',(-5.85160719171101,-43.9710387961603,
0.));
#11798=CARTESIAN_POINT('Ctrl Pts',(-5.82938021980226,-43.9812554419041,
0.));
#11799=CARTESIAN_POINT('',(-5.94758993946016,-43.9009188115597,0.2));
#11800=CARTESIAN_POINT('Ctrl Pts',(-5.94758993946016,-43.9009188115597,
0.2));
#11801=CARTESIAN_POINT('Ctrl Pts',(-5.93037579810883,-43.9174254834175,
0.2));
#11802=CARTESIAN_POINT('Ctrl Pts',(-5.89550905237048,-43.9508592701459,
0.2));
#11803=CARTESIAN_POINT('Ctrl Pts',(-5.85160719171101,-43.9710387961603,
0.2));
#11804=CARTESIAN_POINT('Ctrl Pts',(-5.82938021980226,-43.9812554419041,
0.2));
#11805=CARTESIAN_POINT('',(-5.94758993946016,-43.9009188115597,0.));
#11806=CARTESIAN_POINT('Ctrl Pts',(-6.02257079444826,-43.7731452286243,
0.));
#11807=CARTESIAN_POINT('Ctrl Pts',(-6.02257079444826,-43.7731452286243,
0.2));
#11808=CARTESIAN_POINT('Ctrl Pts',(-6.01309123032831,-43.7970437986964,
0.));
#11809=CARTESIAN_POINT('Ctrl Pts',(-6.01309123032831,-43.7970437986964,
0.2));
#11810=CARTESIAN_POINT('Ctrl Pts',(-5.99465930720339,-43.8435118219927,
0.));
#11811=CARTESIAN_POINT('Ctrl Pts',(-5.99465930720339,-43.8435118219927,
0.2));
#11812=CARTESIAN_POINT('Ctrl Pts',(-5.96297766721493,-43.8821515501956,
0.));
#11813=CARTESIAN_POINT('Ctrl Pts',(-5.96297766721493,-43.8821515501956,
0.2));
#11814=CARTESIAN_POINT('Ctrl Pts',(-5.94758993946016,-43.9009188115597,
0.));
#11815=CARTESIAN_POINT('Ctrl Pts',(-5.94758993946016,-43.9009188115597,
0.2));
#11816=CARTESIAN_POINT('',(-6.02257079444826,-43.7731452286243,0.));
#11817=CARTESIAN_POINT('Ctrl Pts',(-6.02257079444826,-43.7731452286243,
0.));
#11818=CARTESIAN_POINT('Ctrl Pts',(-6.01309123032831,-43.7970437986964,
0.));
#11819=CARTESIAN_POINT('Ctrl Pts',(-5.99465930720339,-43.8435118219927,
0.));
#11820=CARTESIAN_POINT('Ctrl Pts',(-5.96297766721493,-43.8821515501956,
0.));
#11821=CARTESIAN_POINT('Ctrl Pts',(-5.94758993946016,-43.9009188115597,
0.));
#11822=CARTESIAN_POINT('',(-6.02257079444826,-43.7731452286243,0.2));
#11823=CARTESIAN_POINT('Ctrl Pts',(-6.02257079444826,-43.7731452286243,
0.2));
#11824=CARTESIAN_POINT('Ctrl Pts',(-6.01309123032831,-43.7970437986964,
0.2));
#11825=CARTESIAN_POINT('Ctrl Pts',(-5.99465930720339,-43.8435118219927,
0.2));
#11826=CARTESIAN_POINT('Ctrl Pts',(-5.96297766721493,-43.8821515501956,
0.2));
#11827=CARTESIAN_POINT('Ctrl Pts',(-5.94758993946016,-43.9009188115597,
0.2));
#11828=CARTESIAN_POINT('',(-6.02257079444826,-43.7731452286243,0.));
#11829=CARTESIAN_POINT('Ctrl Pts',(-6.04896730743349,-43.6021429300308,
0.));
#11830=CARTESIAN_POINT('Ctrl Pts',(-6.04896730743349,-43.6021429300308,
0.2));
#11831=CARTESIAN_POINT('Ctrl Pts',(-6.04808401412645,-43.6325414134476,
0.));
#11832=CARTESIAN_POINT('Ctrl Pts',(-6.04808401412645,-43.6325414134476,
0.2));
#11833=CARTESIAN_POINT('Ctrl Pts',(-6.04639502243653,-43.6906679558633,
0.));
#11834=CARTESIAN_POINT('Ctrl Pts',(-6.04639502243653,-43.6906679558633,
0.2));
#11835=CARTESIAN_POINT('Ctrl Pts',(-6.03026519391408,-43.7465079296618,
0.));
#11836=CARTESIAN_POINT('Ctrl Pts',(-6.03026519391408,-43.7465079296618,
0.2));
#11837=CARTESIAN_POINT('Ctrl Pts',(-6.02257079444826,-43.7731452286243,
0.));
#11838=CARTESIAN_POINT('Ctrl Pts',(-6.02257079444826,-43.7731452286243,
0.2));
#11839=CARTESIAN_POINT('',(-6.04896730743349,-43.6021429300308,0.));
#11840=CARTESIAN_POINT('Ctrl Pts',(-6.04896730743349,-43.6021429300308,
0.));
#11841=CARTESIAN_POINT('Ctrl Pts',(-6.04808401412645,-43.6325414134476,
0.));
#11842=CARTESIAN_POINT('Ctrl Pts',(-6.04639502243653,-43.6906679558633,
0.));
#11843=CARTESIAN_POINT('Ctrl Pts',(-6.03026519391408,-43.7465079296618,
0.));
#11844=CARTESIAN_POINT('Ctrl Pts',(-6.02257079444826,-43.7731452286243,
0.));
#11845=CARTESIAN_POINT('',(-6.04896730743349,-43.6021429300308,0.2));
#11846=CARTESIAN_POINT('Ctrl Pts',(-6.04896730743349,-43.6021429300308,
0.2));
#11847=CARTESIAN_POINT('Ctrl Pts',(-6.04808401412645,-43.6325414134476,
0.2));
#11848=CARTESIAN_POINT('Ctrl Pts',(-6.04639502243653,-43.6906679558633,
0.2));
#11849=CARTESIAN_POINT('Ctrl Pts',(-6.03026519391408,-43.7465079296618,
0.2));
#11850=CARTESIAN_POINT('Ctrl Pts',(-6.02257079444826,-43.7731452286243,
0.2));
#11851=CARTESIAN_POINT('',(-6.04896730743349,-43.6021429300308,0.));
#11852=CARTESIAN_POINT('Ctrl Pts',(-6.03213495574891,-43.4441475570202,
0.));
#11853=CARTESIAN_POINT('Ctrl Pts',(-6.03213495574891,-43.4441475570202,
0.2));
#11854=CARTESIAN_POINT('Ctrl Pts',(-6.03704158921772,-43.4690329835477,
0.));
#11855=CARTESIAN_POINT('Ctrl Pts',(-6.03704158921772,-43.4690329835477,
0.2));
#11856=CARTESIAN_POINT('Ctrl Pts',(-6.04732488425302,-43.5211877215546,
0.));
#11857=CARTESIAN_POINT('Ctrl Pts',(-6.04732488425302,-43.5211877215546,
0.2));
#11858=CARTESIAN_POINT('Ctrl Pts',(-6.04840340078835,-43.574347913155,0.));
#11859=CARTESIAN_POINT('Ctrl Pts',(-6.04840340078835,-43.574347913155,0.2));
#11860=CARTESIAN_POINT('Ctrl Pts',(-6.04896730743349,-43.6021429300308,
0.));
#11861=CARTESIAN_POINT('Ctrl Pts',(-6.04896730743349,-43.6021429300308,
0.2));
#11862=CARTESIAN_POINT('Ctrl Pts',(-6.03213495574891,-43.4441475570202,
0.));
#11863=CARTESIAN_POINT('Ctrl Pts',(-6.03704158921772,-43.4690329835477,
0.));
#11864=CARTESIAN_POINT('Ctrl Pts',(-6.04732488425302,-43.5211877215546,
0.));
#11865=CARTESIAN_POINT('Ctrl Pts',(-6.04840340078835,-43.574347913155,0.));
#11866=CARTESIAN_POINT('Ctrl Pts',(-6.04896730743349,-43.6021429300308,
0.));
#11867=CARTESIAN_POINT('Ctrl Pts',(-6.03213495574891,-43.4441475570202,
0.2));
#11868=CARTESIAN_POINT('Ctrl Pts',(-6.03704158921772,-43.4690329835477,
0.2));
#11869=CARTESIAN_POINT('Ctrl Pts',(-6.04732488425302,-43.5211877215546,
0.2));
#11870=CARTESIAN_POINT('Ctrl Pts',(-6.04840340078835,-43.574347913155,0.2));
#11871=CARTESIAN_POINT('Ctrl Pts',(-6.04896730743349,-43.6021429300308,
0.2));
#11872=CARTESIAN_POINT('Origin',(-5.65952591132373,-43.6140021681786,0.));
#11873=CARTESIAN_POINT('Origin',(-5.65952591132373,-43.6140021681786,0.2));
#11874=CARTESIAN_POINT('Ctrl Pts',(-3.13542461954057,-43.3328238874674,
0.));
#11875=CARTESIAN_POINT('Ctrl Pts',(-3.13542461954057,-43.3328238874674,
0.2));
#11876=CARTESIAN_POINT('Ctrl Pts',(-3.10170274866059,-43.3351987841046,
0.));
#11877=CARTESIAN_POINT('Ctrl Pts',(-3.10170274866059,-43.3351987841046,
0.2));
#11878=CARTESIAN_POINT('Ctrl Pts',(-3.0371300223838,-43.339746383229,0.));
#11879=CARTESIAN_POINT('Ctrl Pts',(-3.0371300223838,-43.339746383229,0.2));
#11880=CARTESIAN_POINT('Ctrl Pts',(-2.98896451422491,-43.38269469133,0.));
#11881=CARTESIAN_POINT('Ctrl Pts',(-2.98896451422491,-43.38269469133,0.2));
#11882=CARTESIAN_POINT('Ctrl Pts',(-2.96595252119005,-43.4032140672207,
0.));
#11883=CARTESIAN_POINT('Ctrl Pts',(-2.96595252119005,-43.4032140672207,
0.2));
#11884=CARTESIAN_POINT('',(-3.13542461954057,-43.3328238874674,0.));
#11885=CARTESIAN_POINT('',(-2.96595252119005,-43.4032140672207,0.));
#11886=CARTESIAN_POINT('Ctrl Pts',(-3.13542461954057,-43.3328238874674,
0.));
#11887=CARTESIAN_POINT('Ctrl Pts',(-3.10170274866059,-43.3351987841046,
0.));
#11888=CARTESIAN_POINT('Ctrl Pts',(-3.0371300223838,-43.339746383229,0.));
#11889=CARTESIAN_POINT('Ctrl Pts',(-2.98896451422491,-43.38269469133,0.));
#11890=CARTESIAN_POINT('Ctrl Pts',(-2.96595252119005,-43.4032140672207,
0.));
#11891=CARTESIAN_POINT('',(-2.96595252119005,-43.4032140672207,0.2));
#11892=CARTESIAN_POINT('',(-2.96595252119005,-43.4032140672207,0.));
#11893=CARTESIAN_POINT('',(-3.13542461954057,-43.3328238874674,0.2));
#11894=CARTESIAN_POINT('Ctrl Pts',(-3.13542461954057,-43.3328238874674,
0.2));
#11895=CARTESIAN_POINT('Ctrl Pts',(-3.10170274866059,-43.3351987841046,
0.2));
#11896=CARTESIAN_POINT('Ctrl Pts',(-3.0371300223838,-43.339746383229,0.2));
#11897=CARTESIAN_POINT('Ctrl Pts',(-2.98896451422491,-43.38269469133,0.2));
#11898=CARTESIAN_POINT('Ctrl Pts',(-2.96595252119005,-43.4032140672207,
0.2));
#11899=CARTESIAN_POINT('',(-3.13542461954057,-43.3328238874674,0.));
#11900=CARTESIAN_POINT('Ctrl Pts',(-3.21423104964197,-43.3408576250076,
0.));
#11901=CARTESIAN_POINT('Ctrl Pts',(-3.21423104964197,-43.3408576250076,
0.2));
#11902=CARTESIAN_POINT('Ctrl Pts',(-3.20106689169674,-43.3385145274488,
0.));
#11903=CARTESIAN_POINT('Ctrl Pts',(-3.20106689169674,-43.3385145274488,
0.2));
#11904=CARTESIAN_POINT('Ctrl Pts',(-3.17499713737362,-43.3338743538829,
0.));
#11905=CARTESIAN_POINT('Ctrl Pts',(-3.17499713737362,-43.3338743538829,
0.2));
#11906=CARTESIAN_POINT('Ctrl Pts',(-3.1485279510982,-43.333171720016,0.));
#11907=CARTESIAN_POINT('Ctrl Pts',(-3.1485279510982,-43.333171720016,0.2));
#11908=CARTESIAN_POINT('Ctrl Pts',(-3.13542461954057,-43.3328238874674,
0.));
#11909=CARTESIAN_POINT('Ctrl Pts',(-3.13542461954057,-43.3328238874674,
0.2));
#11910=CARTESIAN_POINT('',(-3.21423104964197,-43.3408576250076,0.));
#11911=CARTESIAN_POINT('Ctrl Pts',(-3.21423104964197,-43.3408576250076,
0.));
#11912=CARTESIAN_POINT('Ctrl Pts',(-3.20106689169674,-43.3385145274488,
0.));
#11913=CARTESIAN_POINT('Ctrl Pts',(-3.17499713737362,-43.3338743538829,
0.));
#11914=CARTESIAN_POINT('Ctrl Pts',(-3.1485279510982,-43.333171720016,0.));
#11915=CARTESIAN_POINT('Ctrl Pts',(-3.13542461954057,-43.3328238874674,
0.));
#11916=CARTESIAN_POINT('',(-3.21423104964197,-43.3408576250076,0.2));
#11917=CARTESIAN_POINT('Ctrl Pts',(-3.21423104964197,-43.3408576250076,
0.2));
#11918=CARTESIAN_POINT('Ctrl Pts',(-3.20106689169674,-43.3385145274488,
0.2));
#11919=CARTESIAN_POINT('Ctrl Pts',(-3.17499713737362,-43.3338743538829,
0.2));
#11920=CARTESIAN_POINT('Ctrl Pts',(-3.1485279510982,-43.333171720016,0.2));
#11921=CARTESIAN_POINT('Ctrl Pts',(-3.13542461954057,-43.3328238874674,
0.2));
#11922=CARTESIAN_POINT('',(-3.21423104964197,-43.3408576250076,0.));
#11923=CARTESIAN_POINT('Ctrl Pts',(-3.28691667877138,-43.3641934394836,
0.));
#11924=CARTESIAN_POINT('Ctrl Pts',(-3.28691667877138,-43.3641934394836,
0.2));
#11925=CARTESIAN_POINT('Ctrl Pts',(-3.27548542277451,-43.3593602532708,
0.));
#11926=CARTESIAN_POINT('Ctrl Pts',(-3.27548542277451,-43.3593602532708,
0.2));
#11927=CARTESIAN_POINT('Ctrl Pts',(-3.25195730709283,-43.349412460626,0.));
#11928=CARTESIAN_POINT('Ctrl Pts',(-3.25195730709283,-43.349412460626,0.2));
#11929=CARTESIAN_POINT('Ctrl Pts',(-3.22704142321054,-43.3437625153279,
0.));
#11930=CARTESIAN_POINT('Ctrl Pts',(-3.22704142321054,-43.3437625153279,
0.2));
#11931=CARTESIAN_POINT('Ctrl Pts',(-3.21423104964197,-43.3408576250076,
0.));
#11932=CARTESIAN_POINT('Ctrl Pts',(-3.21423104964197,-43.3408576250076,
0.2));
#11933=CARTESIAN_POINT('',(-3.28691667877138,-43.3641934394836,0.));
#11934=CARTESIAN_POINT('Ctrl Pts',(-3.28691667877138,-43.3641934394836,
0.));
#11935=CARTESIAN_POINT('Ctrl Pts',(-3.27548542277451,-43.3593602532708,
0.));
#11936=CARTESIAN_POINT('Ctrl Pts',(-3.25195730709283,-43.349412460626,0.));
#11937=CARTESIAN_POINT('Ctrl Pts',(-3.22704142321054,-43.3437625153279,
0.));
#11938=CARTESIAN_POINT('Ctrl Pts',(-3.21423104964197,-43.3408576250076,
0.));
#11939=CARTESIAN_POINT('',(-3.28691667877138,-43.3641934394836,0.2));
#11940=CARTESIAN_POINT('Ctrl Pts',(-3.28691667877138,-43.3641934394836,
0.2));
#11941=CARTESIAN_POINT('Ctrl Pts',(-3.27548542277451,-43.3593602532708,
0.2));
#11942=CARTESIAN_POINT('Ctrl Pts',(-3.25195730709283,-43.349412460626,0.2));
#11943=CARTESIAN_POINT('Ctrl Pts',(-3.22704142321054,-43.3437625153279,
0.2));
#11944=CARTESIAN_POINT('Ctrl Pts',(-3.21423104964197,-43.3408576250076,
0.2));
#11945=CARTESIAN_POINT('',(-3.28691667877138,-43.3641934394836,0.));
#11946=CARTESIAN_POINT('Origin',(-3.28691667877138,-43.7207351624966,0.));
#11947=CARTESIAN_POINT('',(-3.28691667877138,-43.7207351624966,0.));
#11948=CARTESIAN_POINT('',(-3.28691667877138,-43.7207351624966,0.));
#11949=CARTESIAN_POINT('',(-3.28691667877138,-43.7207351624966,0.2));
#11950=CARTESIAN_POINT('',(-3.28691667877138,-43.7207351624966,0.2));
#11951=CARTESIAN_POINT('',(-3.28691667877138,-43.7207351624966,0.));
#11952=CARTESIAN_POINT('Ctrl Pts',(-3.16870695911348,-43.8546295464039,
0.));
#11953=CARTESIAN_POINT('Ctrl Pts',(-3.16870695911348,-43.8546295464039,
0.2));
#11954=CARTESIAN_POINT('Ctrl Pts',(-3.18855203411461,-43.8365048058912,
0.));
#11955=CARTESIAN_POINT('Ctrl Pts',(-3.18855203411461,-43.8365048058912,
0.2));
#11956=CARTESIAN_POINT('Ctrl Pts',(-3.23273409522446,-43.7961528095956,
0.));
#11957=CARTESIAN_POINT('Ctrl Pts',(-3.23273409522446,-43.7961528095956,
0.2));
#11958=CARTESIAN_POINT('Ctrl Pts',(-3.26767179962252,-43.747522432669,0.));
#11959=CARTESIAN_POINT('Ctrl Pts',(-3.26767179962252,-43.747522432669,0.2));
#11960=CARTESIAN_POINT('Ctrl Pts',(-3.28691667877138,-43.7207351624966,
0.));
#11961=CARTESIAN_POINT('Ctrl Pts',(-3.28691667877138,-43.7207351624966,
0.2));
#11962=CARTESIAN_POINT('',(-3.16870695911348,-43.8546295464039,0.));
#11963=CARTESIAN_POINT('Ctrl Pts',(-3.16870695911348,-43.8546295464039,
0.));
#11964=CARTESIAN_POINT('Ctrl Pts',(-3.18855203411461,-43.8365048058912,
0.));
#11965=CARTESIAN_POINT('Ctrl Pts',(-3.23273409522446,-43.7961528095956,
0.));
#11966=CARTESIAN_POINT('Ctrl Pts',(-3.26767179962252,-43.747522432669,0.));
#11967=CARTESIAN_POINT('Ctrl Pts',(-3.28691667877138,-43.7207351624966,
0.));
#11968=CARTESIAN_POINT('',(-3.16870695911348,-43.8546295464039,0.2));
#11969=CARTESIAN_POINT('Ctrl Pts',(-3.16870695911348,-43.8546295464039,
0.2));
#11970=CARTESIAN_POINT('Ctrl Pts',(-3.18855203411461,-43.8365048058912,
0.2));
#11971=CARTESIAN_POINT('Ctrl Pts',(-3.23273409522446,-43.7961528095956,
0.2));
#11972=CARTESIAN_POINT('Ctrl Pts',(-3.26767179962252,-43.747522432669,0.2));
#11973=CARTESIAN_POINT('Ctrl Pts',(-3.28691667877138,-43.7207351624966,
0.2));
#11974=CARTESIAN_POINT('',(-3.16870695911348,-43.8546295464039,0.));
#11975=CARTESIAN_POINT('Ctrl Pts',(-3.06197396479547,-43.8997711241245,
0.));
#11976=CARTESIAN_POINT('Ctrl Pts',(-3.06197396479547,-43.8997711241245,
0.2));
#11977=CARTESIAN_POINT('Ctrl Pts',(-3.07979091679819,-43.8972635199103,
0.));
#11978=CARTESIAN_POINT('Ctrl Pts',(-3.07979091679819,-43.8972635199103,
0.2));
#11979=CARTESIAN_POINT('Ctrl Pts',(-3.11920381453549,-43.8917164460649,
0.));
#11980=CARTESIAN_POINT('Ctrl Pts',(-3.11920381453549,-43.8917164460649,
0.2));
#11981=CARTESIAN_POINT('Ctrl Pts',(-3.15118380733484,-43.8677575886181,
0.));
#11982=CARTESIAN_POINT('Ctrl Pts',(-3.15118380733484,-43.8677575886181,
0.2));
#11983=CARTESIAN_POINT('Ctrl Pts',(-3.16870695911348,-43.8546295464039,
0.));
#11984=CARTESIAN_POINT('Ctrl Pts',(-3.16870695911348,-43.8546295464039,
0.2));
#11985=CARTESIAN_POINT('',(-3.06197396479547,-43.8997711241245,0.));
#11986=CARTESIAN_POINT('Ctrl Pts',(-3.06197396479547,-43.8997711241245,
0.));
#11987=CARTESIAN_POINT('Ctrl Pts',(-3.07979091679819,-43.8972635199103,
0.));
#11988=CARTESIAN_POINT('Ctrl Pts',(-3.11920381453549,-43.8917164460649,
0.));
#11989=CARTESIAN_POINT('Ctrl Pts',(-3.15118380733484,-43.8677575886181,
0.));
#11990=CARTESIAN_POINT('Ctrl Pts',(-3.16870695911348,-43.8546295464039,
0.));
#11991=CARTESIAN_POINT('',(-3.06197396479547,-43.8997711241245,0.2));
#11992=CARTESIAN_POINT('Ctrl Pts',(-3.06197396479547,-43.8997711241245,
0.2));
#11993=CARTESIAN_POINT('Ctrl Pts',(-3.07979091679819,-43.8972635199103,
0.2));
#11994=CARTESIAN_POINT('Ctrl Pts',(-3.11920381453549,-43.8917164460649,
0.2));
#11995=CARTESIAN_POINT('Ctrl Pts',(-3.15118380733484,-43.8677575886181,
0.2));
#11996=CARTESIAN_POINT('Ctrl Pts',(-3.16870695911348,-43.8546295464039,
0.2));
#11997=CARTESIAN_POINT('',(-3.06197396479547,-43.8997711241245,0.));
#11998=CARTESIAN_POINT('Ctrl Pts',(-2.94605976901948,-43.8312937319279,
0.));
#11999=CARTESIAN_POINT('Ctrl Pts',(-2.94605976901948,-43.8312937319279,
0.2));
#12000=CARTESIAN_POINT('Ctrl Pts',(-2.96087776472147,-43.8512642133001,
0.));
#12001=CARTESIAN_POINT('Ctrl Pts',(-2.96087776472147,-43.8512642133001,
0.2));
#12002=CARTESIAN_POINT('Ctrl Pts',(-2.98996226916365,-43.8904619270709,
0.));
#12003=CARTESIAN_POINT('Ctrl Pts',(-2.98996226916365,-43.8904619270709,
0.2));
#12004=CARTESIAN_POINT('Ctrl Pts',(-3.03827543021208,-43.8967075338787,
0.));
#12005=CARTESIAN_POINT('Ctrl Pts',(-3.03827543021208,-43.8967075338787,
0.2));
#12006=CARTESIAN_POINT('Ctrl Pts',(-3.06197396479547,-43.8997711241245,
0.));
#12007=CARTESIAN_POINT('Ctrl Pts',(-3.06197396479547,-43.8997711241245,
0.2));
#12008=CARTESIAN_POINT('',(-2.94605976901948,-43.8312937319279,0.));
#12009=CARTESIAN_POINT('Ctrl Pts',(-2.94605976901948,-43.8312937319279,
0.));
#12010=CARTESIAN_POINT('Ctrl Pts',(-2.96087776472147,-43.8512642133001,
0.));
#12011=CARTESIAN_POINT('Ctrl Pts',(-2.98996226916365,-43.8904619270709,
0.));
#12012=CARTESIAN_POINT('Ctrl Pts',(-3.03827543021208,-43.8967075338787,
0.));
#12013=CARTESIAN_POINT('Ctrl Pts',(-3.06197396479547,-43.8997711241245,
0.));
#12014=CARTESIAN_POINT('',(-2.94605976901948,-43.8312937319279,0.2));
#12015=CARTESIAN_POINT('Ctrl Pts',(-2.94605976901948,-43.8312937319279,
0.2));
#12016=CARTESIAN_POINT('Ctrl Pts',(-2.96087776472147,-43.8512642133001,
0.2));
#12017=CARTESIAN_POINT('Ctrl Pts',(-2.98996226916365,-43.8904619270709,
0.2));
#12018=CARTESIAN_POINT('Ctrl Pts',(-3.03827543021208,-43.8967075338787,
0.2));
#12019=CARTESIAN_POINT('Ctrl Pts',(-3.06197396479547,-43.8997711241245,
0.2));
#12020=CARTESIAN_POINT('',(-2.94605976901948,-43.8312937319279,0.));
#12021=CARTESIAN_POINT('Ctrl Pts',(-2.90512627921999,-43.623566031456,0.));
#12022=CARTESIAN_POINT('Ctrl Pts',(-2.90512627921999,-43.623566031456,0.2));
#12023=CARTESIAN_POINT('Ctrl Pts',(-2.90561278520297,-43.6647179488905,
0.));
#12024=CARTESIAN_POINT('Ctrl Pts',(-2.90561278520297,-43.6647179488905,
0.2));
#12025=CARTESIAN_POINT('Ctrl Pts',(-2.9064641141991,-43.7367290274451,0.));
#12026=CARTESIAN_POINT('Ctrl Pts',(-2.9064641141991,-43.7367290274451,0.2));
#12027=CARTESIAN_POINT('Ctrl Pts',(-2.93418180805018,-43.8029260770926,
0.));
#12028=CARTESIAN_POINT('Ctrl Pts',(-2.93418180805018,-43.8029260770926,
0.2));
#12029=CARTESIAN_POINT('Ctrl Pts',(-2.94605976901948,-43.8312937319279,
0.));
#12030=CARTESIAN_POINT('Ctrl Pts',(-2.94605976901948,-43.8312937319279,
0.2));
#12031=CARTESIAN_POINT('',(-2.90512627921999,-43.623566031456,0.));
#12032=CARTESIAN_POINT('Ctrl Pts',(-2.90512627921999,-43.623566031456,0.));
#12033=CARTESIAN_POINT('Ctrl Pts',(-2.90561278520297,-43.6647179488905,
0.));
#12034=CARTESIAN_POINT('Ctrl Pts',(-2.9064641141991,-43.7367290274451,0.));
#12035=CARTESIAN_POINT('Ctrl Pts',(-2.93418180805018,-43.8029260770926,
0.));
#12036=CARTESIAN_POINT('Ctrl Pts',(-2.94605976901948,-43.8312937319279,
0.));
#12037=CARTESIAN_POINT('',(-2.90512627921999,-43.623566031456,0.2));
#12038=CARTESIAN_POINT('Ctrl Pts',(-2.90512627921999,-43.623566031456,0.2));
#12039=CARTESIAN_POINT('Ctrl Pts',(-2.90561278520297,-43.6647179488905,
0.2));
#12040=CARTESIAN_POINT('Ctrl Pts',(-2.9064641141991,-43.7367290274451,0.2));
#12041=CARTESIAN_POINT('Ctrl Pts',(-2.93418180805018,-43.8029260770926,
0.2));
#12042=CARTESIAN_POINT('Ctrl Pts',(-2.94605976901948,-43.8312937319279,
0.2));
#12043=CARTESIAN_POINT('',(-2.90512627921999,-43.623566031456,0.));
#12044=CARTESIAN_POINT('Ctrl Pts',(-2.96595252119005,-43.4032140672207,
0.));
#12045=CARTESIAN_POINT('Ctrl Pts',(-2.96595252119005,-43.4032140672207,
0.2));
#12046=CARTESIAN_POINT('Ctrl Pts',(-2.9482856158939,-43.4325685379285,0.));
#12047=CARTESIAN_POINT('Ctrl Pts',(-2.9482856158939,-43.4325685379285,0.2));
#12048=CARTESIAN_POINT('Ctrl Pts',(-2.90774707763766,-43.4999254017273,
0.));
#12049=CARTESIAN_POINT('Ctrl Pts',(-2.90774707763766,-43.4999254017273,
0.2));
#12050=CARTESIAN_POINT('Ctrl Pts',(-2.90607158402396,-43.5789696670579,
0.));
#12051=CARTESIAN_POINT('Ctrl Pts',(-2.90607158402396,-43.5789696670579,
0.2));
#12052=CARTESIAN_POINT('Ctrl Pts',(-2.90512627921999,-43.623566031456,0.));
#12053=CARTESIAN_POINT('Ctrl Pts',(-2.90512627921999,-43.623566031456,0.2));
#12054=CARTESIAN_POINT('Ctrl Pts',(-2.96595252119005,-43.4032140672207,
0.));
#12055=CARTESIAN_POINT('Ctrl Pts',(-2.9482856158939,-43.4325685379285,0.));
#12056=CARTESIAN_POINT('Ctrl Pts',(-2.90774707763766,-43.4999254017273,
0.));
#12057=CARTESIAN_POINT('Ctrl Pts',(-2.90607158402396,-43.5789696670579,
0.));
#12058=CARTESIAN_POINT('Ctrl Pts',(-2.90512627921999,-43.623566031456,0.));
#12059=CARTESIAN_POINT('Ctrl Pts',(-2.96595252119005,-43.4032140672207,
0.2));
#12060=CARTESIAN_POINT('Ctrl Pts',(-2.9482856158939,-43.4325685379285,0.2));
#12061=CARTESIAN_POINT('Ctrl Pts',(-2.90774707763766,-43.4999254017273,
0.2));
#12062=CARTESIAN_POINT('Ctrl Pts',(-2.90607158402396,-43.5789696670579,
0.2));
#12063=CARTESIAN_POINT('Ctrl Pts',(-2.90512627921999,-43.623566031456,0.2));
#12064=CARTESIAN_POINT('Ctrl Pts',(-2.83588371239603,-43.9085699617863,
0.));
#12065=CARTESIAN_POINT('Ctrl Pts',(-2.83588371239603,-43.9085699617863,
0.2));
#12066=CARTESIAN_POINT('Ctrl Pts',(-2.82535758634603,-43.8905131876892,
0.));
#12067=CARTESIAN_POINT('Ctrl Pts',(-2.82535758634603,-43.8905131876892,
0.2));
#12068=CARTESIAN_POINT('Ctrl Pts',(-2.80326346480455,-43.8526123911708,
0.));
#12069=CARTESIAN_POINT('Ctrl Pts',(-2.80326346480455,-43.8526123911708,
0.2));
#12070=CARTESIAN_POINT('Ctrl Pts',(-2.79178099136776,-43.8102466410567,
0.));
#12071=CARTESIAN_POINT('Ctrl Pts',(-2.79178099136776,-43.8102466410567,
0.2));
#12072=CARTESIAN_POINT('Ctrl Pts',(-2.78576902113855,-43.7880648672581,
0.));
#12073=CARTESIAN_POINT('Ctrl Pts',(-2.78576902113855,-43.7880648672581,
0.2));
#12074=CARTESIAN_POINT('',(-2.83588371239603,-43.9085699617863,0.));
#12075=CARTESIAN_POINT('',(-2.78576902113855,-43.7880648672581,0.));
#12076=CARTESIAN_POINT('Ctrl Pts',(-2.83588371239603,-43.9085699617863,
0.));
#12077=CARTESIAN_POINT('Ctrl Pts',(-2.82535758634603,-43.8905131876892,
0.));
#12078=CARTESIAN_POINT('Ctrl Pts',(-2.80326346480455,-43.8526123911708,
0.));
#12079=CARTESIAN_POINT('Ctrl Pts',(-2.79178099136776,-43.8102466410567,
0.));
#12080=CARTESIAN_POINT('Ctrl Pts',(-2.78576902113855,-43.7880648672581,
0.));
#12081=CARTESIAN_POINT('',(-2.78576902113855,-43.7880648672581,0.2));
#12082=CARTESIAN_POINT('',(-2.78576902113855,-43.7880648672581,0.));
#12083=CARTESIAN_POINT('',(-2.83588371239603,-43.9085699617863,0.2));
#12084=CARTESIAN_POINT('Ctrl Pts',(-2.83588371239603,-43.9085699617863,
0.2));
#12085=CARTESIAN_POINT('Ctrl Pts',(-2.82535758634603,-43.8905131876892,
0.2));
#12086=CARTESIAN_POINT('Ctrl Pts',(-2.80326346480455,-43.8526123911708,
0.2));
#12087=CARTESIAN_POINT('Ctrl Pts',(-2.79178099136776,-43.8102466410567,
0.2));
#12088=CARTESIAN_POINT('Ctrl Pts',(-2.78576902113855,-43.7880648672581,
0.2));
#12089=CARTESIAN_POINT('',(-2.83588371239603,-43.9085699617863,0.));
#12090=CARTESIAN_POINT('Ctrl Pts',(-2.91928089223802,-43.9862287044525,
0.));
#12091=CARTESIAN_POINT('Ctrl Pts',(-2.91928089223802,-43.9862287044525,
0.2));
#12092=CARTESIAN_POINT('Ctrl Pts',(-2.90320601568443,-43.9759988570924,
0.));
#12093=CARTESIAN_POINT('Ctrl Pts',(-2.90320601568443,-43.9759988570924,
0.2));
#12094=CARTESIAN_POINT('Ctrl Pts',(-2.87062498621307,-43.9552647035694,
0.));
#12095=CARTESIAN_POINT('Ctrl Pts',(-2.87062498621307,-43.9552647035694,
0.2));
#12096=CARTESIAN_POINT('Ctrl Pts',(-2.84756588175821,-43.9242716278998,
0.));
#12097=CARTESIAN_POINT('Ctrl Pts',(-2.84756588175821,-43.9242716278998,
0.2));
#12098=CARTESIAN_POINT('Ctrl Pts',(-2.83588371239603,-43.9085699617863,
0.));
#12099=CARTESIAN_POINT('Ctrl Pts',(-2.83588371239603,-43.9085699617863,
0.2));
#12100=CARTESIAN_POINT('',(-2.91928089223802,-43.9862287044525,0.));
#12101=CARTESIAN_POINT('Ctrl Pts',(-2.91928089223802,-43.9862287044525,
0.));
#12102=CARTESIAN_POINT('Ctrl Pts',(-2.90320601568443,-43.9759988570924,
0.));
#12103=CARTESIAN_POINT('Ctrl Pts',(-2.87062498621307,-43.9552647035694,
0.));
#12104=CARTESIAN_POINT('Ctrl Pts',(-2.84756588175821,-43.9242716278998,
0.));
#12105=CARTESIAN_POINT('Ctrl Pts',(-2.83588371239603,-43.9085699617863,
0.));
#12106=CARTESIAN_POINT('',(-2.91928089223802,-43.9862287044525,0.2));
#12107=CARTESIAN_POINT('Ctrl Pts',(-2.91928089223802,-43.9862287044525,
0.2));
#12108=CARTESIAN_POINT('Ctrl Pts',(-2.90320601568443,-43.9759988570924,
0.2));
#12109=CARTESIAN_POINT('Ctrl Pts',(-2.87062498621307,-43.9552647035694,
0.2));
#12110=CARTESIAN_POINT('Ctrl Pts',(-2.84756588175821,-43.9242716278998,
0.2));
#12111=CARTESIAN_POINT('Ctrl Pts',(-2.83588371239603,-43.9085699617863,
0.2));
#12112=CARTESIAN_POINT('',(-2.91928089223802,-43.9862287044525,0.));
#12113=CARTESIAN_POINT('Ctrl Pts',(-3.03519508801401,-44.0137726068497,
0.));
#12114=CARTESIAN_POINT('Ctrl Pts',(-3.03519508801401,-44.0137726068497,
0.2));
#12115=CARTESIAN_POINT('Ctrl Pts',(-3.0142473095143,-44.0128031509942,0.));
#12116=CARTESIAN_POINT('Ctrl Pts',(-3.0142473095143,-44.0128031509942,0.2));
#12117=CARTESIAN_POINT('Ctrl Pts',(-2.97383566316845,-44.0109329141488,
0.));
#12118=CARTESIAN_POINT('Ctrl Pts',(-2.97383566316845,-44.0109329141488,
0.2));
#12119=CARTESIAN_POINT('Ctrl Pts',(-2.93701513412464,-43.9942593573707,
0.));
#12120=CARTESIAN_POINT('Ctrl Pts',(-2.93701513412464,-43.9942593573707,
0.2));
#12121=CARTESIAN_POINT('Ctrl Pts',(-2.91928089223802,-43.9862287044525,
0.));
#12122=CARTESIAN_POINT('Ctrl Pts',(-2.91928089223802,-43.9862287044525,
0.2));
#12123=CARTESIAN_POINT('',(-3.03519508801401,-44.0137726068497,0.));
#12124=CARTESIAN_POINT('Ctrl Pts',(-3.03519508801401,-44.0137726068497,
0.));
#12125=CARTESIAN_POINT('Ctrl Pts',(-3.0142473095143,-44.0128031509942,0.));
#12126=CARTESIAN_POINT('Ctrl Pts',(-2.97383566316845,-44.0109329141488,
0.));
#12127=CARTESIAN_POINT('Ctrl Pts',(-2.93701513412464,-43.9942593573707,
0.));
#12128=CARTESIAN_POINT('Ctrl Pts',(-2.91928089223802,-43.9862287044525,
0.));
#12129=CARTESIAN_POINT('',(-3.03519508801401,-44.0137726068497,0.2));
#12130=CARTESIAN_POINT('Ctrl Pts',(-3.03519508801401,-44.0137726068497,
0.2));
#12131=CARTESIAN_POINT('Ctrl Pts',(-3.0142473095143,-44.0128031509942,0.2));
#12132=CARTESIAN_POINT('Ctrl Pts',(-2.97383566316845,-44.0109329141488,
0.2));
#12133=CARTESIAN_POINT('Ctrl Pts',(-2.93701513412464,-43.9942593573707,
0.2));
#12134=CARTESIAN_POINT('Ctrl Pts',(-2.91928089223802,-43.9862287044525,
0.2));
#12135=CARTESIAN_POINT('',(-3.03519508801401,-44.0137726068497,0.));
#12136=CARTESIAN_POINT('Ctrl Pts',(-3.17597559653223,-43.9747519791126,
0.));
#12137=CARTESIAN_POINT('Ctrl Pts',(-3.17597559653223,-43.9747519791126,
0.2));
#12138=CARTESIAN_POINT('Ctrl Pts',(-3.15385536951096,-43.9861329765376,
0.));
#12139=CARTESIAN_POINT('Ctrl Pts',(-3.15385536951096,-43.9861329765376,
0.2));
#12140=CARTESIAN_POINT('Ctrl Pts',(-3.10962978470343,-44.0088873210716,
0.));
#12141=CARTESIAN_POINT('Ctrl Pts',(-3.10962978470343,-44.0088873210716,
0.2));
#12142=CARTESIAN_POINT('Ctrl Pts',(-3.06000109163298,-44.0121445432976,
0.));
#12143=CARTESIAN_POINT('Ctrl Pts',(-3.06000109163298,-44.0121445432976,
0.2));
#12144=CARTESIAN_POINT('Ctrl Pts',(-3.03519508801401,-44.0137726068497,
0.));
#12145=CARTESIAN_POINT('Ctrl Pts',(-3.03519508801401,-44.0137726068497,
0.2));
#12146=CARTESIAN_POINT('',(-3.17597559653223,-43.9747519791126,0.));
#12147=CARTESIAN_POINT('Ctrl Pts',(-3.17597559653223,-43.9747519791126,
0.));
#12148=CARTESIAN_POINT('Ctrl Pts',(-3.15385536951096,-43.9861329765376,
0.));
#12149=CARTESIAN_POINT('Ctrl Pts',(-3.10962978470343,-44.0088873210716,
0.));
#12150=CARTESIAN_POINT('Ctrl Pts',(-3.06000109163298,-44.0121445432976,
0.));
#12151=CARTESIAN_POINT('Ctrl Pts',(-3.03519508801401,-44.0137726068497,
0.));
#12152=CARTESIAN_POINT('',(-3.17597559653223,-43.9747519791126,0.2));
#12153=CARTESIAN_POINT('Ctrl Pts',(-3.17597559653223,-43.9747519791126,
0.2));
#12154=CARTESIAN_POINT('Ctrl Pts',(-3.15385536951096,-43.9861329765376,
0.2));
#12155=CARTESIAN_POINT('Ctrl Pts',(-3.10962978470343,-44.0088873210716,
0.2));
#12156=CARTESIAN_POINT('Ctrl Pts',(-3.06000109163298,-44.0121445432976,
0.2));
#12157=CARTESIAN_POINT('Ctrl Pts',(-3.03519508801401,-44.0137726068497,
0.2));
#12158=CARTESIAN_POINT('',(-3.17597559653223,-43.9747519791126,0.));
#12159=CARTESIAN_POINT('Ctrl Pts',(-3.29686305485666,-43.8546295464039,
0.));
#12160=CARTESIAN_POINT('Ctrl Pts',(-3.29686305485666,-43.8546295464039,
0.2));
#12161=CARTESIAN_POINT('Ctrl Pts',(-3.2786917484937,-43.879393542143,0.));
#12162=CARTESIAN_POINT('Ctrl Pts',(-3.2786917484937,-43.879393542143,0.2));
#12163=CARTESIAN_POINT('Ctrl Pts',(-3.24463594458473,-43.925805053019,0.));
#12164=CARTESIAN_POINT('Ctrl Pts',(-3.24463594458473,-43.925805053019,0.2));
#12165=CARTESIAN_POINT('Ctrl Pts',(-3.19781437399999,-43.9591834441866,
0.));
#12166=CARTESIAN_POINT('Ctrl Pts',(-3.19781437399999,-43.9591834441866,
0.2));
#12167=CARTESIAN_POINT('Ctrl Pts',(-3.17597559653223,-43.9747519791126,
0.));
#12168=CARTESIAN_POINT('Ctrl Pts',(-3.17597559653223,-43.9747519791126,
0.2));
#12169=CARTESIAN_POINT('',(-3.29686305485666,-43.8546295464039,0.));
#12170=CARTESIAN_POINT('Ctrl Pts',(-3.29686305485666,-43.8546295464039,
0.));
#12171=CARTESIAN_POINT('Ctrl Pts',(-3.2786917484937,-43.879393542143,0.));
#12172=CARTESIAN_POINT('Ctrl Pts',(-3.24463594458473,-43.925805053019,0.));
#12173=CARTESIAN_POINT('Ctrl Pts',(-3.19781437399999,-43.9591834441866,
0.));
#12174=CARTESIAN_POINT('Ctrl Pts',(-3.17597559653223,-43.9747519791126,
0.));
#12175=CARTESIAN_POINT('',(-3.29686305485666,-43.8546295464039,0.2));
#12176=CARTESIAN_POINT('Ctrl Pts',(-3.29686305485666,-43.8546295464039,
0.2));
#12177=CARTESIAN_POINT('Ctrl Pts',(-3.2786917484937,-43.879393542143,0.2));
#12178=CARTESIAN_POINT('Ctrl Pts',(-3.24463594458473,-43.925805053019,0.2));
#12179=CARTESIAN_POINT('Ctrl Pts',(-3.19781437399999,-43.9591834441866,
0.2));
#12180=CARTESIAN_POINT('Ctrl Pts',(-3.17597559653223,-43.9747519791126,
0.2));
#12181=CARTESIAN_POINT('',(-3.29686305485666,-43.8546295464039,0.));
#12182=CARTESIAN_POINT('Origin',(-3.30145380459726,-44.0000006556511,0.));
#12183=CARTESIAN_POINT('',(-3.30145380459726,-44.0000006556511,0.));
#12184=CARTESIAN_POINT('',(-3.30145380459726,-44.0000006556511,0.));
#12185=CARTESIAN_POINT('',(-3.30145380459726,-44.0000006556511,0.2));
#12186=CARTESIAN_POINT('',(-3.30145380459726,-44.0000006556511,0.2));
#12187=CARTESIAN_POINT('',(-3.30145380459726,-44.0000006556511,0.));
#12188=CARTESIAN_POINT('Origin',(-3.42081106267869,-44.0000006556511,0.));
#12189=CARTESIAN_POINT('',(-3.42081106267869,-44.0000006556511,0.));
#12190=CARTESIAN_POINT('',(-3.42081106267869,-44.0000006556511,0.));
#12191=CARTESIAN_POINT('',(-3.42081106267869,-44.0000006556511,0.2));
#12192=CARTESIAN_POINT('',(-3.42081106267869,-44.0000006556511,0.2));
#12193=CARTESIAN_POINT('',(-3.42081106267869,-44.0000006556511,0.));
#12194=CARTESIAN_POINT('Origin',(-3.42081106267869,-42.918898910284,0.));
#12195=CARTESIAN_POINT('',(-3.42081106267869,-42.918898910284,0.));
#12196=CARTESIAN_POINT('',(-3.42081106267869,-42.918898910284,0.));
#12197=CARTESIAN_POINT('',(-3.42081106267869,-42.918898910284,0.2));
#12198=CARTESIAN_POINT('',(-3.42081106267869,-42.918898910284,0.2));
#12199=CARTESIAN_POINT('',(-3.42081106267869,-42.918898910284,0.));
#12200=CARTESIAN_POINT('Origin',(-3.28691667877138,-42.918898910284,0.));
#12201=CARTESIAN_POINT('',(-3.28691667877138,-42.918898910284,0.));
#12202=CARTESIAN_POINT('',(-3.28691667877138,-42.918898910284,0.));
#12203=CARTESIAN_POINT('',(-3.28691667877138,-42.918898910284,0.2));
#12204=CARTESIAN_POINT('',(-3.28691667877138,-42.918898910284,0.2));
#12205=CARTESIAN_POINT('',(-3.28691667877138,-42.918898910284,0.));
#12206=CARTESIAN_POINT('Origin',(-3.28691667877138,-43.2417757064104,0.));
#12207=CARTESIAN_POINT('',(-3.28691667877138,-43.2417757064104,0.));
#12208=CARTESIAN_POINT('',(-3.28691667877138,-43.2417757064104,0.));
#12209=CARTESIAN_POINT('',(-3.28691667877138,-43.2417757064104,0.2));
#12210=CARTESIAN_POINT('',(-3.28691667877138,-43.2417757064104,0.2));
#12211=CARTESIAN_POINT('',(-3.28691667877138,-43.2417757064104,0.));
#12212=CARTESIAN_POINT('Ctrl Pts',(-3.21690893732011,-43.2272385805845,
0.));
#12213=CARTESIAN_POINT('Ctrl Pts',(-3.21690893732011,-43.2272385805845,
0.2));
#12214=CARTESIAN_POINT('Ctrl Pts',(-3.22871893385914,-43.2289915631631,
0.));
#12215=CARTESIAN_POINT('Ctrl Pts',(-3.22871893385914,-43.2289915631631,
0.2));
#12216=CARTESIAN_POINT('Ctrl Pts',(-3.25233323412997,-43.232496683325,0.));
#12217=CARTESIAN_POINT('Ctrl Pts',(-3.25233323412997,-43.232496683325,0.2));
#12218=CARTESIAN_POINT('Ctrl Pts',(-3.27539071674846,-43.2386831958522,
0.));
#12219=CARTESIAN_POINT('Ctrl Pts',(-3.27539071674846,-43.2386831958522,
0.2));
#12220=CARTESIAN_POINT('Ctrl Pts',(-3.28691667877138,-43.2417757064104,
0.));
#12221=CARTESIAN_POINT('Ctrl Pts',(-3.28691667877138,-43.2417757064104,
0.2));
#12222=CARTESIAN_POINT('',(-3.21690893732011,-43.2272385805845,0.));
#12223=CARTESIAN_POINT('Ctrl Pts',(-3.21690893732011,-43.2272385805845,
0.));
#12224=CARTESIAN_POINT('Ctrl Pts',(-3.22871893385914,-43.2289915631631,
0.));
#12225=CARTESIAN_POINT('Ctrl Pts',(-3.25233323412997,-43.232496683325,0.));
#12226=CARTESIAN_POINT('Ctrl Pts',(-3.27539071674846,-43.2386831958522,
0.));
#12227=CARTESIAN_POINT('Ctrl Pts',(-3.28691667877138,-43.2417757064104,
0.));
#12228=CARTESIAN_POINT('',(-3.21690893732011,-43.2272385805845,0.2));
#12229=CARTESIAN_POINT('Ctrl Pts',(-3.21690893732011,-43.2272385805845,
0.2));
#12230=CARTESIAN_POINT('Ctrl Pts',(-3.22871893385914,-43.2289915631631,
0.2));
#12231=CARTESIAN_POINT('Ctrl Pts',(-3.25233323412997,-43.232496683325,0.2));
#12232=CARTESIAN_POINT('Ctrl Pts',(-3.27539071674846,-43.2386831958522,
0.2));
#12233=CARTESIAN_POINT('Ctrl Pts',(-3.28691667877138,-43.2417757064104,
0.2));
#12234=CARTESIAN_POINT('',(-3.21690893732011,-43.2272385805845,0.));
#12235=CARTESIAN_POINT('Ctrl Pts',(-3.14460597001016,-43.2226479798555,
0.));
#12236=CARTESIAN_POINT('Ctrl Pts',(-3.14460597001016,-43.2226479798555,
0.2));
#12237=CARTESIAN_POINT('Ctrl Pts',(-3.1567646256858,-43.2228346855882,0.));
#12238=CARTESIAN_POINT('Ctrl Pts',(-3.1567646256858,-43.2228346855882,0.2));
#12239=CARTESIAN_POINT('Ctrl Pts',(-3.18093941998539,-43.223205908592,0.));
#12240=CARTESIAN_POINT('Ctrl Pts',(-3.18093941998539,-43.223205908592,0.2));
#12241=CARTESIAN_POINT('Ctrl Pts',(-3.20496631325337,-43.2258996500356,
0.));
#12242=CARTESIAN_POINT('Ctrl Pts',(-3.20496631325337,-43.2258996500356,
0.2));
#12243=CARTESIAN_POINT('Ctrl Pts',(-3.21690893732011,-43.2272385805845,
0.));
#12244=CARTESIAN_POINT('Ctrl Pts',(-3.21690893732011,-43.2272385805845,
0.2));
#12245=CARTESIAN_POINT('',(-3.14460597001016,-43.2226479798555,0.));
#12246=CARTESIAN_POINT('Ctrl Pts',(-3.14460597001016,-43.2226479798555,
0.));
#12247=CARTESIAN_POINT('Ctrl Pts',(-3.1567646256858,-43.2228346855882,0.));
#12248=CARTESIAN_POINT('Ctrl Pts',(-3.18093941998539,-43.223205908592,0.));
#12249=CARTESIAN_POINT('Ctrl Pts',(-3.20496631325337,-43.2258996500356,
0.));
#12250=CARTESIAN_POINT('Ctrl Pts',(-3.21690893732011,-43.2272385805845,
0.));
#12251=CARTESIAN_POINT('',(-3.14460597001016,-43.2226479798555,0.2));
#12252=CARTESIAN_POINT('Ctrl Pts',(-3.14460597001016,-43.2226479798555,
0.2));
#12253=CARTESIAN_POINT('Ctrl Pts',(-3.1567646256858,-43.2228346855882,0.2));
#12254=CARTESIAN_POINT('Ctrl Pts',(-3.18093941998539,-43.223205908592,0.2));
#12255=CARTESIAN_POINT('Ctrl Pts',(-3.20496631325337,-43.2258996500356,
0.2));
#12256=CARTESIAN_POINT('Ctrl Pts',(-3.21690893732011,-43.2272385805845,
0.2));
#12257=CARTESIAN_POINT('',(-3.14460597001016,-43.2226479798555,0.));
#12258=CARTESIAN_POINT('Ctrl Pts',(-2.99043617211282,-43.2498093694448,
0.));
#12259=CARTESIAN_POINT('Ctrl Pts',(-2.99043617211282,-43.2498093694448,
0.2));
#12260=CARTESIAN_POINT('Ctrl Pts',(-3.01462138851057,-43.2418898438878,
0.));
#12261=CARTESIAN_POINT('Ctrl Pts',(-3.01462138851057,-43.2418898438878,
0.2));
#12262=CARTESIAN_POINT('Ctrl Pts',(-3.06469347814308,-43.2254935798636,
0.));
#12263=CARTESIAN_POINT('Ctrl Pts',(-3.06469347814308,-43.2254935798636,
0.2));
#12264=CARTESIAN_POINT('Ctrl Pts',(-3.11737173103757,-43.2236177625369,
0.));
#12265=CARTESIAN_POINT('Ctrl Pts',(-3.11737173103757,-43.2236177625369,
0.2));
#12266=CARTESIAN_POINT('Ctrl Pts',(-3.14460597001016,-43.2226479798555,
0.));
#12267=CARTESIAN_POINT('Ctrl Pts',(-3.14460597001016,-43.2226479798555,
0.2));
#12268=CARTESIAN_POINT('',(-2.99043617211282,-43.2498093694448,0.));
#12269=CARTESIAN_POINT('Ctrl Pts',(-2.99043617211282,-43.2498093694448,
0.));
#12270=CARTESIAN_POINT('Ctrl Pts',(-3.01462138851057,-43.2418898438878,
0.));
#12271=CARTESIAN_POINT('Ctrl Pts',(-3.06469347814308,-43.2254935798636,
0.));
#12272=CARTESIAN_POINT('Ctrl Pts',(-3.11737173103757,-43.2236177625369,
0.));
#12273=CARTESIAN_POINT('Ctrl Pts',(-3.14460597001016,-43.2226479798555,
0.));
#12274=CARTESIAN_POINT('',(-2.99043617211282,-43.2498093694448,0.2));
#12275=CARTESIAN_POINT('Ctrl Pts',(-2.99043617211282,-43.2498093694448,
0.2));
#12276=CARTESIAN_POINT('Ctrl Pts',(-3.01462138851057,-43.2418898438878,
0.2));
#12277=CARTESIAN_POINT('Ctrl Pts',(-3.06469347814308,-43.2254935798636,
0.2));
#12278=CARTESIAN_POINT('Ctrl Pts',(-3.11737173103757,-43.2236177625369,
0.2));
#12279=CARTESIAN_POINT('Ctrl Pts',(-3.14460597001016,-43.2226479798555,
0.2));
#12280=CARTESIAN_POINT('',(-2.99043617211282,-43.2498093694448,0.));
#12281=CARTESIAN_POINT('Ctrl Pts',(-2.87184393964708,-43.3293808996677,
0.));
#12282=CARTESIAN_POINT('Ctrl Pts',(-2.87184393964708,-43.3293808996677,
0.2));
#12283=CARTESIAN_POINT('Ctrl Pts',(-2.88921893898593,-43.3129253162996,
0.));
#12284=CARTESIAN_POINT('Ctrl Pts',(-2.88921893898593,-43.3129253162996,
0.2));
#12285=CARTESIAN_POINT('Ctrl Pts',(-2.92426601221862,-43.279732795014,0.));
#12286=CARTESIAN_POINT('Ctrl Pts',(-2.92426601221862,-43.279732795014,0.2));
#12287=CARTESIAN_POINT('Ctrl Pts',(-2.968255161627,-43.2598400512111,0.));
#12288=CARTESIAN_POINT('Ctrl Pts',(-2.968255161627,-43.2598400512111,0.2));
#12289=CARTESIAN_POINT('Ctrl Pts',(-2.99043617211282,-43.2498093694448,
0.));
#12290=CARTESIAN_POINT('Ctrl Pts',(-2.99043617211282,-43.2498093694448,
0.2));
#12291=CARTESIAN_POINT('',(-2.87184393964708,-43.3293808996677,0.));
#12292=CARTESIAN_POINT('Ctrl Pts',(-2.87184393964708,-43.3293808996677,
0.));
#12293=CARTESIAN_POINT('Ctrl Pts',(-2.88921893898593,-43.3129253162996,
0.));
#12294=CARTESIAN_POINT('Ctrl Pts',(-2.92426601221862,-43.279732795014,0.));
#12295=CARTESIAN_POINT('Ctrl Pts',(-2.968255161627,-43.2598400512111,0.));
#12296=CARTESIAN_POINT('Ctrl Pts',(-2.99043617211282,-43.2498093694448,
0.));
#12297=CARTESIAN_POINT('',(-2.87184393964708,-43.3293808996677,0.2));
#12298=CARTESIAN_POINT('Ctrl Pts',(-2.87184393964708,-43.3293808996677,
0.2));
#12299=CARTESIAN_POINT('Ctrl Pts',(-2.88921893898593,-43.3129253162996,
0.2));
#12300=CARTESIAN_POINT('Ctrl Pts',(-2.92426601221862,-43.279732795014,0.2));
#12301=CARTESIAN_POINT('Ctrl Pts',(-2.968255161627,-43.2598400512111,0.2));
#12302=CARTESIAN_POINT('Ctrl Pts',(-2.99043617211282,-43.2498093694448,
0.2));
#12303=CARTESIAN_POINT('',(-2.87184393964708,-43.3293808996677,0.));
#12304=CARTESIAN_POINT('Ctrl Pts',(-2.79571539722383,-43.4579195082188,
0.));
#12305=CARTESIAN_POINT('Ctrl Pts',(-2.79571539722383,-43.4579195082188,
0.2));
#12306=CARTESIAN_POINT('Ctrl Pts',(-2.80532666299758,-43.4338065154656,
0.));
#12307=CARTESIAN_POINT('Ctrl Pts',(-2.80532666299758,-43.4338065154656,
0.2));
#12308=CARTESIAN_POINT('Ctrl Pts',(-2.82399874843141,-43.3869615034402,
0.));
#12309=CARTESIAN_POINT('Ctrl Pts',(-2.82399874843141,-43.3869615034402,
0.2));
#12310=CARTESIAN_POINT('Ctrl Pts',(-2.85621208832321,-43.3481934786216,
0.));
#12311=CARTESIAN_POINT('Ctrl Pts',(-2.85621208832321,-43.3481934786216,
0.2));
#12312=CARTESIAN_POINT('Ctrl Pts',(-2.87184393964708,-43.3293808996677,
0.));
#12313=CARTESIAN_POINT('Ctrl Pts',(-2.87184393964708,-43.3293808996677,
0.2));
#12314=CARTESIAN_POINT('',(-2.79571539722383,-43.4579195082188,0.));
#12315=CARTESIAN_POINT('Ctrl Pts',(-2.79571539722383,-43.4579195082188,
0.));
#12316=CARTESIAN_POINT('Ctrl Pts',(-2.80532666299758,-43.4338065154656,
0.));
#12317=CARTESIAN_POINT('Ctrl Pts',(-2.82399874843141,-43.3869615034402,
0.));
#12318=CARTESIAN_POINT('Ctrl Pts',(-2.85621208832321,-43.3481934786216,
0.));
#12319=CARTESIAN_POINT('Ctrl Pts',(-2.87184393964708,-43.3293808996677,
0.));
#12320=CARTESIAN_POINT('',(-2.79571539722383,-43.4579195082188,0.2));
#12321=CARTESIAN_POINT('Ctrl Pts',(-2.79571539722383,-43.4579195082188,
0.2));
#12322=CARTESIAN_POINT('Ctrl Pts',(-2.80532666299758,-43.4338065154656,
0.2));
#12323=CARTESIAN_POINT('Ctrl Pts',(-2.82399874843141,-43.3869615034402,
0.2));
#12324=CARTESIAN_POINT('Ctrl Pts',(-2.85621208832321,-43.3481934786216,
0.2));
#12325=CARTESIAN_POINT('Ctrl Pts',(-2.87184393964708,-43.3293808996677,
0.2));
#12326=CARTESIAN_POINT('',(-2.79571539722383,-43.4579195082188,0.));
#12327=CARTESIAN_POINT('Ctrl Pts',(-2.76893652044237,-43.6319822818041,
0.));
#12328=CARTESIAN_POINT('Ctrl Pts',(-2.76893652044237,-43.6319822818041,
0.2));
#12329=CARTESIAN_POINT('Ctrl Pts',(-2.76981524973125,-43.600940771131,0.));
#12330=CARTESIAN_POINT('Ctrl Pts',(-2.76981524973125,-43.600940771131,0.2));
#12331=CARTESIAN_POINT('Ctrl Pts',(-2.77149017637853,-43.5417732276611,
0.));
#12332=CARTESIAN_POINT('Ctrl Pts',(-2.77149017637853,-43.5417732276611,
0.2));
#12333=CARTESIAN_POINT('Ctrl Pts',(-2.78791001926654,-43.4849372174711,
0.));
#12334=CARTESIAN_POINT('Ctrl Pts',(-2.78791001926654,-43.4849372174711,
0.2));
#12335=CARTESIAN_POINT('Ctrl Pts',(-2.79571539722383,-43.4579195082188,
0.));
#12336=CARTESIAN_POINT('Ctrl Pts',(-2.79571539722383,-43.4579195082188,
0.2));
#12337=CARTESIAN_POINT('',(-2.76893652044237,-43.6319822818041,0.));
#12338=CARTESIAN_POINT('Ctrl Pts',(-2.76893652044237,-43.6319822818041,
0.));
#12339=CARTESIAN_POINT('Ctrl Pts',(-2.76981524973125,-43.600940771131,0.));
#12340=CARTESIAN_POINT('Ctrl Pts',(-2.77149017637853,-43.5417732276611,
0.));
#12341=CARTESIAN_POINT('Ctrl Pts',(-2.78791001926654,-43.4849372174711,
0.));
#12342=CARTESIAN_POINT('Ctrl Pts',(-2.79571539722383,-43.4579195082188,
0.));
#12343=CARTESIAN_POINT('',(-2.76893652044237,-43.6319822818041,0.2));
#12344=CARTESIAN_POINT('Ctrl Pts',(-2.76893652044237,-43.6319822818041,
0.2));
#12345=CARTESIAN_POINT('Ctrl Pts',(-2.76981524973125,-43.600940771131,0.2));
#12346=CARTESIAN_POINT('Ctrl Pts',(-2.77149017637853,-43.5417732276611,
0.2));
#12347=CARTESIAN_POINT('Ctrl Pts',(-2.78791001926654,-43.4849372174711,
0.2));
#12348=CARTESIAN_POINT('Ctrl Pts',(-2.79571539722383,-43.4579195082188,
0.2));
#12349=CARTESIAN_POINT('',(-2.76893652044237,-43.6319822818041,0.));
#12350=CARTESIAN_POINT('Ctrl Pts',(-2.78576902113855,-43.7880648672581,
0.));
#12351=CARTESIAN_POINT('Ctrl Pts',(-2.78576902113855,-43.7880648672581,
0.2));
#12352=CARTESIAN_POINT('Ctrl Pts',(-2.78086196099959,-43.7634034464448,
0.));
#12353=CARTESIAN_POINT('Ctrl Pts',(-2.78086196099959,-43.7634034464448,
0.2));
#12354=CARTESIAN_POINT('Ctrl Pts',(-2.77061155880299,-43.7118879820084,
0.));
#12355=CARTESIAN_POINT('Ctrl Pts',(-2.77061155880299,-43.7118879820084,
0.2));
#12356=CARTESIAN_POINT('Ctrl Pts',(-2.76951048797541,-43.6593627160081,
0.));
#12357=CARTESIAN_POINT('Ctrl Pts',(-2.76951048797541,-43.6593627160081,
0.2));
#12358=CARTESIAN_POINT('Ctrl Pts',(-2.76893652044237,-43.6319822818041,
0.));
#12359=CARTESIAN_POINT('Ctrl Pts',(-2.76893652044237,-43.6319822818041,
0.2));
#12360=CARTESIAN_POINT('Ctrl Pts',(-2.78576902113855,-43.7880648672581,
0.));
#12361=CARTESIAN_POINT('Ctrl Pts',(-2.78086196099959,-43.7634034464448,
0.));
#12362=CARTESIAN_POINT('Ctrl Pts',(-2.77061155880299,-43.7118879820084,
0.));
#12363=CARTESIAN_POINT('Ctrl Pts',(-2.76951048797541,-43.6593627160081,
0.));
#12364=CARTESIAN_POINT('Ctrl Pts',(-2.76893652044237,-43.6319822818041,
0.));
#12365=CARTESIAN_POINT('Ctrl Pts',(-2.78576902113855,-43.7880648672581,
0.2));
#12366=CARTESIAN_POINT('Ctrl Pts',(-2.78086196099959,-43.7634034464448,
0.2));
#12367=CARTESIAN_POINT('Ctrl Pts',(-2.77061155880299,-43.7118879820084,
0.2));
#12368=CARTESIAN_POINT('Ctrl Pts',(-2.76951048797541,-43.6593627160081,
0.2));
#12369=CARTESIAN_POINT('Ctrl Pts',(-2.76893652044237,-43.6319822818041,
0.2));
#12370=CARTESIAN_POINT('Origin',(-5.65952591132373,-43.6140021681786,0.));
#12371=CARTESIAN_POINT('Origin',(-5.65952591132373,-43.6140021681786,0.2));
#12372=CARTESIAN_POINT('Origin',(-1.57230301760137,-43.0000006407499,0.));
#12373=CARTESIAN_POINT('',(-1.57230301760137,-43.0000006407499,0.));
#12374=CARTESIAN_POINT('',(-1.73833205364645,-43.0000006407499,0.));
#12375=CARTESIAN_POINT('',(-1.57230301760137,-43.0000006407499,0.));
#12376=CARTESIAN_POINT('',(-1.73833205364645,-43.0000006407499,0.2));
#12377=CARTESIAN_POINT('',(-1.73833205364645,-43.0000006407499,0.));
#12378=CARTESIAN_POINT('',(-1.57230301760137,-43.0000006407499,0.2));
#12379=CARTESIAN_POINT('',(-1.57230301760137,-43.0000006407499,0.2));
#12380=CARTESIAN_POINT('',(-1.57230301760137,-43.0000006407499,0.));
#12381=CARTESIAN_POINT('Origin',(-1.43075748346746,-43.3764351904392,0.));
#12382=CARTESIAN_POINT('',(-1.43075748346746,-43.3764351904392,0.));
#12383=CARTESIAN_POINT('',(-1.43075748346746,-43.3764351904392,0.));
#12384=CARTESIAN_POINT('',(-1.43075748346746,-43.3764351904392,0.2));
#12385=CARTESIAN_POINT('',(-1.43075748346746,-43.3764351904392,0.2));
#12386=CARTESIAN_POINT('',(-1.43075748346746,-43.3764351904392,0.));
#12387=CARTESIAN_POINT('Origin',(-1.38867638073862,-43.5034435987473,0.));
#12388=CARTESIAN_POINT('',(-1.38867638073862,-43.5034435987473,0.));
#12389=CARTESIAN_POINT('',(-1.38867638073862,-43.5034435987473,0.));
#12390=CARTESIAN_POINT('',(-1.38867638073862,-43.5034435987473,0.2));
#12391=CARTESIAN_POINT('',(-1.38867638073862,-43.5034435987473,0.2));
#12392=CARTESIAN_POINT('',(-1.38867638073862,-43.5034435987473,0.));
#12393=CARTESIAN_POINT('Origin',(-1.34506504051387,-43.3764351904392,0.));
#12394=CARTESIAN_POINT('',(-1.34506504051387,-43.3764351904392,0.));
#12395=CARTESIAN_POINT('',(-1.34506504051387,-43.3764351904392,0.));
#12396=CARTESIAN_POINT('',(-1.34506504051387,-43.3764351904392,0.2));
#12397=CARTESIAN_POINT('',(-1.34506504051387,-43.3764351904392,0.2));
#12398=CARTESIAN_POINT('',(-1.34506504051387,-43.3764351904392,0.));
#12399=CARTESIAN_POINT('Origin',(-1.21040551923215,-43.0000006407499,0.));
#12400=CARTESIAN_POINT('',(-1.21040551923215,-43.0000006407499,0.));
#12401=CARTESIAN_POINT('',(-1.21040551923215,-43.0000006407499,0.));
#12402=CARTESIAN_POINT('',(-1.21040551923215,-43.0000006407499,0.2));
#12403=CARTESIAN_POINT('',(-1.21040551923215,-43.0000006407499,0.2));
#12404=CARTESIAN_POINT('',(-1.21040551923215,-43.0000006407499,0.));
#12405=CARTESIAN_POINT('Origin',(-1.04896712116897,-43.0000006407499,0.));
#12406=CARTESIAN_POINT('',(-1.04896712116897,-43.0000006407499,0.));
#12407=CARTESIAN_POINT('',(-1.04896712116897,-43.0000006407499,0.));
#12408=CARTESIAN_POINT('',(-1.04896712116897,-43.0000006407499,0.2));
#12409=CARTESIAN_POINT('',(-1.04896712116897,-43.0000006407499,0.2));
#12410=CARTESIAN_POINT('',(-1.04896712116897,-43.0000006407499,0.));
#12411=CARTESIAN_POINT('Origin',(-1.00000001490116,-44.0000006556511,0.));
#12412=CARTESIAN_POINT('',(-1.00000001490116,-44.0000006556511,0.));
#12413=CARTESIAN_POINT('',(-1.00000001490116,-44.0000006556511,0.));
#12414=CARTESIAN_POINT('',(-1.00000001490116,-44.0000006556511,0.2));
#12415=CARTESIAN_POINT('',(-1.00000001490116,-44.0000006556511,0.2));
#12416=CARTESIAN_POINT('',(-1.00000001490116,-44.0000006556511,0.));
#12417=CARTESIAN_POINT('Origin',(-1.12853865139186,-44.0000006556511,0.));
#12418=CARTESIAN_POINT('',(-1.12853865139186,-44.0000006556511,0.));
#12419=CARTESIAN_POINT('',(-1.12853865139186,-44.0000006556511,0.));
#12420=CARTESIAN_POINT('',(-1.12853865139186,-44.0000006556511,0.2));
#12421=CARTESIAN_POINT('',(-1.12853865139186,-44.0000006556511,0.2));
#12422=CARTESIAN_POINT('',(-1.12853865139186,-44.0000006556511,0.));
#12423=CARTESIAN_POINT('Origin',(-1.14613621495664,-43.3871467411518,0.));
#12424=CARTESIAN_POINT('',(-1.14613621495664,-43.3871467411518,0.));
#12425=CARTESIAN_POINT('',(-1.14613621495664,-43.3871467411518,0.));
#12426=CARTESIAN_POINT('',(-1.14613621495664,-43.3871467411518,0.2));
#12427=CARTESIAN_POINT('',(-1.14613621495664,-43.3871467411518,0.2));
#12428=CARTESIAN_POINT('',(-1.14613621495664,-43.3871467411518,0.));
#12429=CARTESIAN_POINT('Origin',(-1.14919665269554,-43.136955499649,0.));
#12430=CARTESIAN_POINT('',(-1.14919665269554,-43.136955499649,0.));
#12431=CARTESIAN_POINT('',(-1.14919665269554,-43.136955499649,0.));
#12432=CARTESIAN_POINT('',(-1.14919665269554,-43.136955499649,0.2));
#12433=CARTESIAN_POINT('',(-1.14919665269554,-43.136955499649,0.2));
#12434=CARTESIAN_POINT('',(-1.14919665269554,-43.136955499649,0.));
#12435=CARTESIAN_POINT('Origin',(-1.19586843065917,-43.29150788486,0.));
#12436=CARTESIAN_POINT('',(-1.19586843065917,-43.29150788486,0.));
#12437=CARTESIAN_POINT('',(-1.19586843065917,-43.29150788486,0.));
#12438=CARTESIAN_POINT('',(-1.19586843065917,-43.29150788486,0.2));
#12439=CARTESIAN_POINT('',(-1.19586843065917,-43.29150788486,0.2));
#12440=CARTESIAN_POINT('',(-1.19586843065917,-43.29150788486,0.));
#12441=CARTESIAN_POINT('Origin',(-1.33664882741868,-43.6740633845329,0.));
#12442=CARTESIAN_POINT('',(-1.33664882741868,-43.6740633845329,0.));
#12443=CARTESIAN_POINT('',(-1.33664882741868,-43.6740633845329,0.));
#12444=CARTESIAN_POINT('',(-1.33664882741868,-43.6740633845329,0.2));
#12445=CARTESIAN_POINT('',(-1.33664882741868,-43.6740633845329,0.2));
#12446=CARTESIAN_POINT('',(-1.33664882741868,-43.6740633845329,0.));
#12447=CARTESIAN_POINT('Origin',(-1.43075748346746,-43.6740633845329,0.));
#12448=CARTESIAN_POINT('',(-1.43075748346746,-43.6740633845329,0.));
#12449=CARTESIAN_POINT('',(-1.43075748346746,-43.6740633845329,0.));
#12450=CARTESIAN_POINT('',(-1.43075748346746,-43.6740633845329,0.2));
#12451=CARTESIAN_POINT('',(-1.43075748346746,-43.6740633845329,0.2));
#12452=CARTESIAN_POINT('',(-1.43075748346746,-43.6740633845329,0.));
#12453=CARTESIAN_POINT('Origin',(-1.57842389307916,-43.2762056589127,0.));
#12454=CARTESIAN_POINT('',(-1.57842389307916,-43.2762056589127,0.));
#12455=CARTESIAN_POINT('',(-1.57842389307916,-43.2762056589127,0.));
#12456=CARTESIAN_POINT('',(-1.57842389307916,-43.2762056589127,0.2));
#12457=CARTESIAN_POINT('',(-1.57842389307916,-43.2762056589127,0.2));
#12458=CARTESIAN_POINT('',(-1.57842389307916,-43.2762056589127,0.));
#12459=CARTESIAN_POINT('Origin',(-1.6250956710428,-43.136955499649,0.));
#12460=CARTESIAN_POINT('',(-1.6250956710428,-43.136955499649,0.));
#12461=CARTESIAN_POINT('',(-1.6250956710428,-43.136955499649,0.));
#12462=CARTESIAN_POINT('',(-1.6250956710428,-43.136955499649,0.2));
#12463=CARTESIAN_POINT('',(-1.6250956710428,-43.136955499649,0.2));
#12464=CARTESIAN_POINT('',(-1.6250956710428,-43.136955499649,0.));
#12465=CARTESIAN_POINT('Origin',(-1.63351184688509,-43.3764351904392,0.));
#12466=CARTESIAN_POINT('',(-1.63351184688509,-43.3764351904392,0.));
#12467=CARTESIAN_POINT('',(-1.63351184688509,-43.3764351904392,0.));
#12468=CARTESIAN_POINT('',(-1.63351184688509,-43.3764351904392,0.2));
#12469=CARTESIAN_POINT('',(-1.63351184688509,-43.3764351904392,0.2));
#12470=CARTESIAN_POINT('',(-1.63351184688509,-43.3764351904392,0.));
#12471=CARTESIAN_POINT('Origin',(-1.65340474806726,-44.0000006556511,0.));
#12472=CARTESIAN_POINT('',(-1.65340474806726,-44.0000006556511,0.));
#12473=CARTESIAN_POINT('',(-1.65340474806726,-44.0000006556511,0.));
#12474=CARTESIAN_POINT('',(-1.65340474806726,-44.0000006556511,0.2));
#12475=CARTESIAN_POINT('',(-1.65340474806726,-44.0000006556511,0.2));
#12476=CARTESIAN_POINT('',(-1.65340474806726,-44.0000006556511,0.));
#12477=CARTESIAN_POINT('Origin',(-1.78653410635889,-44.0000006556511,0.));
#12478=CARTESIAN_POINT('',(-1.78653410635889,-44.0000006556511,0.));
#12479=CARTESIAN_POINT('',(-1.78653410635889,-44.0000006556511,0.));
#12480=CARTESIAN_POINT('',(-1.78653410635889,-44.0000006556511,0.2));
#12481=CARTESIAN_POINT('',(-1.78653410635889,-44.0000006556511,0.2));
#12482=CARTESIAN_POINT('',(-1.78653410635889,-44.0000006556511,0.));
#12483=CARTESIAN_POINT('Origin',(-1.73833205364645,-43.0000006407499,0.));
#12484=CARTESIAN_POINT('',(-1.73833205364645,-43.0000006407499,0.));
#12485=CARTESIAN_POINT('',(-1.73833205364645,-43.0000006407499,0.2));
#12486=CARTESIAN_POINT('Origin',(-5.65952591132373,-43.6140021681786,0.));
#12487=CARTESIAN_POINT('Origin',(-5.65952591132373,-43.6140021681786,0.2));
#12488=CARTESIAN_POINT('',(0.,0.,0.));
#12489=CARTESIAN_POINT('',(0.,0.,0.));
#12490=CARTESIAN_POINT('',(2.35,7.,13.));
#12491=UNCERTAINTY_MEASURE_WITH_UNIT(LENGTH_MEASURE(0.01),#12501,
'DISTANCE_ACCURACY_VALUE',
'Maximum model space distance between geometric entities at asserted c
onnectivities');
#12492=UNCERTAINTY_MEASURE_WITH_UNIT(LENGTH_MEASURE(0.01),#12501,
'DISTANCE_ACCURACY_VALUE',
'Maximum model space distance between geometric entities at asserted c
onnectivities');
#12493=UNCERTAINTY_MEASURE_WITH_UNIT(LENGTH_MEASURE(0.01),#12501,
'DISTANCE_ACCURACY_VALUE',
'Maximum model space distance between geometric entities at asserted c
onnectivities');
#12494=UNCERTAINTY_MEASURE_WITH_UNIT(LENGTH_MEASURE(0.01),#12501,
'DISTANCE_ACCURACY_VALUE',
'Maximum model space distance between geometric entities at asserted c
onnectivities');
#12495=UNCERTAINTY_MEASURE_WITH_UNIT(LENGTH_MEASURE(0.01),#12501,
'DISTANCE_ACCURACY_VALUE',
'Maximum model space distance between geometric entities at asserted c
onnectivities');
#12496=(
GEOMETRIC_REPRESENTATION_CONTEXT(3)
GLOBAL_UNCERTAINTY_ASSIGNED_CONTEXT((#12491))
GLOBAL_UNIT_ASSIGNED_CONTEXT((#12501,#12503,#12504))
REPRESENTATION_CONTEXT('','3D')
);
#12497=(
GEOMETRIC_REPRESENTATION_CONTEXT(3)
GLOBAL_UNCERTAINTY_ASSIGNED_CONTEXT((#12492))
GLOBAL_UNIT_ASSIGNED_CONTEXT((#12501,#12503,#12504))
REPRESENTATION_CONTEXT('','3D')
);
#12498=(
GEOMETRIC_REPRESENTATION_CONTEXT(3)
GLOBAL_UNCERTAINTY_ASSIGNED_CONTEXT((#12493))
GLOBAL_UNIT_ASSIGNED_CONTEXT((#12501,#12503,#12504))
REPRESENTATION_CONTEXT('','3D')
);
#12499=(
GEOMETRIC_REPRESENTATION_CONTEXT(3)
GLOBAL_UNCERTAINTY_ASSIGNED_CONTEXT((#12494))
GLOBAL_UNIT_ASSIGNED_CONTEXT((#12501,#12503,#12504))
REPRESENTATION_CONTEXT('','3D')
);
#12500=(
GEOMETRIC_REPRESENTATION_CONTEXT(3)
GLOBAL_UNCERTAINTY_ASSIGNED_CONTEXT((#12495))
GLOBAL_UNIT_ASSIGNED_CONTEXT((#12501,#12503,#12504))
REPRESENTATION_CONTEXT('','3D')
);
#12501=(
LENGTH_UNIT()
NAMED_UNIT(*)
SI_UNIT(.MILLI.,.METRE.)
);
#12502=(
LENGTH_UNIT()
NAMED_UNIT(*)
SI_UNIT($,.METRE.)
);
#12503=(
NAMED_UNIT(*)
PLANE_ANGLE_UNIT()
SI_UNIT($,.RADIAN.)
);
#12504=(
NAMED_UNIT(*)
SI_UNIT($,.STERADIAN.)
SOLID_ANGLE_UNIT()
);
#12505=SHAPE_DEFINITION_REPRESENTATION(#12509,#12516);
#12506=SHAPE_DEFINITION_REPRESENTATION(#12510,#12517);
#12507=SHAPE_DEFINITION_REPRESENTATION(#12511,#12518);
#12508=SHAPE_DEFINITION_REPRESENTATION(#12512,#12519);
#12509=PRODUCT_DEFINITION_SHAPE('',$,#12521);
#12510=PRODUCT_DEFINITION_SHAPE('',$,#12522);
#12511=PRODUCT_DEFINITION_SHAPE('',$,#12523);
#12512=PRODUCT_DEFINITION_SHAPE('',$,#12524);
#12513=PRODUCT_DEFINITION_SHAPE($,$,#20);
#12514=PRODUCT_DEFINITION_SHAPE($,$,#21);
#12515=PRODUCT_DEFINITION_SHAPE($,$,#22);
#12516=SHAPE_REPRESENTATION('',(#6627,#6930,#6931,#6932),#12496);
#12517=SHAPE_REPRESENTATION('',(#6628),#12497);
#12518=SHAPE_REPRESENTATION('',(#6629),#12498);
#12519=SHAPE_REPRESENTATION('',(#6684),#12499);
#12520=PRODUCT_DEFINITION_CONTEXT('part definition',#12534,'design');
#12521=PRODUCT_DEFINITION('2026-02-03-23-05-52-419','(Unsaved)',#12525,
#12520);
#12522=PRODUCT_DEFINITION('2026-02-03-23-05-20-994','finisheddsign',#12526,
#12520);
#12523=PRODUCT_DEFINITION('2026-02-03-21-09-12-869','dorppadback',#12527,
#12520);
#12524=PRODUCT_DEFINITION('2026-02-03-21-46-33-309','dorppadfront',#12528,
#12520);
#12525=PRODUCT_DEFINITION_FORMATION('',$,#12536);
#12526=PRODUCT_DEFINITION_FORMATION('',$,#12537);
#12527=PRODUCT_DEFINITION_FORMATION('',$,#12538);
#12528=PRODUCT_DEFINITION_FORMATION('',$,#12539);
#12529=PRODUCT_RELATED_PRODUCT_CATEGORY('(Unsaved)','(Unsaved)',(#12536));
#12530=PRODUCT_RELATED_PRODUCT_CATEGORY('finisheddsign','finisheddsign',
(#12537));
#12531=PRODUCT_RELATED_PRODUCT_CATEGORY('dorppadback','dorppadback',(#12538));
#12532=PRODUCT_RELATED_PRODUCT_CATEGORY('dorppadfront','dorppadfront',(#12539));
#12533=APPLICATION_PROTOCOL_DEFINITION('international standard',
'automotive_design',2009,#12534);
#12534=APPLICATION_CONTEXT(
'Core Data for Automotive Mechanical Design Process');
#12535=PRODUCT_CONTEXT('part definition',#12534,'mechanical');
#12536=PRODUCT('2026-02-03-23-05-52-419','(Unsaved)',$,(#12535));
#12537=PRODUCT('2026-02-03-23-05-20-994','finisheddsign',$,(#12535));
#12538=PRODUCT('2026-02-03-21-09-12-869','dorppadback',$,(#12535));
#12539=PRODUCT('2026-02-03-21-46-33-309','dorppadfront',$,(#12535));
#12540=PRESENTATION_STYLE_ASSIGNMENT((#12541));
#12541=SURFACE_STYLE_USAGE(.BOTH.,#12542);
#12542=SURFACE_SIDE_STYLE('',(#12543));
#12543=SURFACE_STYLE_FILL_AREA(#12544);
#12544=FILL_AREA_STYLE('Steel - Satin',(#12545));
#12545=FILL_AREA_STYLE_COLOUR('Steel - Satin',#12546);
#12546=COLOUR_RGB('Steel - Satin',0.627450980392157,0.627450980392157,0.627450980392157);
ENDSEC;
END-ISO-10303-21;
